Runtime dead semantic audit summary
===================================
FILES_SCANNED: 2865
GVL_FIELDS_SCANNED: 6018
DUT_FIELDS_SCANNED: 6144
DUT_TYPES_SCANNED: 962
UNUSED_GVL_FIELDS: 8
UNUSED_DUT_FIELDS: 1753
ORPHAN_DUT_TYPES: 2
SEMANTIC_ZOMBIE_PATTERNS: 889
TOTAL_FINDINGS: 2652
TRUNCATED: False

[UNUSED_GVL_FIELD] G_Device_Health_Zones @ snapshots/project_clean_state_2026_04_16/GVL_DEBUG.gvl:3 - GVL field appears declared but not referenced.
[UNUSED_GVL_FIELD] G_Device_Health_Manifolds @ snapshots/project_clean_state_2026_04_16/GVL_DEBUG.gvl:4 - GVL field appears declared but not referenced.
[UNUSED_GVL_FIELD] G_Device_Health_Boilers @ snapshots/project_clean_state_2026_04_16/GVL_DEBUG.gvl:5 - GVL field appears declared but not referenced.
[UNUSED_GVL_FIELD] G_Device_Health_Vents @ snapshots/project_clean_state_2026_04_16/GVL_DEBUG.gvl:6 - GVL field appears declared but not referenced.
[UNUSED_GVL_FIELD] G_System_Health_Summary @ snapshots/project_clean_state_2026_04_16/GVL_DEBUG.gvl:7 - GVL field appears declared but not referenced.
[UNUSED_GVL_FIELD] G_Pump_Health @ snapshots/project_clean_state_2026_04_16/GVL_DEBUG.gvl:8 - GVL field appears declared but not referenced.
[UNUSED_GVL_FIELD] G_Gas_Valve_Health @ snapshots/project_clean_state_2026_04_16/GVL_DEBUG.gvl:9 - GVL field appears declared but not referenced.
[UNUSED_GVL_FIELD] G_Heating_DHW_Block @ snapshots/2026-05-04/GVL_COMMAND_SHADOW.gvl:17 - GVL field appears declared but not referenced.
[UNUSED_DUT_FIELD] scenario_id @ ST_Scenario_Config.dut:4 - DUT field appears unused as a member access.
[UNUSED_DUT_FIELD] lighting_level_accent @ ST_Scenario_Config.dut:6 - DUT field appears unused as a member access.
[UNUSED_DUT_FIELD] ventilation_speed_percent @ ST_Scenario_Config.dut:8 - DUT field appears unused as a member access.
[UNUSED_DUT_FIELD] sockets_enabled @ ST_Scenario_Config.dut:9 - DUT field appears unused as a member access.
[UNUSED_DUT_FIELD] enable_ventilation @ ST_Ventilation_Global_Config.dut:4 - DUT field appears unused as a member access.
[UNUSED_DUT_FIELD] total_units @ ST_Ventilation_Global_Config.dut:5 - DUT field appears unused as a member access.
[UNUSED_DUT_FIELD] default_exhaust_speed @ ST_Ventilation_Global_Config.dut:7 - DUT field appears unused as a member access.
[UNUSED_DUT_FIELD] Meta_Analytics_Visible @ ST_Heating_Runtime_Meta_Supervision.dut:8 - DUT field appears unused as a member access.
[UNUSED_DUT_FIELD] Meta_Analytics_Degraded @ ST_Heating_Runtime_Meta_Supervision.dut:9 - DUT field appears unused as a member access.
[UNUSED_DUT_FIELD] Meta_Analytics_Attention @ ST_Heating_Runtime_Meta_Supervision.dut:10 - DUT field appears unused as a member access.
[UNUSED_DUT_FIELD] Supervision_Integrity_Visible @ ST_Heating_Runtime_Meta_Supervision.dut:15 - DUT field appears unused as a member access.
[UNUSED_DUT_FIELD] Supervision_Integrity_Observation @ ST_Heating_Runtime_Meta_Supervision.dut:16 - DUT field appears unused as a member access.
[UNUSED_DUT_FIELD] Adaptive_Drift_Visible @ ST_Heating_Runtime_Meta_Supervision.dut:21 - DUT field appears unused as a member access.
[UNUSED_DUT_FIELD] Adaptive_Drift_Observation @ ST_Heating_Runtime_Meta_Supervision.dut:22 - DUT field appears unused as a member access.
[UNUSED_DUT_FIELD] Confidence_Degradation_Visible @ ST_Heating_Runtime_Meta_Supervision.dut:27 - DUT field appears unused as a member access.
[UNUSED_DUT_FIELD] Confidence_Degradation_Observation @ ST_Heating_Runtime_Meta_Supervision.dut:28 - DUT field appears unused as a member access.
[UNUSED_DUT_FIELD] Analytics_Consistency_Visible @ ST_Heating_Runtime_Meta_Supervision.dut:33 - DUT field appears unused as a member access.
[UNUSED_DUT_FIELD] Analytics_Consistency_Observation @ ST_Heating_Runtime_Meta_Supervision.dut:34 - DUT field appears unused as a member access.
[UNUSED_DUT_FIELD] Sequencing_Meta_Observation @ ST_Heating_Runtime_Meta_Supervision.dut:39 - DUT field appears unused as a member access.
[UNUSED_DUT_FIELD] Ownership_Meta_Observation @ ST_Heating_Runtime_Meta_Supervision.dut:40 - DUT field appears unused as a member access.
[UNUSED_DUT_FIELD] Synchronization_Meta_Observation @ ST_Heating_Runtime_Meta_Supervision.dut:41 - DUT field appears unused as a member access.
[UNUSED_DUT_FIELD] Base_Register @ ST_OpenTherm_Register_Map.dut:5 - DUT field appears unused as a member access.
[UNUSED_DUT_FIELD] Cmd_Seq_Lo_Offset @ ST_OpenTherm_Register_Map.dut:8 - DUT field appears unused as a member access.
[UNUSED_DUT_FIELD] Cmd_Seq_Hi_Offset @ ST_OpenTherm_Register_Map.dut:9 - DUT field appears unused as a member access.
[UNUSED_DUT_FIELD] Status_Heartbeat_Lo_Offset @ ST_OpenTherm_Register_Map.dut:11 - DUT field appears unused as a member access.
[UNUSED_DUT_FIELD] Status_Heartbeat_Hi_Offset @ ST_OpenTherm_Register_Map.dut:12 - DUT field appears unused as a member access.
[UNUSED_DUT_FIELD] Status_Ack_Seq_Lo_Offset @ ST_OpenTherm_Register_Map.dut:13 - DUT field appears unused as a member access.
[UNUSED_DUT_FIELD] Status_Ack_Seq_Hi_Offset @ ST_OpenTherm_Register_Map.dut:14 - DUT field appears unused as a member access.
[UNUSED_DUT_FIELD] Error_Code_Offset @ ST_OpenTherm_Register_Map.dut:16 - DUT field appears unused as a member access.
[UNUSED_DUT_FIELD] Modulation_x10_Offset @ ST_OpenTherm_Register_Map.dut:17 - DUT field appears unused as a member access.
[UNUSED_DUT_FIELD] Boiler_Temp_x10_Offset @ ST_OpenTherm_Register_Map.dut:18 - DUT field appears unused as a member access.
[UNUSED_DUT_FIELD] sensor_type @ ST_Sensor_Calibration_Record.dut:5 - DUT field appears unused as a member access.
[UNUSED_DUT_FIELD] last_calibration_timestamp @ ST_Sensor_Calibration_Record.dut:9 - DUT field appears unused as a member access.
[UNUSED_DUT_FIELD] verification_passed @ ST_Sensor_Calibration_Record.dut:10 - DUT field appears unused as a member access.
[UNUSED_DUT_FIELD] scenario_id @ ST_State_Snapshot.dut:6 - DUT field appears unused as a member access.
[UNUSED_DUT_FIELD] lighting_levels @ ST_State_Snapshot.dut:7 - DUT field appears unused as a member access.
[UNUSED_DUT_FIELD] floor_heating_setpoints @ ST_State_Snapshot.dut:8 - DUT field appears unused as a member access.
[UNUSED_DUT_FIELD] alarm_active @ ST_State_Snapshot.dut:9 - DUT field appears unused as a member access.
[UNUSED_DUT_FIELD] sunrise_ms @ ST_Astro_Time.dut:4 - DUT field appears unused as a member access.
[UNUSED_DUT_FIELD] sunset_ms @ ST_Astro_Time.dut:5 - DUT field appears unused as a member access.
[UNUSED_DUT_FIELD] is_daylight @ ST_Astro_Time.dut:6 - DUT field appears unused as a member access.
[UNUSED_DUT_FIELD] uiCycleTime @ ST_Owen_Analog_Value.dut:5 - DUT field appears unused as a member access.
[UNUSED_DUT_FIELD] Nodes @ ST_Heating_Runtime_Causality_Graph.dut:6 - DUT field appears unused as a member access.
[UNUSED_DUT_FIELD] Edges @ ST_Heating_Runtime_Causality_Graph.dut:11 - DUT field appears unused as a member access.
[UNUSED_DUT_FIELD] Node_Count @ ST_Heating_Runtime_Causality_Graph.dut:16 - DUT field appears unused as a member access.
[UNUSED_DUT_FIELD] Edge_Count @ ST_Heating_Runtime_Causality_Graph.dut:17 - DUT field appears unused as a member access.
[UNUSED_DUT_FIELD] Graph_Active @ ST_Heating_Runtime_Causality_Graph.dut:19 - DUT field appears unused as a member access.
[UNUSED_DUT_FIELD] Graph_Degraded @ ST_Heating_Runtime_Causality_Graph.dut:20 - DUT field appears unused as a member access.
[UNUSED_DUT_FIELD] Graph_Critical @ ST_Heating_Runtime_Causality_Graph.dut:21 - DUT field appears unused as a member access.
[UNUSED_DUT_FIELD] valve_id @ ST_Valve_Test_Config.dut:4 - DUT field appears unused as a member access.
[UNUSED_DUT_FIELD] valve_id @ ST_Gas_Valve_Configuration.dut:4 - DUT field appears unused as a member access.
[UNUSED_DUT_FIELD] valve_type @ ST_Gas_Valve_Configuration.dut:5 - DUT field appears unused as a member access.
[UNUSED_DUT_FIELD] close_time_seconds @ ST_Gas_Valve_Configuration.dut:6 - DUT field appears unused as a member access.
[UNUSED_DUT_FIELD] open_time_seconds @ ST_Gas_Valve_Configuration.dut:7 - DUT field appears unused as a member access.
[UNUSED_DUT_FIELD] emergency_open_allowed @ ST_Gas_Valve_Configuration.dut:8 - DUT field appears unused as a member access.
[UNUSED_DUT_FIELD] Is_Faulty @ ST_Component_Maintenance.dut:4 - DUT field appears unused as a member access.
[UNUSED_DUT_FIELD] Is_In_Maintenance @ ST_Component_Maintenance.dut:5 - DUT field appears unused as a member access.
[UNUSED_DUT_FIELD] Fallback_Value @ ST_Component_Maintenance.dut:6 - DUT field appears unused as a member access.
[UNUSED_DUT_FIELD] Use_Last_Good_Value @ ST_Component_Maintenance.dut:7 - DUT field appears unused as a member access.
[UNUSED_DUT_FIELD] Source_Node_ID @ ST_Heating_Runtime_Causality_Edge.dut:6 - DUT field appears unused as a member access.
[UNUSED_DUT_FIELD] Target_Node_ID @ ST_Heating_Runtime_Causality_Edge.dut:7 - DUT field appears unused as a member access.
[UNUSED_DUT_FIELD] PIN_Code @ ST_Security_Global_Config.dut:4 - DUT field appears unused as a member access.
[UNUSED_DUT_FIELD] Phones @ ST_Security_Global_Config.dut:5 - DUT field appears unused as a member access.
[UNUSED_DUT_FIELD] alarm_duration_seconds @ ST_Security_Global_Config.dut:8 - DUT field appears unused as a member access.
[UNUSED_DUT_FIELD] two_person_timeout_seconds @ ST_Security_Global_Config.dut:9 - DUT field appears unused as a member access.
[UNUSED_DUT_FIELD] max_access_attempts @ ST_Security_Global_Config.dut:10 - DUT field appears unused as a member access.
[UNUSED_DUT_FIELD] Adaptive_Analytics_Visible @ ST_Heating_Runtime_Adaptive_Intelligence.dut:8 - DUT field appears unused as a member access.
[UNUSED_DUT_FIELD] Adaptive_Analytics_Degraded @ ST_Heating_Runtime_Adaptive_Intelligence.dut:9 - DUT field appears unused as a member access.
[UNUSED_DUT_FIELD] Adaptive_Analytics_Attention @ ST_Heating_Runtime_Adaptive_Intelligence.dut:10 - DUT field appears unused as a member access.
[UNUSED_DUT_FIELD] Supervision_Confidence_Observation @ ST_Heating_Runtime_Adaptive_Intelligence.dut:15 - DUT field appears unused as a member access.
[UNUSED_DUT_FIELD] Confidence_Degradation_Visible @ ST_Heating_Runtime_Adaptive_Intelligence.dut:16 - DUT field appears unused as a member access.
[UNUSED_DUT_FIELD] Adaptive_Runtime_Observation @ ST_Heating_Runtime_Adaptive_Intelligence.dut:21 - DUT field appears unused as a member access.
[UNUSED_DUT_FIELD] Adaptive_Runtime_Stability_Observation @ ST_Heating_Runtime_Adaptive_Intelligence.dut:22 - DUT field appears unused as a member access.
[UNUSED_DUT_FIELD] Runtime_Anomaly_Observation_Weight @ ST_Heating_Runtime_Adaptive_Intelligence.dut:27 - DUT field appears unused as a member access.
[UNUSED_DUT_FIELD] Cascade_Anomaly_Observation_Weight @ ST_Heating_Runtime_Adaptive_Intelligence.dut:28 - DUT field appears unused as a member access.
[UNUSED_DUT_FIELD] OpenTherm_Anomaly_Observation_Weight @ ST_Heating_Runtime_Adaptive_Intelligence.dut:29 - DUT field appears unused as a member access.
[UNUSED_DUT_FIELD] Diagnostics_Anomaly_Observation_Weight @ ST_Heating_Runtime_Adaptive_Intelligence.dut:30 - DUT field appears unused as a member access.
[UNUSED_DUT_FIELD] Predictive_Correlation_Observation @ ST_Heating_Runtime_Adaptive_Intelligence.dut:35 - DUT field appears unused as a member access.
[UNUSED_DUT_FIELD] Predictive_Correlation_Visible @ ST_Heating_Runtime_Adaptive_Intelligence.dut:36 - DUT field appears unused as a member access.
[UNUSED_DUT_FIELD] Sequencing_Confidence_Observation @ ST_Heating_Runtime_Adaptive_Intelligence.dut:41 - DUT field appears unused as a member access.
[UNUSED_DUT_FIELD] Ownership_Confidence_Observation @ ST_Heating_Runtime_Adaptive_Intelligence.dut:42 - DUT field appears unused as a member access.
[UNUSED_DUT_FIELD] Synchronization_Confidence_Observation @ ST_Heating_Runtime_Adaptive_Intelligence.dut:43 - DUT field appears unused as a member access.
[UNUSED_DUT_FIELD] Power_Percent @ ST_Boiler_Status.dut:11 - DUT field appears unused as a member access.
[UNUSED_DUT_FIELD] Current_Power @ ST_Boiler_Status.dut:12 - DUT field appears unused as a member access.
[UNUSED_DUT_FIELD] Last_Start @ ST_Boiler_Status.dut:16 - DUT field appears unused as a member access.
[UNUSED_DUT_FIELD] AuthMethod @ ST_TwoFactor_Data.dut:5 - DUT field appears unused as a member access.
[UNUSED_DUT_FIELD] rfid_tag @ ST_TwoFactor_Data.dut:6 - DUT field appears unused as a member access.
[UNUSED_DUT_FIELD] totp_secret @ ST_TwoFactor_Data.dut:7 - DUT field appears unused as a member access.
[UNUSED_DUT_FIELD] last_modified @ ST_TwoFactor_Data.dut:8 - DUT field appears unused as a member access.
[UNUSED_DUT_FIELD] Night_Reduction @ ST_Heating_Config.dut:8 - DUT field appears unused as a member access.
[UNUSED_DUT_FIELD] Target_Room_Temp @ ST_Heating_Config.dut:10 - DUT field appears unused as a member access.
[UNUSED_DUT_FIELD] Speed_Percent @ ST_Ventilation_Unit.dut:5 - DUT field appears unused as a member access.
[UNUSED_DUT_FIELD] Mode @ ST_Ventilation_Unit.dut:8 - DUT field appears unused as a member access.
[UNUSED_DUT_FIELD] location @ ST_FloorHeating_Manifold_Config.dut:5 - DUT field appears unused as a member access.
[UNUSED_DUT_FIELD] nominal_flow @ ST_FloorHeating_Manifold_Config.dut:6 - DUT field appears unused as a member access.
[UNUSED_DUT_FIELD] enable_pump @ ST_FloorHeating_Manifold_Config.dut:7 - DUT field appears unused as a member access.
[UNUSED_DUT_FIELD] circuits @ ST_FloorHeating_Manifold_Config.dut:8 - DUT field appears unused as a member access.
[UNUSED_DUT_FIELD] Avg_Result_Value @ ST_Scenario_Stats.dut:7 - DUT field appears unused as a member access.
[UNUSED_DUT_FIELD] Stability_Counter @ ST_Scenario_Stats.dut:8 - DUT field appears unused as a member access.
[UNUSED_DUT_FIELD] Last_Activation @ ST_Scenario_Stats.dut:9 - DUT field appears unused as a member access.
[UNUSED_DUT_FIELD] Temp_Room @ ST_Zone_Sensors.dut:4 - DUT field appears unused as a member access.
[UNUSED_DUT_FIELD] Temp_Floor @ ST_Zone_Sensors.dut:5 - DUT field appears unused as a member access.
[UNUSED_DUT_FIELD] Switch_Physical @ ST_Zone_Sensors.dut:7 - DUT field appears unused as a member access.
[UNUSED_DUT_FIELD] Light_State @ ST_Zone_Sensors.dut:8 - DUT field appears unused as a member access.
[UNUSED_DUT_FIELD] Maintenance @ ST_Zone_Sensors.dut:9 - DUT field appears unused as a member access.
[UNUSED_DUT_FIELD] enable_floor_heating @ ST_FloorHeating_Global_Config.dut:4 - DUT field appears unused as a member access.
[UNUSED_DUT_FIELD] anti_freeze_temp @ ST_FloorHeating_Global_Config.dut:5 - DUT field appears unused as a member access.
[UNUSED_DUT_FIELD] overheat_temp @ ST_FloorHeating_Global_Config.dut:6 - DUT field appears unused as a member access.
[UNUSED_DUT_FIELD] weather_compensation_enabled @ ST_FloorHeating_Global_Config.dut:7 - DUT field appears unused as a member access.
[UNUSED_DUT_FIELD] total_circuits @ ST_FloorHeating_Global_Config.dut:8 - DUT field appears unused as a member access.
[UNUSED_DUT_FIELD] Outdoor_Temp @ ST_System_State_Summary.dut:4 - DUT field appears unused as a member access.
[UNUSED_DUT_FIELD] Indoor_Temp @ ST_System_State_Summary.dut:5 - DUT field appears unused as a member access.
[UNUSED_DUT_FIELD] Floor_Temps @ ST_System_State_Summary.dut:6 - DUT field appears unused as a member access.
[UNUSED_DUT_FIELD] Humidity @ ST_System_State_Summary.dut:7 - DUT field appears unused as a member access.
[UNUSED_DUT_FIELD] CO2 @ ST_System_State_Summary.dut:8 - DUT field appears unused as a member access.
[UNUSED_DUT_FIELD] Security_Alarm @ ST_System_State_Summary.dut:12 - DUT field appears unused as a member access.
[UNUSED_DUT_FIELD] Emergency_Two_Stage_Enabled @ ST_Flood_Config.dut:4 - DUT field appears unused as a member access.
[UNUSED_DUT_FIELD] Valve_Test_Period_Days @ ST_Flood_Config.dut:5 - DUT field appears unused as a member access.
[UNUSED_DUT_FIELD] Current_Threshold_MA @ ST_Flood_Config.dut:6 - DUT field appears unused as a member access.
[UNUSED_DUT_FIELD] maintenance_enabled @ ST_Maintenance_Access_Config.dut:4 - DUT field appears unused as a member access.
[UNUSED_DUT_FIELD] max_duration_minutes @ ST_Maintenance_Access_Config.dut:5 - DUT field appears unused as a member access.
[UNUSED_DUT_FIELD] requires_two_person @ ST_Maintenance_Access_Config.dut:6 - DUT field appears unused as a member access.
[UNUSED_DUT_FIELD] access_level_required @ ST_Maintenance_Access_Config.dut:7 - DUT field appears unused as a member access.
[UNUSED_DUT_FIELD] Predictive_Analytics_Visible @ ST_Heating_Runtime_Predictive_State.dut:8 - DUT field appears unused as a member access.
[UNUSED_DUT_FIELD] Predictive_Analytics_Degraded @ ST_Heating_Runtime_Predictive_State.dut:9 - DUT field appears unused as a member access.
[UNUSED_DUT_FIELD] Predictive_Analytics_Attention @ ST_Heating_Runtime_Predictive_State.dut:10 - DUT field appears unused as a member access.
[UNUSED_DUT_FIELD] Runtime_Stable @ ST_Heating_Runtime_Predictive_State.dut:15 - DUT field appears unused as a member access.
[UNUSED_DUT_FIELD] Runtime_Stability_Score @ ST_Heating_Runtime_Predictive_State.dut:16 - DUT field appears unused as a member access.
[UNUSED_DUT_FIELD] Runtime_Degradation_Observation @ ST_Heating_Runtime_Predictive_State.dut:21 - DUT field appears unused as a member access.
[UNUSED_DUT_FIELD] Runtime_Failure_Observation @ ST_Heating_Runtime_Predictive_State.dut:22 - DUT field appears unused as a member access.
[UNUSED_DUT_FIELD] Cascade_Degradation_Observation @ ST_Heating_Runtime_Predictive_State.dut:27 - DUT field appears unused as a member access.
[UNUSED_DUT_FIELD] Cascade_Degraded_Trend_Visible @ ST_Heating_Runtime_Predictive_State.dut:28 - DUT field appears unused as a member access.
[UNUSED_DUT_FIELD] OpenTherm_Instability_Observation @ ST_Heating_Runtime_Predictive_State.dut:33 - DUT field appears unused as a member access.
[UNUSED_DUT_FIELD] OpenTherm_Degraded_Trend_Visible @ ST_Heating_Runtime_Predictive_State.dut:34 - DUT field appears unused as a member access.
[UNUSED_DUT_FIELD] Sequencing_Observation @ ST_Heating_Runtime_Predictive_State.dut:39 - DUT field appears unused as a member access.
[UNUSED_DUT_FIELD] Ownership_Observation @ ST_Heating_Runtime_Predictive_State.dut:40 - DUT field appears unused as a member access.
[UNUSED_DUT_FIELD] Synchronization_Observation @ ST_Heating_Runtime_Predictive_State.dut:41 - DUT field appears unused as a member access.
[UNUSED_DUT_FIELD] unit_id @ ST_Ventilation_Unit_Config.dut:4 - DUT field appears unused as a member access.
[UNUSED_DUT_FIELD] unit_type @ ST_Ventilation_Unit_Config.dut:5 - DUT field appears unused as a member access.
[UNUSED_DUT_FIELD] location @ ST_Ventilation_Unit_Config.dut:6 - DUT field appears unused as a member access.
[UNUSED_DUT_FIELD] min_speed @ ST_Ventilation_Unit_Config.dut:7 - DUT field appears unused as a member access.
[UNUSED_DUT_FIELD] max_speed @ ST_Ventilation_Unit_Config.dut:8 - DUT field appears unused as a member access.
[UNUSED_DUT_FIELD] has_smoke_detector @ ST_Ventilation_Unit_Config.dut:10 - DUT field appears unused as a member access.
[UNUSED_DUT_FIELD] current_scenario @ ST_Scenario_Transition_Config.dut:4 - DUT field appears unused as a member access.
[UNUSED_DUT_FIELD] min_duration_minutes @ ST_Scenario_Transition_Config.dut:6 - DUT field appears unused as a member access.
[UNUSED_DUT_FIELD] transition_allowed @ ST_Scenario_Transition_Config.dut:7 - DUT field appears unused as a member access.
[UNUSED_DUT_FIELD] CO2_Threshold @ ST_Ventilation_Config.dut:4 - DUT field appears unused as a member access.
[UNUSED_DUT_FIELD] Humidity_Threshold @ ST_Ventilation_Config.dut:5 - DUT field appears unused as a member access.
[UNUSED_DUT_FIELD] Night_Mode_Start @ ST_Ventilation_Config.dut:6 - DUT field appears unused as a member access.
[UNUSED_DUT_FIELD] Night_Mode_End @ ST_Ventilation_Config.dut:7 - DUT field appears unused as a member access.
[UNUSED_DUT_FIELD] last_modified @ ST_Operator_Zone_Rights.dut:7 - DUT field appears unused as a member access.
[UNUSED_DUT_FIELD] lighting_circuit_id @ ST_Outdoor_Zone_Config.dut:5 - DUT field appears unused as a member access.
[UNUSED_DUT_FIELD] auto_enabled @ ST_Outdoor_Zone_Config.dut:6 - DUT field appears unused as a member access.
[UNUSED_DUT_FIELD] party_mode_enabled @ ST_Outdoor_Zone_Config.dut:7 - DUT field appears unused as a member access.
[UNUSED_DUT_FIELD] value @ ST_Trend_History_Record.dut:5 - DUT field appears unused as a member access.
[UNUSED_DUT_FIELD] status @ ST_Calibration_Family_Summary.dut:5 - DUT field appears unused as a member access.
[UNUSED_DUT_FIELD] sensor_count @ ST_Calibration_Family_Summary.dut:6 - DUT field appears unused as a member access.
[UNUSED_DUT_FIELD] verification_active_count @ ST_Calibration_Family_Summary.dut:7 - DUT field appears unused as a member access.
[UNUSED_DUT_FIELD] failed_count @ ST_Calibration_Family_Summary.dut:8 - DUT field appears unused as a member access.
[UNUSED_DUT_FIELD] max_deviation_percent @ ST_Calibration_Family_Summary.dut:9 - DUT field appears unused as a member access.
[UNUSED_DUT_FIELD] summary_text @ ST_Calibration_Family_Summary.dut:10 - DUT field appears unused as a member access.
[UNUSED_DUT_FIELD] Avg_Result_Value @ ST_Zone_Adapt_State.dut:9 - DUT field appears unused as a member access.
[UNUSED_DUT_FIELD] Armed @ ST_Security_Zone_State.dut:4 - DUT field appears unused as a member access.
[UNUSED_DUT_FIELD] Alarm @ ST_Security_Zone_State.dut:5 - DUT field appears unused as a member access.
[UNUSED_DUT_FIELD] Bypassed @ ST_Security_Zone_State.dut:6 - DUT field appears unused as a member access.
[UNUSED_DUT_FIELD] Last_Trigger_Time @ ST_Security_Zone_State.dut:7 - DUT field appears unused as a member access.
[UNUSED_DUT_FIELD] Trigger_Count @ ST_Security_Zone_State.dut:8 - DUT field appears unused as a member access.
[UNUSED_DUT_FIELD] Node_ID @ ST_Heating_Runtime_Causality_Node.dut:6 - DUT field appears unused as a member access.
[UNUSED_DUT_FIELD] status @ ST_Calibration_Sensor_Summary.dut:5 - DUT field appears unused as a member access.
[UNUSED_DUT_FIELD] calibrated_value @ ST_Calibration_Sensor_Summary.dut:6 - DUT field appears unused as a member access.
[UNUSED_DUT_FIELD] deviation_percent @ ST_Calibration_Sensor_Summary.dut:7 - DUT field appears unused as a member access.
[UNUSED_DUT_FIELD] verification_active @ ST_Calibration_Sensor_Summary.dut:8 - DUT field appears unused as a member access.
[UNUSED_DUT_FIELD] verification_failed @ ST_Calibration_Sensor_Summary.dut:9 - DUT field appears unused as a member access.
[UNUSED_DUT_FIELD] record_index @ ST_Calibration_Sensor_Summary.dut:10 - DUT field appears unused as a member access.
[UNUSED_DUT_FIELD] label @ ST_Calibration_Sensor_Summary.dut:11 - DUT field appears unused as a member access.
[UNUSED_DUT_FIELD] summary_text @ ST_Calibration_Sensor_Summary.dut:12 - DUT field appears unused as a member access.
[UNUSED_DUT_FIELD] valve_types @ ST_Flood_Global_Config.dut:4 - DUT field appears unused as a member access.
[UNUSED_DUT_FIELD] Scenario_Priority @ ST_Ventilation_Scenario_Mode.dut:5 - DUT field appears unused as a member access.
[UNUSED_DUT_FIELD] Methane_Alarm @ ST_Ventilation_Scenario_Mode.dut:7 - DUT field appears unused as a member access.
[UNUSED_DUT_FIELD] Smoke_Detected @ ST_Ventilation_Scenario_Mode.dut:8 - DUT field appears unused as a member access.
[UNUSED_DUT_FIELD] Exhaust_Modes @ ST_Ventilation_Scenario_Mode.dut:9 - DUT field appears unused as a member access.
[UNUSED_DUT_FIELD] Supply_Modes @ ST_Ventilation_Scenario_Mode.dut:10 - DUT field appears unused as a member access.
[UNUSED_DUT_FIELD] Backup_Pump_Recovered_After_Retry @ ST_System_Diagnostics.dut:8 - DUT field appears unused as a member access.
[UNUSED_DUT_FIELD] Electric_Heater_Recovered_After_Retry @ ST_System_Diagnostics.dut:9 - DUT field appears unused as a member access.
[UNUSED_DUT_FIELD] Pump_Exercise_Active @ ST_System_Diagnostics.dut:13 - DUT field appears unused as a member access.
[UNUSED_DUT_FIELD] Pump_Exercise_Failed @ ST_System_Diagnostics.dut:14 - DUT field appears unused as a member access.
[UNUSED_DUT_FIELD] Pump_Exercise_Last_Equipment @ ST_System_Diagnostics.dut:15 - DUT field appears unused as a member access.
[UNUSED_DUT_FIELD] Pump_Exercise_Last_Result @ ST_System_Diagnostics.dut:16 - DUT field appears unused as a member access.
[UNUSED_DUT_FIELD] Pump_Exercise_No_Feedback_Count @ ST_System_Diagnostics.dut:17 - DUT field appears unused as a member access.
[UNUSED_DUT_FIELD] Manifold_Pump_Exercise_Count @ ST_System_Diagnostics.dut:18 - DUT field appears unused as a member access.
[UNUSED_DUT_FIELD] DHW_Heating_Pump_Exercise_Count @ ST_System_Diagnostics.dut:19 - DUT field appears unused as a member access.
[UNUSED_DUT_FIELD] DHW_Circ_Pump_Exercise_Count @ ST_System_Diagnostics.dut:20 - DUT field appears unused as a member access.
[UNUSED_DUT_FIELD] Backup_Pump_Exercise_Count @ ST_System_Diagnostics.dut:21 - DUT field appears unused as a member access.
[UNUSED_DUT_FIELD] Pump_Exercise_Event_Seq @ ST_System_Diagnostics.dut:22 - DUT field appears unused as a member access.
[UNUSED_DUT_FIELD] Pump_Exercise_Journal_1 @ ST_System_Diagnostics.dut:23 - DUT field appears unused as a member access.
[UNUSED_DUT_FIELD] Pump_Exercise_Journal_2 @ ST_System_Diagnostics.dut:24 - DUT field appears unused as a member access.
[UNUSED_DUT_FIELD] Pump_Exercise_Journal_3 @ ST_System_Diagnostics.dut:25 - DUT field appears unused as a member access.
[UNUSED_DUT_FIELD] Pump_Exercise_Journal_Last_Seq @ ST_System_Diagnostics.dut:26 - DUT field appears unused as a member access.
[UNUSED_DUT_FIELD] Pump_Maintenance_Required @ ST_System_Diagnostics.dut:28 - DUT field appears unused as a member access.
[UNUSED_DUT_FIELD] Pump_Maintenance_Warning @ ST_System_Diagnostics.dut:29 - DUT field appears unused as a member access.
[UNUSED_DUT_FIELD] Valve_Test_Mode_Active @ ST_System_Diagnostics.dut:52 - DUT field appears unused as a member access.
[UNUSED_DUT_FIELD] Valve_Test_Deadline_MS @ ST_System_Diagnostics.dut:53 - DUT field appears unused as a member access.
[UNUSED_DUT_FIELD] Valve_Test_Remaining_MS @ ST_System_Diagnostics.dut:54 - DUT field appears unused as a member access.
[UNUSED_DUT_FIELD] Manifold_Return_Temp_Fault @ ST_System_Diagnostics.dut:121 - DUT field appears unused as a member access.
[UNUSED_DUT_FIELD] Manifold_Return_Temp_Diag_Code @ ST_System_Diagnostics.dut:122 - DUT field appears unused as a member access.
[UNUSED_DUT_FIELD] Manifold_Return_Temp_First_Fault_Index @ ST_System_Diagnostics.dut:124 - DUT field appears unused as a member access.
[UNUSED_DUT_FIELD] Manifold_Return_Temp_Fault_Text @ ST_System_Diagnostics.dut:125 - DUT field appears unused as a member access.
[UNUSED_DUT_FIELD] Manifold_Sensor_Fault_Count @ ST_System_Diagnostics.dut:127 - DUT field appears unused as a member access.
[UNUSED_DUT_FIELD] Manifold_Sensor_Out_Of_Service @ ST_System_Diagnostics.dut:128 - DUT field appears unused as a member access.
[UNUSED_DUT_FIELD] Manifold_Sensor_Out_Of_Service_Active @ ST_System_Diagnostics.dut:129 - DUT field appears unused as a member access.
[UNUSED_DUT_FIELD] Manifold_Sensor_First_OOS_Index @ ST_System_Diagnostics.dut:130 - DUT field appears unused as a member access.
[UNUSED_DUT_FIELD] Manifold_Sensor_OOS_Text @ ST_System_Diagnostics.dut:131 - DUT field appears unused as a member access.
[UNUSED_DUT_FIELD] parameter_type @ ST_Trend_Header.dut:4 - DUT field appears unused as a member access.
[UNUSED_DUT_FIELD] records_count @ ST_Trend_Header.dut:6 - DUT field appears unused as a member access.
[UNUSED_DUT_FIELD] average_value @ ST_Trend_Header.dut:7 - DUT field appears unused as a member access.
[UNUSED_DUT_FIELD] min_value @ ST_Trend_Header.dut:8 - DUT field appears unused as a member access.
[UNUSED_DUT_FIELD] max_value @ ST_Trend_Header.dut:9 - DUT field appears unused as a member access.
[UNUSED_DUT_FIELD] Port_Name @ ST_Modbus_RTU_Config.dut:3 - DUT field appears unused as a member access.
[UNUSED_DUT_FIELD] Baudrate @ ST_Modbus_RTU_Config.dut:4 - DUT field appears unused as a member access.
[UNUSED_DUT_FIELD] Parity @ ST_Modbus_RTU_Config.dut:5 - DUT field appears unused as a member access.
[UNUSED_DUT_FIELD] Stop_Bits @ ST_Modbus_RTU_Config.dut:6 - DUT field appears unused as a member access.
[UNUSED_DUT_FIELD] Data_Bits @ ST_Modbus_RTU_Config.dut:7 - DUT field appears unused as a member access.
[UNUSED_DUT_FIELD] Poll_Interval_MS @ ST_Modbus_RTU_Config.dut:9 - DUT field appears unused as a member access.
[UNUSED_DUT_FIELD] Request_Timeout_MS @ ST_Modbus_RTU_Config.dut:10 - DUT field appears unused as a member access.
[UNUSED_DUT_FIELD] Retry_Count @ ST_Modbus_RTU_Config.dut:11 - DUT field appears unused as a member access.
[UNUSED_DUT_FIELD] Frame_Started @ ST_Heating_Runtime_Execution_Frame.dut:11 - DUT field appears unused as a member access.
[UNUSED_DUT_FIELD] Frame_Completed @ ST_Heating_Runtime_Execution_Frame.dut:12 - DUT field appears unused as a member access.
[UNUSED_DUT_FIELD] Frame_Failed @ ST_Heating_Runtime_Execution_Frame.dut:13 - DUT field appears unused as a member access.
[UNUSED_DUT_FIELD] Frame_Start_MS @ ST_Heating_Runtime_Execution_Frame.dut:18 - DUT field appears unused as a member access.
[UNUSED_DUT_FIELD] Frame_End_MS @ ST_Heating_Runtime_Execution_Frame.dut:19 - DUT field appears unused as a member access.
[UNUSED_DUT_FIELD] Frame_Duration_MS @ ST_Heating_Runtime_Execution_Frame.dut:20 - DUT field appears unused as a member access.
[UNUSED_DUT_FIELD] circuit_id @ ST_FloorHeating_Circuit_Config.dut:4 - DUT field appears unused as a member access.
[UNUSED_DUT_FIELD] valve_id @ ST_FloorHeating_Circuit_Config.dut:8 - DUT field appears unused as a member access.
[UNUSED_DUT_FIELD] scenario_id @ snapshots/2026-05-07/ST_Scenario_Config.dut:4 - DUT field appears unused as a member access.
[UNUSED_DUT_FIELD] lighting_level_accent @ snapshots/2026-05-07/ST_Scenario_Config.dut:6 - DUT field appears unused as a member access.
[UNUSED_DUT_FIELD] ventilation_speed_percent @ snapshots/2026-05-07/ST_Scenario_Config.dut:8 - DUT field appears unused as a member access.
[UNUSED_DUT_FIELD] sockets_enabled @ snapshots/2026-05-07/ST_Scenario_Config.dut:9 - DUT field appears unused as a member access.
[UNUSED_DUT_FIELD] enable_ventilation @ snapshots/2026-05-07/ST_Ventilation_Global_Config.dut:4 - DUT field appears unused as a member access.
[UNUSED_DUT_FIELD] total_units @ snapshots/2026-05-07/ST_Ventilation_Global_Config.dut:5 - DUT field appears unused as a member access.
[UNUSED_DUT_FIELD] default_exhaust_speed @ snapshots/2026-05-07/ST_Ventilation_Global_Config.dut:7 - DUT field appears unused as a member access.
[UNUSED_DUT_FIELD] Meta_Analytics_Visible @ snapshots/2026-05-07/ST_Heating_Runtime_Meta_Supervision.dut:8 - DUT field appears unused as a member access.
[UNUSED_DUT_FIELD] Meta_Analytics_Degraded @ snapshots/2026-05-07/ST_Heating_Runtime_Meta_Supervision.dut:9 - DUT field appears unused as a member access.
[UNUSED_DUT_FIELD] Meta_Analytics_Attention @ snapshots/2026-05-07/ST_Heating_Runtime_Meta_Supervision.dut:10 - DUT field appears unused as a member access.
[UNUSED_DUT_FIELD] Supervision_Integrity_Visible @ snapshots/2026-05-07/ST_Heating_Runtime_Meta_Supervision.dut:15 - DUT field appears unused as a member access.
[UNUSED_DUT_FIELD] Supervision_Integrity_Observation @ snapshots/2026-05-07/ST_Heating_Runtime_Meta_Supervision.dut:16 - DUT field appears unused as a member access.
[UNUSED_DUT_FIELD] Adaptive_Drift_Visible @ snapshots/2026-05-07/ST_Heating_Runtime_Meta_Supervision.dut:21 - DUT field appears unused as a member access.
[UNUSED_DUT_FIELD] Adaptive_Drift_Observation @ snapshots/2026-05-07/ST_Heating_Runtime_Meta_Supervision.dut:22 - DUT field appears unused as a member access.
[UNUSED_DUT_FIELD] Confidence_Degradation_Visible @ snapshots/2026-05-07/ST_Heating_Runtime_Meta_Supervision.dut:27 - DUT field appears unused as a member access.
[UNUSED_DUT_FIELD] Confidence_Degradation_Observation @ snapshots/2026-05-07/ST_Heating_Runtime_Meta_Supervision.dut:28 - DUT field appears unused as a member access.
[UNUSED_DUT_FIELD] Analytics_Consistency_Visible @ snapshots/2026-05-07/ST_Heating_Runtime_Meta_Supervision.dut:33 - DUT field appears unused as a member access.
[UNUSED_DUT_FIELD] Analytics_Consistency_Observation @ snapshots/2026-05-07/ST_Heating_Runtime_Meta_Supervision.dut:34 - DUT field appears unused as a member access.
[UNUSED_DUT_FIELD] Sequencing_Meta_Observation @ snapshots/2026-05-07/ST_Heating_Runtime_Meta_Supervision.dut:39 - DUT field appears unused as a member access.
[UNUSED_DUT_FIELD] Ownership_Meta_Observation @ snapshots/2026-05-07/ST_Heating_Runtime_Meta_Supervision.dut:40 - DUT field appears unused as a member access.
[UNUSED_DUT_FIELD] Synchronization_Meta_Observation @ snapshots/2026-05-07/ST_Heating_Runtime_Meta_Supervision.dut:41 - DUT field appears unused as a member access.
[UNUSED_DUT_FIELD] Base_Register @ snapshots/2026-05-07/ST_OpenTherm_Register_Map.dut:5 - DUT field appears unused as a member access.
[UNUSED_DUT_FIELD] Cmd_Seq_Lo_Offset @ snapshots/2026-05-07/ST_OpenTherm_Register_Map.dut:8 - DUT field appears unused as a member access.
[UNUSED_DUT_FIELD] Cmd_Seq_Hi_Offset @ snapshots/2026-05-07/ST_OpenTherm_Register_Map.dut:9 - DUT field appears unused as a member access.
[UNUSED_DUT_FIELD] Status_Heartbeat_Lo_Offset @ snapshots/2026-05-07/ST_OpenTherm_Register_Map.dut:11 - DUT field appears unused as a member access.
[UNUSED_DUT_FIELD] Status_Heartbeat_Hi_Offset @ snapshots/2026-05-07/ST_OpenTherm_Register_Map.dut:12 - DUT field appears unused as a member access.
[UNUSED_DUT_FIELD] Status_Ack_Seq_Lo_Offset @ snapshots/2026-05-07/ST_OpenTherm_Register_Map.dut:13 - DUT field appears unused as a member access.
[UNUSED_DUT_FIELD] Status_Ack_Seq_Hi_Offset @ snapshots/2026-05-07/ST_OpenTherm_Register_Map.dut:14 - DUT field appears unused as a member access.
[UNUSED_DUT_FIELD] Error_Code_Offset @ snapshots/2026-05-07/ST_OpenTherm_Register_Map.dut:16 - DUT field appears unused as a member access.
[UNUSED_DUT_FIELD] Modulation_x10_Offset @ snapshots/2026-05-07/ST_OpenTherm_Register_Map.dut:17 - DUT field appears unused as a member access.
[UNUSED_DUT_FIELD] Boiler_Temp_x10_Offset @ snapshots/2026-05-07/ST_OpenTherm_Register_Map.dut:18 - DUT field appears unused as a member access.
[UNUSED_DUT_FIELD] sensor_type @ snapshots/2026-05-07/ST_Sensor_Calibration_Record.dut:5 - DUT field appears unused as a member access.
[UNUSED_DUT_FIELD] last_calibration_timestamp @ snapshots/2026-05-07/ST_Sensor_Calibration_Record.dut:9 - DUT field appears unused as a member access.
[UNUSED_DUT_FIELD] verification_passed @ snapshots/2026-05-07/ST_Sensor_Calibration_Record.dut:10 - DUT field appears unused as a member access.
[UNUSED_DUT_FIELD] scenario_id @ snapshots/2026-05-07/ST_State_Snapshot.dut:6 - DUT field appears unused as a member access.
[UNUSED_DUT_FIELD] lighting_levels @ snapshots/2026-05-07/ST_State_Snapshot.dut:7 - DUT field appears unused as a member access.
[UNUSED_DUT_FIELD] floor_heating_setpoints @ snapshots/2026-05-07/ST_State_Snapshot.dut:8 - DUT field appears unused as a member access.
[UNUSED_DUT_FIELD] alarm_active @ snapshots/2026-05-07/ST_State_Snapshot.dut:9 - DUT field appears unused as a member access.
[UNUSED_DUT_FIELD] sunrise_ms @ snapshots/2026-05-07/ST_Astro_Time.dut:4 - DUT field appears unused as a member access.
[UNUSED_DUT_FIELD] sunset_ms @ snapshots/2026-05-07/ST_Astro_Time.dut:5 - DUT field appears unused as a member access.
[UNUSED_DUT_FIELD] is_daylight @ snapshots/2026-05-07/ST_Astro_Time.dut:6 - DUT field appears unused as a member access.
[UNUSED_DUT_FIELD] uiCycleTime @ snapshots/2026-05-07/ST_Owen_Analog_Value.dut:5 - DUT field appears unused as a member access.
[UNUSED_DUT_FIELD] Nodes @ snapshots/2026-05-07/ST_Heating_Runtime_Causality_Graph.dut:6 - DUT field appears unused as a member access.
[UNUSED_DUT_FIELD] Edges @ snapshots/2026-05-07/ST_Heating_Runtime_Causality_Graph.dut:11 - DUT field appears unused as a member access.
[UNUSED_DUT_FIELD] Node_Count @ snapshots/2026-05-07/ST_Heating_Runtime_Causality_Graph.dut:16 - DUT field appears unused as a member access.
[UNUSED_DUT_FIELD] Edge_Count @ snapshots/2026-05-07/ST_Heating_Runtime_Causality_Graph.dut:17 - DUT field appears unused as a member access.
[UNUSED_DUT_FIELD] Graph_Active @ snapshots/2026-05-07/ST_Heating_Runtime_Causality_Graph.dut:19 - DUT field appears unused as a member access.
[UNUSED_DUT_FIELD] Graph_Degraded @ snapshots/2026-05-07/ST_Heating_Runtime_Causality_Graph.dut:20 - DUT field appears unused as a member access.
[UNUSED_DUT_FIELD] Graph_Critical @ snapshots/2026-05-07/ST_Heating_Runtime_Causality_Graph.dut:21 - DUT field appears unused as a member access.
[UNUSED_DUT_FIELD] valve_id @ snapshots/2026-05-07/ST_Valve_Test_Config.dut:4 - DUT field appears unused as a member access.
[UNUSED_DUT_FIELD] valve_id @ snapshots/2026-05-07/ST_Gas_Valve_Configuration.dut:4 - DUT field appears unused as a member access.
[UNUSED_DUT_FIELD] valve_type @ snapshots/2026-05-07/ST_Gas_Valve_Configuration.dut:5 - DUT field appears unused as a member access.
[UNUSED_DUT_FIELD] close_time_seconds @ snapshots/2026-05-07/ST_Gas_Valve_Configuration.dut:6 - DUT field appears unused as a member access.
[UNUSED_DUT_FIELD] open_time_seconds @ snapshots/2026-05-07/ST_Gas_Valve_Configuration.dut:7 - DUT field appears unused as a member access.
[UNUSED_DUT_FIELD] emergency_open_allowed @ snapshots/2026-05-07/ST_Gas_Valve_Configuration.dut:8 - DUT field appears unused as a member access.
[UNUSED_DUT_FIELD] Is_Faulty @ snapshots/2026-05-07/ST_Component_Maintenance.dut:4 - DUT field appears unused as a member access.
[UNUSED_DUT_FIELD] Is_In_Maintenance @ snapshots/2026-05-07/ST_Component_Maintenance.dut:5 - DUT field appears unused as a member access.
[UNUSED_DUT_FIELD] Fallback_Value @ snapshots/2026-05-07/ST_Component_Maintenance.dut:6 - DUT field appears unused as a member access.
[UNUSED_DUT_FIELD] Use_Last_Good_Value @ snapshots/2026-05-07/ST_Component_Maintenance.dut:7 - DUT field appears unused as a member access.
[UNUSED_DUT_FIELD] Source_Node_ID @ snapshots/2026-05-07/ST_Heating_Runtime_Causality_Edge.dut:6 - DUT field appears unused as a member access.
[UNUSED_DUT_FIELD] Target_Node_ID @ snapshots/2026-05-07/ST_Heating_Runtime_Causality_Edge.dut:7 - DUT field appears unused as a member access.
[UNUSED_DUT_FIELD] PIN_Code @ snapshots/2026-05-07/ST_Security_Global_Config.dut:4 - DUT field appears unused as a member access.
[UNUSED_DUT_FIELD] Phones @ snapshots/2026-05-07/ST_Security_Global_Config.dut:5 - DUT field appears unused as a member access.
[UNUSED_DUT_FIELD] alarm_duration_seconds @ snapshots/2026-05-07/ST_Security_Global_Config.dut:8 - DUT field appears unused as a member access.
[UNUSED_DUT_FIELD] two_person_timeout_seconds @ snapshots/2026-05-07/ST_Security_Global_Config.dut:9 - DUT field appears unused as a member access.
[UNUSED_DUT_FIELD] max_access_attempts @ snapshots/2026-05-07/ST_Security_Global_Config.dut:10 - DUT field appears unused as a member access.
[UNUSED_DUT_FIELD] Adaptive_Analytics_Visible @ snapshots/2026-05-07/ST_Heating_Runtime_Adaptive_Intelligence.dut:8 - DUT field appears unused as a member access.
[UNUSED_DUT_FIELD] Adaptive_Analytics_Degraded @ snapshots/2026-05-07/ST_Heating_Runtime_Adaptive_Intelligence.dut:9 - DUT field appears unused as a member access.
[UNUSED_DUT_FIELD] Adaptive_Analytics_Attention @ snapshots/2026-05-07/ST_Heating_Runtime_Adaptive_Intelligence.dut:10 - DUT field appears unused as a member access.
[UNUSED_DUT_FIELD] Supervision_Confidence_Observation @ snapshots/2026-05-07/ST_Heating_Runtime_Adaptive_Intelligence.dut:15 - DUT field appears unused as a member access.
[UNUSED_DUT_FIELD] Confidence_Degradation_Visible @ snapshots/2026-05-07/ST_Heating_Runtime_Adaptive_Intelligence.dut:16 - DUT field appears unused as a member access.
[UNUSED_DUT_FIELD] Adaptive_Runtime_Observation @ snapshots/2026-05-07/ST_Heating_Runtime_Adaptive_Intelligence.dut:21 - DUT field appears unused as a member access.
[UNUSED_DUT_FIELD] Adaptive_Runtime_Stability_Observation @ snapshots/2026-05-07/ST_Heating_Runtime_Adaptive_Intelligence.dut:22 - DUT field appears unused as a member access.
[UNUSED_DUT_FIELD] Runtime_Anomaly_Observation_Weight @ snapshots/2026-05-07/ST_Heating_Runtime_Adaptive_Intelligence.dut:27 - DUT field appears unused as a member access.
[UNUSED_DUT_FIELD] Cascade_Anomaly_Observation_Weight @ snapshots/2026-05-07/ST_Heating_Runtime_Adaptive_Intelligence.dut:28 - DUT field appears unused as a member access.
[UNUSED_DUT_FIELD] OpenTherm_Anomaly_Observation_Weight @ snapshots/2026-05-07/ST_Heating_Runtime_Adaptive_Intelligence.dut:29 - DUT field appears unused as a member access.
[UNUSED_DUT_FIELD] Diagnostics_Anomaly_Observation_Weight @ snapshots/2026-05-07/ST_Heating_Runtime_Adaptive_Intelligence.dut:30 - DUT field appears unused as a member access.
[UNUSED_DUT_FIELD] Predictive_Correlation_Observation @ snapshots/2026-05-07/ST_Heating_Runtime_Adaptive_Intelligence.dut:35 - DUT field appears unused as a member access.
[UNUSED_DUT_FIELD] Predictive_Correlation_Visible @ snapshots/2026-05-07/ST_Heating_Runtime_Adaptive_Intelligence.dut:36 - DUT field appears unused as a member access.
[UNUSED_DUT_FIELD] Sequencing_Confidence_Observation @ snapshots/2026-05-07/ST_Heating_Runtime_Adaptive_Intelligence.dut:41 - DUT field appears unused as a member access.
[UNUSED_DUT_FIELD] Ownership_Confidence_Observation @ snapshots/2026-05-07/ST_Heating_Runtime_Adaptive_Intelligence.dut:42 - DUT field appears unused as a member access.
[UNUSED_DUT_FIELD] Synchronization_Confidence_Observation @ snapshots/2026-05-07/ST_Heating_Runtime_Adaptive_Intelligence.dut:43 - DUT field appears unused as a member access.
[UNUSED_DUT_FIELD] Power_Percent @ snapshots/2026-05-07/ST_Boiler_Status.dut:11 - DUT field appears unused as a member access.
[UNUSED_DUT_FIELD] Current_Power @ snapshots/2026-05-07/ST_Boiler_Status.dut:12 - DUT field appears unused as a member access.
[UNUSED_DUT_FIELD] Last_Start @ snapshots/2026-05-07/ST_Boiler_Status.dut:16 - DUT field appears unused as a member access.
[UNUSED_DUT_FIELD] AuthMethod @ snapshots/2026-05-07/ST_TwoFactor_Data.dut:5 - DUT field appears unused as a member access.
[UNUSED_DUT_FIELD] rfid_tag @ snapshots/2026-05-07/ST_TwoFactor_Data.dut:6 - DUT field appears unused as a member access.
[UNUSED_DUT_FIELD] totp_secret @ snapshots/2026-05-07/ST_TwoFactor_Data.dut:7 - DUT field appears unused as a member access.
[UNUSED_DUT_FIELD] last_modified @ snapshots/2026-05-07/ST_TwoFactor_Data.dut:8 - DUT field appears unused as a member access.
[UNUSED_DUT_FIELD] Night_Reduction @ snapshots/2026-05-07/ST_Heating_Config.dut:8 - DUT field appears unused as a member access.
[UNUSED_DUT_FIELD] Target_Room_Temp @ snapshots/2026-05-07/ST_Heating_Config.dut:10 - DUT field appears unused as a member access.
[UNUSED_DUT_FIELD] Speed_Percent @ snapshots/2026-05-07/ST_Ventilation_Unit.dut:5 - DUT field appears unused as a member access.
[UNUSED_DUT_FIELD] Mode @ snapshots/2026-05-07/ST_Ventilation_Unit.dut:8 - DUT field appears unused as a member access.
[UNUSED_DUT_FIELD] location @ snapshots/2026-05-07/ST_FloorHeating_Manifold_Config.dut:5 - DUT field appears unused as a member access.
[UNUSED_DUT_FIELD] nominal_flow @ snapshots/2026-05-07/ST_FloorHeating_Manifold_Config.dut:6 - DUT field appears unused as a member access.
[UNUSED_DUT_FIELD] enable_pump @ snapshots/2026-05-07/ST_FloorHeating_Manifold_Config.dut:7 - DUT field appears unused as a member access.
[UNUSED_DUT_FIELD] circuits @ snapshots/2026-05-07/ST_FloorHeating_Manifold_Config.dut:8 - DUT field appears unused as a member access.
[UNUSED_DUT_FIELD] Avg_Result_Value @ snapshots/2026-05-07/ST_Scenario_Stats.dut:7 - DUT field appears unused as a member access.
[UNUSED_DUT_FIELD] Stability_Counter @ snapshots/2026-05-07/ST_Scenario_Stats.dut:8 - DUT field appears unused as a member access.
[UNUSED_DUT_FIELD] Last_Activation @ snapshots/2026-05-07/ST_Scenario_Stats.dut:9 - DUT field appears unused as a member access.
[UNUSED_DUT_FIELD] Temp_Room @ snapshots/2026-05-07/ST_Zone_Sensors.dut:4 - DUT field appears unused as a member access.
[UNUSED_DUT_FIELD] Temp_Floor @ snapshots/2026-05-07/ST_Zone_Sensors.dut:5 - DUT field appears unused as a member access.
[UNUSED_DUT_FIELD] Switch_Physical @ snapshots/2026-05-07/ST_Zone_Sensors.dut:7 - DUT field appears unused as a member access.
[UNUSED_DUT_FIELD] Light_State @ snapshots/2026-05-07/ST_Zone_Sensors.dut:8 - DUT field appears unused as a member access.
[UNUSED_DUT_FIELD] Maintenance @ snapshots/2026-05-07/ST_Zone_Sensors.dut:9 - DUT field appears unused as a member access.
[UNUSED_DUT_FIELD] enable_floor_heating @ snapshots/2026-05-07/ST_FloorHeating_Global_Config.dut:4 - DUT field appears unused as a member access.
[UNUSED_DUT_FIELD] anti_freeze_temp @ snapshots/2026-05-07/ST_FloorHeating_Global_Config.dut:5 - DUT field appears unused as a member access.
[UNUSED_DUT_FIELD] overheat_temp @ snapshots/2026-05-07/ST_FloorHeating_Global_Config.dut:6 - DUT field appears unused as a member access.
[UNUSED_DUT_FIELD] weather_compensation_enabled @ snapshots/2026-05-07/ST_FloorHeating_Global_Config.dut:7 - DUT field appears unused as a member access.
[UNUSED_DUT_FIELD] total_circuits @ snapshots/2026-05-07/ST_FloorHeating_Global_Config.dut:8 - DUT field appears unused as a member access.
[UNUSED_DUT_FIELD] Outdoor_Temp @ snapshots/2026-05-07/ST_System_State_Summary.dut:4 - DUT field appears unused as a member access.
[UNUSED_DUT_FIELD] Indoor_Temp @ snapshots/2026-05-07/ST_System_State_Summary.dut:5 - DUT field appears unused as a member access.
[UNUSED_DUT_FIELD] Floor_Temps @ snapshots/2026-05-07/ST_System_State_Summary.dut:6 - DUT field appears unused as a member access.
[UNUSED_DUT_FIELD] Humidity @ snapshots/2026-05-07/ST_System_State_Summary.dut:7 - DUT field appears unused as a member access.
[UNUSED_DUT_FIELD] CO2 @ snapshots/2026-05-07/ST_System_State_Summary.dut:8 - DUT field appears unused as a member access.
[UNUSED_DUT_FIELD] Security_Alarm @ snapshots/2026-05-07/ST_System_State_Summary.dut:12 - DUT field appears unused as a member access.
[UNUSED_DUT_FIELD] Emergency_Two_Stage_Enabled @ snapshots/2026-05-07/ST_Flood_Config.dut:4 - DUT field appears unused as a member access.
[UNUSED_DUT_FIELD] Valve_Test_Period_Days @ snapshots/2026-05-07/ST_Flood_Config.dut:5 - DUT field appears unused as a member access.
[UNUSED_DUT_FIELD] Current_Threshold_MA @ snapshots/2026-05-07/ST_Flood_Config.dut:6 - DUT field appears unused as a member access.
[UNUSED_DUT_FIELD] maintenance_enabled @ snapshots/2026-05-07/ST_Maintenance_Access_Config.dut:4 - DUT field appears unused as a member access.
[UNUSED_DUT_FIELD] max_duration_minutes @ snapshots/2026-05-07/ST_Maintenance_Access_Config.dut:5 - DUT field appears unused as a member access.
[UNUSED_DUT_FIELD] requires_two_person @ snapshots/2026-05-07/ST_Maintenance_Access_Config.dut:6 - DUT field appears unused as a member access.
[UNUSED_DUT_FIELD] access_level_required @ snapshots/2026-05-07/ST_Maintenance_Access_Config.dut:7 - DUT field appears unused as a member access.
[UNUSED_DUT_FIELD] Predictive_Analytics_Visible @ snapshots/2026-05-07/ST_Heating_Runtime_Predictive_State.dut:8 - DUT field appears unused as a member access.
[UNUSED_DUT_FIELD] Predictive_Analytics_Degraded @ snapshots/2026-05-07/ST_Heating_Runtime_Predictive_State.dut:9 - DUT field appears unused as a member access.
[UNUSED_DUT_FIELD] Predictive_Analytics_Attention @ snapshots/2026-05-07/ST_Heating_Runtime_Predictive_State.dut:10 - DUT field appears unused as a member access.
[UNUSED_DUT_FIELD] Runtime_Stable @ snapshots/2026-05-07/ST_Heating_Runtime_Predictive_State.dut:15 - DUT field appears unused as a member access.
[UNUSED_DUT_FIELD] Runtime_Stability_Score @ snapshots/2026-05-07/ST_Heating_Runtime_Predictive_State.dut:16 - DUT field appears unused as a member access.
[UNUSED_DUT_FIELD] Runtime_Degradation_Observation @ snapshots/2026-05-07/ST_Heating_Runtime_Predictive_State.dut:21 - DUT field appears unused as a member access.
[UNUSED_DUT_FIELD] Runtime_Failure_Observation @ snapshots/2026-05-07/ST_Heating_Runtime_Predictive_State.dut:22 - DUT field appears unused as a member access.
[UNUSED_DUT_FIELD] Cascade_Degradation_Observation @ snapshots/2026-05-07/ST_Heating_Runtime_Predictive_State.dut:27 - DUT field appears unused as a member access.
[UNUSED_DUT_FIELD] Cascade_Degraded_Trend_Visible @ snapshots/2026-05-07/ST_Heating_Runtime_Predictive_State.dut:28 - DUT field appears unused as a member access.
[UNUSED_DUT_FIELD] OpenTherm_Instability_Observation @ snapshots/2026-05-07/ST_Heating_Runtime_Predictive_State.dut:33 - DUT field appears unused as a member access.
[UNUSED_DUT_FIELD] OpenTherm_Degraded_Trend_Visible @ snapshots/2026-05-07/ST_Heating_Runtime_Predictive_State.dut:34 - DUT field appears unused as a member access.
[UNUSED_DUT_FIELD] Sequencing_Observation @ snapshots/2026-05-07/ST_Heating_Runtime_Predictive_State.dut:39 - DUT field appears unused as a member access.
[UNUSED_DUT_FIELD] Ownership_Observation @ snapshots/2026-05-07/ST_Heating_Runtime_Predictive_State.dut:40 - DUT field appears unused as a member access.
[UNUSED_DUT_FIELD] Synchronization_Observation @ snapshots/2026-05-07/ST_Heating_Runtime_Predictive_State.dut:41 - DUT field appears unused as a member access.
[UNUSED_DUT_FIELD] unit_id @ snapshots/2026-05-07/ST_Ventilation_Unit_Config.dut:4 - DUT field appears unused as a member access.
[UNUSED_DUT_FIELD] unit_type @ snapshots/2026-05-07/ST_Ventilation_Unit_Config.dut:5 - DUT field appears unused as a member access.
[UNUSED_DUT_FIELD] location @ snapshots/2026-05-07/ST_Ventilation_Unit_Config.dut:6 - DUT field appears unused as a member access.
[UNUSED_DUT_FIELD] min_speed @ snapshots/2026-05-07/ST_Ventilation_Unit_Config.dut:7 - DUT field appears unused as a member access.
[UNUSED_DUT_FIELD] max_speed @ snapshots/2026-05-07/ST_Ventilation_Unit_Config.dut:8 - DUT field appears unused as a member access.
[UNUSED_DUT_FIELD] has_smoke_detector @ snapshots/2026-05-07/ST_Ventilation_Unit_Config.dut:10 - DUT field appears unused as a member access.
[UNUSED_DUT_FIELD] current_scenario @ snapshots/2026-05-07/ST_Scenario_Transition_Config.dut:4 - DUT field appears unused as a member access.
[UNUSED_DUT_FIELD] min_duration_minutes @ snapshots/2026-05-07/ST_Scenario_Transition_Config.dut:6 - DUT field appears unused as a member access.
[UNUSED_DUT_FIELD] transition_allowed @ snapshots/2026-05-07/ST_Scenario_Transition_Config.dut:7 - DUT field appears unused as a member access.
[UNUSED_DUT_FIELD] CO2_Threshold @ snapshots/2026-05-07/ST_Ventilation_Config.dut:4 - DUT field appears unused as a member access.
[UNUSED_DUT_FIELD] Humidity_Threshold @ snapshots/2026-05-07/ST_Ventilation_Config.dut:5 - DUT field appears unused as a member access.
[UNUSED_DUT_FIELD] Night_Mode_Start @ snapshots/2026-05-07/ST_Ventilation_Config.dut:6 - DUT field appears unused as a member access.
[UNUSED_DUT_FIELD] Night_Mode_End @ snapshots/2026-05-07/ST_Ventilation_Config.dut:7 - DUT field appears unused as a member access.
[UNUSED_DUT_FIELD] last_modified @ snapshots/2026-05-07/ST_Operator_Zone_Rights.dut:7 - DUT field appears unused as a member access.
[UNUSED_DUT_FIELD] lighting_circuit_id @ snapshots/2026-05-07/ST_Outdoor_Zone_Config.dut:5 - DUT field appears unused as a member access.
[UNUSED_DUT_FIELD] auto_enabled @ snapshots/2026-05-07/ST_Outdoor_Zone_Config.dut:6 - DUT field appears unused as a member access.
[UNUSED_DUT_FIELD] party_mode_enabled @ snapshots/2026-05-07/ST_Outdoor_Zone_Config.dut:7 - DUT field appears unused as a member access.
[UNUSED_DUT_FIELD] value @ snapshots/2026-05-07/ST_Trend_History_Record.dut:5 - DUT field appears unused as a member access.
[UNUSED_DUT_FIELD] status @ snapshots/2026-05-07/ST_Calibration_Family_Summary.dut:5 - DUT field appears unused as a member access.
[UNUSED_DUT_FIELD] sensor_count @ snapshots/2026-05-07/ST_Calibration_Family_Summary.dut:6 - DUT field appears unused as a member access.
[UNUSED_DUT_FIELD] verification_active_count @ snapshots/2026-05-07/ST_Calibration_Family_Summary.dut:7 - DUT field appears unused as a member access.
[UNUSED_DUT_FIELD] failed_count @ snapshots/2026-05-07/ST_Calibration_Family_Summary.dut:8 - DUT field appears unused as a member access.
[UNUSED_DUT_FIELD] max_deviation_percent @ snapshots/2026-05-07/ST_Calibration_Family_Summary.dut:9 - DUT field appears unused as a member access.
[UNUSED_DUT_FIELD] summary_text @ snapshots/2026-05-07/ST_Calibration_Family_Summary.dut:10 - DUT field appears unused as a member access.
[UNUSED_DUT_FIELD] Avg_Result_Value @ snapshots/2026-05-07/ST_Zone_Adapt_State.dut:9 - DUT field appears unused as a member access.
[UNUSED_DUT_FIELD] Armed @ snapshots/2026-05-07/ST_Security_Zone_State.dut:4 - DUT field appears unused as a member access.
[UNUSED_DUT_FIELD] Alarm @ snapshots/2026-05-07/ST_Security_Zone_State.dut:5 - DUT field appears unused as a member access.
[UNUSED_DUT_FIELD] Bypassed @ snapshots/2026-05-07/ST_Security_Zone_State.dut:6 - DUT field appears unused as a member access.
[UNUSED_DUT_FIELD] Last_Trigger_Time @ snapshots/2026-05-07/ST_Security_Zone_State.dut:7 - DUT field appears unused as a member access.
[UNUSED_DUT_FIELD] Trigger_Count @ snapshots/2026-05-07/ST_Security_Zone_State.dut:8 - DUT field appears unused as a member access.
[UNUSED_DUT_FIELD] Node_ID @ snapshots/2026-05-07/ST_Heating_Runtime_Causality_Node.dut:6 - DUT field appears unused as a member access.
[UNUSED_DUT_FIELD] status @ snapshots/2026-05-07/ST_Calibration_Sensor_Summary.dut:5 - DUT field appears unused as a member access.
[UNUSED_DUT_FIELD] calibrated_value @ snapshots/2026-05-07/ST_Calibration_Sensor_Summary.dut:6 - DUT field appears unused as a member access.
[UNUSED_DUT_FIELD] deviation_percent @ snapshots/2026-05-07/ST_Calibration_Sensor_Summary.dut:7 - DUT field appears unused as a member access.
[UNUSED_DUT_FIELD] verification_active @ snapshots/2026-05-07/ST_Calibration_Sensor_Summary.dut:8 - DUT field appears unused as a member access.
[UNUSED_DUT_FIELD] verification_failed @ snapshots/2026-05-07/ST_Calibration_Sensor_Summary.dut:9 - DUT field appears unused as a member access.
[UNUSED_DUT_FIELD] record_index @ snapshots/2026-05-07/ST_Calibration_Sensor_Summary.dut:10 - DUT field appears unused as a member access.
[UNUSED_DUT_FIELD] label @ snapshots/2026-05-07/ST_Calibration_Sensor_Summary.dut:11 - DUT field appears unused as a member access.
[UNUSED_DUT_FIELD] summary_text @ snapshots/2026-05-07/ST_Calibration_Sensor_Summary.dut:12 - DUT field appears unused as a member access.
[UNUSED_DUT_FIELD] valve_types @ snapshots/2026-05-07/ST_Flood_Global_Config.dut:4 - DUT field appears unused as a member access.
[UNUSED_DUT_FIELD] Scenario_Priority @ snapshots/2026-05-07/ST_Ventilation_Scenario_Mode.dut:5 - DUT field appears unused as a member access.
[UNUSED_DUT_FIELD] Methane_Alarm @ snapshots/2026-05-07/ST_Ventilation_Scenario_Mode.dut:7 - DUT field appears unused as a member access.
[UNUSED_DUT_FIELD] Smoke_Detected @ snapshots/2026-05-07/ST_Ventilation_Scenario_Mode.dut:8 - DUT field appears unused as a member access.
[UNUSED_DUT_FIELD] Exhaust_Modes @ snapshots/2026-05-07/ST_Ventilation_Scenario_Mode.dut:9 - DUT field appears unused as a member access.
[UNUSED_DUT_FIELD] Supply_Modes @ snapshots/2026-05-07/ST_Ventilation_Scenario_Mode.dut:10 - DUT field appears unused as a member access.
[UNUSED_DUT_FIELD] Backup_Pump_Recovered_After_Retry @ snapshots/2026-05-07/ST_System_Diagnostics.dut:8 - DUT field appears unused as a member access.
[UNUSED_DUT_FIELD] Electric_Heater_Recovered_After_Retry @ snapshots/2026-05-07/ST_System_Diagnostics.dut:9 - DUT field appears unused as a member access.
[UNUSED_DUT_FIELD] Pump_Exercise_Active @ snapshots/2026-05-07/ST_System_Diagnostics.dut:13 - DUT field appears unused as a member access.
[UNUSED_DUT_FIELD] Pump_Exercise_Failed @ snapshots/2026-05-07/ST_System_Diagnostics.dut:14 - DUT field appears unused as a member access.
[UNUSED_DUT_FIELD] Pump_Exercise_Last_Equipment @ snapshots/2026-05-07/ST_System_Diagnostics.dut:15 - DUT field appears unused as a member access.
[UNUSED_DUT_FIELD] Pump_Exercise_Last_Result @ snapshots/2026-05-07/ST_System_Diagnostics.dut:16 - DUT field appears unused as a member access.
[UNUSED_DUT_FIELD] Pump_Exercise_No_Feedback_Count @ snapshots/2026-05-07/ST_System_Diagnostics.dut:17 - DUT field appears unused as a member access.
[UNUSED_DUT_FIELD] Manifold_Pump_Exercise_Count @ snapshots/2026-05-07/ST_System_Diagnostics.dut:18 - DUT field appears unused as a member access.
[UNUSED_DUT_FIELD] DHW_Heating_Pump_Exercise_Count @ snapshots/2026-05-07/ST_System_Diagnostics.dut:19 - DUT field appears unused as a member access.
[UNUSED_DUT_FIELD] DHW_Circ_Pump_Exercise_Count @ snapshots/2026-05-07/ST_System_Diagnostics.dut:20 - DUT field appears unused as a member access.
[UNUSED_DUT_FIELD] Backup_Pump_Exercise_Count @ snapshots/2026-05-07/ST_System_Diagnostics.dut:21 - DUT field appears unused as a member access.
[UNUSED_DUT_FIELD] Pump_Exercise_Event_Seq @ snapshots/2026-05-07/ST_System_Diagnostics.dut:22 - DUT field appears unused as a member access.
[UNUSED_DUT_FIELD] Pump_Exercise_Journal_1 @ snapshots/2026-05-07/ST_System_Diagnostics.dut:23 - DUT field appears unused as a member access.
[UNUSED_DUT_FIELD] Pump_Exercise_Journal_2 @ snapshots/2026-05-07/ST_System_Diagnostics.dut:24 - DUT field appears unused as a member access.
[UNUSED_DUT_FIELD] Pump_Exercise_Journal_3 @ snapshots/2026-05-07/ST_System_Diagnostics.dut:25 - DUT field appears unused as a member access.
[UNUSED_DUT_FIELD] Pump_Exercise_Journal_Last_Seq @ snapshots/2026-05-07/ST_System_Diagnostics.dut:26 - DUT field appears unused as a member access.
[UNUSED_DUT_FIELD] Pump_Maintenance_Required @ snapshots/2026-05-07/ST_System_Diagnostics.dut:28 - DUT field appears unused as a member access.
[UNUSED_DUT_FIELD] Pump_Maintenance_Warning @ snapshots/2026-05-07/ST_System_Diagnostics.dut:29 - DUT field appears unused as a member access.
[UNUSED_DUT_FIELD] Valve_Test_Mode_Active @ snapshots/2026-05-07/ST_System_Diagnostics.dut:52 - DUT field appears unused as a member access.
[UNUSED_DUT_FIELD] Valve_Test_Deadline_MS @ snapshots/2026-05-07/ST_System_Diagnostics.dut:53 - DUT field appears unused as a member access.
[UNUSED_DUT_FIELD] Valve_Test_Remaining_MS @ snapshots/2026-05-07/ST_System_Diagnostics.dut:54 - DUT field appears unused as a member access.
[UNUSED_DUT_FIELD] Manifold_Return_Temp_Fault @ snapshots/2026-05-07/ST_System_Diagnostics.dut:121 - DUT field appears unused as a member access.
[UNUSED_DUT_FIELD] Manifold_Return_Temp_Diag_Code @ snapshots/2026-05-07/ST_System_Diagnostics.dut:122 - DUT field appears unused as a member access.
[UNUSED_DUT_FIELD] Manifold_Return_Temp_First_Fault_Index @ snapshots/2026-05-07/ST_System_Diagnostics.dut:124 - DUT field appears unused as a member access.
[UNUSED_DUT_FIELD] Manifold_Return_Temp_Fault_Text @ snapshots/2026-05-07/ST_System_Diagnostics.dut:125 - DUT field appears unused as a member access.
[UNUSED_DUT_FIELD] Manifold_Sensor_Fault_Count @ snapshots/2026-05-07/ST_System_Diagnostics.dut:127 - DUT field appears unused as a member access.
[UNUSED_DUT_FIELD] Manifold_Sensor_Out_Of_Service @ snapshots/2026-05-07/ST_System_Diagnostics.dut:128 - DUT field appears unused as a member access.
[UNUSED_DUT_FIELD] Manifold_Sensor_Out_Of_Service_Active @ snapshots/2026-05-07/ST_System_Diagnostics.dut:129 - DUT field appears unused as a member access.
[UNUSED_DUT_FIELD] Manifold_Sensor_First_OOS_Index @ snapshots/2026-05-07/ST_System_Diagnostics.dut:130 - DUT field appears unused as a member access.
[UNUSED_DUT_FIELD] Manifold_Sensor_OOS_Text @ snapshots/2026-05-07/ST_System_Diagnostics.dut:131 - DUT field appears unused as a member access.
[UNUSED_DUT_FIELD] parameter_type @ snapshots/2026-05-07/ST_Trend_Header.dut:4 - DUT field appears unused as a member access.
[UNUSED_DUT_FIELD] records_count @ snapshots/2026-05-07/ST_Trend_Header.dut:6 - DUT field appears unused as a member access.
[UNUSED_DUT_FIELD] average_value @ snapshots/2026-05-07/ST_Trend_Header.dut:7 - DUT field appears unused as a member access.
[UNUSED_DUT_FIELD] min_value @ snapshots/2026-05-07/ST_Trend_Header.dut:8 - DUT field appears unused as a member access.
[UNUSED_DUT_FIELD] max_value @ snapshots/2026-05-07/ST_Trend_Header.dut:9 - DUT field appears unused as a member access.
[UNUSED_DUT_FIELD] Port_Name @ snapshots/2026-05-07/ST_Modbus_RTU_Config.dut:3 - DUT field appears unused as a member access.
[UNUSED_DUT_FIELD] Baudrate @ snapshots/2026-05-07/ST_Modbus_RTU_Config.dut:4 - DUT field appears unused as a member access.
[UNUSED_DUT_FIELD] Parity @ snapshots/2026-05-07/ST_Modbus_RTU_Config.dut:5 - DUT field appears unused as a member access.
[UNUSED_DUT_FIELD] Stop_Bits @ snapshots/2026-05-07/ST_Modbus_RTU_Config.dut:6 - DUT field appears unused as a member access.
[UNUSED_DUT_FIELD] Data_Bits @ snapshots/2026-05-07/ST_Modbus_RTU_Config.dut:7 - DUT field appears unused as a member access.
[UNUSED_DUT_FIELD] Poll_Interval_MS @ snapshots/2026-05-07/ST_Modbus_RTU_Config.dut:9 - DUT field appears unused as a member access.
[UNUSED_DUT_FIELD] Request_Timeout_MS @ snapshots/2026-05-07/ST_Modbus_RTU_Config.dut:10 - DUT field appears unused as a member access.
[UNUSED_DUT_FIELD] Retry_Count @ snapshots/2026-05-07/ST_Modbus_RTU_Config.dut:11 - DUT field appears unused as a member access.
[UNUSED_DUT_FIELD] Frame_Started @ snapshots/2026-05-07/ST_Heating_Runtime_Execution_Frame.dut:11 - DUT field appears unused as a member access.
[UNUSED_DUT_FIELD] Frame_Completed @ snapshots/2026-05-07/ST_Heating_Runtime_Execution_Frame.dut:12 - DUT field appears unused as a member access.
[UNUSED_DUT_FIELD] Frame_Failed @ snapshots/2026-05-07/ST_Heating_Runtime_Execution_Frame.dut:13 - DUT field appears unused as a member access.
[UNUSED_DUT_FIELD] Frame_Start_MS @ snapshots/2026-05-07/ST_Heating_Runtime_Execution_Frame.dut:18 - DUT field appears unused as a member access.
[UNUSED_DUT_FIELD] Frame_End_MS @ snapshots/2026-05-07/ST_Heating_Runtime_Execution_Frame.dut:19 - DUT field appears unused as a member access.
[UNUSED_DUT_FIELD] Frame_Duration_MS @ snapshots/2026-05-07/ST_Heating_Runtime_Execution_Frame.dut:20 - DUT field appears unused as a member access.
[UNUSED_DUT_FIELD] circuit_id @ snapshots/2026-05-07/ST_FloorHeating_Circuit_Config.dut:4 - DUT field appears unused as a member access.
[UNUSED_DUT_FIELD] valve_id @ snapshots/2026-05-07/ST_FloorHeating_Circuit_Config.dut:8 - DUT field appears unused as a member access.
[UNUSED_DUT_FIELD] scenario_id @ snapshots/2026-05-05/ST_Scenario_Config.dut:4 - DUT field appears unused as a member access.
[UNUSED_DUT_FIELD] lighting_level_accent @ snapshots/2026-05-05/ST_Scenario_Config.dut:6 - DUT field appears unused as a member access.
[UNUSED_DUT_FIELD] ventilation_speed_percent @ snapshots/2026-05-05/ST_Scenario_Config.dut:8 - DUT field appears unused as a member access.
[UNUSED_DUT_FIELD] sockets_enabled @ snapshots/2026-05-05/ST_Scenario_Config.dut:9 - DUT field appears unused as a member access.
[UNUSED_DUT_FIELD] enable_ventilation @ snapshots/2026-05-05/ST_Ventilation_Global_Config.dut:4 - DUT field appears unused as a member access.
[UNUSED_DUT_FIELD] total_units @ snapshots/2026-05-05/ST_Ventilation_Global_Config.dut:5 - DUT field appears unused as a member access.
[UNUSED_DUT_FIELD] default_exhaust_speed @ snapshots/2026-05-05/ST_Ventilation_Global_Config.dut:7 - DUT field appears unused as a member access.
[UNUSED_DUT_FIELD] sensor_type @ snapshots/2026-05-05/ST_Sensor_Calibration_Record.dut:5 - DUT field appears unused as a member access.
[UNUSED_DUT_FIELD] last_calibration_timestamp @ snapshots/2026-05-05/ST_Sensor_Calibration_Record.dut:9 - DUT field appears unused as a member access.
[UNUSED_DUT_FIELD] verification_passed @ snapshots/2026-05-05/ST_Sensor_Calibration_Record.dut:10 - DUT field appears unused as a member access.
[UNUSED_DUT_FIELD] scenario_id @ snapshots/2026-05-05/ST_State_Snapshot.dut:6 - DUT field appears unused as a member access.
[UNUSED_DUT_FIELD] lighting_levels @ snapshots/2026-05-05/ST_State_Snapshot.dut:7 - DUT field appears unused as a member access.
[UNUSED_DUT_FIELD] floor_heating_setpoints @ snapshots/2026-05-05/ST_State_Snapshot.dut:8 - DUT field appears unused as a member access.
[UNUSED_DUT_FIELD] alarm_active @ snapshots/2026-05-05/ST_State_Snapshot.dut:9 - DUT field appears unused as a member access.
[UNUSED_DUT_FIELD] sunrise_ms @ snapshots/2026-05-05/ST_Astro_Time.dut:4 - DUT field appears unused as a member access.
[UNUSED_DUT_FIELD] sunset_ms @ snapshots/2026-05-05/ST_Astro_Time.dut:5 - DUT field appears unused as a member access.
[UNUSED_DUT_FIELD] is_daylight @ snapshots/2026-05-05/ST_Astro_Time.dut:6 - DUT field appears unused as a member access.
[UNUSED_DUT_FIELD] uiCycleTime @ snapshots/2026-05-05/ST_Owen_Analog_Value.dut:5 - DUT field appears unused as a member access.
[UNUSED_DUT_FIELD] valve_id @ snapshots/2026-05-05/ST_Valve_Test_Config.dut:4 - DUT field appears unused as a member access.
[UNUSED_DUT_FIELD] valve_id @ snapshots/2026-05-05/ST_Gas_Valve_Configuration.dut:4 - DUT field appears unused as a member access.
[UNUSED_DUT_FIELD] valve_type @ snapshots/2026-05-05/ST_Gas_Valve_Configuration.dut:5 - DUT field appears unused as a member access.
[UNUSED_DUT_FIELD] close_time_seconds @ snapshots/2026-05-05/ST_Gas_Valve_Configuration.dut:6 - DUT field appears unused as a member access.
[UNUSED_DUT_FIELD] open_time_seconds @ snapshots/2026-05-05/ST_Gas_Valve_Configuration.dut:7 - DUT field appears unused as a member access.
[UNUSED_DUT_FIELD] emergency_open_allowed @ snapshots/2026-05-05/ST_Gas_Valve_Configuration.dut:8 - DUT field appears unused as a member access.
[UNUSED_DUT_FIELD] Is_Faulty @ snapshots/2026-05-05/ST_Component_Maintenance.dut:4 - DUT field appears unused as a member access.
[UNUSED_DUT_FIELD] Is_In_Maintenance @ snapshots/2026-05-05/ST_Component_Maintenance.dut:5 - DUT field appears unused as a member access.
[UNUSED_DUT_FIELD] Fallback_Value @ snapshots/2026-05-05/ST_Component_Maintenance.dut:6 - DUT field appears unused as a member access.
[UNUSED_DUT_FIELD] Use_Last_Good_Value @ snapshots/2026-05-05/ST_Component_Maintenance.dut:7 - DUT field appears unused as a member access.
[UNUSED_DUT_FIELD] PIN_Code @ snapshots/2026-05-05/ST_Security_Global_Config.dut:4 - DUT field appears unused as a member access.
[UNUSED_DUT_FIELD] Phones @ snapshots/2026-05-05/ST_Security_Global_Config.dut:5 - DUT field appears unused as a member access.
[UNUSED_DUT_FIELD] alarm_duration_seconds @ snapshots/2026-05-05/ST_Security_Global_Config.dut:8 - DUT field appears unused as a member access.
[UNUSED_DUT_FIELD] two_person_timeout_seconds @ snapshots/2026-05-05/ST_Security_Global_Config.dut:9 - DUT field appears unused as a member access.
[UNUSED_DUT_FIELD] max_access_attempts @ snapshots/2026-05-05/ST_Security_Global_Config.dut:10 - DUT field appears unused as a member access.
[UNUSED_DUT_FIELD] Power_Percent @ snapshots/2026-05-05/ST_Boiler_Status.dut:9 - DUT field appears unused as a member access.
[UNUSED_DUT_FIELD] Current_Power @ snapshots/2026-05-05/ST_Boiler_Status.dut:10 - DUT field appears unused as a member access.
[UNUSED_DUT_FIELD] Last_Start @ snapshots/2026-05-05/ST_Boiler_Status.dut:14 - DUT field appears unused as a member access.
[UNUSED_DUT_FIELD] AuthMethod @ snapshots/2026-05-05/ST_TwoFactor_Data.dut:5 - DUT field appears unused as a member access.
[UNUSED_DUT_FIELD] rfid_tag @ snapshots/2026-05-05/ST_TwoFactor_Data.dut:6 - DUT field appears unused as a member access.
[UNUSED_DUT_FIELD] totp_secret @ snapshots/2026-05-05/ST_TwoFactor_Data.dut:7 - DUT field appears unused as a member access.
[UNUSED_DUT_FIELD] last_modified @ snapshots/2026-05-05/ST_TwoFactor_Data.dut:8 - DUT field appears unused as a member access.
[UNUSED_DUT_FIELD] Night_Reduction @ snapshots/2026-05-05/ST_Heating_Config.dut:8 - DUT field appears unused as a member access.
[UNUSED_DUT_FIELD] Target_Room_Temp @ snapshots/2026-05-05/ST_Heating_Config.dut:10 - DUT field appears unused as a member access.
[UNUSED_DUT_FIELD] Speed_Percent @ snapshots/2026-05-05/ST_Ventilation_Unit.dut:5 - DUT field appears unused as a member access.
[UNUSED_DUT_FIELD] Mode @ snapshots/2026-05-05/ST_Ventilation_Unit.dut:8 - DUT field appears unused as a member access.
[UNUSED_DUT_FIELD] location @ snapshots/2026-05-05/ST_FloorHeating_Manifold_Config.dut:5 - DUT field appears unused as a member access.
[UNUSED_DUT_FIELD] nominal_flow @ snapshots/2026-05-05/ST_FloorHeating_Manifold_Config.dut:6 - DUT field appears unused as a member access.
[UNUSED_DUT_FIELD] enable_pump @ snapshots/2026-05-05/ST_FloorHeating_Manifold_Config.dut:7 - DUT field appears unused as a member access.
[UNUSED_DUT_FIELD] circuits @ snapshots/2026-05-05/ST_FloorHeating_Manifold_Config.dut:8 - DUT field appears unused as a member access.
[UNUSED_DUT_FIELD] Avg_Result_Value @ snapshots/2026-05-05/ST_Scenario_Stats.dut:7 - DUT field appears unused as a member access.
[UNUSED_DUT_FIELD] Stability_Counter @ snapshots/2026-05-05/ST_Scenario_Stats.dut:8 - DUT field appears unused as a member access.
[UNUSED_DUT_FIELD] Last_Activation @ snapshots/2026-05-05/ST_Scenario_Stats.dut:9 - DUT field appears unused as a member access.
[UNUSED_DUT_FIELD] Temp_Room @ snapshots/2026-05-05/ST_Zone_Sensors.dut:4 - DUT field appears unused as a member access.
[UNUSED_DUT_FIELD] Temp_Floor @ snapshots/2026-05-05/ST_Zone_Sensors.dut:5 - DUT field appears unused as a member access.
[UNUSED_DUT_FIELD] Switch_Physical @ snapshots/2026-05-05/ST_Zone_Sensors.dut:7 - DUT field appears unused as a member access.
[UNUSED_DUT_FIELD] Light_State @ snapshots/2026-05-05/ST_Zone_Sensors.dut:8 - DUT field appears unused as a member access.
[UNUSED_DUT_FIELD] Maintenance @ snapshots/2026-05-05/ST_Zone_Sensors.dut:9 - DUT field appears unused as a member access.
[UNUSED_DUT_FIELD] enable_floor_heating @ snapshots/2026-05-05/ST_FloorHeating_Global_Config.dut:4 - DUT field appears unused as a member access.
[UNUSED_DUT_FIELD] anti_freeze_temp @ snapshots/2026-05-05/ST_FloorHeating_Global_Config.dut:5 - DUT field appears unused as a member access.
[UNUSED_DUT_FIELD] overheat_temp @ snapshots/2026-05-05/ST_FloorHeating_Global_Config.dut:6 - DUT field appears unused as a member access.
[UNUSED_DUT_FIELD] weather_compensation_enabled @ snapshots/2026-05-05/ST_FloorHeating_Global_Config.dut:7 - DUT field appears unused as a member access.
[UNUSED_DUT_FIELD] total_circuits @ snapshots/2026-05-05/ST_FloorHeating_Global_Config.dut:8 - DUT field appears unused as a member access.
[UNUSED_DUT_FIELD] Outdoor_Temp @ snapshots/2026-05-05/ST_System_State_Summary.dut:4 - DUT field appears unused as a member access.
[UNUSED_DUT_FIELD] Indoor_Temp @ snapshots/2026-05-05/ST_System_State_Summary.dut:5 - DUT field appears unused as a member access.
[UNUSED_DUT_FIELD] Floor_Temps @ snapshots/2026-05-05/ST_System_State_Summary.dut:6 - DUT field appears unused as a member access.
[UNUSED_DUT_FIELD] Humidity @ snapshots/2026-05-05/ST_System_State_Summary.dut:7 - DUT field appears unused as a member access.
[UNUSED_DUT_FIELD] CO2 @ snapshots/2026-05-05/ST_System_State_Summary.dut:8 - DUT field appears unused as a member access.
[UNUSED_DUT_FIELD] Security_Alarm @ snapshots/2026-05-05/ST_System_State_Summary.dut:12 - DUT field appears unused as a member access.
[UNUSED_DUT_FIELD] Emergency_Two_Stage_Enabled @ snapshots/2026-05-05/ST_Flood_Config.dut:4 - DUT field appears unused as a member access.
[UNUSED_DUT_FIELD] Valve_Test_Period_Days @ snapshots/2026-05-05/ST_Flood_Config.dut:5 - DUT field appears unused as a member access.
[UNUSED_DUT_FIELD] Current_Threshold_MA @ snapshots/2026-05-05/ST_Flood_Config.dut:6 - DUT field appears unused as a member access.
[UNUSED_DUT_FIELD] maintenance_enabled @ snapshots/2026-05-05/ST_Maintenance_Access_Config.dut:4 - DUT field appears unused as a member access.
[UNUSED_DUT_FIELD] max_duration_minutes @ snapshots/2026-05-05/ST_Maintenance_Access_Config.dut:5 - DUT field appears unused as a member access.
[UNUSED_DUT_FIELD] requires_two_person @ snapshots/2026-05-05/ST_Maintenance_Access_Config.dut:6 - DUT field appears unused as a member access.
[UNUSED_DUT_FIELD] access_level_required @ snapshots/2026-05-05/ST_Maintenance_Access_Config.dut:7 - DUT field appears unused as a member access.
[UNUSED_DUT_FIELD] unit_id @ snapshots/2026-05-05/ST_Ventilation_Unit_Config.dut:4 - DUT field appears unused as a member access.
[UNUSED_DUT_FIELD] unit_type @ snapshots/2026-05-05/ST_Ventilation_Unit_Config.dut:5 - DUT field appears unused as a member access.
[UNUSED_DUT_FIELD] location @ snapshots/2026-05-05/ST_Ventilation_Unit_Config.dut:6 - DUT field appears unused as a member access.
[UNUSED_DUT_FIELD] min_speed @ snapshots/2026-05-05/ST_Ventilation_Unit_Config.dut:7 - DUT field appears unused as a member access.
[UNUSED_DUT_FIELD] max_speed @ snapshots/2026-05-05/ST_Ventilation_Unit_Config.dut:8 - DUT field appears unused as a member access.
[UNUSED_DUT_FIELD] has_smoke_detector @ snapshots/2026-05-05/ST_Ventilation_Unit_Config.dut:10 - DUT field appears unused as a member access.
[UNUSED_DUT_FIELD] current_scenario @ snapshots/2026-05-05/ST_Scenario_Transition_Config.dut:4 - DUT field appears unused as a member access.
[UNUSED_DUT_FIELD] min_duration_minutes @ snapshots/2026-05-05/ST_Scenario_Transition_Config.dut:6 - DUT field appears unused as a member access.
[UNUSED_DUT_FIELD] transition_allowed @ snapshots/2026-05-05/ST_Scenario_Transition_Config.dut:7 - DUT field appears unused as a member access.
[UNUSED_DUT_FIELD] CO2_Threshold @ snapshots/2026-05-05/ST_Ventilation_Config.dut:4 - DUT field appears unused as a member access.
[UNUSED_DUT_FIELD] Humidity_Threshold @ snapshots/2026-05-05/ST_Ventilation_Config.dut:5 - DUT field appears unused as a member access.
[UNUSED_DUT_FIELD] Night_Mode_Start @ snapshots/2026-05-05/ST_Ventilation_Config.dut:6 - DUT field appears unused as a member access.
[UNUSED_DUT_FIELD] Night_Mode_End @ snapshots/2026-05-05/ST_Ventilation_Config.dut:7 - DUT field appears unused as a member access.
[UNUSED_DUT_FIELD] last_modified @ snapshots/2026-05-05/ST_Operator_Zone_Rights.dut:7 - DUT field appears unused as a member access.
[UNUSED_DUT_FIELD] lighting_circuit_id @ snapshots/2026-05-05/ST_Outdoor_Zone_Config.dut:5 - DUT field appears unused as a member access.
[UNUSED_DUT_FIELD] auto_enabled @ snapshots/2026-05-05/ST_Outdoor_Zone_Config.dut:6 - DUT field appears unused as a member access.
[UNUSED_DUT_FIELD] party_mode_enabled @ snapshots/2026-05-05/ST_Outdoor_Zone_Config.dut:7 - DUT field appears unused as a member access.
[UNUSED_DUT_FIELD] value @ snapshots/2026-05-05/ST_Trend_History_Record.dut:5 - DUT field appears unused as a member access.
[UNUSED_DUT_FIELD] status @ snapshots/2026-05-05/ST_Calibration_Family_Summary.dut:5 - DUT field appears unused as a member access.
[UNUSED_DUT_FIELD] sensor_count @ snapshots/2026-05-05/ST_Calibration_Family_Summary.dut:6 - DUT field appears unused as a member access.
[UNUSED_DUT_FIELD] verification_active_count @ snapshots/2026-05-05/ST_Calibration_Family_Summary.dut:7 - DUT field appears unused as a member access.
[UNUSED_DUT_FIELD] failed_count @ snapshots/2026-05-05/ST_Calibration_Family_Summary.dut:8 - DUT field appears unused as a member access.
[UNUSED_DUT_FIELD] max_deviation_percent @ snapshots/2026-05-05/ST_Calibration_Family_Summary.dut:9 - DUT field appears unused as a member access.
[UNUSED_DUT_FIELD] summary_text @ snapshots/2026-05-05/ST_Calibration_Family_Summary.dut:10 - DUT field appears unused as a member access.
[UNUSED_DUT_FIELD] Avg_Result_Value @ snapshots/2026-05-05/ST_Zone_Adapt_State.dut:9 - DUT field appears unused as a member access.
[UNUSED_DUT_FIELD] Armed @ snapshots/2026-05-05/ST_Security_Zone_State.dut:4 - DUT field appears unused as a member access.
[UNUSED_DUT_FIELD] Alarm @ snapshots/2026-05-05/ST_Security_Zone_State.dut:5 - DUT field appears unused as a member access.
[UNUSED_DUT_FIELD] Bypassed @ snapshots/2026-05-05/ST_Security_Zone_State.dut:6 - DUT field appears unused as a member access.
[UNUSED_DUT_FIELD] Last_Trigger_Time @ snapshots/2026-05-05/ST_Security_Zone_State.dut:7 - DUT field appears unused as a member access.
[UNUSED_DUT_FIELD] Trigger_Count @ snapshots/2026-05-05/ST_Security_Zone_State.dut:8 - DUT field appears unused as a member access.
[UNUSED_DUT_FIELD] status @ snapshots/2026-05-05/ST_Calibration_Sensor_Summary.dut:5 - DUT field appears unused as a member access.
[UNUSED_DUT_FIELD] calibrated_value @ snapshots/2026-05-05/ST_Calibration_Sensor_Summary.dut:6 - DUT field appears unused as a member access.
[UNUSED_DUT_FIELD] deviation_percent @ snapshots/2026-05-05/ST_Calibration_Sensor_Summary.dut:7 - DUT field appears unused as a member access.
[UNUSED_DUT_FIELD] verification_active @ snapshots/2026-05-05/ST_Calibration_Sensor_Summary.dut:8 - DUT field appears unused as a member access.
[UNUSED_DUT_FIELD] verification_failed @ snapshots/2026-05-05/ST_Calibration_Sensor_Summary.dut:9 - DUT field appears unused as a member access.
[UNUSED_DUT_FIELD] record_index @ snapshots/2026-05-05/ST_Calibration_Sensor_Summary.dut:10 - DUT field appears unused as a member access.
[UNUSED_DUT_FIELD] label @ snapshots/2026-05-05/ST_Calibration_Sensor_Summary.dut:11 - DUT field appears unused as a member access.
[UNUSED_DUT_FIELD] summary_text @ snapshots/2026-05-05/ST_Calibration_Sensor_Summary.dut:12 - DUT field appears unused as a member access.
[UNUSED_DUT_FIELD] valve_types @ snapshots/2026-05-05/ST_Flood_Global_Config.dut:4 - DUT field appears unused as a member access.
[UNUSED_DUT_FIELD] Scenario_Priority @ snapshots/2026-05-05/ST_Ventilation_Scenario_Mode.dut:5 - DUT field appears unused as a member access.
[UNUSED_DUT_FIELD] Methane_Alarm @ snapshots/2026-05-05/ST_Ventilation_Scenario_Mode.dut:7 - DUT field appears unused as a member access.
[UNUSED_DUT_FIELD] Smoke_Detected @ snapshots/2026-05-05/ST_Ventilation_Scenario_Mode.dut:8 - DUT field appears unused as a member access.
[UNUSED_DUT_FIELD] Exhaust_Modes @ snapshots/2026-05-05/ST_Ventilation_Scenario_Mode.dut:9 - DUT field appears unused as a member access.
[UNUSED_DUT_FIELD] Supply_Modes @ snapshots/2026-05-05/ST_Ventilation_Scenario_Mode.dut:10 - DUT field appears unused as a member access.
[UNUSED_DUT_FIELD] Backup_Pump_Recovered_After_Retry @ snapshots/2026-05-05/ST_System_Diagnostics.dut:8 - DUT field appears unused as a member access.
[UNUSED_DUT_FIELD] Electric_Heater_Recovered_After_Retry @ snapshots/2026-05-05/ST_System_Diagnostics.dut:9 - DUT field appears unused as a member access.
[UNUSED_DUT_FIELD] Pump_Exercise_Active @ snapshots/2026-05-05/ST_System_Diagnostics.dut:13 - DUT field appears unused as a member access.
[UNUSED_DUT_FIELD] Pump_Exercise_Failed @ snapshots/2026-05-05/ST_System_Diagnostics.dut:14 - DUT field appears unused as a member access.
[UNUSED_DUT_FIELD] Pump_Exercise_Last_Equipment @ snapshots/2026-05-05/ST_System_Diagnostics.dut:15 - DUT field appears unused as a member access.
[UNUSED_DUT_FIELD] Pump_Exercise_Last_Result @ snapshots/2026-05-05/ST_System_Diagnostics.dut:16 - DUT field appears unused as a member access.
[UNUSED_DUT_FIELD] Pump_Exercise_No_Feedback_Count @ snapshots/2026-05-05/ST_System_Diagnostics.dut:17 - DUT field appears unused as a member access.
[UNUSED_DUT_FIELD] Manifold_Pump_Exercise_Count @ snapshots/2026-05-05/ST_System_Diagnostics.dut:18 - DUT field appears unused as a member access.
[UNUSED_DUT_FIELD] DHW_Heating_Pump_Exercise_Count @ snapshots/2026-05-05/ST_System_Diagnostics.dut:19 - DUT field appears unused as a member access.
[UNUSED_DUT_FIELD] DHW_Circ_Pump_Exercise_Count @ snapshots/2026-05-05/ST_System_Diagnostics.dut:20 - DUT field appears unused as a member access.
[UNUSED_DUT_FIELD] Backup_Pump_Exercise_Count @ snapshots/2026-05-05/ST_System_Diagnostics.dut:21 - DUT field appears unused as a member access.
[UNUSED_DUT_FIELD] Pump_Exercise_Event_Seq @ snapshots/2026-05-05/ST_System_Diagnostics.dut:22 - DUT field appears unused as a member access.
[UNUSED_DUT_FIELD] Pump_Exercise_Journal_1 @ snapshots/2026-05-05/ST_System_Diagnostics.dut:23 - DUT field appears unused as a member access.
[UNUSED_DUT_FIELD] Pump_Exercise_Journal_2 @ snapshots/2026-05-05/ST_System_Diagnostics.dut:24 - DUT field appears unused as a member access.
[UNUSED_DUT_FIELD] Pump_Exercise_Journal_3 @ snapshots/2026-05-05/ST_System_Diagnostics.dut:25 - DUT field appears unused as a member access.
[UNUSED_DUT_FIELD] Pump_Exercise_Journal_Last_Seq @ snapshots/2026-05-05/ST_System_Diagnostics.dut:26 - DUT field appears unused as a member access.
[UNUSED_DUT_FIELD] Pump_Maintenance_Required @ snapshots/2026-05-05/ST_System_Diagnostics.dut:28 - DUT field appears unused as a member access.
[UNUSED_DUT_FIELD] Pump_Maintenance_Warning @ snapshots/2026-05-05/ST_System_Diagnostics.dut:29 - DUT field appears unused as a member access.
[UNUSED_DUT_FIELD] Valve_Test_Mode_Active @ snapshots/2026-05-05/ST_System_Diagnostics.dut:52 - DUT field appears unused as a member access.
[UNUSED_DUT_FIELD] Valve_Test_Deadline_MS @ snapshots/2026-05-05/ST_System_Diagnostics.dut:53 - DUT field appears unused as a member access.
[UNUSED_DUT_FIELD] Valve_Test_Remaining_MS @ snapshots/2026-05-05/ST_System_Diagnostics.dut:54 - DUT field appears unused as a member access.
[UNUSED_DUT_FIELD] Manifold_Return_Temp_Fault @ snapshots/2026-05-05/ST_System_Diagnostics.dut:121 - DUT field appears unused as a member access.
[UNUSED_DUT_FIELD] Manifold_Return_Temp_Diag_Code @ snapshots/2026-05-05/ST_System_Diagnostics.dut:122 - DUT field appears unused as a member access.
[UNUSED_DUT_FIELD] Manifold_Return_Temp_First_Fault_Index @ snapshots/2026-05-05/ST_System_Diagnostics.dut:124 - DUT field appears unused as a member access.
[UNUSED_DUT_FIELD] Manifold_Return_Temp_Fault_Text @ snapshots/2026-05-05/ST_System_Diagnostics.dut:125 - DUT field appears unused as a member access.
[UNUSED_DUT_FIELD] Manifold_Sensor_Fault_Count @ snapshots/2026-05-05/ST_System_Diagnostics.dut:127 - DUT field appears unused as a member access.
[UNUSED_DUT_FIELD] Manifold_Sensor_Out_Of_Service @ snapshots/2026-05-05/ST_System_Diagnostics.dut:128 - DUT field appears unused as a member access.
[UNUSED_DUT_FIELD] Manifold_Sensor_Out_Of_Service_Active @ snapshots/2026-05-05/ST_System_Diagnostics.dut:129 - DUT field appears unused as a member access.
[UNUSED_DUT_FIELD] Manifold_Sensor_First_OOS_Index @ snapshots/2026-05-05/ST_System_Diagnostics.dut:130 - DUT field appears unused as a member access.
[UNUSED_DUT_FIELD] Manifold_Sensor_OOS_Text @ snapshots/2026-05-05/ST_System_Diagnostics.dut:131 - DUT field appears unused as a member access.
[UNUSED_DUT_FIELD] parameter_type @ snapshots/2026-05-05/ST_Trend_Header.dut:4 - DUT field appears unused as a member access.
[UNUSED_DUT_FIELD] records_count @ snapshots/2026-05-05/ST_Trend_Header.dut:6 - DUT field appears unused as a member access.
[UNUSED_DUT_FIELD] average_value @ snapshots/2026-05-05/ST_Trend_Header.dut:7 - DUT field appears unused as a member access.
[UNUSED_DUT_FIELD] min_value @ snapshots/2026-05-05/ST_Trend_Header.dut:8 - DUT field appears unused as a member access.
[UNUSED_DUT_FIELD] max_value @ snapshots/2026-05-05/ST_Trend_Header.dut:9 - DUT field appears unused as a member access.
[UNUSED_DUT_FIELD] circuit_id @ snapshots/2026-05-05/ST_FloorHeating_Circuit_Config.dut:4 - DUT field appears unused as a member access.
[UNUSED_DUT_FIELD] valve_id @ snapshots/2026-05-05/ST_FloorHeating_Circuit_Config.dut:8 - DUT field appears unused as a member access.
[UNUSED_DUT_FIELD] scenario_id @ snapshots/2026-04-23/ST_Scenario_Config.dut:4 - DUT field appears unused as a member access.
[UNUSED_DUT_FIELD] lighting_level_accent @ snapshots/2026-04-23/ST_Scenario_Config.dut:6 - DUT field appears unused as a member access.
[UNUSED_DUT_FIELD] ventilation_speed_percent @ snapshots/2026-04-23/ST_Scenario_Config.dut:8 - DUT field appears unused as a member access.
[UNUSED_DUT_FIELD] sockets_enabled @ snapshots/2026-04-23/ST_Scenario_Config.dut:9 - DUT field appears unused as a member access.
[UNUSED_DUT_FIELD] enable_ventilation @ snapshots/2026-04-23/ST_Ventilation_Global_Config.dut:4 - DUT field appears unused as a member access.
[UNUSED_DUT_FIELD] total_units @ snapshots/2026-04-23/ST_Ventilation_Global_Config.dut:5 - DUT field appears unused as a member access.
[UNUSED_DUT_FIELD] default_exhaust_speed @ snapshots/2026-04-23/ST_Ventilation_Global_Config.dut:7 - DUT field appears unused as a member access.
[UNUSED_DUT_FIELD] sensor_type @ snapshots/2026-04-23/ST_Sensor_Calibration_Record.dut:5 - DUT field appears unused as a member access.
[UNUSED_DUT_FIELD] last_calibration_timestamp @ snapshots/2026-04-23/ST_Sensor_Calibration_Record.dut:9 - DUT field appears unused as a member access.
[UNUSED_DUT_FIELD] verification_passed @ snapshots/2026-04-23/ST_Sensor_Calibration_Record.dut:10 - DUT field appears unused as a member access.
[UNUSED_DUT_FIELD] scenario_id @ snapshots/2026-04-23/ST_State_Snapshot.dut:6 - DUT field appears unused as a member access.
[UNUSED_DUT_FIELD] lighting_levels @ snapshots/2026-04-23/ST_State_Snapshot.dut:7 - DUT field appears unused as a member access.
[UNUSED_DUT_FIELD] floor_heating_setpoints @ snapshots/2026-04-23/ST_State_Snapshot.dut:8 - DUT field appears unused as a member access.
[UNUSED_DUT_FIELD] alarm_active @ snapshots/2026-04-23/ST_State_Snapshot.dut:9 - DUT field appears unused as a member access.
[UNUSED_DUT_FIELD] sunrise_ms @ snapshots/2026-04-23/ST_Astro_Time.dut:4 - DUT field appears unused as a member access.
[UNUSED_DUT_FIELD] sunset_ms @ snapshots/2026-04-23/ST_Astro_Time.dut:5 - DUT field appears unused as a member access.
[UNUSED_DUT_FIELD] is_daylight @ snapshots/2026-04-23/ST_Astro_Time.dut:6 - DUT field appears unused as a member access.
[UNUSED_DUT_FIELD] uiCycleTime @ snapshots/2026-04-23/ST_Owen_Analog_Value.dut:5 - DUT field appears unused as a member access.
[UNUSED_DUT_FIELD] valve_id @ snapshots/2026-04-23/ST_Valve_Test_Config.dut:4 - DUT field appears unused as a member access.
[UNUSED_DUT_FIELD] valve_id @ snapshots/2026-04-23/ST_Gas_Valve_Configuration.dut:4 - DUT field appears unused as a member access.
[UNUSED_DUT_FIELD] valve_type @ snapshots/2026-04-23/ST_Gas_Valve_Configuration.dut:5 - DUT field appears unused as a member access.
[UNUSED_DUT_FIELD] close_time_seconds @ snapshots/2026-04-23/ST_Gas_Valve_Configuration.dut:6 - DUT field appears unused as a member access.
[UNUSED_DUT_FIELD] open_time_seconds @ snapshots/2026-04-23/ST_Gas_Valve_Configuration.dut:7 - DUT field appears unused as a member access.
[UNUSED_DUT_FIELD] emergency_open_allowed @ snapshots/2026-04-23/ST_Gas_Valve_Configuration.dut:8 - DUT field appears unused as a member access.
[UNUSED_DUT_FIELD] Is_Faulty @ snapshots/2026-04-23/ST_Component_Maintenance.dut:4 - DUT field appears unused as a member access.
[UNUSED_DUT_FIELD] Is_In_Maintenance @ snapshots/2026-04-23/ST_Component_Maintenance.dut:5 - DUT field appears unused as a member access.
[UNUSED_DUT_FIELD] Fallback_Value @ snapshots/2026-04-23/ST_Component_Maintenance.dut:6 - DUT field appears unused as a member access.
[UNUSED_DUT_FIELD] Use_Last_Good_Value @ snapshots/2026-04-23/ST_Component_Maintenance.dut:7 - DUT field appears unused as a member access.
[UNUSED_DUT_FIELD] PIN_Code @ snapshots/2026-04-23/ST_Security_Global_Config.dut:4 - DUT field appears unused as a member access.
[UNUSED_DUT_FIELD] Phones @ snapshots/2026-04-23/ST_Security_Global_Config.dut:5 - DUT field appears unused as a member access.
[UNUSED_DUT_FIELD] alarm_duration_seconds @ snapshots/2026-04-23/ST_Security_Global_Config.dut:8 - DUT field appears unused as a member access.
[UNUSED_DUT_FIELD] two_person_timeout_seconds @ snapshots/2026-04-23/ST_Security_Global_Config.dut:9 - DUT field appears unused as a member access.
[UNUSED_DUT_FIELD] max_access_attempts @ snapshots/2026-04-23/ST_Security_Global_Config.dut:10 - DUT field appears unused as a member access.
[UNUSED_DUT_FIELD] Power_Percent @ snapshots/2026-04-23/ST_Boiler_Status.dut:9 - DUT field appears unused as a member access.
[UNUSED_DUT_FIELD] Current_Power @ snapshots/2026-04-23/ST_Boiler_Status.dut:10 - DUT field appears unused as a member access.
[UNUSED_DUT_FIELD] Last_Start @ snapshots/2026-04-23/ST_Boiler_Status.dut:14 - DUT field appears unused as a member access.
[UNUSED_DUT_FIELD] AuthMethod @ snapshots/2026-04-23/ST_TwoFactor_Data.dut:5 - DUT field appears unused as a member access.
[UNUSED_DUT_FIELD] rfid_tag @ snapshots/2026-04-23/ST_TwoFactor_Data.dut:6 - DUT field appears unused as a member access.
[UNUSED_DUT_FIELD] totp_secret @ snapshots/2026-04-23/ST_TwoFactor_Data.dut:7 - DUT field appears unused as a member access.
[UNUSED_DUT_FIELD] last_modified @ snapshots/2026-04-23/ST_TwoFactor_Data.dut:8 - DUT field appears unused as a member access.
[UNUSED_DUT_FIELD] Night_Reduction @ snapshots/2026-04-23/ST_Heating_Config.dut:8 - DUT field appears unused as a member access.
[UNUSED_DUT_FIELD] Target_Room_Temp @ snapshots/2026-04-23/ST_Heating_Config.dut:10 - DUT field appears unused as a member access.
[UNUSED_DUT_FIELD] Speed_Percent @ snapshots/2026-04-23/ST_Ventilation_Unit.dut:5 - DUT field appears unused as a member access.
[UNUSED_DUT_FIELD] Mode @ snapshots/2026-04-23/ST_Ventilation_Unit.dut:8 - DUT field appears unused as a member access.
[UNUSED_DUT_FIELD] location @ snapshots/2026-04-23/ST_FloorHeating_Manifold_Config.dut:5 - DUT field appears unused as a member access.
[UNUSED_DUT_FIELD] nominal_flow @ snapshots/2026-04-23/ST_FloorHeating_Manifold_Config.dut:6 - DUT field appears unused as a member access.
[UNUSED_DUT_FIELD] enable_pump @ snapshots/2026-04-23/ST_FloorHeating_Manifold_Config.dut:7 - DUT field appears unused as a member access.
[UNUSED_DUT_FIELD] circuits @ snapshots/2026-04-23/ST_FloorHeating_Manifold_Config.dut:8 - DUT field appears unused as a member access.
[UNUSED_DUT_FIELD] Temp_Room @ snapshots/2026-04-23/ST_Zone_Sensors.dut:4 - DUT field appears unused as a member access.
[UNUSED_DUT_FIELD] Temp_Floor @ snapshots/2026-04-23/ST_Zone_Sensors.dut:5 - DUT field appears unused as a member access.
[UNUSED_DUT_FIELD] Switch_Physical @ snapshots/2026-04-23/ST_Zone_Sensors.dut:7 - DUT field appears unused as a member access.
[UNUSED_DUT_FIELD] Light_State @ snapshots/2026-04-23/ST_Zone_Sensors.dut:8 - DUT field appears unused as a member access.
[UNUSED_DUT_FIELD] Maintenance @ snapshots/2026-04-23/ST_Zone_Sensors.dut:9 - DUT field appears unused as a member access.
[UNUSED_DUT_FIELD] enable_floor_heating @ snapshots/2026-04-23/ST_FloorHeating_Global_Config.dut:4 - DUT field appears unused as a member access.
[UNUSED_DUT_FIELD] anti_freeze_temp @ snapshots/2026-04-23/ST_FloorHeating_Global_Config.dut:5 - DUT field appears unused as a member access.
[UNUSED_DUT_FIELD] overheat_temp @ snapshots/2026-04-23/ST_FloorHeating_Global_Config.dut:6 - DUT field appears unused as a member access.
[UNUSED_DUT_FIELD] weather_compensation_enabled @ snapshots/2026-04-23/ST_FloorHeating_Global_Config.dut:7 - DUT field appears unused as a member access.
[UNUSED_DUT_FIELD] total_circuits @ snapshots/2026-04-23/ST_FloorHeating_Global_Config.dut:8 - DUT field appears unused as a member access.
[UNUSED_DUT_FIELD] Outdoor_Temp @ snapshots/2026-04-23/ST_System_State_Summary.dut:4 - DUT field appears unused as a member access.
[UNUSED_DUT_FIELD] Indoor_Temp @ snapshots/2026-04-23/ST_System_State_Summary.dut:5 - DUT field appears unused as a member access.
[UNUSED_DUT_FIELD] Floor_Temps @ snapshots/2026-04-23/ST_System_State_Summary.dut:6 - DUT field appears unused as a member access.
[UNUSED_DUT_FIELD] Humidity @ snapshots/2026-04-23/ST_System_State_Summary.dut:7 - DUT field appears unused as a member access.
[UNUSED_DUT_FIELD] CO2 @ snapshots/2026-04-23/ST_System_State_Summary.dut:8 - DUT field appears unused as a member access.
[UNUSED_DUT_FIELD] Security_Alarm @ snapshots/2026-04-23/ST_System_State_Summary.dut:12 - DUT field appears unused as a member access.
[UNUSED_DUT_FIELD] Emergency_Two_Stage_Enabled @ snapshots/2026-04-23/ST_Flood_Config.dut:4 - DUT field appears unused as a member access.
[UNUSED_DUT_FIELD] Valve_Test_Period_Days @ snapshots/2026-04-23/ST_Flood_Config.dut:5 - DUT field appears unused as a member access.
[UNUSED_DUT_FIELD] Current_Threshold_MA @ snapshots/2026-04-23/ST_Flood_Config.dut:6 - DUT field appears unused as a member access.
[UNUSED_DUT_FIELD] maintenance_enabled @ snapshots/2026-04-23/ST_Maintenance_Access_Config.dut:4 - DUT field appears unused as a member access.
[UNUSED_DUT_FIELD] max_duration_minutes @ snapshots/2026-04-23/ST_Maintenance_Access_Config.dut:5 - DUT field appears unused as a member access.
[UNUSED_DUT_FIELD] requires_two_person @ snapshots/2026-04-23/ST_Maintenance_Access_Config.dut:6 - DUT field appears unused as a member access.
[UNUSED_DUT_FIELD] access_level_required @ snapshots/2026-04-23/ST_Maintenance_Access_Config.dut:7 - DUT field appears unused as a member access.
[UNUSED_DUT_FIELD] unit_id @ snapshots/2026-04-23/ST_Ventilation_Unit_Config.dut:4 - DUT field appears unused as a member access.
[UNUSED_DUT_FIELD] unit_type @ snapshots/2026-04-23/ST_Ventilation_Unit_Config.dut:5 - DUT field appears unused as a member access.
[UNUSED_DUT_FIELD] location @ snapshots/2026-04-23/ST_Ventilation_Unit_Config.dut:6 - DUT field appears unused as a member access.
[UNUSED_DUT_FIELD] min_speed @ snapshots/2026-04-23/ST_Ventilation_Unit_Config.dut:7 - DUT field appears unused as a member access.
[UNUSED_DUT_FIELD] max_speed @ snapshots/2026-04-23/ST_Ventilation_Unit_Config.dut:8 - DUT field appears unused as a member access.
[UNUSED_DUT_FIELD] has_smoke_detector @ snapshots/2026-04-23/ST_Ventilation_Unit_Config.dut:10 - DUT field appears unused as a member access.
[UNUSED_DUT_FIELD] current_scenario @ snapshots/2026-04-23/ST_Scenario_Transition_Config.dut:4 - DUT field appears unused as a member access.
[UNUSED_DUT_FIELD] min_duration_minutes @ snapshots/2026-04-23/ST_Scenario_Transition_Config.dut:6 - DUT field appears unused as a member access.
[UNUSED_DUT_FIELD] transition_allowed @ snapshots/2026-04-23/ST_Scenario_Transition_Config.dut:7 - DUT field appears unused as a member access.
[UNUSED_DUT_FIELD] CO2_Threshold @ snapshots/2026-04-23/ST_Ventilation_Config.dut:4 - DUT field appears unused as a member access.
[UNUSED_DUT_FIELD] Humidity_Threshold @ snapshots/2026-04-23/ST_Ventilation_Config.dut:5 - DUT field appears unused as a member access.
[UNUSED_DUT_FIELD] Night_Mode_Start @ snapshots/2026-04-23/ST_Ventilation_Config.dut:6 - DUT field appears unused as a member access.
[UNUSED_DUT_FIELD] Night_Mode_End @ snapshots/2026-04-23/ST_Ventilation_Config.dut:7 - DUT field appears unused as a member access.
[UNUSED_DUT_FIELD] last_modified @ snapshots/2026-04-23/ST_Operator_Zone_Rights.dut:7 - DUT field appears unused as a member access.
[UNUSED_DUT_FIELD] lighting_circuit_id @ snapshots/2026-04-23/ST_Outdoor_Zone_Config.dut:5 - DUT field appears unused as a member access.
[UNUSED_DUT_FIELD] auto_enabled @ snapshots/2026-04-23/ST_Outdoor_Zone_Config.dut:6 - DUT field appears unused as a member access.
[UNUSED_DUT_FIELD] party_mode_enabled @ snapshots/2026-04-23/ST_Outdoor_Zone_Config.dut:7 - DUT field appears unused as a member access.
[UNUSED_DUT_FIELD] value @ snapshots/2026-04-23/ST_Trend_History_Record.dut:5 - DUT field appears unused as a member access.
[UNUSED_DUT_FIELD] status @ snapshots/2026-04-23/ST_Calibration_Family_Summary.dut:5 - DUT field appears unused as a member access.
[UNUSED_DUT_FIELD] sensor_count @ snapshots/2026-04-23/ST_Calibration_Family_Summary.dut:6 - DUT field appears unused as a member access.
[UNUSED_DUT_FIELD] verification_active_count @ snapshots/2026-04-23/ST_Calibration_Family_Summary.dut:7 - DUT field appears unused as a member access.
[UNUSED_DUT_FIELD] failed_count @ snapshots/2026-04-23/ST_Calibration_Family_Summary.dut:8 - DUT field appears unused as a member access.
[UNUSED_DUT_FIELD] max_deviation_percent @ snapshots/2026-04-23/ST_Calibration_Family_Summary.dut:9 - DUT field appears unused as a member access.
[UNUSED_DUT_FIELD] summary_text @ snapshots/2026-04-23/ST_Calibration_Family_Summary.dut:10 - DUT field appears unused as a member access.
[UNUSED_DUT_FIELD] Armed @ snapshots/2026-04-23/ST_Security_Zone_State.dut:4 - DUT field appears unused as a member access.
[UNUSED_DUT_FIELD] Alarm @ snapshots/2026-04-23/ST_Security_Zone_State.dut:5 - DUT field appears unused as a member access.
[UNUSED_DUT_FIELD] Bypassed @ snapshots/2026-04-23/ST_Security_Zone_State.dut:6 - DUT field appears unused as a member access.
[UNUSED_DUT_FIELD] Last_Trigger_Time @ snapshots/2026-04-23/ST_Security_Zone_State.dut:7 - DUT field appears unused as a member access.
[UNUSED_DUT_FIELD] Trigger_Count @ snapshots/2026-04-23/ST_Security_Zone_State.dut:8 - DUT field appears unused as a member access.
[UNUSED_DUT_FIELD] status @ snapshots/2026-04-23/ST_Calibration_Sensor_Summary.dut:5 - DUT field appears unused as a member access.
[UNUSED_DUT_FIELD] calibrated_value @ snapshots/2026-04-23/ST_Calibration_Sensor_Summary.dut:6 - DUT field appears unused as a member access.
[UNUSED_DUT_FIELD] deviation_percent @ snapshots/2026-04-23/ST_Calibration_Sensor_Summary.dut:7 - DUT field appears unused as a member access.
[UNUSED_DUT_FIELD] verification_active @ snapshots/2026-04-23/ST_Calibration_Sensor_Summary.dut:8 - DUT field appears unused as a member access.
[UNUSED_DUT_FIELD] verification_failed @ snapshots/2026-04-23/ST_Calibration_Sensor_Summary.dut:9 - DUT field appears unused as a member access.
[UNUSED_DUT_FIELD] record_index @ snapshots/2026-04-23/ST_Calibration_Sensor_Summary.dut:10 - DUT field appears unused as a member access.
[UNUSED_DUT_FIELD] label @ snapshots/2026-04-23/ST_Calibration_Sensor_Summary.dut:11 - DUT field appears unused as a member access.
[UNUSED_DUT_FIELD] summary_text @ snapshots/2026-04-23/ST_Calibration_Sensor_Summary.dut:12 - DUT field appears unused as a member access.
[UNUSED_DUT_FIELD] valve_types @ snapshots/2026-04-23/ST_Flood_Global_Config.dut:4 - DUT field appears unused as a member access.
[UNUSED_DUT_FIELD] Scenario_Priority @ snapshots/2026-04-23/ST_Ventilation_Scenario_Mode.dut:5 - DUT field appears unused as a member access.
[UNUSED_DUT_FIELD] Methane_Alarm @ snapshots/2026-04-23/ST_Ventilation_Scenario_Mode.dut:7 - DUT field appears unused as a member access.
[UNUSED_DUT_FIELD] Smoke_Detected @ snapshots/2026-04-23/ST_Ventilation_Scenario_Mode.dut:8 - DUT field appears unused as a member access.
[UNUSED_DUT_FIELD] Exhaust_Modes @ snapshots/2026-04-23/ST_Ventilation_Scenario_Mode.dut:9 - DUT field appears unused as a member access.
[UNUSED_DUT_FIELD] Supply_Modes @ snapshots/2026-04-23/ST_Ventilation_Scenario_Mode.dut:10 - DUT field appears unused as a member access.
[UNUSED_DUT_FIELD] Backup_Pump_Recovered_After_Retry @ snapshots/2026-04-23/ST_System_Diagnostics.dut:8 - DUT field appears unused as a member access.
[UNUSED_DUT_FIELD] Electric_Heater_Recovered_After_Retry @ snapshots/2026-04-23/ST_System_Diagnostics.dut:9 - DUT field appears unused as a member access.
[UNUSED_DUT_FIELD] Pump_Exercise_Active @ snapshots/2026-04-23/ST_System_Diagnostics.dut:13 - DUT field appears unused as a member access.
[UNUSED_DUT_FIELD] Pump_Exercise_Failed @ snapshots/2026-04-23/ST_System_Diagnostics.dut:14 - DUT field appears unused as a member access.
[UNUSED_DUT_FIELD] Pump_Exercise_Last_Equipment @ snapshots/2026-04-23/ST_System_Diagnostics.dut:15 - DUT field appears unused as a member access.
[UNUSED_DUT_FIELD] Pump_Exercise_Last_Result @ snapshots/2026-04-23/ST_System_Diagnostics.dut:16 - DUT field appears unused as a member access.
[UNUSED_DUT_FIELD] Pump_Exercise_No_Feedback_Count @ snapshots/2026-04-23/ST_System_Diagnostics.dut:17 - DUT field appears unused as a member access.
[UNUSED_DUT_FIELD] Manifold_Pump_Exercise_Count @ snapshots/2026-04-23/ST_System_Diagnostics.dut:18 - DUT field appears unused as a member access.
[UNUSED_DUT_FIELD] DHW_Heating_Pump_Exercise_Count @ snapshots/2026-04-23/ST_System_Diagnostics.dut:19 - DUT field appears unused as a member access.
[UNUSED_DUT_FIELD] DHW_Circ_Pump_Exercise_Count @ snapshots/2026-04-23/ST_System_Diagnostics.dut:20 - DUT field appears unused as a member access.
[UNUSED_DUT_FIELD] Backup_Pump_Exercise_Count @ snapshots/2026-04-23/ST_System_Diagnostics.dut:21 - DUT field appears unused as a member access.
[UNUSED_DUT_FIELD] Pump_Exercise_Event_Seq @ snapshots/2026-04-23/ST_System_Diagnostics.dut:22 - DUT field appears unused as a member access.
[UNUSED_DUT_FIELD] Pump_Exercise_Journal_1 @ snapshots/2026-04-23/ST_System_Diagnostics.dut:23 - DUT field appears unused as a member access.
[UNUSED_DUT_FIELD] Pump_Exercise_Journal_2 @ snapshots/2026-04-23/ST_System_Diagnostics.dut:24 - DUT field appears unused as a member access.
[UNUSED_DUT_FIELD] Pump_Exercise_Journal_3 @ snapshots/2026-04-23/ST_System_Diagnostics.dut:25 - DUT field appears unused as a member access.
[UNUSED_DUT_FIELD] Pump_Exercise_Journal_Last_Seq @ snapshots/2026-04-23/ST_System_Diagnostics.dut:26 - DUT field appears unused as a member access.
[UNUSED_DUT_FIELD] Pump_Maintenance_Required @ snapshots/2026-04-23/ST_System_Diagnostics.dut:28 - DUT field appears unused as a member access.
[UNUSED_DUT_FIELD] Pump_Maintenance_Warning @ snapshots/2026-04-23/ST_System_Diagnostics.dut:29 - DUT field appears unused as a member access.
[UNUSED_DUT_FIELD] Valve_Test_Mode_Active @ snapshots/2026-04-23/ST_System_Diagnostics.dut:52 - DUT field appears unused as a member access.
[UNUSED_DUT_FIELD] Valve_Test_Deadline_MS @ snapshots/2026-04-23/ST_System_Diagnostics.dut:53 - DUT field appears unused as a member access.
[UNUSED_DUT_FIELD] Valve_Test_Remaining_MS @ snapshots/2026-04-23/ST_System_Diagnostics.dut:54 - DUT field appears unused as a member access.
[UNUSED_DUT_FIELD] Manifold_Return_Temp_Fault @ snapshots/2026-04-23/ST_System_Diagnostics.dut:121 - DUT field appears unused as a member access.
[UNUSED_DUT_FIELD] Manifold_Return_Temp_Diag_Code @ snapshots/2026-04-23/ST_System_Diagnostics.dut:122 - DUT field appears unused as a member access.
[UNUSED_DUT_FIELD] Manifold_Return_Temp_First_Fault_Index @ snapshots/2026-04-23/ST_System_Diagnostics.dut:124 - DUT field appears unused as a member access.
[UNUSED_DUT_FIELD] Manifold_Return_Temp_Fault_Text @ snapshots/2026-04-23/ST_System_Diagnostics.dut:125 - DUT field appears unused as a member access.
[UNUSED_DUT_FIELD] Manifold_Sensor_Fault_Count @ snapshots/2026-04-23/ST_System_Diagnostics.dut:127 - DUT field appears unused as a member access.
[UNUSED_DUT_FIELD] Manifold_Sensor_Out_Of_Service @ snapshots/2026-04-23/ST_System_Diagnostics.dut:128 - DUT field appears unused as a member access.
[UNUSED_DUT_FIELD] Manifold_Sensor_Out_Of_Service_Active @ snapshots/2026-04-23/ST_System_Diagnostics.dut:129 - DUT field appears unused as a member access.
[UNUSED_DUT_FIELD] Manifold_Sensor_First_OOS_Index @ snapshots/2026-04-23/ST_System_Diagnostics.dut:130 - DUT field appears unused as a member access.
[UNUSED_DUT_FIELD] Manifold_Sensor_OOS_Text @ snapshots/2026-04-23/ST_System_Diagnostics.dut:131 - DUT field appears unused as a member access.
[UNUSED_DUT_FIELD] parameter_type @ snapshots/2026-04-23/ST_Trend_Header.dut:4 - DUT field appears unused as a member access.
[UNUSED_DUT_FIELD] records_count @ snapshots/2026-04-23/ST_Trend_Header.dut:6 - DUT field appears unused as a member access.
[UNUSED_DUT_FIELD] average_value @ snapshots/2026-04-23/ST_Trend_Header.dut:7 - DUT field appears unused as a member access.
[UNUSED_DUT_FIELD] min_value @ snapshots/2026-04-23/ST_Trend_Header.dut:8 - DUT field appears unused as a member access.
[UNUSED_DUT_FIELD] max_value @ snapshots/2026-04-23/ST_Trend_Header.dut:9 - DUT field appears unused as a member access.
[UNUSED_DUT_FIELD] circuit_id @ snapshots/2026-04-23/ST_FloorHeating_Circuit_Config.dut:4 - DUT field appears unused as a member access.
[UNUSED_DUT_FIELD] valve_id @ snapshots/2026-04-23/ST_FloorHeating_Circuit_Config.dut:8 - DUT field appears unused as a member access.
[UNUSED_DUT_FIELD] scenario_id @ snapshots/2026-04-28/ST_Scenario_Config.dut:4 - DUT field appears unused as a member access.
[UNUSED_DUT_FIELD] lighting_level_accent @ snapshots/2026-04-28/ST_Scenario_Config.dut:6 - DUT field appears unused as a member access.
[UNUSED_DUT_FIELD] ventilation_speed_percent @ snapshots/2026-04-28/ST_Scenario_Config.dut:8 - DUT field appears unused as a member access.
[UNUSED_DUT_FIELD] sockets_enabled @ snapshots/2026-04-28/ST_Scenario_Config.dut:9 - DUT field appears unused as a member access.
[UNUSED_DUT_FIELD] enable_ventilation @ snapshots/2026-04-28/ST_Ventilation_Global_Config.dut:4 - DUT field appears unused as a member access.
[UNUSED_DUT_FIELD] total_units @ snapshots/2026-04-28/ST_Ventilation_Global_Config.dut:5 - DUT field appears unused as a member access.
[UNUSED_DUT_FIELD] default_exhaust_speed @ snapshots/2026-04-28/ST_Ventilation_Global_Config.dut:7 - DUT field appears unused as a member access.
[UNUSED_DUT_FIELD] sensor_type @ snapshots/2026-04-28/ST_Sensor_Calibration_Record.dut:5 - DUT field appears unused as a member access.
[UNUSED_DUT_FIELD] last_calibration_timestamp @ snapshots/2026-04-28/ST_Sensor_Calibration_Record.dut:9 - DUT field appears unused as a member access.
[UNUSED_DUT_FIELD] verification_passed @ snapshots/2026-04-28/ST_Sensor_Calibration_Record.dut:10 - DUT field appears unused as a member access.
[UNUSED_DUT_FIELD] scenario_id @ snapshots/2026-04-28/ST_State_Snapshot.dut:6 - DUT field appears unused as a member access.
[UNUSED_DUT_FIELD] lighting_levels @ snapshots/2026-04-28/ST_State_Snapshot.dut:7 - DUT field appears unused as a member access.
[UNUSED_DUT_FIELD] floor_heating_setpoints @ snapshots/2026-04-28/ST_State_Snapshot.dut:8 - DUT field appears unused as a member access.
[UNUSED_DUT_FIELD] alarm_active @ snapshots/2026-04-28/ST_State_Snapshot.dut:9 - DUT field appears unused as a member access.
[UNUSED_DUT_FIELD] sunrise_ms @ snapshots/2026-04-28/ST_Astro_Time.dut:4 - DUT field appears unused as a member access.
[UNUSED_DUT_FIELD] sunset_ms @ snapshots/2026-04-28/ST_Astro_Time.dut:5 - DUT field appears unused as a member access.
[UNUSED_DUT_FIELD] is_daylight @ snapshots/2026-04-28/ST_Astro_Time.dut:6 - DUT field appears unused as a member access.
[UNUSED_DUT_FIELD] uiCycleTime @ snapshots/2026-04-28/ST_Owen_Analog_Value.dut:5 - DUT field appears unused as a member access.
[UNUSED_DUT_FIELD] valve_id @ snapshots/2026-04-28/ST_Valve_Test_Config.dut:4 - DUT field appears unused as a member access.
[UNUSED_DUT_FIELD] valve_id @ snapshots/2026-04-28/ST_Gas_Valve_Configuration.dut:4 - DUT field appears unused as a member access.
[UNUSED_DUT_FIELD] valve_type @ snapshots/2026-04-28/ST_Gas_Valve_Configuration.dut:5 - DUT field appears unused as a member access.
[UNUSED_DUT_FIELD] close_time_seconds @ snapshots/2026-04-28/ST_Gas_Valve_Configuration.dut:6 - DUT field appears unused as a member access.
[UNUSED_DUT_FIELD] open_time_seconds @ snapshots/2026-04-28/ST_Gas_Valve_Configuration.dut:7 - DUT field appears unused as a member access.
[UNUSED_DUT_FIELD] emergency_open_allowed @ snapshots/2026-04-28/ST_Gas_Valve_Configuration.dut:8 - DUT field appears unused as a member access.
[UNUSED_DUT_FIELD] Is_Faulty @ snapshots/2026-04-28/ST_Component_Maintenance.dut:4 - DUT field appears unused as a member access.
[UNUSED_DUT_FIELD] Is_In_Maintenance @ snapshots/2026-04-28/ST_Component_Maintenance.dut:5 - DUT field appears unused as a member access.
[UNUSED_DUT_FIELD] Fallback_Value @ snapshots/2026-04-28/ST_Component_Maintenance.dut:6 - DUT field appears unused as a member access.
[UNUSED_DUT_FIELD] Use_Last_Good_Value @ snapshots/2026-04-28/ST_Component_Maintenance.dut:7 - DUT field appears unused as a member access.
[UNUSED_DUT_FIELD] PIN_Code @ snapshots/2026-04-28/ST_Security_Global_Config.dut:4 - DUT field appears unused as a member access.
[UNUSED_DUT_FIELD] Phones @ snapshots/2026-04-28/ST_Security_Global_Config.dut:5 - DUT field appears unused as a member access.
[UNUSED_DUT_FIELD] alarm_duration_seconds @ snapshots/2026-04-28/ST_Security_Global_Config.dut:8 - DUT field appears unused as a member access.
[UNUSED_DUT_FIELD] two_person_timeout_seconds @ snapshots/2026-04-28/ST_Security_Global_Config.dut:9 - DUT field appears unused as a member access.
[UNUSED_DUT_FIELD] max_access_attempts @ snapshots/2026-04-28/ST_Security_Global_Config.dut:10 - DUT field appears unused as a member access.
[UNUSED_DUT_FIELD] Power_Percent @ snapshots/2026-04-28/ST_Boiler_Status.dut:9 - DUT field appears unused as a member access.
[UNUSED_DUT_FIELD] Current_Power @ snapshots/2026-04-28/ST_Boiler_Status.dut:10 - DUT field appears unused as a member access.
[UNUSED_DUT_FIELD] Last_Start @ snapshots/2026-04-28/ST_Boiler_Status.dut:14 - DUT field appears unused as a member access.
[UNUSED_DUT_FIELD] AuthMethod @ snapshots/2026-04-28/ST_TwoFactor_Data.dut:5 - DUT field appears unused as a member access.
[UNUSED_DUT_FIELD] rfid_tag @ snapshots/2026-04-28/ST_TwoFactor_Data.dut:6 - DUT field appears unused as a member access.
[UNUSED_DUT_FIELD] totp_secret @ snapshots/2026-04-28/ST_TwoFactor_Data.dut:7 - DUT field appears unused as a member access.
[UNUSED_DUT_FIELD] last_modified @ snapshots/2026-04-28/ST_TwoFactor_Data.dut:8 - DUT field appears unused as a member access.
[UNUSED_DUT_FIELD] Night_Reduction @ snapshots/2026-04-28/ST_Heating_Config.dut:8 - DUT field appears unused as a member access.
[UNUSED_DUT_FIELD] Target_Room_Temp @ snapshots/2026-04-28/ST_Heating_Config.dut:10 - DUT field appears unused as a member access.
[UNUSED_DUT_FIELD] Speed_Percent @ snapshots/2026-04-28/ST_Ventilation_Unit.dut:5 - DUT field appears unused as a member access.
[UNUSED_DUT_FIELD] Mode @ snapshots/2026-04-28/ST_Ventilation_Unit.dut:8 - DUT field appears unused as a member access.
[UNUSED_DUT_FIELD] location @ snapshots/2026-04-28/ST_FloorHeating_Manifold_Config.dut:5 - DUT field appears unused as a member access.
[UNUSED_DUT_FIELD] nominal_flow @ snapshots/2026-04-28/ST_FloorHeating_Manifold_Config.dut:6 - DUT field appears unused as a member access.
[UNUSED_DUT_FIELD] enable_pump @ snapshots/2026-04-28/ST_FloorHeating_Manifold_Config.dut:7 - DUT field appears unused as a member access.
[UNUSED_DUT_FIELD] circuits @ snapshots/2026-04-28/ST_FloorHeating_Manifold_Config.dut:8 - DUT field appears unused as a member access.
[UNUSED_DUT_FIELD] Temp_Room @ snapshots/2026-04-28/ST_Zone_Sensors.dut:4 - DUT field appears unused as a member access.
[UNUSED_DUT_FIELD] Temp_Floor @ snapshots/2026-04-28/ST_Zone_Sensors.dut:5 - DUT field appears unused as a member access.
[UNUSED_DUT_FIELD] Switch_Physical @ snapshots/2026-04-28/ST_Zone_Sensors.dut:7 - DUT field appears unused as a member access.
[UNUSED_DUT_FIELD] Light_State @ snapshots/2026-04-28/ST_Zone_Sensors.dut:8 - DUT field appears unused as a member access.
[UNUSED_DUT_FIELD] Maintenance @ snapshots/2026-04-28/ST_Zone_Sensors.dut:9 - DUT field appears unused as a member access.
[UNUSED_DUT_FIELD] enable_floor_heating @ snapshots/2026-04-28/ST_FloorHeating_Global_Config.dut:4 - DUT field appears unused as a member access.
[UNUSED_DUT_FIELD] anti_freeze_temp @ snapshots/2026-04-28/ST_FloorHeating_Global_Config.dut:5 - DUT field appears unused as a member access.
[UNUSED_DUT_FIELD] overheat_temp @ snapshots/2026-04-28/ST_FloorHeating_Global_Config.dut:6 - DUT field appears unused as a member access.
[UNUSED_DUT_FIELD] weather_compensation_enabled @ snapshots/2026-04-28/ST_FloorHeating_Global_Config.dut:7 - DUT field appears unused as a member access.
[UNUSED_DUT_FIELD] total_circuits @ snapshots/2026-04-28/ST_FloorHeating_Global_Config.dut:8 - DUT field appears unused as a member access.
[UNUSED_DUT_FIELD] Outdoor_Temp @ snapshots/2026-04-28/ST_System_State_Summary.dut:4 - DUT field appears unused as a member access.
[UNUSED_DUT_FIELD] Indoor_Temp @ snapshots/2026-04-28/ST_System_State_Summary.dut:5 - DUT field appears unused as a member access.
[UNUSED_DUT_FIELD] Floor_Temps @ snapshots/2026-04-28/ST_System_State_Summary.dut:6 - DUT field appears unused as a member access.
[UNUSED_DUT_FIELD] Humidity @ snapshots/2026-04-28/ST_System_State_Summary.dut:7 - DUT field appears unused as a member access.
[UNUSED_DUT_FIELD] CO2 @ snapshots/2026-04-28/ST_System_State_Summary.dut:8 - DUT field appears unused as a member access.
[UNUSED_DUT_FIELD] Security_Alarm @ snapshots/2026-04-28/ST_System_State_Summary.dut:12 - DUT field appears unused as a member access.
[UNUSED_DUT_FIELD] Emergency_Two_Stage_Enabled @ snapshots/2026-04-28/ST_Flood_Config.dut:4 - DUT field appears unused as a member access.
[UNUSED_DUT_FIELD] Valve_Test_Period_Days @ snapshots/2026-04-28/ST_Flood_Config.dut:5 - DUT field appears unused as a member access.
[UNUSED_DUT_FIELD] Current_Threshold_MA @ snapshots/2026-04-28/ST_Flood_Config.dut:6 - DUT field appears unused as a member access.
[UNUSED_DUT_FIELD] maintenance_enabled @ snapshots/2026-04-28/ST_Maintenance_Access_Config.dut:4 - DUT field appears unused as a member access.
[UNUSED_DUT_FIELD] max_duration_minutes @ snapshots/2026-04-28/ST_Maintenance_Access_Config.dut:5 - DUT field appears unused as a member access.
[UNUSED_DUT_FIELD] requires_two_person @ snapshots/2026-04-28/ST_Maintenance_Access_Config.dut:6 - DUT field appears unused as a member access.
[UNUSED_DUT_FIELD] access_level_required @ snapshots/2026-04-28/ST_Maintenance_Access_Config.dut:7 - DUT field appears unused as a member access.
[UNUSED_DUT_FIELD] unit_id @ snapshots/2026-04-28/ST_Ventilation_Unit_Config.dut:4 - DUT field appears unused as a member access.
[UNUSED_DUT_FIELD] unit_type @ snapshots/2026-04-28/ST_Ventilation_Unit_Config.dut:5 - DUT field appears unused as a member access.
[UNUSED_DUT_FIELD] location @ snapshots/2026-04-28/ST_Ventilation_Unit_Config.dut:6 - DUT field appears unused as a member access.
[UNUSED_DUT_FIELD] min_speed @ snapshots/2026-04-28/ST_Ventilation_Unit_Config.dut:7 - DUT field appears unused as a member access.
[UNUSED_DUT_FIELD] max_speed @ snapshots/2026-04-28/ST_Ventilation_Unit_Config.dut:8 - DUT field appears unused as a member access.
[UNUSED_DUT_FIELD] has_smoke_detector @ snapshots/2026-04-28/ST_Ventilation_Unit_Config.dut:10 - DUT field appears unused as a member access.
[UNUSED_DUT_FIELD] current_scenario @ snapshots/2026-04-28/ST_Scenario_Transition_Config.dut:4 - DUT field appears unused as a member access.
[UNUSED_DUT_FIELD] min_duration_minutes @ snapshots/2026-04-28/ST_Scenario_Transition_Config.dut:6 - DUT field appears unused as a member access.
[UNUSED_DUT_FIELD] transition_allowed @ snapshots/2026-04-28/ST_Scenario_Transition_Config.dut:7 - DUT field appears unused as a member access.
[UNUSED_DUT_FIELD] CO2_Threshold @ snapshots/2026-04-28/ST_Ventilation_Config.dut:4 - DUT field appears unused as a member access.
[UNUSED_DUT_FIELD] Humidity_Threshold @ snapshots/2026-04-28/ST_Ventilation_Config.dut:5 - DUT field appears unused as a member access.
[UNUSED_DUT_FIELD] Night_Mode_Start @ snapshots/2026-04-28/ST_Ventilation_Config.dut:6 - DUT field appears unused as a member access.
[UNUSED_DUT_FIELD] Night_Mode_End @ snapshots/2026-04-28/ST_Ventilation_Config.dut:7 - DUT field appears unused as a member access.
[UNUSED_DUT_FIELD] last_modified @ snapshots/2026-04-28/ST_Operator_Zone_Rights.dut:7 - DUT field appears unused as a member access.
[UNUSED_DUT_FIELD] lighting_circuit_id @ snapshots/2026-04-28/ST_Outdoor_Zone_Config.dut:5 - DUT field appears unused as a member access.
[UNUSED_DUT_FIELD] auto_enabled @ snapshots/2026-04-28/ST_Outdoor_Zone_Config.dut:6 - DUT field appears unused as a member access.
[UNUSED_DUT_FIELD] party_mode_enabled @ snapshots/2026-04-28/ST_Outdoor_Zone_Config.dut:7 - DUT field appears unused as a member access.
[UNUSED_DUT_FIELD] value @ snapshots/2026-04-28/ST_Trend_History_Record.dut:5 - DUT field appears unused as a member access.
[UNUSED_DUT_FIELD] status @ snapshots/2026-04-28/ST_Calibration_Family_Summary.dut:5 - DUT field appears unused as a member access.
[UNUSED_DUT_FIELD] sensor_count @ snapshots/2026-04-28/ST_Calibration_Family_Summary.dut:6 - DUT field appears unused as a member access.
[UNUSED_DUT_FIELD] verification_active_count @ snapshots/2026-04-28/ST_Calibration_Family_Summary.dut:7 - DUT field appears unused as a member access.
[UNUSED_DUT_FIELD] failed_count @ snapshots/2026-04-28/ST_Calibration_Family_Summary.dut:8 - DUT field appears unused as a member access.
[UNUSED_DUT_FIELD] max_deviation_percent @ snapshots/2026-04-28/ST_Calibration_Family_Summary.dut:9 - DUT field appears unused as a member access.
[UNUSED_DUT_FIELD] summary_text @ snapshots/2026-04-28/ST_Calibration_Family_Summary.dut:10 - DUT field appears unused as a member access.
[UNUSED_DUT_FIELD] Armed @ snapshots/2026-04-28/ST_Security_Zone_State.dut:4 - DUT field appears unused as a member access.
[UNUSED_DUT_FIELD] Alarm @ snapshots/2026-04-28/ST_Security_Zone_State.dut:5 - DUT field appears unused as a member access.
[UNUSED_DUT_FIELD] Bypassed @ snapshots/2026-04-28/ST_Security_Zone_State.dut:6 - DUT field appears unused as a member access.
[UNUSED_DUT_FIELD] Last_Trigger_Time @ snapshots/2026-04-28/ST_Security_Zone_State.dut:7 - DUT field appears unused as a member access.
[UNUSED_DUT_FIELD] Trigger_Count @ snapshots/2026-04-28/ST_Security_Zone_State.dut:8 - DUT field appears unused as a member access.
[UNUSED_DUT_FIELD] status @ snapshots/2026-04-28/ST_Calibration_Sensor_Summary.dut:5 - DUT field appears unused as a member access.
[UNUSED_DUT_FIELD] calibrated_value @ snapshots/2026-04-28/ST_Calibration_Sensor_Summary.dut:6 - DUT field appears unused as a member access.
[UNUSED_DUT_FIELD] deviation_percent @ snapshots/2026-04-28/ST_Calibration_Sensor_Summary.dut:7 - DUT field appears unused as a member access.
[UNUSED_DUT_FIELD] verification_active @ snapshots/2026-04-28/ST_Calibration_Sensor_Summary.dut:8 - DUT field appears unused as a member access.
[UNUSED_DUT_FIELD] verification_failed @ snapshots/2026-04-28/ST_Calibration_Sensor_Summary.dut:9 - DUT field appears unused as a member access.
[UNUSED_DUT_FIELD] record_index @ snapshots/2026-04-28/ST_Calibration_Sensor_Summary.dut:10 - DUT field appears unused as a member access.
[UNUSED_DUT_FIELD] label @ snapshots/2026-04-28/ST_Calibration_Sensor_Summary.dut:11 - DUT field appears unused as a member access.
[UNUSED_DUT_FIELD] summary_text @ snapshots/2026-04-28/ST_Calibration_Sensor_Summary.dut:12 - DUT field appears unused as a member access.
[UNUSED_DUT_FIELD] valve_types @ snapshots/2026-04-28/ST_Flood_Global_Config.dut:4 - DUT field appears unused as a member access.
[UNUSED_DUT_FIELD] Scenario_Priority @ snapshots/2026-04-28/ST_Ventilation_Scenario_Mode.dut:5 - DUT field appears unused as a member access.
[UNUSED_DUT_FIELD] Methane_Alarm @ snapshots/2026-04-28/ST_Ventilation_Scenario_Mode.dut:7 - DUT field appears unused as a member access.
[UNUSED_DUT_FIELD] Smoke_Detected @ snapshots/2026-04-28/ST_Ventilation_Scenario_Mode.dut:8 - DUT field appears unused as a member access.
[UNUSED_DUT_FIELD] Exhaust_Modes @ snapshots/2026-04-28/ST_Ventilation_Scenario_Mode.dut:9 - DUT field appears unused as a member access.
[UNUSED_DUT_FIELD] Supply_Modes @ snapshots/2026-04-28/ST_Ventilation_Scenario_Mode.dut:10 - DUT field appears unused as a member access.
[UNUSED_DUT_FIELD] Backup_Pump_Recovered_After_Retry @ snapshots/2026-04-28/ST_System_Diagnostics.dut:8 - DUT field appears unused as a member access.
[UNUSED_DUT_FIELD] Electric_Heater_Recovered_After_Retry @ snapshots/2026-04-28/ST_System_Diagnostics.dut:9 - DUT field appears unused as a member access.
[UNUSED_DUT_FIELD] Pump_Exercise_Active @ snapshots/2026-04-28/ST_System_Diagnostics.dut:13 - DUT field appears unused as a member access.
[UNUSED_DUT_FIELD] Pump_Exercise_Failed @ snapshots/2026-04-28/ST_System_Diagnostics.dut:14 - DUT field appears unused as a member access.
[UNUSED_DUT_FIELD] Pump_Exercise_Last_Equipment @ snapshots/2026-04-28/ST_System_Diagnostics.dut:15 - DUT field appears unused as a member access.
[UNUSED_DUT_FIELD] Pump_Exercise_Last_Result @ snapshots/2026-04-28/ST_System_Diagnostics.dut:16 - DUT field appears unused as a member access.
[UNUSED_DUT_FIELD] Pump_Exercise_No_Feedback_Count @ snapshots/2026-04-28/ST_System_Diagnostics.dut:17 - DUT field appears unused as a member access.
[UNUSED_DUT_FIELD] Manifold_Pump_Exercise_Count @ snapshots/2026-04-28/ST_System_Diagnostics.dut:18 - DUT field appears unused as a member access.
[UNUSED_DUT_FIELD] DHW_Heating_Pump_Exercise_Count @ snapshots/2026-04-28/ST_System_Diagnostics.dut:19 - DUT field appears unused as a member access.
[UNUSED_DUT_FIELD] DHW_Circ_Pump_Exercise_Count @ snapshots/2026-04-28/ST_System_Diagnostics.dut:20 - DUT field appears unused as a member access.
[UNUSED_DUT_FIELD] Backup_Pump_Exercise_Count @ snapshots/2026-04-28/ST_System_Diagnostics.dut:21 - DUT field appears unused as a member access.
[UNUSED_DUT_FIELD] Pump_Exercise_Event_Seq @ snapshots/2026-04-28/ST_System_Diagnostics.dut:22 - DUT field appears unused as a member access.
[UNUSED_DUT_FIELD] Pump_Exercise_Journal_1 @ snapshots/2026-04-28/ST_System_Diagnostics.dut:23 - DUT field appears unused as a member access.
[UNUSED_DUT_FIELD] Pump_Exercise_Journal_2 @ snapshots/2026-04-28/ST_System_Diagnostics.dut:24 - DUT field appears unused as a member access.
[UNUSED_DUT_FIELD] Pump_Exercise_Journal_3 @ snapshots/2026-04-28/ST_System_Diagnostics.dut:25 - DUT field appears unused as a member access.
[UNUSED_DUT_FIELD] Pump_Exercise_Journal_Last_Seq @ snapshots/2026-04-28/ST_System_Diagnostics.dut:26 - DUT field appears unused as a member access.
[UNUSED_DUT_FIELD] Pump_Maintenance_Required @ snapshots/2026-04-28/ST_System_Diagnostics.dut:28 - DUT field appears unused as a member access.
[UNUSED_DUT_FIELD] Pump_Maintenance_Warning @ snapshots/2026-04-28/ST_System_Diagnostics.dut:29 - DUT field appears unused as a member access.
[UNUSED_DUT_FIELD] Valve_Test_Mode_Active @ snapshots/2026-04-28/ST_System_Diagnostics.dut:52 - DUT field appears unused as a member access.
[UNUSED_DUT_FIELD] Valve_Test_Deadline_MS @ snapshots/2026-04-28/ST_System_Diagnostics.dut:53 - DUT field appears unused as a member access.
[UNUSED_DUT_FIELD] Valve_Test_Remaining_MS @ snapshots/2026-04-28/ST_System_Diagnostics.dut:54 - DUT field appears unused as a member access.
[UNUSED_DUT_FIELD] Manifold_Return_Temp_Fault @ snapshots/2026-04-28/ST_System_Diagnostics.dut:121 - DUT field appears unused as a member access.
[UNUSED_DUT_FIELD] Manifold_Return_Temp_Diag_Code @ snapshots/2026-04-28/ST_System_Diagnostics.dut:122 - DUT field appears unused as a member access.
[UNUSED_DUT_FIELD] Manifold_Return_Temp_First_Fault_Index @ snapshots/2026-04-28/ST_System_Diagnostics.dut:124 - DUT field appears unused as a member access.
[UNUSED_DUT_FIELD] Manifold_Return_Temp_Fault_Text @ snapshots/2026-04-28/ST_System_Diagnostics.dut:125 - DUT field appears unused as a member access.
[UNUSED_DUT_FIELD] Manifold_Sensor_Fault_Count @ snapshots/2026-04-28/ST_System_Diagnostics.dut:127 - DUT field appears unused as a member access.
[UNUSED_DUT_FIELD] Manifold_Sensor_Out_Of_Service @ snapshots/2026-04-28/ST_System_Diagnostics.dut:128 - DUT field appears unused as a member access.
[UNUSED_DUT_FIELD] Manifold_Sensor_Out_Of_Service_Active @ snapshots/2026-04-28/ST_System_Diagnostics.dut:129 - DUT field appears unused as a member access.
[UNUSED_DUT_FIELD] Manifold_Sensor_First_OOS_Index @ snapshots/2026-04-28/ST_System_Diagnostics.dut:130 - DUT field appears unused as a member access.
[UNUSED_DUT_FIELD] Manifold_Sensor_OOS_Text @ snapshots/2026-04-28/ST_System_Diagnostics.dut:131 - DUT field appears unused as a member access.
[UNUSED_DUT_FIELD] parameter_type @ snapshots/2026-04-28/ST_Trend_Header.dut:4 - DUT field appears unused as a member access.
[UNUSED_DUT_FIELD] records_count @ snapshots/2026-04-28/ST_Trend_Header.dut:6 - DUT field appears unused as a member access.
[UNUSED_DUT_FIELD] average_value @ snapshots/2026-04-28/ST_Trend_Header.dut:7 - DUT field appears unused as a member access.
[UNUSED_DUT_FIELD] min_value @ snapshots/2026-04-28/ST_Trend_Header.dut:8 - DUT field appears unused as a member access.
[UNUSED_DUT_FIELD] max_value @ snapshots/2026-04-28/ST_Trend_Header.dut:9 - DUT field appears unused as a member access.
[UNUSED_DUT_FIELD] circuit_id @ snapshots/2026-04-28/ST_FloorHeating_Circuit_Config.dut:4 - DUT field appears unused as a member access.
[UNUSED_DUT_FIELD] valve_id @ snapshots/2026-04-28/ST_FloorHeating_Circuit_Config.dut:8 - DUT field appears unused as a member access.
[UNUSED_DUT_FIELD] scenario_id @ snapshots/project_clean_state_2026_04_16/ST_Scenario_Config.dut:4 - DUT field appears unused as a member access.
[UNUSED_DUT_FIELD] lighting_level_accent @ snapshots/project_clean_state_2026_04_16/ST_Scenario_Config.dut:6 - DUT field appears unused as a member access.
[UNUSED_DUT_FIELD] ventilation_speed_percent @ snapshots/project_clean_state_2026_04_16/ST_Scenario_Config.dut:8 - DUT field appears unused as a member access.
[UNUSED_DUT_FIELD] sockets_enabled @ snapshots/project_clean_state_2026_04_16/ST_Scenario_Config.dut:9 - DUT field appears unused as a member access.
[UNUSED_DUT_FIELD] enable_ventilation @ snapshots/project_clean_state_2026_04_16/ST_Ventilation_Global_Config.dut:4 - DUT field appears unused as a member access.
[UNUSED_DUT_FIELD] total_units @ snapshots/project_clean_state_2026_04_16/ST_Ventilation_Global_Config.dut:5 - DUT field appears unused as a member access.
[UNUSED_DUT_FIELD] default_exhaust_speed @ snapshots/project_clean_state_2026_04_16/ST_Ventilation_Global_Config.dut:7 - DUT field appears unused as a member access.
[UNUSED_DUT_FIELD] sensor_type @ snapshots/project_clean_state_2026_04_16/ST_Sensor_Calibration_Record.dut:5 - DUT field appears unused as a member access.
[UNUSED_DUT_FIELD] last_calibration_timestamp @ snapshots/project_clean_state_2026_04_16/ST_Sensor_Calibration_Record.dut:9 - DUT field appears unused as a member access.
[UNUSED_DUT_FIELD] verification_passed @ snapshots/project_clean_state_2026_04_16/ST_Sensor_Calibration_Record.dut:10 - DUT field appears unused as a member access.
[UNUSED_DUT_FIELD] scenario_id @ snapshots/project_clean_state_2026_04_16/ST_State_Snapshot.dut:6 - DUT field appears unused as a member access.
[UNUSED_DUT_FIELD] lighting_levels @ snapshots/project_clean_state_2026_04_16/ST_State_Snapshot.dut:7 - DUT field appears unused as a member access.
[UNUSED_DUT_FIELD] floor_heating_setpoints @ snapshots/project_clean_state_2026_04_16/ST_State_Snapshot.dut:8 - DUT field appears unused as a member access.
[UNUSED_DUT_FIELD] alarm_active @ snapshots/project_clean_state_2026_04_16/ST_State_Snapshot.dut:9 - DUT field appears unused as a member access.
[UNUSED_DUT_FIELD] sunrise_ms @ snapshots/project_clean_state_2026_04_16/ST_Astro_Time.dut:4 - DUT field appears unused as a member access.
[UNUSED_DUT_FIELD] sunset_ms @ snapshots/project_clean_state_2026_04_16/ST_Astro_Time.dut:5 - DUT field appears unused as a member access.
[UNUSED_DUT_FIELD] is_daylight @ snapshots/project_clean_state_2026_04_16/ST_Astro_Time.dut:6 - DUT field appears unused as a member access.
[UNUSED_DUT_FIELD] uiCycleTime @ snapshots/project_clean_state_2026_04_16/ST_Owen_Analog_Value.dut:5 - DUT field appears unused as a member access.
[UNUSED_DUT_FIELD] valve_id @ snapshots/project_clean_state_2026_04_16/ST_Valve_Test_Config.dut:4 - DUT field appears unused as a member access.
[UNUSED_DUT_FIELD] valve_id @ snapshots/project_clean_state_2026_04_16/ST_Gas_Valve_Configuration.dut:4 - DUT field appears unused as a member access.
[UNUSED_DUT_FIELD] valve_type @ snapshots/project_clean_state_2026_04_16/ST_Gas_Valve_Configuration.dut:5 - DUT field appears unused as a member access.
[UNUSED_DUT_FIELD] close_time_seconds @ snapshots/project_clean_state_2026_04_16/ST_Gas_Valve_Configuration.dut:6 - DUT field appears unused as a member access.
[UNUSED_DUT_FIELD] open_time_seconds @ snapshots/project_clean_state_2026_04_16/ST_Gas_Valve_Configuration.dut:7 - DUT field appears unused as a member access.
[UNUSED_DUT_FIELD] emergency_open_allowed @ snapshots/project_clean_state_2026_04_16/ST_Gas_Valve_Configuration.dut:8 - DUT field appears unused as a member access.
[UNUSED_DUT_FIELD] Is_Faulty @ snapshots/project_clean_state_2026_04_16/ST_Component_Maintenance.dut:4 - DUT field appears unused as a member access.
[UNUSED_DUT_FIELD] Is_In_Maintenance @ snapshots/project_clean_state_2026_04_16/ST_Component_Maintenance.dut:5 - DUT field appears unused as a member access.
[UNUSED_DUT_FIELD] Fallback_Value @ snapshots/project_clean_state_2026_04_16/ST_Component_Maintenance.dut:6 - DUT field appears unused as a member access.
[UNUSED_DUT_FIELD] Use_Last_Good_Value @ snapshots/project_clean_state_2026_04_16/ST_Component_Maintenance.dut:7 - DUT field appears unused as a member access.
[UNUSED_DUT_FIELD] PIN_Code @ snapshots/project_clean_state_2026_04_16/ST_Security_Global_Config.dut:4 - DUT field appears unused as a member access.
[UNUSED_DUT_FIELD] Phones @ snapshots/project_clean_state_2026_04_16/ST_Security_Global_Config.dut:5 - DUT field appears unused as a member access.
[UNUSED_DUT_FIELD] alarm_duration_seconds @ snapshots/project_clean_state_2026_04_16/ST_Security_Global_Config.dut:8 - DUT field appears unused as a member access.
[UNUSED_DUT_FIELD] two_person_timeout_seconds @ snapshots/project_clean_state_2026_04_16/ST_Security_Global_Config.dut:9 - DUT field appears unused as a member access.
[UNUSED_DUT_FIELD] max_access_attempts @ snapshots/project_clean_state_2026_04_16/ST_Security_Global_Config.dut:10 - DUT field appears unused as a member access.
[UNUSED_DUT_FIELD] Power_Percent @ snapshots/project_clean_state_2026_04_16/ST_Boiler_Status.dut:9 - DUT field appears unused as a member access.
[UNUSED_DUT_FIELD] Current_Power @ snapshots/project_clean_state_2026_04_16/ST_Boiler_Status.dut:10 - DUT field appears unused as a member access.
[UNUSED_DUT_FIELD] Last_Start @ snapshots/project_clean_state_2026_04_16/ST_Boiler_Status.dut:14 - DUT field appears unused as a member access.
[UNUSED_DUT_FIELD] AuthMethod @ snapshots/project_clean_state_2026_04_16/ST_TwoFactor_Data.dut:5 - DUT field appears unused as a member access.
[UNUSED_DUT_FIELD] rfid_tag @ snapshots/project_clean_state_2026_04_16/ST_TwoFactor_Data.dut:6 - DUT field appears unused as a member access.
[UNUSED_DUT_FIELD] totp_secret @ snapshots/project_clean_state_2026_04_16/ST_TwoFactor_Data.dut:7 - DUT field appears unused as a member access.
[UNUSED_DUT_FIELD] last_modified @ snapshots/project_clean_state_2026_04_16/ST_TwoFactor_Data.dut:8 - DUT field appears unused as a member access.
[UNUSED_DUT_FIELD] Night_Reduction @ snapshots/project_clean_state_2026_04_16/ST_Heating_Config.dut:8 - DUT field appears unused as a member access.
[UNUSED_DUT_FIELD] Target_Room_Temp @ snapshots/project_clean_state_2026_04_16/ST_Heating_Config.dut:10 - DUT field appears unused as a member access.
[UNUSED_DUT_FIELD] Speed_Percent @ snapshots/project_clean_state_2026_04_16/ST_Ventilation_Unit.dut:5 - DUT field appears unused as a member access.
[UNUSED_DUT_FIELD] Mode @ snapshots/project_clean_state_2026_04_16/ST_Ventilation_Unit.dut:8 - DUT field appears unused as a member access.
[UNUSED_DUT_FIELD] location @ snapshots/project_clean_state_2026_04_16/ST_FloorHeating_Manifold_Config.dut:5 - DUT field appears unused as a member access.
[UNUSED_DUT_FIELD] nominal_flow @ snapshots/project_clean_state_2026_04_16/ST_FloorHeating_Manifold_Config.dut:6 - DUT field appears unused as a member access.
[UNUSED_DUT_FIELD] enable_pump @ snapshots/project_clean_state_2026_04_16/ST_FloorHeating_Manifold_Config.dut:7 - DUT field appears unused as a member access.
[UNUSED_DUT_FIELD] circuits @ snapshots/project_clean_state_2026_04_16/ST_FloorHeating_Manifold_Config.dut:8 - DUT field appears unused as a member access.
[UNUSED_DUT_FIELD] Temp_Room @ snapshots/project_clean_state_2026_04_16/ST_Zone_Sensors.dut:4 - DUT field appears unused as a member access.
[UNUSED_DUT_FIELD] Temp_Floor @ snapshots/project_clean_state_2026_04_16/ST_Zone_Sensors.dut:5 - DUT field appears unused as a member access.
[UNUSED_DUT_FIELD] Switch_Physical @ snapshots/project_clean_state_2026_04_16/ST_Zone_Sensors.dut:7 - DUT field appears unused as a member access.
[UNUSED_DUT_FIELD] Light_State @ snapshots/project_clean_state_2026_04_16/ST_Zone_Sensors.dut:8 - DUT field appears unused as a member access.
[UNUSED_DUT_FIELD] Maintenance @ snapshots/project_clean_state_2026_04_16/ST_Zone_Sensors.dut:9 - DUT field appears unused as a member access.
[UNUSED_DUT_FIELD] enable_floor_heating @ snapshots/project_clean_state_2026_04_16/ST_FloorHeating_Global_Config.dut:4 - DUT field appears unused as a member access.
[UNUSED_DUT_FIELD] anti_freeze_temp @ snapshots/project_clean_state_2026_04_16/ST_FloorHeating_Global_Config.dut:5 - DUT field appears unused as a member access.
[UNUSED_DUT_FIELD] overheat_temp @ snapshots/project_clean_state_2026_04_16/ST_FloorHeating_Global_Config.dut:6 - DUT field appears unused as a member access.
[UNUSED_DUT_FIELD] weather_compensation_enabled @ snapshots/project_clean_state_2026_04_16/ST_FloorHeating_Global_Config.dut:7 - DUT field appears unused as a member access.
[UNUSED_DUT_FIELD] total_circuits @ snapshots/project_clean_state_2026_04_16/ST_FloorHeating_Global_Config.dut:8 - DUT field appears unused as a member access.
[UNUSED_DUT_FIELD] Outdoor_Temp @ snapshots/project_clean_state_2026_04_16/ST_System_State_Summary.dut:4 - DUT field appears unused as a member access.
[UNUSED_DUT_FIELD] Indoor_Temp @ snapshots/project_clean_state_2026_04_16/ST_System_State_Summary.dut:5 - DUT field appears unused as a member access.
[UNUSED_DUT_FIELD] Floor_Temps @ snapshots/project_clean_state_2026_04_16/ST_System_State_Summary.dut:6 - DUT field appears unused as a member access.
[UNUSED_DUT_FIELD] Humidity @ snapshots/project_clean_state_2026_04_16/ST_System_State_Summary.dut:7 - DUT field appears unused as a member access.
[UNUSED_DUT_FIELD] CO2 @ snapshots/project_clean_state_2026_04_16/ST_System_State_Summary.dut:8 - DUT field appears unused as a member access.
[UNUSED_DUT_FIELD] Security_Alarm @ snapshots/project_clean_state_2026_04_16/ST_System_State_Summary.dut:12 - DUT field appears unused as a member access.
[UNUSED_DUT_FIELD] Emergency_Two_Stage_Enabled @ snapshots/project_clean_state_2026_04_16/ST_Flood_Config.dut:4 - DUT field appears unused as a member access.
[UNUSED_DUT_FIELD] Valve_Test_Period_Days @ snapshots/project_clean_state_2026_04_16/ST_Flood_Config.dut:5 - DUT field appears unused as a member access.
[UNUSED_DUT_FIELD] Current_Threshold_MA @ snapshots/project_clean_state_2026_04_16/ST_Flood_Config.dut:6 - DUT field appears unused as a member access.
[UNUSED_DUT_FIELD] maintenance_enabled @ snapshots/project_clean_state_2026_04_16/ST_Maintenance_Access_Config.dut:4 - DUT field appears unused as a member access.
[UNUSED_DUT_FIELD] max_duration_minutes @ snapshots/project_clean_state_2026_04_16/ST_Maintenance_Access_Config.dut:5 - DUT field appears unused as a member access.
[UNUSED_DUT_FIELD] requires_two_person @ snapshots/project_clean_state_2026_04_16/ST_Maintenance_Access_Config.dut:6 - DUT field appears unused as a member access.
[UNUSED_DUT_FIELD] access_level_required @ snapshots/project_clean_state_2026_04_16/ST_Maintenance_Access_Config.dut:7 - DUT field appears unused as a member access.
[UNUSED_DUT_FIELD] unit_id @ snapshots/project_clean_state_2026_04_16/ST_Ventilation_Unit_Config.dut:4 - DUT field appears unused as a member access.
[UNUSED_DUT_FIELD] unit_type @ snapshots/project_clean_state_2026_04_16/ST_Ventilation_Unit_Config.dut:5 - DUT field appears unused as a member access.
[UNUSED_DUT_FIELD] location @ snapshots/project_clean_state_2026_04_16/ST_Ventilation_Unit_Config.dut:6 - DUT field appears unused as a member access.
[UNUSED_DUT_FIELD] min_speed @ snapshots/project_clean_state_2026_04_16/ST_Ventilation_Unit_Config.dut:7 - DUT field appears unused as a member access.
[UNUSED_DUT_FIELD] max_speed @ snapshots/project_clean_state_2026_04_16/ST_Ventilation_Unit_Config.dut:8 - DUT field appears unused as a member access.
[UNUSED_DUT_FIELD] has_smoke_detector @ snapshots/project_clean_state_2026_04_16/ST_Ventilation_Unit_Config.dut:10 - DUT field appears unused as a member access.
[UNUSED_DUT_FIELD] current_scenario @ snapshots/project_clean_state_2026_04_16/ST_Scenario_Transition_Config.dut:4 - DUT field appears unused as a member access.
[UNUSED_DUT_FIELD] min_duration_minutes @ snapshots/project_clean_state_2026_04_16/ST_Scenario_Transition_Config.dut:6 - DUT field appears unused as a member access.
[UNUSED_DUT_FIELD] transition_allowed @ snapshots/project_clean_state_2026_04_16/ST_Scenario_Transition_Config.dut:7 - DUT field appears unused as a member access.
[UNUSED_DUT_FIELD] CO2_Threshold @ snapshots/project_clean_state_2026_04_16/ST_Ventilation_Config.dut:4 - DUT field appears unused as a member access.
[UNUSED_DUT_FIELD] Humidity_Threshold @ snapshots/project_clean_state_2026_04_16/ST_Ventilation_Config.dut:5 - DUT field appears unused as a member access.
[UNUSED_DUT_FIELD] Night_Mode_Start @ snapshots/project_clean_state_2026_04_16/ST_Ventilation_Config.dut:6 - DUT field appears unused as a member access.
[UNUSED_DUT_FIELD] Night_Mode_End @ snapshots/project_clean_state_2026_04_16/ST_Ventilation_Config.dut:7 - DUT field appears unused as a member access.
[UNUSED_DUT_FIELD] value_int @ snapshots/project_clean_state_2026_04_16/ST_Debug_Log_Record.dut:8 - DUT field appears unused as a member access.
[UNUSED_DUT_FIELD] last_modified @ snapshots/project_clean_state_2026_04_16/ST_Operator_Zone_Rights.dut:7 - DUT field appears unused as a member access.
[UNUSED_DUT_FIELD] lighting_circuit_id @ snapshots/project_clean_state_2026_04_16/ST_Outdoor_Zone_Config.dut:5 - DUT field appears unused as a member access.
[UNUSED_DUT_FIELD] auto_enabled @ snapshots/project_clean_state_2026_04_16/ST_Outdoor_Zone_Config.dut:6 - DUT field appears unused as a member access.
[UNUSED_DUT_FIELD] party_mode_enabled @ snapshots/project_clean_state_2026_04_16/ST_Outdoor_Zone_Config.dut:7 - DUT field appears unused as a member access.
[UNUSED_DUT_FIELD] value @ snapshots/project_clean_state_2026_04_16/ST_Trend_History_Record.dut:5 - DUT field appears unused as a member access.
[UNUSED_DUT_FIELD] Armed @ snapshots/project_clean_state_2026_04_16/ST_Security_Zone_State.dut:4 - DUT field appears unused as a member access.
[UNUSED_DUT_FIELD] Alarm @ snapshots/project_clean_state_2026_04_16/ST_Security_Zone_State.dut:5 - DUT field appears unused as a member access.
[UNUSED_DUT_FIELD] Bypassed @ snapshots/project_clean_state_2026_04_16/ST_Security_Zone_State.dut:6 - DUT field appears unused as a member access.
[UNUSED_DUT_FIELD] Last_Trigger_Time @ snapshots/project_clean_state_2026_04_16/ST_Security_Zone_State.dut:7 - DUT field appears unused as a member access.
[UNUSED_DUT_FIELD] Trigger_Count @ snapshots/project_clean_state_2026_04_16/ST_Security_Zone_State.dut:8 - DUT field appears unused as a member access.
[UNUSED_DUT_FIELD] valve_types @ snapshots/project_clean_state_2026_04_16/ST_Flood_Global_Config.dut:4 - DUT field appears unused as a member access.
[UNUSED_DUT_FIELD] Scenario_Priority @ snapshots/project_clean_state_2026_04_16/ST_Ventilation_Scenario_Mode.dut:5 - DUT field appears unused as a member access.
[UNUSED_DUT_FIELD] Methane_Alarm @ snapshots/project_clean_state_2026_04_16/ST_Ventilation_Scenario_Mode.dut:7 - DUT field appears unused as a member access.
[UNUSED_DUT_FIELD] Smoke_Detected @ snapshots/project_clean_state_2026_04_16/ST_Ventilation_Scenario_Mode.dut:8 - DUT field appears unused as a member access.
[UNUSED_DUT_FIELD] Exhaust_Modes @ snapshots/project_clean_state_2026_04_16/ST_Ventilation_Scenario_Mode.dut:9 - DUT field appears unused as a member access.
[UNUSED_DUT_FIELD] Supply_Modes @ snapshots/project_clean_state_2026_04_16/ST_Ventilation_Scenario_Mode.dut:10 - DUT field appears unused as a member access.
[UNUSED_DUT_FIELD] Backup_Pump_Recovered_After_Retry @ snapshots/project_clean_state_2026_04_16/ST_System_Diagnostics.dut:8 - DUT field appears unused as a member access.
[UNUSED_DUT_FIELD] Electric_Heater_Recovered_After_Retry @ snapshots/project_clean_state_2026_04_16/ST_System_Diagnostics.dut:9 - DUT field appears unused as a member access.
[UNUSED_DUT_FIELD] Pump_Exercise_Active @ snapshots/project_clean_state_2026_04_16/ST_System_Diagnostics.dut:13 - DUT field appears unused as a member access.
[UNUSED_DUT_FIELD] Pump_Exercise_Failed @ snapshots/project_clean_state_2026_04_16/ST_System_Diagnostics.dut:14 - DUT field appears unused as a member access.
[UNUSED_DUT_FIELD] Pump_Exercise_Last_Equipment @ snapshots/project_clean_state_2026_04_16/ST_System_Diagnostics.dut:15 - DUT field appears unused as a member access.
[UNUSED_DUT_FIELD] Pump_Exercise_Last_Result @ snapshots/project_clean_state_2026_04_16/ST_System_Diagnostics.dut:16 - DUT field appears unused as a member access.
[UNUSED_DUT_FIELD] Pump_Exercise_No_Feedback_Count @ snapshots/project_clean_state_2026_04_16/ST_System_Diagnostics.dut:17 - DUT field appears unused as a member access.
[UNUSED_DUT_FIELD] Manifold_Pump_Exercise_Count @ snapshots/project_clean_state_2026_04_16/ST_System_Diagnostics.dut:18 - DUT field appears unused as a member access.
[UNUSED_DUT_FIELD] DHW_Heating_Pump_Exercise_Count @ snapshots/project_clean_state_2026_04_16/ST_System_Diagnostics.dut:19 - DUT field appears unused as a member access.
[UNUSED_DUT_FIELD] DHW_Circ_Pump_Exercise_Count @ snapshots/project_clean_state_2026_04_16/ST_System_Diagnostics.dut:20 - DUT field appears unused as a member access.
[UNUSED_DUT_FIELD] Backup_Pump_Exercise_Count @ snapshots/project_clean_state_2026_04_16/ST_System_Diagnostics.dut:21 - DUT field appears unused as a member access.
[UNUSED_DUT_FIELD] Pump_Exercise_Event_Seq @ snapshots/project_clean_state_2026_04_16/ST_System_Diagnostics.dut:22 - DUT field appears unused as a member access.
[UNUSED_DUT_FIELD] Pump_Exercise_Journal_1 @ snapshots/project_clean_state_2026_04_16/ST_System_Diagnostics.dut:23 - DUT field appears unused as a member access.
[UNUSED_DUT_FIELD] Pump_Exercise_Journal_2 @ snapshots/project_clean_state_2026_04_16/ST_System_Diagnostics.dut:24 - DUT field appears unused as a member access.
[UNUSED_DUT_FIELD] Pump_Exercise_Journal_3 @ snapshots/project_clean_state_2026_04_16/ST_System_Diagnostics.dut:25 - DUT field appears unused as a member access.
[UNUSED_DUT_FIELD] Pump_Exercise_Journal_Last_Seq @ snapshots/project_clean_state_2026_04_16/ST_System_Diagnostics.dut:26 - DUT field appears unused as a member access.
[UNUSED_DUT_FIELD] Pump_Maintenance_Required @ snapshots/project_clean_state_2026_04_16/ST_System_Diagnostics.dut:28 - DUT field appears unused as a member access.
[UNUSED_DUT_FIELD] Pump_Maintenance_Warning @ snapshots/project_clean_state_2026_04_16/ST_System_Diagnostics.dut:29 - DUT field appears unused as a member access.
[UNUSED_DUT_FIELD] Valve_Test_Mode_Active @ snapshots/project_clean_state_2026_04_16/ST_System_Diagnostics.dut:52 - DUT field appears unused as a member access.
[UNUSED_DUT_FIELD] Valve_Test_Deadline_MS @ snapshots/project_clean_state_2026_04_16/ST_System_Diagnostics.dut:53 - DUT field appears unused as a member access.
[UNUSED_DUT_FIELD] Valve_Test_Remaining_MS @ snapshots/project_clean_state_2026_04_16/ST_System_Diagnostics.dut:54 - DUT field appears unused as a member access.
[UNUSED_DUT_FIELD] parameter_type @ snapshots/project_clean_state_2026_04_16/ST_Trend_Header.dut:4 - DUT field appears unused as a member access.
[UNUSED_DUT_FIELD] records_count @ snapshots/project_clean_state_2026_04_16/ST_Trend_Header.dut:6 - DUT field appears unused as a member access.
[UNUSED_DUT_FIELD] average_value @ snapshots/project_clean_state_2026_04_16/ST_Trend_Header.dut:7 - DUT field appears unused as a member access.
[UNUSED_DUT_FIELD] min_value @ snapshots/project_clean_state_2026_04_16/ST_Trend_Header.dut:8 - DUT field appears unused as a member access.
[UNUSED_DUT_FIELD] max_value @ snapshots/project_clean_state_2026_04_16/ST_Trend_Header.dut:9 - DUT field appears unused as a member access.
[UNUSED_DUT_FIELD] circuit_id @ snapshots/project_clean_state_2026_04_16/ST_FloorHeating_Circuit_Config.dut:4 - DUT field appears unused as a member access.
[UNUSED_DUT_FIELD] valve_id @ snapshots/project_clean_state_2026_04_16/ST_FloorHeating_Circuit_Config.dut:8 - DUT field appears unused as a member access.
[UNUSED_DUT_FIELD] scenario_id @ snapshots/2026-05-04/ST_Scenario_Config.dut:4 - DUT field appears unused as a member access.
[UNUSED_DUT_FIELD] lighting_level_accent @ snapshots/2026-05-04/ST_Scenario_Config.dut:6 - DUT field appears unused as a member access.
[UNUSED_DUT_FIELD] ventilation_speed_percent @ snapshots/2026-05-04/ST_Scenario_Config.dut:8 - DUT field appears unused as a member access.
[UNUSED_DUT_FIELD] sockets_enabled @ snapshots/2026-05-04/ST_Scenario_Config.dut:9 - DUT field appears unused as a member access.
[UNUSED_DUT_FIELD] enable_ventilation @ snapshots/2026-05-04/ST_Ventilation_Global_Config.dut:4 - DUT field appears unused as a member access.
[UNUSED_DUT_FIELD] total_units @ snapshots/2026-05-04/ST_Ventilation_Global_Config.dut:5 - DUT field appears unused as a member access.
[UNUSED_DUT_FIELD] default_exhaust_speed @ snapshots/2026-05-04/ST_Ventilation_Global_Config.dut:7 - DUT field appears unused as a member access.
[UNUSED_DUT_FIELD] sensor_type @ snapshots/2026-05-04/ST_Sensor_Calibration_Record.dut:5 - DUT field appears unused as a member access.
[UNUSED_DUT_FIELD] last_calibration_timestamp @ snapshots/2026-05-04/ST_Sensor_Calibration_Record.dut:9 - DUT field appears unused as a member access.
[UNUSED_DUT_FIELD] verification_passed @ snapshots/2026-05-04/ST_Sensor_Calibration_Record.dut:10 - DUT field appears unused as a member access.
[UNUSED_DUT_FIELD] scenario_id @ snapshots/2026-05-04/ST_State_Snapshot.dut:6 - DUT field appears unused as a member access.
[UNUSED_DUT_FIELD] lighting_levels @ snapshots/2026-05-04/ST_State_Snapshot.dut:7 - DUT field appears unused as a member access.
[UNUSED_DUT_FIELD] floor_heating_setpoints @ snapshots/2026-05-04/ST_State_Snapshot.dut:8 - DUT field appears unused as a member access.
[UNUSED_DUT_FIELD] alarm_active @ snapshots/2026-05-04/ST_State_Snapshot.dut:9 - DUT field appears unused as a member access.
[UNUSED_DUT_FIELD] sunrise_ms @ snapshots/2026-05-04/ST_Astro_Time.dut:4 - DUT field appears unused as a member access.
[UNUSED_DUT_FIELD] sunset_ms @ snapshots/2026-05-04/ST_Astro_Time.dut:5 - DUT field appears unused as a member access.
[UNUSED_DUT_FIELD] is_daylight @ snapshots/2026-05-04/ST_Astro_Time.dut:6 - DUT field appears unused as a member access.
[UNUSED_DUT_FIELD] uiCycleTime @ snapshots/2026-05-04/ST_Owen_Analog_Value.dut:5 - DUT field appears unused as a member access.
[UNUSED_DUT_FIELD] valve_id @ snapshots/2026-05-04/ST_Valve_Test_Config.dut:4 - DUT field appears unused as a member access.
[UNUSED_DUT_FIELD] valve_id @ snapshots/2026-05-04/ST_Gas_Valve_Configuration.dut:4 - DUT field appears unused as a member access.
[UNUSED_DUT_FIELD] valve_type @ snapshots/2026-05-04/ST_Gas_Valve_Configuration.dut:5 - DUT field appears unused as a member access.
[UNUSED_DUT_FIELD] close_time_seconds @ snapshots/2026-05-04/ST_Gas_Valve_Configuration.dut:6 - DUT field appears unused as a member access.
[UNUSED_DUT_FIELD] open_time_seconds @ snapshots/2026-05-04/ST_Gas_Valve_Configuration.dut:7 - DUT field appears unused as a member access.
[UNUSED_DUT_FIELD] emergency_open_allowed @ snapshots/2026-05-04/ST_Gas_Valve_Configuration.dut:8 - DUT field appears unused as a member access.
[UNUSED_DUT_FIELD] Is_Faulty @ snapshots/2026-05-04/ST_Component_Maintenance.dut:4 - DUT field appears unused as a member access.
[UNUSED_DUT_FIELD] Is_In_Maintenance @ snapshots/2026-05-04/ST_Component_Maintenance.dut:5 - DUT field appears unused as a member access.
[UNUSED_DUT_FIELD] Fallback_Value @ snapshots/2026-05-04/ST_Component_Maintenance.dut:6 - DUT field appears unused as a member access.
[UNUSED_DUT_FIELD] Use_Last_Good_Value @ snapshots/2026-05-04/ST_Component_Maintenance.dut:7 - DUT field appears unused as a member access.
[UNUSED_DUT_FIELD] PIN_Code @ snapshots/2026-05-04/ST_Security_Global_Config.dut:4 - DUT field appears unused as a member access.
[UNUSED_DUT_FIELD] Phones @ snapshots/2026-05-04/ST_Security_Global_Config.dut:5 - DUT field appears unused as a member access.
[UNUSED_DUT_FIELD] alarm_duration_seconds @ snapshots/2026-05-04/ST_Security_Global_Config.dut:8 - DUT field appears unused as a member access.
[UNUSED_DUT_FIELD] two_person_timeout_seconds @ snapshots/2026-05-04/ST_Security_Global_Config.dut:9 - DUT field appears unused as a member access.
[UNUSED_DUT_FIELD] max_access_attempts @ snapshots/2026-05-04/ST_Security_Global_Config.dut:10 - DUT field appears unused as a member access.
[UNUSED_DUT_FIELD] Power_Percent @ snapshots/2026-05-04/ST_Boiler_Status.dut:9 - DUT field appears unused as a member access.
[UNUSED_DUT_FIELD] Current_Power @ snapshots/2026-05-04/ST_Boiler_Status.dut:10 - DUT field appears unused as a member access.
[UNUSED_DUT_FIELD] Last_Start @ snapshots/2026-05-04/ST_Boiler_Status.dut:14 - DUT field appears unused as a member access.
[UNUSED_DUT_FIELD] AuthMethod @ snapshots/2026-05-04/ST_TwoFactor_Data.dut:5 - DUT field appears unused as a member access.
[UNUSED_DUT_FIELD] rfid_tag @ snapshots/2026-05-04/ST_TwoFactor_Data.dut:6 - DUT field appears unused as a member access.
[UNUSED_DUT_FIELD] totp_secret @ snapshots/2026-05-04/ST_TwoFactor_Data.dut:7 - DUT field appears unused as a member access.
[UNUSED_DUT_FIELD] last_modified @ snapshots/2026-05-04/ST_TwoFactor_Data.dut:8 - DUT field appears unused as a member access.
[UNUSED_DUT_FIELD] Night_Reduction @ snapshots/2026-05-04/ST_Heating_Config.dut:8 - DUT field appears unused as a member access.
[UNUSED_DUT_FIELD] Target_Room_Temp @ snapshots/2026-05-04/ST_Heating_Config.dut:10 - DUT field appears unused as a member access.
[UNUSED_DUT_FIELD] Speed_Percent @ snapshots/2026-05-04/ST_Ventilation_Unit.dut:5 - DUT field appears unused as a member access.
[UNUSED_DUT_FIELD] Mode @ snapshots/2026-05-04/ST_Ventilation_Unit.dut:8 - DUT field appears unused as a member access.
[UNUSED_DUT_FIELD] location @ snapshots/2026-05-04/ST_FloorHeating_Manifold_Config.dut:5 - DUT field appears unused as a member access.
[UNUSED_DUT_FIELD] nominal_flow @ snapshots/2026-05-04/ST_FloorHeating_Manifold_Config.dut:6 - DUT field appears unused as a member access.
[UNUSED_DUT_FIELD] enable_pump @ snapshots/2026-05-04/ST_FloorHeating_Manifold_Config.dut:7 - DUT field appears unused as a member access.
[UNUSED_DUT_FIELD] circuits @ snapshots/2026-05-04/ST_FloorHeating_Manifold_Config.dut:8 - DUT field appears unused as a member access.
[UNUSED_DUT_FIELD] Avg_Result_Value @ snapshots/2026-05-04/ST_Scenario_Stats.dut:7 - DUT field appears unused as a member access.
[UNUSED_DUT_FIELD] Stability_Counter @ snapshots/2026-05-04/ST_Scenario_Stats.dut:8 - DUT field appears unused as a member access.
[UNUSED_DUT_FIELD] Last_Activation @ snapshots/2026-05-04/ST_Scenario_Stats.dut:9 - DUT field appears unused as a member access.
[UNUSED_DUT_FIELD] Temp_Room @ snapshots/2026-05-04/ST_Zone_Sensors.dut:4 - DUT field appears unused as a member access.
[UNUSED_DUT_FIELD] Temp_Floor @ snapshots/2026-05-04/ST_Zone_Sensors.dut:5 - DUT field appears unused as a member access.
[UNUSED_DUT_FIELD] Switch_Physical @ snapshots/2026-05-04/ST_Zone_Sensors.dut:7 - DUT field appears unused as a member access.
[UNUSED_DUT_FIELD] Light_State @ snapshots/2026-05-04/ST_Zone_Sensors.dut:8 - DUT field appears unused as a member access.
[UNUSED_DUT_FIELD] Maintenance @ snapshots/2026-05-04/ST_Zone_Sensors.dut:9 - DUT field appears unused as a member access.
[UNUSED_DUT_FIELD] enable_floor_heating @ snapshots/2026-05-04/ST_FloorHeating_Global_Config.dut:4 - DUT field appears unused as a member access.
[UNUSED_DUT_FIELD] anti_freeze_temp @ snapshots/2026-05-04/ST_FloorHeating_Global_Config.dut:5 - DUT field appears unused as a member access.
[UNUSED_DUT_FIELD] overheat_temp @ snapshots/2026-05-04/ST_FloorHeating_Global_Config.dut:6 - DUT field appears unused as a member access.
[UNUSED_DUT_FIELD] weather_compensation_enabled @ snapshots/2026-05-04/ST_FloorHeating_Global_Config.dut:7 - DUT field appears unused as a member access.
[UNUSED_DUT_FIELD] total_circuits @ snapshots/2026-05-04/ST_FloorHeating_Global_Config.dut:8 - DUT field appears unused as a member access.
[UNUSED_DUT_FIELD] Outdoor_Temp @ snapshots/2026-05-04/ST_System_State_Summary.dut:4 - DUT field appears unused as a member access.
[UNUSED_DUT_FIELD] Indoor_Temp @ snapshots/2026-05-04/ST_System_State_Summary.dut:5 - DUT field appears unused as a member access.
[UNUSED_DUT_FIELD] Floor_Temps @ snapshots/2026-05-04/ST_System_State_Summary.dut:6 - DUT field appears unused as a member access.
[UNUSED_DUT_FIELD] Humidity @ snapshots/2026-05-04/ST_System_State_Summary.dut:7 - DUT field appears unused as a member access.
[UNUSED_DUT_FIELD] CO2 @ snapshots/2026-05-04/ST_System_State_Summary.dut:8 - DUT field appears unused as a member access.
[UNUSED_DUT_FIELD] Security_Alarm @ snapshots/2026-05-04/ST_System_State_Summary.dut:12 - DUT field appears unused as a member access.
[UNUSED_DUT_FIELD] Emergency_Two_Stage_Enabled @ snapshots/2026-05-04/ST_Flood_Config.dut:4 - DUT field appears unused as a member access.
[UNUSED_DUT_FIELD] Valve_Test_Period_Days @ snapshots/2026-05-04/ST_Flood_Config.dut:5 - DUT field appears unused as a member access.
[UNUSED_DUT_FIELD] Current_Threshold_MA @ snapshots/2026-05-04/ST_Flood_Config.dut:6 - DUT field appears unused as a member access.
[UNUSED_DUT_FIELD] maintenance_enabled @ snapshots/2026-05-04/ST_Maintenance_Access_Config.dut:4 - DUT field appears unused as a member access.
[UNUSED_DUT_FIELD] max_duration_minutes @ snapshots/2026-05-04/ST_Maintenance_Access_Config.dut:5 - DUT field appears unused as a member access.
[UNUSED_DUT_FIELD] requires_two_person @ snapshots/2026-05-04/ST_Maintenance_Access_Config.dut:6 - DUT field appears unused as a member access.
[UNUSED_DUT_FIELD] access_level_required @ snapshots/2026-05-04/ST_Maintenance_Access_Config.dut:7 - DUT field appears unused as a member access.
[UNUSED_DUT_FIELD] unit_id @ snapshots/2026-05-04/ST_Ventilation_Unit_Config.dut:4 - DUT field appears unused as a member access.
[UNUSED_DUT_FIELD] unit_type @ snapshots/2026-05-04/ST_Ventilation_Unit_Config.dut:5 - DUT field appears unused as a member access.
[UNUSED_DUT_FIELD] location @ snapshots/2026-05-04/ST_Ventilation_Unit_Config.dut:6 - DUT field appears unused as a member access.
[UNUSED_DUT_FIELD] min_speed @ snapshots/2026-05-04/ST_Ventilation_Unit_Config.dut:7 - DUT field appears unused as a member access.
[UNUSED_DUT_FIELD] max_speed @ snapshots/2026-05-04/ST_Ventilation_Unit_Config.dut:8 - DUT field appears unused as a member access.
[UNUSED_DUT_FIELD] has_smoke_detector @ snapshots/2026-05-04/ST_Ventilation_Unit_Config.dut:10 - DUT field appears unused as a member access.
[UNUSED_DUT_FIELD] current_scenario @ snapshots/2026-05-04/ST_Scenario_Transition_Config.dut:4 - DUT field appears unused as a member access.
[UNUSED_DUT_FIELD] min_duration_minutes @ snapshots/2026-05-04/ST_Scenario_Transition_Config.dut:6 - DUT field appears unused as a member access.
[UNUSED_DUT_FIELD] transition_allowed @ snapshots/2026-05-04/ST_Scenario_Transition_Config.dut:7 - DUT field appears unused as a member access.
[UNUSED_DUT_FIELD] CO2_Threshold @ snapshots/2026-05-04/ST_Ventilation_Config.dut:4 - DUT field appears unused as a member access.
[UNUSED_DUT_FIELD] Humidity_Threshold @ snapshots/2026-05-04/ST_Ventilation_Config.dut:5 - DUT field appears unused as a member access.
[UNUSED_DUT_FIELD] Night_Mode_Start @ snapshots/2026-05-04/ST_Ventilation_Config.dut:6 - DUT field appears unused as a member access.
[UNUSED_DUT_FIELD] Night_Mode_End @ snapshots/2026-05-04/ST_Ventilation_Config.dut:7 - DUT field appears unused as a member access.
[UNUSED_DUT_FIELD] last_modified @ snapshots/2026-05-04/ST_Operator_Zone_Rights.dut:7 - DUT field appears unused as a member access.
[UNUSED_DUT_FIELD] lighting_circuit_id @ snapshots/2026-05-04/ST_Outdoor_Zone_Config.dut:5 - DUT field appears unused as a member access.
[UNUSED_DUT_FIELD] auto_enabled @ snapshots/2026-05-04/ST_Outdoor_Zone_Config.dut:6 - DUT field appears unused as a member access.
[UNUSED_DUT_FIELD] party_mode_enabled @ snapshots/2026-05-04/ST_Outdoor_Zone_Config.dut:7 - DUT field appears unused as a member access.
[UNUSED_DUT_FIELD] value @ snapshots/2026-05-04/ST_Trend_History_Record.dut:5 - DUT field appears unused as a member access.
[UNUSED_DUT_FIELD] status @ snapshots/2026-05-04/ST_Calibration_Family_Summary.dut:5 - DUT field appears unused as a member access.
[UNUSED_DUT_FIELD] sensor_count @ snapshots/2026-05-04/ST_Calibration_Family_Summary.dut:6 - DUT field appears unused as a member access.
[UNUSED_DUT_FIELD] verification_active_count @ snapshots/2026-05-04/ST_Calibration_Family_Summary.dut:7 - DUT field appears unused as a member access.
[UNUSED_DUT_FIELD] failed_count @ snapshots/2026-05-04/ST_Calibration_Family_Summary.dut:8 - DUT field appears unused as a member access.
[UNUSED_DUT_FIELD] max_deviation_percent @ snapshots/2026-05-04/ST_Calibration_Family_Summary.dut:9 - DUT field appears unused as a member access.
[UNUSED_DUT_FIELD] summary_text @ snapshots/2026-05-04/ST_Calibration_Family_Summary.dut:10 - DUT field appears unused as a member access.
[UNUSED_DUT_FIELD] Avg_Result_Value @ snapshots/2026-05-04/ST_Zone_Adapt_State.dut:9 - DUT field appears unused as a member access.
[UNUSED_DUT_FIELD] Armed @ snapshots/2026-05-04/ST_Security_Zone_State.dut:4 - DUT field appears unused as a member access.
[UNUSED_DUT_FIELD] Alarm @ snapshots/2026-05-04/ST_Security_Zone_State.dut:5 - DUT field appears unused as a member access.
[UNUSED_DUT_FIELD] Bypassed @ snapshots/2026-05-04/ST_Security_Zone_State.dut:6 - DUT field appears unused as a member access.
[UNUSED_DUT_FIELD] Last_Trigger_Time @ snapshots/2026-05-04/ST_Security_Zone_State.dut:7 - DUT field appears unused as a member access.
[UNUSED_DUT_FIELD] Trigger_Count @ snapshots/2026-05-04/ST_Security_Zone_State.dut:8 - DUT field appears unused as a member access.
[UNUSED_DUT_FIELD] status @ snapshots/2026-05-04/ST_Calibration_Sensor_Summary.dut:5 - DUT field appears unused as a member access.
[UNUSED_DUT_FIELD] calibrated_value @ snapshots/2026-05-04/ST_Calibration_Sensor_Summary.dut:6 - DUT field appears unused as a member access.
[UNUSED_DUT_FIELD] deviation_percent @ snapshots/2026-05-04/ST_Calibration_Sensor_Summary.dut:7 - DUT field appears unused as a member access.
[UNUSED_DUT_FIELD] verification_active @ snapshots/2026-05-04/ST_Calibration_Sensor_Summary.dut:8 - DUT field appears unused as a member access.
[UNUSED_DUT_FIELD] verification_failed @ snapshots/2026-05-04/ST_Calibration_Sensor_Summary.dut:9 - DUT field appears unused as a member access.
[UNUSED_DUT_FIELD] record_index @ snapshots/2026-05-04/ST_Calibration_Sensor_Summary.dut:10 - DUT field appears unused as a member access.
[UNUSED_DUT_FIELD] label @ snapshots/2026-05-04/ST_Calibration_Sensor_Summary.dut:11 - DUT field appears unused as a member access.
[UNUSED_DUT_FIELD] summary_text @ snapshots/2026-05-04/ST_Calibration_Sensor_Summary.dut:12 - DUT field appears unused as a member access.
[UNUSED_DUT_FIELD] valve_types @ snapshots/2026-05-04/ST_Flood_Global_Config.dut:4 - DUT field appears unused as a member access.
[UNUSED_DUT_FIELD] Scenario_Priority @ snapshots/2026-05-04/ST_Ventilation_Scenario_Mode.dut:5 - DUT field appears unused as a member access.
[UNUSED_DUT_FIELD] Methane_Alarm @ snapshots/2026-05-04/ST_Ventilation_Scenario_Mode.dut:7 - DUT field appears unused as a member access.
[UNUSED_DUT_FIELD] Smoke_Detected @ snapshots/2026-05-04/ST_Ventilation_Scenario_Mode.dut:8 - DUT field appears unused as a member access.
[UNUSED_DUT_FIELD] Exhaust_Modes @ snapshots/2026-05-04/ST_Ventilation_Scenario_Mode.dut:9 - DUT field appears unused as a member access.
[UNUSED_DUT_FIELD] Supply_Modes @ snapshots/2026-05-04/ST_Ventilation_Scenario_Mode.dut:10 - DUT field appears unused as a member access.
[UNUSED_DUT_FIELD] Backup_Pump_Recovered_After_Retry @ snapshots/2026-05-04/ST_System_Diagnostics.dut:8 - DUT field appears unused as a member access.
[UNUSED_DUT_FIELD] Electric_Heater_Recovered_After_Retry @ snapshots/2026-05-04/ST_System_Diagnostics.dut:9 - DUT field appears unused as a member access.
[UNUSED_DUT_FIELD] Pump_Exercise_Active @ snapshots/2026-05-04/ST_System_Diagnostics.dut:13 - DUT field appears unused as a member access.
[UNUSED_DUT_FIELD] Pump_Exercise_Failed @ snapshots/2026-05-04/ST_System_Diagnostics.dut:14 - DUT field appears unused as a member access.
[UNUSED_DUT_FIELD] Pump_Exercise_Last_Equipment @ snapshots/2026-05-04/ST_System_Diagnostics.dut:15 - DUT field appears unused as a member access.
[UNUSED_DUT_FIELD] Pump_Exercise_Last_Result @ snapshots/2026-05-04/ST_System_Diagnostics.dut:16 - DUT field appears unused as a member access.
[UNUSED_DUT_FIELD] Pump_Exercise_No_Feedback_Count @ snapshots/2026-05-04/ST_System_Diagnostics.dut:17 - DUT field appears unused as a member access.
[UNUSED_DUT_FIELD] Manifold_Pump_Exercise_Count @ snapshots/2026-05-04/ST_System_Diagnostics.dut:18 - DUT field appears unused as a member access.
[UNUSED_DUT_FIELD] DHW_Heating_Pump_Exercise_Count @ snapshots/2026-05-04/ST_System_Diagnostics.dut:19 - DUT field appears unused as a member access.
[UNUSED_DUT_FIELD] DHW_Circ_Pump_Exercise_Count @ snapshots/2026-05-04/ST_System_Diagnostics.dut:20 - DUT field appears unused as a member access.
[UNUSED_DUT_FIELD] Backup_Pump_Exercise_Count @ snapshots/2026-05-04/ST_System_Diagnostics.dut:21 - DUT field appears unused as a member access.
[UNUSED_DUT_FIELD] Pump_Exercise_Event_Seq @ snapshots/2026-05-04/ST_System_Diagnostics.dut:22 - DUT field appears unused as a member access.
[UNUSED_DUT_FIELD] Pump_Exercise_Journal_1 @ snapshots/2026-05-04/ST_System_Diagnostics.dut:23 - DUT field appears unused as a member access.
[UNUSED_DUT_FIELD] Pump_Exercise_Journal_2 @ snapshots/2026-05-04/ST_System_Diagnostics.dut:24 - DUT field appears unused as a member access.
[UNUSED_DUT_FIELD] Pump_Exercise_Journal_3 @ snapshots/2026-05-04/ST_System_Diagnostics.dut:25 - DUT field appears unused as a member access.
[UNUSED_DUT_FIELD] Pump_Exercise_Journal_Last_Seq @ snapshots/2026-05-04/ST_System_Diagnostics.dut:26 - DUT field appears unused as a member access.
[UNUSED_DUT_FIELD] Pump_Maintenance_Required @ snapshots/2026-05-04/ST_System_Diagnostics.dut:28 - DUT field appears unused as a member access.
[UNUSED_DUT_FIELD] Pump_Maintenance_Warning @ snapshots/2026-05-04/ST_System_Diagnostics.dut:29 - DUT field appears unused as a member access.
[UNUSED_DUT_FIELD] Valve_Test_Mode_Active @ snapshots/2026-05-04/ST_System_Diagnostics.dut:52 - DUT field appears unused as a member access.
[UNUSED_DUT_FIELD] Valve_Test_Deadline_MS @ snapshots/2026-05-04/ST_System_Diagnostics.dut:53 - DUT field appears unused as a member access.
[UNUSED_DUT_FIELD] Valve_Test_Remaining_MS @ snapshots/2026-05-04/ST_System_Diagnostics.dut:54 - DUT field appears unused as a member access.
[UNUSED_DUT_FIELD] Manifold_Return_Temp_Fault @ snapshots/2026-05-04/ST_System_Diagnostics.dut:121 - DUT field appears unused as a member access.
[UNUSED_DUT_FIELD] Manifold_Return_Temp_Diag_Code @ snapshots/2026-05-04/ST_System_Diagnostics.dut:122 - DUT field appears unused as a member access.
[UNUSED_DUT_FIELD] Manifold_Return_Temp_First_Fault_Index @ snapshots/2026-05-04/ST_System_Diagnostics.dut:124 - DUT field appears unused as a member access.
[UNUSED_DUT_FIELD] Manifold_Return_Temp_Fault_Text @ snapshots/2026-05-04/ST_System_Diagnostics.dut:125 - DUT field appears unused as a member access.
[UNUSED_DUT_FIELD] Manifold_Sensor_Fault_Count @ snapshots/2026-05-04/ST_System_Diagnostics.dut:127 - DUT field appears unused as a member access.
[UNUSED_DUT_FIELD] Manifold_Sensor_Out_Of_Service @ snapshots/2026-05-04/ST_System_Diagnostics.dut:128 - DUT field appears unused as a member access.
[UNUSED_DUT_FIELD] Manifold_Sensor_Out_Of_Service_Active @ snapshots/2026-05-04/ST_System_Diagnostics.dut:129 - DUT field appears unused as a member access.
[UNUSED_DUT_FIELD] Manifold_Sensor_First_OOS_Index @ snapshots/2026-05-04/ST_System_Diagnostics.dut:130 - DUT field appears unused as a member access.
[UNUSED_DUT_FIELD] Manifold_Sensor_OOS_Text @ snapshots/2026-05-04/ST_System_Diagnostics.dut:131 - DUT field appears unused as a member access.
[UNUSED_DUT_FIELD] parameter_type @ snapshots/2026-05-04/ST_Trend_Header.dut:4 - DUT field appears unused as a member access.
[UNUSED_DUT_FIELD] records_count @ snapshots/2026-05-04/ST_Trend_Header.dut:6 - DUT field appears unused as a member access.
[UNUSED_DUT_FIELD] average_value @ snapshots/2026-05-04/ST_Trend_Header.dut:7 - DUT field appears unused as a member access.
[UNUSED_DUT_FIELD] min_value @ snapshots/2026-05-04/ST_Trend_Header.dut:8 - DUT field appears unused as a member access.
[UNUSED_DUT_FIELD] max_value @ snapshots/2026-05-04/ST_Trend_Header.dut:9 - DUT field appears unused as a member access.
[UNUSED_DUT_FIELD] circuit_id @ snapshots/2026-05-04/ST_FloorHeating_Circuit_Config.dut:4 - DUT field appears unused as a member access.
[UNUSED_DUT_FIELD] valve_id @ snapshots/2026-05-04/ST_FloorHeating_Circuit_Config.dut:8 - DUT field appears unused as a member access.
[UNUSED_DUT_FIELD] scenario_id @ snapshots/2026-04-22/ST_Scenario_Config.dut:4 - DUT field appears unused as a member access.
[UNUSED_DUT_FIELD] lighting_level_accent @ snapshots/2026-04-22/ST_Scenario_Config.dut:6 - DUT field appears unused as a member access.
[UNUSED_DUT_FIELD] ventilation_speed_percent @ snapshots/2026-04-22/ST_Scenario_Config.dut:8 - DUT field appears unused as a member access.
[UNUSED_DUT_FIELD] sockets_enabled @ snapshots/2026-04-22/ST_Scenario_Config.dut:9 - DUT field appears unused as a member access.
[UNUSED_DUT_FIELD] enable_ventilation @ snapshots/2026-04-22/ST_Ventilation_Global_Config.dut:4 - DUT field appears unused as a member access.
[UNUSED_DUT_FIELD] total_units @ snapshots/2026-04-22/ST_Ventilation_Global_Config.dut:5 - DUT field appears unused as a member access.
[UNUSED_DUT_FIELD] default_exhaust_speed @ snapshots/2026-04-22/ST_Ventilation_Global_Config.dut:7 - DUT field appears unused as a member access.
[UNUSED_DUT_FIELD] sensor_type @ snapshots/2026-04-22/ST_Sensor_Calibration_Record.dut:5 - DUT field appears unused as a member access.
[UNUSED_DUT_FIELD] last_calibration_timestamp @ snapshots/2026-04-22/ST_Sensor_Calibration_Record.dut:9 - DUT field appears unused as a member access.
[UNUSED_DUT_FIELD] verification_passed @ snapshots/2026-04-22/ST_Sensor_Calibration_Record.dut:10 - DUT field appears unused as a member access.
[UNUSED_DUT_FIELD] scenario_id @ snapshots/2026-04-22/ST_State_Snapshot.dut:6 - DUT field appears unused as a member access.
[UNUSED_DUT_FIELD] lighting_levels @ snapshots/2026-04-22/ST_State_Snapshot.dut:7 - DUT field appears unused as a member access.
[UNUSED_DUT_FIELD] floor_heating_setpoints @ snapshots/2026-04-22/ST_State_Snapshot.dut:8 - DUT field appears unused as a member access.
[UNUSED_DUT_FIELD] alarm_active @ snapshots/2026-04-22/ST_State_Snapshot.dut:9 - DUT field appears unused as a member access.
[UNUSED_DUT_FIELD] sunrise_ms @ snapshots/2026-04-22/ST_Astro_Time.dut:4 - DUT field appears unused as a member access.
[UNUSED_DUT_FIELD] sunset_ms @ snapshots/2026-04-22/ST_Astro_Time.dut:5 - DUT field appears unused as a member access.
[UNUSED_DUT_FIELD] is_daylight @ snapshots/2026-04-22/ST_Astro_Time.dut:6 - DUT field appears unused as a member access.
[UNUSED_DUT_FIELD] uiCycleTime @ snapshots/2026-04-22/ST_Owen_Analog_Value.dut:5 - DUT field appears unused as a member access.
[UNUSED_DUT_FIELD] valve_id @ snapshots/2026-04-22/ST_Valve_Test_Config.dut:4 - DUT field appears unused as a member access.
[UNUSED_DUT_FIELD] valve_id @ snapshots/2026-04-22/ST_Gas_Valve_Configuration.dut:4 - DUT field appears unused as a member access.
[UNUSED_DUT_FIELD] valve_type @ snapshots/2026-04-22/ST_Gas_Valve_Configuration.dut:5 - DUT field appears unused as a member access.
[UNUSED_DUT_FIELD] close_time_seconds @ snapshots/2026-04-22/ST_Gas_Valve_Configuration.dut:6 - DUT field appears unused as a member access.
[UNUSED_DUT_FIELD] open_time_seconds @ snapshots/2026-04-22/ST_Gas_Valve_Configuration.dut:7 - DUT field appears unused as a member access.
[UNUSED_DUT_FIELD] emergency_open_allowed @ snapshots/2026-04-22/ST_Gas_Valve_Configuration.dut:8 - DUT field appears unused as a member access.
[UNUSED_DUT_FIELD] Is_Faulty @ snapshots/2026-04-22/ST_Component_Maintenance.dut:4 - DUT field appears unused as a member access.
[UNUSED_DUT_FIELD] Is_In_Maintenance @ snapshots/2026-04-22/ST_Component_Maintenance.dut:5 - DUT field appears unused as a member access.
[UNUSED_DUT_FIELD] Fallback_Value @ snapshots/2026-04-22/ST_Component_Maintenance.dut:6 - DUT field appears unused as a member access.
[UNUSED_DUT_FIELD] Use_Last_Good_Value @ snapshots/2026-04-22/ST_Component_Maintenance.dut:7 - DUT field appears unused as a member access.
[UNUSED_DUT_FIELD] PIN_Code @ snapshots/2026-04-22/ST_Security_Global_Config.dut:4 - DUT field appears unused as a member access.
[UNUSED_DUT_FIELD] Phones @ snapshots/2026-04-22/ST_Security_Global_Config.dut:5 - DUT field appears unused as a member access.
[UNUSED_DUT_FIELD] alarm_duration_seconds @ snapshots/2026-04-22/ST_Security_Global_Config.dut:8 - DUT field appears unused as a member access.
[UNUSED_DUT_FIELD] two_person_timeout_seconds @ snapshots/2026-04-22/ST_Security_Global_Config.dut:9 - DUT field appears unused as a member access.
[UNUSED_DUT_FIELD] max_access_attempts @ snapshots/2026-04-22/ST_Security_Global_Config.dut:10 - DUT field appears unused as a member access.
[UNUSED_DUT_FIELD] Power_Percent @ snapshots/2026-04-22/ST_Boiler_Status.dut:9 - DUT field appears unused as a member access.
[UNUSED_DUT_FIELD] Current_Power @ snapshots/2026-04-22/ST_Boiler_Status.dut:10 - DUT field appears unused as a member access.
[UNUSED_DUT_FIELD] Last_Start @ snapshots/2026-04-22/ST_Boiler_Status.dut:14 - DUT field appears unused as a member access.
[UNUSED_DUT_FIELD] AuthMethod @ snapshots/2026-04-22/ST_TwoFactor_Data.dut:5 - DUT field appears unused as a member access.
[UNUSED_DUT_FIELD] rfid_tag @ snapshots/2026-04-22/ST_TwoFactor_Data.dut:6 - DUT field appears unused as a member access.
[UNUSED_DUT_FIELD] totp_secret @ snapshots/2026-04-22/ST_TwoFactor_Data.dut:7 - DUT field appears unused as a member access.
[UNUSED_DUT_FIELD] last_modified @ snapshots/2026-04-22/ST_TwoFactor_Data.dut:8 - DUT field appears unused as a member access.
[UNUSED_DUT_FIELD] Night_Reduction @ snapshots/2026-04-22/ST_Heating_Config.dut:8 - DUT field appears unused as a member access.
[UNUSED_DUT_FIELD] Target_Room_Temp @ snapshots/2026-04-22/ST_Heating_Config.dut:10 - DUT field appears unused as a member access.
[UNUSED_DUT_FIELD] Speed_Percent @ snapshots/2026-04-22/ST_Ventilation_Unit.dut:5 - DUT field appears unused as a member access.
[UNUSED_DUT_FIELD] Mode @ snapshots/2026-04-22/ST_Ventilation_Unit.dut:8 - DUT field appears unused as a member access.
[UNUSED_DUT_FIELD] location @ snapshots/2026-04-22/ST_FloorHeating_Manifold_Config.dut:5 - DUT field appears unused as a member access.
[UNUSED_DUT_FIELD] nominal_flow @ snapshots/2026-04-22/ST_FloorHeating_Manifold_Config.dut:6 - DUT field appears unused as a member access.
[UNUSED_DUT_FIELD] enable_pump @ snapshots/2026-04-22/ST_FloorHeating_Manifold_Config.dut:7 - DUT field appears unused as a member access.
[UNUSED_DUT_FIELD] circuits @ snapshots/2026-04-22/ST_FloorHeating_Manifold_Config.dut:8 - DUT field appears unused as a member access.
[UNUSED_DUT_FIELD] Temp_Room @ snapshots/2026-04-22/ST_Zone_Sensors.dut:4 - DUT field appears unused as a member access.
[UNUSED_DUT_FIELD] Temp_Floor @ snapshots/2026-04-22/ST_Zone_Sensors.dut:5 - DUT field appears unused as a member access.
[UNUSED_DUT_FIELD] Switch_Physical @ snapshots/2026-04-22/ST_Zone_Sensors.dut:7 - DUT field appears unused as a member access.
[UNUSED_DUT_FIELD] Light_State @ snapshots/2026-04-22/ST_Zone_Sensors.dut:8 - DUT field appears unused as a member access.
[UNUSED_DUT_FIELD] Maintenance @ snapshots/2026-04-22/ST_Zone_Sensors.dut:9 - DUT field appears unused as a member access.
[UNUSED_DUT_FIELD] enable_floor_heating @ snapshots/2026-04-22/ST_FloorHeating_Global_Config.dut:4 - DUT field appears unused as a member access.
[UNUSED_DUT_FIELD] anti_freeze_temp @ snapshots/2026-04-22/ST_FloorHeating_Global_Config.dut:5 - DUT field appears unused as a member access.
[UNUSED_DUT_FIELD] overheat_temp @ snapshots/2026-04-22/ST_FloorHeating_Global_Config.dut:6 - DUT field appears unused as a member access.
[UNUSED_DUT_FIELD] weather_compensation_enabled @ snapshots/2026-04-22/ST_FloorHeating_Global_Config.dut:7 - DUT field appears unused as a member access.
[UNUSED_DUT_FIELD] total_circuits @ snapshots/2026-04-22/ST_FloorHeating_Global_Config.dut:8 - DUT field appears unused as a member access.
[UNUSED_DUT_FIELD] Outdoor_Temp @ snapshots/2026-04-22/ST_System_State_Summary.dut:4 - DUT field appears unused as a member access.
[UNUSED_DUT_FIELD] Indoor_Temp @ snapshots/2026-04-22/ST_System_State_Summary.dut:5 - DUT field appears unused as a member access.
[UNUSED_DUT_FIELD] Floor_Temps @ snapshots/2026-04-22/ST_System_State_Summary.dut:6 - DUT field appears unused as a member access.
[UNUSED_DUT_FIELD] Humidity @ snapshots/2026-04-22/ST_System_State_Summary.dut:7 - DUT field appears unused as a member access.
[UNUSED_DUT_FIELD] CO2 @ snapshots/2026-04-22/ST_System_State_Summary.dut:8 - DUT field appears unused as a member access.
[UNUSED_DUT_FIELD] Security_Alarm @ snapshots/2026-04-22/ST_System_State_Summary.dut:12 - DUT field appears unused as a member access.
[UNUSED_DUT_FIELD] Emergency_Two_Stage_Enabled @ snapshots/2026-04-22/ST_Flood_Config.dut:4 - DUT field appears unused as a member access.
[UNUSED_DUT_FIELD] Valve_Test_Period_Days @ snapshots/2026-04-22/ST_Flood_Config.dut:5 - DUT field appears unused as a member access.
[UNUSED_DUT_FIELD] Current_Threshold_MA @ snapshots/2026-04-22/ST_Flood_Config.dut:6 - DUT field appears unused as a member access.
[UNUSED_DUT_FIELD] maintenance_enabled @ snapshots/2026-04-22/ST_Maintenance_Access_Config.dut:4 - DUT field appears unused as a member access.
[UNUSED_DUT_FIELD] max_duration_minutes @ snapshots/2026-04-22/ST_Maintenance_Access_Config.dut:5 - DUT field appears unused as a member access.
[UNUSED_DUT_FIELD] requires_two_person @ snapshots/2026-04-22/ST_Maintenance_Access_Config.dut:6 - DUT field appears unused as a member access.
[UNUSED_DUT_FIELD] access_level_required @ snapshots/2026-04-22/ST_Maintenance_Access_Config.dut:7 - DUT field appears unused as a member access.
[UNUSED_DUT_FIELD] unit_id @ snapshots/2026-04-22/ST_Ventilation_Unit_Config.dut:4 - DUT field appears unused as a member access.
[UNUSED_DUT_FIELD] unit_type @ snapshots/2026-04-22/ST_Ventilation_Unit_Config.dut:5 - DUT field appears unused as a member access.
[UNUSED_DUT_FIELD] location @ snapshots/2026-04-22/ST_Ventilation_Unit_Config.dut:6 - DUT field appears unused as a member access.
[UNUSED_DUT_FIELD] min_speed @ snapshots/2026-04-22/ST_Ventilation_Unit_Config.dut:7 - DUT field appears unused as a member access.
[UNUSED_DUT_FIELD] max_speed @ snapshots/2026-04-22/ST_Ventilation_Unit_Config.dut:8 - DUT field appears unused as a member access.
[UNUSED_DUT_FIELD] has_smoke_detector @ snapshots/2026-04-22/ST_Ventilation_Unit_Config.dut:10 - DUT field appears unused as a member access.
[UNUSED_DUT_FIELD] current_scenario @ snapshots/2026-04-22/ST_Scenario_Transition_Config.dut:4 - DUT field appears unused as a member access.
[UNUSED_DUT_FIELD] min_duration_minutes @ snapshots/2026-04-22/ST_Scenario_Transition_Config.dut:6 - DUT field appears unused as a member access.
[UNUSED_DUT_FIELD] transition_allowed @ snapshots/2026-04-22/ST_Scenario_Transition_Config.dut:7 - DUT field appears unused as a member access.
[UNUSED_DUT_FIELD] CO2_Threshold @ snapshots/2026-04-22/ST_Ventilation_Config.dut:4 - DUT field appears unused as a member access.
[UNUSED_DUT_FIELD] Humidity_Threshold @ snapshots/2026-04-22/ST_Ventilation_Config.dut:5 - DUT field appears unused as a member access.
[UNUSED_DUT_FIELD] Night_Mode_Start @ snapshots/2026-04-22/ST_Ventilation_Config.dut:6 - DUT field appears unused as a member access.
[UNUSED_DUT_FIELD] Night_Mode_End @ snapshots/2026-04-22/ST_Ventilation_Config.dut:7 - DUT field appears unused as a member access.
[UNUSED_DUT_FIELD] last_modified @ snapshots/2026-04-22/ST_Operator_Zone_Rights.dut:7 - DUT field appears unused as a member access.
[UNUSED_DUT_FIELD] lighting_circuit_id @ snapshots/2026-04-22/ST_Outdoor_Zone_Config.dut:5 - DUT field appears unused as a member access.
[UNUSED_DUT_FIELD] auto_enabled @ snapshots/2026-04-22/ST_Outdoor_Zone_Config.dut:6 - DUT field appears unused as a member access.
[UNUSED_DUT_FIELD] party_mode_enabled @ snapshots/2026-04-22/ST_Outdoor_Zone_Config.dut:7 - DUT field appears unused as a member access.
[UNUSED_DUT_FIELD] value @ snapshots/2026-04-22/ST_Trend_History_Record.dut:5 - DUT field appears unused as a member access.
[UNUSED_DUT_FIELD] status @ snapshots/2026-04-22/ST_Calibration_Family_Summary.dut:5 - DUT field appears unused as a member access.
[UNUSED_DUT_FIELD] sensor_count @ snapshots/2026-04-22/ST_Calibration_Family_Summary.dut:6 - DUT field appears unused as a member access.
[UNUSED_DUT_FIELD] verification_active_count @ snapshots/2026-04-22/ST_Calibration_Family_Summary.dut:7 - DUT field appears unused as a member access.
[UNUSED_DUT_FIELD] failed_count @ snapshots/2026-04-22/ST_Calibration_Family_Summary.dut:8 - DUT field appears unused as a member access.
[UNUSED_DUT_FIELD] max_deviation_percent @ snapshots/2026-04-22/ST_Calibration_Family_Summary.dut:9 - DUT field appears unused as a member access.
[UNUSED_DUT_FIELD] summary_text @ snapshots/2026-04-22/ST_Calibration_Family_Summary.dut:10 - DUT field appears unused as a member access.
[UNUSED_DUT_FIELD] Armed @ snapshots/2026-04-22/ST_Security_Zone_State.dut:4 - DUT field appears unused as a member access.
[UNUSED_DUT_FIELD] Alarm @ snapshots/2026-04-22/ST_Security_Zone_State.dut:5 - DUT field appears unused as a member access.
[UNUSED_DUT_FIELD] Bypassed @ snapshots/2026-04-22/ST_Security_Zone_State.dut:6 - DUT field appears unused as a member access.
[UNUSED_DUT_FIELD] Last_Trigger_Time @ snapshots/2026-04-22/ST_Security_Zone_State.dut:7 - DUT field appears unused as a member access.
[UNUSED_DUT_FIELD] Trigger_Count @ snapshots/2026-04-22/ST_Security_Zone_State.dut:8 - DUT field appears unused as a member access.
[UNUSED_DUT_FIELD] status @ snapshots/2026-04-22/ST_Calibration_Sensor_Summary.dut:5 - DUT field appears unused as a member access.
[UNUSED_DUT_FIELD] calibrated_value @ snapshots/2026-04-22/ST_Calibration_Sensor_Summary.dut:6 - DUT field appears unused as a member access.
[UNUSED_DUT_FIELD] deviation_percent @ snapshots/2026-04-22/ST_Calibration_Sensor_Summary.dut:7 - DUT field appears unused as a member access.
[UNUSED_DUT_FIELD] verification_active @ snapshots/2026-04-22/ST_Calibration_Sensor_Summary.dut:8 - DUT field appears unused as a member access.
[UNUSED_DUT_FIELD] verification_failed @ snapshots/2026-04-22/ST_Calibration_Sensor_Summary.dut:9 - DUT field appears unused as a member access.
[UNUSED_DUT_FIELD] record_index @ snapshots/2026-04-22/ST_Calibration_Sensor_Summary.dut:10 - DUT field appears unused as a member access.
[UNUSED_DUT_FIELD] label @ snapshots/2026-04-22/ST_Calibration_Sensor_Summary.dut:11 - DUT field appears unused as a member access.
[UNUSED_DUT_FIELD] summary_text @ snapshots/2026-04-22/ST_Calibration_Sensor_Summary.dut:12 - DUT field appears unused as a member access.
[UNUSED_DUT_FIELD] valve_types @ snapshots/2026-04-22/ST_Flood_Global_Config.dut:4 - DUT field appears unused as a member access.
[UNUSED_DUT_FIELD] Scenario_Priority @ snapshots/2026-04-22/ST_Ventilation_Scenario_Mode.dut:5 - DUT field appears unused as a member access.
[UNUSED_DUT_FIELD] Methane_Alarm @ snapshots/2026-04-22/ST_Ventilation_Scenario_Mode.dut:7 - DUT field appears unused as a member access.
[UNUSED_DUT_FIELD] Smoke_Detected @ snapshots/2026-04-22/ST_Ventilation_Scenario_Mode.dut:8 - DUT field appears unused as a member access.
[UNUSED_DUT_FIELD] Exhaust_Modes @ snapshots/2026-04-22/ST_Ventilation_Scenario_Mode.dut:9 - DUT field appears unused as a member access.
[UNUSED_DUT_FIELD] Supply_Modes @ snapshots/2026-04-22/ST_Ventilation_Scenario_Mode.dut:10 - DUT field appears unused as a member access.
[UNUSED_DUT_FIELD] Backup_Pump_Recovered_After_Retry @ snapshots/2026-04-22/ST_System_Diagnostics.dut:8 - DUT field appears unused as a member access.
[UNUSED_DUT_FIELD] Electric_Heater_Recovered_After_Retry @ snapshots/2026-04-22/ST_System_Diagnostics.dut:9 - DUT field appears unused as a member access.
[UNUSED_DUT_FIELD] Pump_Exercise_Active @ snapshots/2026-04-22/ST_System_Diagnostics.dut:13 - DUT field appears unused as a member access.
[UNUSED_DUT_FIELD] Pump_Exercise_Failed @ snapshots/2026-04-22/ST_System_Diagnostics.dut:14 - DUT field appears unused as a member access.
[UNUSED_DUT_FIELD] Pump_Exercise_Last_Equipment @ snapshots/2026-04-22/ST_System_Diagnostics.dut:15 - DUT field appears unused as a member access.
[UNUSED_DUT_FIELD] Pump_Exercise_Last_Result @ snapshots/2026-04-22/ST_System_Diagnostics.dut:16 - DUT field appears unused as a member access.
[UNUSED_DUT_FIELD] Pump_Exercise_No_Feedback_Count @ snapshots/2026-04-22/ST_System_Diagnostics.dut:17 - DUT field appears unused as a member access.
[UNUSED_DUT_FIELD] Manifold_Pump_Exercise_Count @ snapshots/2026-04-22/ST_System_Diagnostics.dut:18 - DUT field appears unused as a member access.
[UNUSED_DUT_FIELD] DHW_Heating_Pump_Exercise_Count @ snapshots/2026-04-22/ST_System_Diagnostics.dut:19 - DUT field appears unused as a member access.
[UNUSED_DUT_FIELD] DHW_Circ_Pump_Exercise_Count @ snapshots/2026-04-22/ST_System_Diagnostics.dut:20 - DUT field appears unused as a member access.
[UNUSED_DUT_FIELD] Backup_Pump_Exercise_Count @ snapshots/2026-04-22/ST_System_Diagnostics.dut:21 - DUT field appears unused as a member access.
[UNUSED_DUT_FIELD] Pump_Exercise_Event_Seq @ snapshots/2026-04-22/ST_System_Diagnostics.dut:22 - DUT field appears unused as a member access.
[UNUSED_DUT_FIELD] Pump_Exercise_Journal_1 @ snapshots/2026-04-22/ST_System_Diagnostics.dut:23 - DUT field appears unused as a member access.
[UNUSED_DUT_FIELD] Pump_Exercise_Journal_2 @ snapshots/2026-04-22/ST_System_Diagnostics.dut:24 - DUT field appears unused as a member access.
[UNUSED_DUT_FIELD] Pump_Exercise_Journal_3 @ snapshots/2026-04-22/ST_System_Diagnostics.dut:25 - DUT field appears unused as a member access.
[UNUSED_DUT_FIELD] Pump_Exercise_Journal_Last_Seq @ snapshots/2026-04-22/ST_System_Diagnostics.dut:26 - DUT field appears unused as a member access.
[UNUSED_DUT_FIELD] Pump_Maintenance_Required @ snapshots/2026-04-22/ST_System_Diagnostics.dut:28 - DUT field appears unused as a member access.
[UNUSED_DUT_FIELD] Pump_Maintenance_Warning @ snapshots/2026-04-22/ST_System_Diagnostics.dut:29 - DUT field appears unused as a member access.
[UNUSED_DUT_FIELD] Valve_Test_Mode_Active @ snapshots/2026-04-22/ST_System_Diagnostics.dut:52 - DUT field appears unused as a member access.
[UNUSED_DUT_FIELD] Valve_Test_Deadline_MS @ snapshots/2026-04-22/ST_System_Diagnostics.dut:53 - DUT field appears unused as a member access.
[UNUSED_DUT_FIELD] Valve_Test_Remaining_MS @ snapshots/2026-04-22/ST_System_Diagnostics.dut:54 - DUT field appears unused as a member access.
[UNUSED_DUT_FIELD] parameter_type @ snapshots/2026-04-22/ST_Trend_Header.dut:4 - DUT field appears unused as a member access.
[UNUSED_DUT_FIELD] records_count @ snapshots/2026-04-22/ST_Trend_Header.dut:6 - DUT field appears unused as a member access.
[UNUSED_DUT_FIELD] average_value @ snapshots/2026-04-22/ST_Trend_Header.dut:7 - DUT field appears unused as a member access.
[UNUSED_DUT_FIELD] min_value @ snapshots/2026-04-22/ST_Trend_Header.dut:8 - DUT field appears unused as a member access.
[UNUSED_DUT_FIELD] max_value @ snapshots/2026-04-22/ST_Trend_Header.dut:9 - DUT field appears unused as a member access.
[UNUSED_DUT_FIELD] circuit_id @ snapshots/2026-04-22/ST_FloorHeating_Circuit_Config.dut:4 - DUT field appears unused as a member access.
[UNUSED_DUT_FIELD] valve_id @ snapshots/2026-04-22/ST_FloorHeating_Circuit_Config.dut:8 - DUT field appears unused as a member access.
[UNUSED_DUT_FIELD] scenario_id @ snapshots/2026-04-29/ST_Scenario_Config.dut:4 - DUT field appears unused as a member access.
[UNUSED_DUT_FIELD] lighting_level_accent @ snapshots/2026-04-29/ST_Scenario_Config.dut:6 - DUT field appears unused as a member access.
[UNUSED_DUT_FIELD] ventilation_speed_percent @ snapshots/2026-04-29/ST_Scenario_Config.dut:8 - DUT field appears unused as a member access.
[UNUSED_DUT_FIELD] sockets_enabled @ snapshots/2026-04-29/ST_Scenario_Config.dut:9 - DUT field appears unused as a member access.
[UNUSED_DUT_FIELD] enable_ventilation @ snapshots/2026-04-29/ST_Ventilation_Global_Config.dut:4 - DUT field appears unused as a member access.
[UNUSED_DUT_FIELD] total_units @ snapshots/2026-04-29/ST_Ventilation_Global_Config.dut:5 - DUT field appears unused as a member access.
[UNUSED_DUT_FIELD] default_exhaust_speed @ snapshots/2026-04-29/ST_Ventilation_Global_Config.dut:7 - DUT field appears unused as a member access.
[UNUSED_DUT_FIELD] sensor_type @ snapshots/2026-04-29/ST_Sensor_Calibration_Record.dut:5 - DUT field appears unused as a member access.
[UNUSED_DUT_FIELD] last_calibration_timestamp @ snapshots/2026-04-29/ST_Sensor_Calibration_Record.dut:9 - DUT field appears unused as a member access.
[UNUSED_DUT_FIELD] verification_passed @ snapshots/2026-04-29/ST_Sensor_Calibration_Record.dut:10 - DUT field appears unused as a member access.
[UNUSED_DUT_FIELD] scenario_id @ snapshots/2026-04-29/ST_State_Snapshot.dut:6 - DUT field appears unused as a member access.
[UNUSED_DUT_FIELD] lighting_levels @ snapshots/2026-04-29/ST_State_Snapshot.dut:7 - DUT field appears unused as a member access.
[UNUSED_DUT_FIELD] floor_heating_setpoints @ snapshots/2026-04-29/ST_State_Snapshot.dut:8 - DUT field appears unused as a member access.
[UNUSED_DUT_FIELD] alarm_active @ snapshots/2026-04-29/ST_State_Snapshot.dut:9 - DUT field appears unused as a member access.
[UNUSED_DUT_FIELD] sunrise_ms @ snapshots/2026-04-29/ST_Astro_Time.dut:4 - DUT field appears unused as a member access.
[UNUSED_DUT_FIELD] sunset_ms @ snapshots/2026-04-29/ST_Astro_Time.dut:5 - DUT field appears unused as a member access.
[UNUSED_DUT_FIELD] is_daylight @ snapshots/2026-04-29/ST_Astro_Time.dut:6 - DUT field appears unused as a member access.
[UNUSED_DUT_FIELD] uiCycleTime @ snapshots/2026-04-29/ST_Owen_Analog_Value.dut:5 - DUT field appears unused as a member access.
[UNUSED_DUT_FIELD] valve_id @ snapshots/2026-04-29/ST_Valve_Test_Config.dut:4 - DUT field appears unused as a member access.
[UNUSED_DUT_FIELD] valve_id @ snapshots/2026-04-29/ST_Gas_Valve_Configuration.dut:4 - DUT field appears unused as a member access.
[UNUSED_DUT_FIELD] valve_type @ snapshots/2026-04-29/ST_Gas_Valve_Configuration.dut:5 - DUT field appears unused as a member access.
[UNUSED_DUT_FIELD] close_time_seconds @ snapshots/2026-04-29/ST_Gas_Valve_Configuration.dut:6 - DUT field appears unused as a member access.
[UNUSED_DUT_FIELD] open_time_seconds @ snapshots/2026-04-29/ST_Gas_Valve_Configuration.dut:7 - DUT field appears unused as a member access.
[UNUSED_DUT_FIELD] emergency_open_allowed @ snapshots/2026-04-29/ST_Gas_Valve_Configuration.dut:8 - DUT field appears unused as a member access.
[UNUSED_DUT_FIELD] Is_Faulty @ snapshots/2026-04-29/ST_Component_Maintenance.dut:4 - DUT field appears unused as a member access.
[UNUSED_DUT_FIELD] Is_In_Maintenance @ snapshots/2026-04-29/ST_Component_Maintenance.dut:5 - DUT field appears unused as a member access.
[UNUSED_DUT_FIELD] Fallback_Value @ snapshots/2026-04-29/ST_Component_Maintenance.dut:6 - DUT field appears unused as a member access.
[UNUSED_DUT_FIELD] Use_Last_Good_Value @ snapshots/2026-04-29/ST_Component_Maintenance.dut:7 - DUT field appears unused as a member access.
[UNUSED_DUT_FIELD] PIN_Code @ snapshots/2026-04-29/ST_Security_Global_Config.dut:4 - DUT field appears unused as a member access.
[UNUSED_DUT_FIELD] Phones @ snapshots/2026-04-29/ST_Security_Global_Config.dut:5 - DUT field appears unused as a member access.
[UNUSED_DUT_FIELD] alarm_duration_seconds @ snapshots/2026-04-29/ST_Security_Global_Config.dut:8 - DUT field appears unused as a member access.
[UNUSED_DUT_FIELD] two_person_timeout_seconds @ snapshots/2026-04-29/ST_Security_Global_Config.dut:9 - DUT field appears unused as a member access.
[UNUSED_DUT_FIELD] max_access_attempts @ snapshots/2026-04-29/ST_Security_Global_Config.dut:10 - DUT field appears unused as a member access.
[UNUSED_DUT_FIELD] Power_Percent @ snapshots/2026-04-29/ST_Boiler_Status.dut:9 - DUT field appears unused as a member access.
[UNUSED_DUT_FIELD] Current_Power @ snapshots/2026-04-29/ST_Boiler_Status.dut:10 - DUT field appears unused as a member access.
[UNUSED_DUT_FIELD] Last_Start @ snapshots/2026-04-29/ST_Boiler_Status.dut:14 - DUT field appears unused as a member access.
[UNUSED_DUT_FIELD] AuthMethod @ snapshots/2026-04-29/ST_TwoFactor_Data.dut:5 - DUT field appears unused as a member access.
[UNUSED_DUT_FIELD] rfid_tag @ snapshots/2026-04-29/ST_TwoFactor_Data.dut:6 - DUT field appears unused as a member access.
[UNUSED_DUT_FIELD] totp_secret @ snapshots/2026-04-29/ST_TwoFactor_Data.dut:7 - DUT field appears unused as a member access.
[UNUSED_DUT_FIELD] last_modified @ snapshots/2026-04-29/ST_TwoFactor_Data.dut:8 - DUT field appears unused as a member access.
[UNUSED_DUT_FIELD] Night_Reduction @ snapshots/2026-04-29/ST_Heating_Config.dut:8 - DUT field appears unused as a member access.
[UNUSED_DUT_FIELD] Target_Room_Temp @ snapshots/2026-04-29/ST_Heating_Config.dut:10 - DUT field appears unused as a member access.
[UNUSED_DUT_FIELD] Speed_Percent @ snapshots/2026-04-29/ST_Ventilation_Unit.dut:5 - DUT field appears unused as a member access.
[UNUSED_DUT_FIELD] Mode @ snapshots/2026-04-29/ST_Ventilation_Unit.dut:8 - DUT field appears unused as a member access.
[UNUSED_DUT_FIELD] location @ snapshots/2026-04-29/ST_FloorHeating_Manifold_Config.dut:5 - DUT field appears unused as a member access.
[UNUSED_DUT_FIELD] nominal_flow @ snapshots/2026-04-29/ST_FloorHeating_Manifold_Config.dut:6 - DUT field appears unused as a member access.
[UNUSED_DUT_FIELD] enable_pump @ snapshots/2026-04-29/ST_FloorHeating_Manifold_Config.dut:7 - DUT field appears unused as a member access.
[UNUSED_DUT_FIELD] circuits @ snapshots/2026-04-29/ST_FloorHeating_Manifold_Config.dut:8 - DUT field appears unused as a member access.
[UNUSED_DUT_FIELD] Temp_Room @ snapshots/2026-04-29/ST_Zone_Sensors.dut:4 - DUT field appears unused as a member access.
[UNUSED_DUT_FIELD] Temp_Floor @ snapshots/2026-04-29/ST_Zone_Sensors.dut:5 - DUT field appears unused as a member access.
[UNUSED_DUT_FIELD] Switch_Physical @ snapshots/2026-04-29/ST_Zone_Sensors.dut:7 - DUT field appears unused as a member access.
[UNUSED_DUT_FIELD] Light_State @ snapshots/2026-04-29/ST_Zone_Sensors.dut:8 - DUT field appears unused as a member access.
[UNUSED_DUT_FIELD] Maintenance @ snapshots/2026-04-29/ST_Zone_Sensors.dut:9 - DUT field appears unused as a member access.
[UNUSED_DUT_FIELD] enable_floor_heating @ snapshots/2026-04-29/ST_FloorHeating_Global_Config.dut:4 - DUT field appears unused as a member access.
[UNUSED_DUT_FIELD] anti_freeze_temp @ snapshots/2026-04-29/ST_FloorHeating_Global_Config.dut:5 - DUT field appears unused as a member access.
[UNUSED_DUT_FIELD] overheat_temp @ snapshots/2026-04-29/ST_FloorHeating_Global_Config.dut:6 - DUT field appears unused as a member access.
[UNUSED_DUT_FIELD] weather_compensation_enabled @ snapshots/2026-04-29/ST_FloorHeating_Global_Config.dut:7 - DUT field appears unused as a member access.
[UNUSED_DUT_FIELD] total_circuits @ snapshots/2026-04-29/ST_FloorHeating_Global_Config.dut:8 - DUT field appears unused as a member access.
[UNUSED_DUT_FIELD] Outdoor_Temp @ snapshots/2026-04-29/ST_System_State_Summary.dut:4 - DUT field appears unused as a member access.
[UNUSED_DUT_FIELD] Indoor_Temp @ snapshots/2026-04-29/ST_System_State_Summary.dut:5 - DUT field appears unused as a member access.
[UNUSED_DUT_FIELD] Floor_Temps @ snapshots/2026-04-29/ST_System_State_Summary.dut:6 - DUT field appears unused as a member access.
[UNUSED_DUT_FIELD] Humidity @ snapshots/2026-04-29/ST_System_State_Summary.dut:7 - DUT field appears unused as a member access.
[UNUSED_DUT_FIELD] CO2 @ snapshots/2026-04-29/ST_System_State_Summary.dut:8 - DUT field appears unused as a member access.
[UNUSED_DUT_FIELD] Security_Alarm @ snapshots/2026-04-29/ST_System_State_Summary.dut:12 - DUT field appears unused as a member access.
[UNUSED_DUT_FIELD] Emergency_Two_Stage_Enabled @ snapshots/2026-04-29/ST_Flood_Config.dut:4 - DUT field appears unused as a member access.
[UNUSED_DUT_FIELD] Valve_Test_Period_Days @ snapshots/2026-04-29/ST_Flood_Config.dut:5 - DUT field appears unused as a member access.
[UNUSED_DUT_FIELD] Current_Threshold_MA @ snapshots/2026-04-29/ST_Flood_Config.dut:6 - DUT field appears unused as a member access.
[UNUSED_DUT_FIELD] maintenance_enabled @ snapshots/2026-04-29/ST_Maintenance_Access_Config.dut:4 - DUT field appears unused as a member access.
[UNUSED_DUT_FIELD] max_duration_minutes @ snapshots/2026-04-29/ST_Maintenance_Access_Config.dut:5 - DUT field appears unused as a member access.
[UNUSED_DUT_FIELD] requires_two_person @ snapshots/2026-04-29/ST_Maintenance_Access_Config.dut:6 - DUT field appears unused as a member access.
[UNUSED_DUT_FIELD] access_level_required @ snapshots/2026-04-29/ST_Maintenance_Access_Config.dut:7 - DUT field appears unused as a member access.
[UNUSED_DUT_FIELD] unit_id @ snapshots/2026-04-29/ST_Ventilation_Unit_Config.dut:4 - DUT field appears unused as a member access.
[UNUSED_DUT_FIELD] unit_type @ snapshots/2026-04-29/ST_Ventilation_Unit_Config.dut:5 - DUT field appears unused as a member access.
[UNUSED_DUT_FIELD] location @ snapshots/2026-04-29/ST_Ventilation_Unit_Config.dut:6 - DUT field appears unused as a member access.
[UNUSED_DUT_FIELD] min_speed @ snapshots/2026-04-29/ST_Ventilation_Unit_Config.dut:7 - DUT field appears unused as a member access.
[UNUSED_DUT_FIELD] max_speed @ snapshots/2026-04-29/ST_Ventilation_Unit_Config.dut:8 - DUT field appears unused as a member access.
[UNUSED_DUT_FIELD] has_smoke_detector @ snapshots/2026-04-29/ST_Ventilation_Unit_Config.dut:10 - DUT field appears unused as a member access.
[UNUSED_DUT_FIELD] current_scenario @ snapshots/2026-04-29/ST_Scenario_Transition_Config.dut:4 - DUT field appears unused as a member access.
[UNUSED_DUT_FIELD] min_duration_minutes @ snapshots/2026-04-29/ST_Scenario_Transition_Config.dut:6 - DUT field appears unused as a member access.
[UNUSED_DUT_FIELD] transition_allowed @ snapshots/2026-04-29/ST_Scenario_Transition_Config.dut:7 - DUT field appears unused as a member access.
[UNUSED_DUT_FIELD] CO2_Threshold @ snapshots/2026-04-29/ST_Ventilation_Config.dut:4 - DUT field appears unused as a member access.
[UNUSED_DUT_FIELD] Humidity_Threshold @ snapshots/2026-04-29/ST_Ventilation_Config.dut:5 - DUT field appears unused as a member access.
[UNUSED_DUT_FIELD] Night_Mode_Start @ snapshots/2026-04-29/ST_Ventilation_Config.dut:6 - DUT field appears unused as a member access.
[UNUSED_DUT_FIELD] Night_Mode_End @ snapshots/2026-04-29/ST_Ventilation_Config.dut:7 - DUT field appears unused as a member access.
[UNUSED_DUT_FIELD] last_modified @ snapshots/2026-04-29/ST_Operator_Zone_Rights.dut:7 - DUT field appears unused as a member access.
[UNUSED_DUT_FIELD] lighting_circuit_id @ snapshots/2026-04-29/ST_Outdoor_Zone_Config.dut:5 - DUT field appears unused as a member access.
[UNUSED_DUT_FIELD] auto_enabled @ snapshots/2026-04-29/ST_Outdoor_Zone_Config.dut:6 - DUT field appears unused as a member access.
[UNUSED_DUT_FIELD] party_mode_enabled @ snapshots/2026-04-29/ST_Outdoor_Zone_Config.dut:7 - DUT field appears unused as a member access.
[UNUSED_DUT_FIELD] value @ snapshots/2026-04-29/ST_Trend_History_Record.dut:5 - DUT field appears unused as a member access.
[UNUSED_DUT_FIELD] status @ snapshots/2026-04-29/ST_Calibration_Family_Summary.dut:5 - DUT field appears unused as a member access.
[UNUSED_DUT_FIELD] sensor_count @ snapshots/2026-04-29/ST_Calibration_Family_Summary.dut:6 - DUT field appears unused as a member access.
[UNUSED_DUT_FIELD] verification_active_count @ snapshots/2026-04-29/ST_Calibration_Family_Summary.dut:7 - DUT field appears unused as a member access.
[UNUSED_DUT_FIELD] failed_count @ snapshots/2026-04-29/ST_Calibration_Family_Summary.dut:8 - DUT field appears unused as a member access.
[UNUSED_DUT_FIELD] max_deviation_percent @ snapshots/2026-04-29/ST_Calibration_Family_Summary.dut:9 - DUT field appears unused as a member access.
[UNUSED_DUT_FIELD] summary_text @ snapshots/2026-04-29/ST_Calibration_Family_Summary.dut:10 - DUT field appears unused as a member access.
[UNUSED_DUT_FIELD] Armed @ snapshots/2026-04-29/ST_Security_Zone_State.dut:4 - DUT field appears unused as a member access.
[UNUSED_DUT_FIELD] Alarm @ snapshots/2026-04-29/ST_Security_Zone_State.dut:5 - DUT field appears unused as a member access.
[UNUSED_DUT_FIELD] Bypassed @ snapshots/2026-04-29/ST_Security_Zone_State.dut:6 - DUT field appears unused as a member access.
[UNUSED_DUT_FIELD] Last_Trigger_Time @ snapshots/2026-04-29/ST_Security_Zone_State.dut:7 - DUT field appears unused as a member access.
[UNUSED_DUT_FIELD] Trigger_Count @ snapshots/2026-04-29/ST_Security_Zone_State.dut:8 - DUT field appears unused as a member access.
[UNUSED_DUT_FIELD] status @ snapshots/2026-04-29/ST_Calibration_Sensor_Summary.dut:5 - DUT field appears unused as a member access.
[UNUSED_DUT_FIELD] calibrated_value @ snapshots/2026-04-29/ST_Calibration_Sensor_Summary.dut:6 - DUT field appears unused as a member access.
[UNUSED_DUT_FIELD] deviation_percent @ snapshots/2026-04-29/ST_Calibration_Sensor_Summary.dut:7 - DUT field appears unused as a member access.
[UNUSED_DUT_FIELD] verification_active @ snapshots/2026-04-29/ST_Calibration_Sensor_Summary.dut:8 - DUT field appears unused as a member access.
[UNUSED_DUT_FIELD] verification_failed @ snapshots/2026-04-29/ST_Calibration_Sensor_Summary.dut:9 - DUT field appears unused as a member access.
[UNUSED_DUT_FIELD] record_index @ snapshots/2026-04-29/ST_Calibration_Sensor_Summary.dut:10 - DUT field appears unused as a member access.
[UNUSED_DUT_FIELD] label @ snapshots/2026-04-29/ST_Calibration_Sensor_Summary.dut:11 - DUT field appears unused as a member access.
[UNUSED_DUT_FIELD] summary_text @ snapshots/2026-04-29/ST_Calibration_Sensor_Summary.dut:12 - DUT field appears unused as a member access.
[UNUSED_DUT_FIELD] valve_types @ snapshots/2026-04-29/ST_Flood_Global_Config.dut:4 - DUT field appears unused as a member access.
[UNUSED_DUT_FIELD] Scenario_Priority @ snapshots/2026-04-29/ST_Ventilation_Scenario_Mode.dut:5 - DUT field appears unused as a member access.
[UNUSED_DUT_FIELD] Methane_Alarm @ snapshots/2026-04-29/ST_Ventilation_Scenario_Mode.dut:7 - DUT field appears unused as a member access.
[UNUSED_DUT_FIELD] Smoke_Detected @ snapshots/2026-04-29/ST_Ventilation_Scenario_Mode.dut:8 - DUT field appears unused as a member access.
[UNUSED_DUT_FIELD] Exhaust_Modes @ snapshots/2026-04-29/ST_Ventilation_Scenario_Mode.dut:9 - DUT field appears unused as a member access.
[UNUSED_DUT_FIELD] Supply_Modes @ snapshots/2026-04-29/ST_Ventilation_Scenario_Mode.dut:10 - DUT field appears unused as a member access.
[UNUSED_DUT_FIELD] Backup_Pump_Recovered_After_Retry @ snapshots/2026-04-29/ST_System_Diagnostics.dut:8 - DUT field appears unused as a member access.
[UNUSED_DUT_FIELD] Electric_Heater_Recovered_After_Retry @ snapshots/2026-04-29/ST_System_Diagnostics.dut:9 - DUT field appears unused as a member access.
[UNUSED_DUT_FIELD] Pump_Exercise_Active @ snapshots/2026-04-29/ST_System_Diagnostics.dut:13 - DUT field appears unused as a member access.
[UNUSED_DUT_FIELD] Pump_Exercise_Failed @ snapshots/2026-04-29/ST_System_Diagnostics.dut:14 - DUT field appears unused as a member access.
[UNUSED_DUT_FIELD] Pump_Exercise_Last_Equipment @ snapshots/2026-04-29/ST_System_Diagnostics.dut:15 - DUT field appears unused as a member access.
[UNUSED_DUT_FIELD] Pump_Exercise_Last_Result @ snapshots/2026-04-29/ST_System_Diagnostics.dut:16 - DUT field appears unused as a member access.
[UNUSED_DUT_FIELD] Pump_Exercise_No_Feedback_Count @ snapshots/2026-04-29/ST_System_Diagnostics.dut:17 - DUT field appears unused as a member access.
[UNUSED_DUT_FIELD] Manifold_Pump_Exercise_Count @ snapshots/2026-04-29/ST_System_Diagnostics.dut:18 - DUT field appears unused as a member access.
[UNUSED_DUT_FIELD] DHW_Heating_Pump_Exercise_Count @ snapshots/2026-04-29/ST_System_Diagnostics.dut:19 - DUT field appears unused as a member access.
[UNUSED_DUT_FIELD] DHW_Circ_Pump_Exercise_Count @ snapshots/2026-04-29/ST_System_Diagnostics.dut:20 - DUT field appears unused as a member access.
[UNUSED_DUT_FIELD] Backup_Pump_Exercise_Count @ snapshots/2026-04-29/ST_System_Diagnostics.dut:21 - DUT field appears unused as a member access.
[UNUSED_DUT_FIELD] Pump_Exercise_Event_Seq @ snapshots/2026-04-29/ST_System_Diagnostics.dut:22 - DUT field appears unused as a member access.
[UNUSED_DUT_FIELD] Pump_Exercise_Journal_1 @ snapshots/2026-04-29/ST_System_Diagnostics.dut:23 - DUT field appears unused as a member access.
[UNUSED_DUT_FIELD] Pump_Exercise_Journal_2 @ snapshots/2026-04-29/ST_System_Diagnostics.dut:24 - DUT field appears unused as a member access.
[UNUSED_DUT_FIELD] Pump_Exercise_Journal_3 @ snapshots/2026-04-29/ST_System_Diagnostics.dut:25 - DUT field appears unused as a member access.
[UNUSED_DUT_FIELD] Pump_Exercise_Journal_Last_Seq @ snapshots/2026-04-29/ST_System_Diagnostics.dut:26 - DUT field appears unused as a member access.
[UNUSED_DUT_FIELD] Pump_Maintenance_Required @ snapshots/2026-04-29/ST_System_Diagnostics.dut:28 - DUT field appears unused as a member access.
[UNUSED_DUT_FIELD] Pump_Maintenance_Warning @ snapshots/2026-04-29/ST_System_Diagnostics.dut:29 - DUT field appears unused as a member access.
[UNUSED_DUT_FIELD] Valve_Test_Mode_Active @ snapshots/2026-04-29/ST_System_Diagnostics.dut:52 - DUT field appears unused as a member access.
[UNUSED_DUT_FIELD] Valve_Test_Deadline_MS @ snapshots/2026-04-29/ST_System_Diagnostics.dut:53 - DUT field appears unused as a member access.
[UNUSED_DUT_FIELD] Valve_Test_Remaining_MS @ snapshots/2026-04-29/ST_System_Diagnostics.dut:54 - DUT field appears unused as a member access.
[UNUSED_DUT_FIELD] Manifold_Return_Temp_Fault @ snapshots/2026-04-29/ST_System_Diagnostics.dut:121 - DUT field appears unused as a member access.
[UNUSED_DUT_FIELD] Manifold_Return_Temp_Diag_Code @ snapshots/2026-04-29/ST_System_Diagnostics.dut:122 - DUT field appears unused as a member access.
[UNUSED_DUT_FIELD] Manifold_Return_Temp_First_Fault_Index @ snapshots/2026-04-29/ST_System_Diagnostics.dut:124 - DUT field appears unused as a member access.
[UNUSED_DUT_FIELD] Manifold_Return_Temp_Fault_Text @ snapshots/2026-04-29/ST_System_Diagnostics.dut:125 - DUT field appears unused as a member access.
[UNUSED_DUT_FIELD] Manifold_Sensor_Fault_Count @ snapshots/2026-04-29/ST_System_Diagnostics.dut:127 - DUT field appears unused as a member access.
[UNUSED_DUT_FIELD] Manifold_Sensor_Out_Of_Service @ snapshots/2026-04-29/ST_System_Diagnostics.dut:128 - DUT field appears unused as a member access.
[UNUSED_DUT_FIELD] Manifold_Sensor_Out_Of_Service_Active @ snapshots/2026-04-29/ST_System_Diagnostics.dut:129 - DUT field appears unused as a member access.
[UNUSED_DUT_FIELD] Manifold_Sensor_First_OOS_Index @ snapshots/2026-04-29/ST_System_Diagnostics.dut:130 - DUT field appears unused as a member access.
[UNUSED_DUT_FIELD] Manifold_Sensor_OOS_Text @ snapshots/2026-04-29/ST_System_Diagnostics.dut:131 - DUT field appears unused as a member access.
[UNUSED_DUT_FIELD] parameter_type @ snapshots/2026-04-29/ST_Trend_Header.dut:4 - DUT field appears unused as a member access.
[UNUSED_DUT_FIELD] records_count @ snapshots/2026-04-29/ST_Trend_Header.dut:6 - DUT field appears unused as a member access.
[UNUSED_DUT_FIELD] average_value @ snapshots/2026-04-29/ST_Trend_Header.dut:7 - DUT field appears unused as a member access.
[UNUSED_DUT_FIELD] min_value @ snapshots/2026-04-29/ST_Trend_Header.dut:8 - DUT field appears unused as a member access.
[UNUSED_DUT_FIELD] max_value @ snapshots/2026-04-29/ST_Trend_Header.dut:9 - DUT field appears unused as a member access.
[UNUSED_DUT_FIELD] circuit_id @ snapshots/2026-04-29/ST_FloorHeating_Circuit_Config.dut:4 - DUT field appears unused as a member access.
[UNUSED_DUT_FIELD] valve_id @ snapshots/2026-04-29/ST_FloorHeating_Circuit_Config.dut:8 - DUT field appears unused as a member access.
[UNUSED_DUT_FIELD] scenario_id @ snapshots/2026-05-12/ST_Scenario_Config.dut:4 - DUT field appears unused as a member access.
[UNUSED_DUT_FIELD] lighting_level_accent @ snapshots/2026-05-12/ST_Scenario_Config.dut:6 - DUT field appears unused as a member access.
[UNUSED_DUT_FIELD] ventilation_speed_percent @ snapshots/2026-05-12/ST_Scenario_Config.dut:8 - DUT field appears unused as a member access.
[UNUSED_DUT_FIELD] sockets_enabled @ snapshots/2026-05-12/ST_Scenario_Config.dut:9 - DUT field appears unused as a member access.
[UNUSED_DUT_FIELD] enable_ventilation @ snapshots/2026-05-12/ST_Ventilation_Global_Config.dut:4 - DUT field appears unused as a member access.
[UNUSED_DUT_FIELD] total_units @ snapshots/2026-05-12/ST_Ventilation_Global_Config.dut:5 - DUT field appears unused as a member access.
[UNUSED_DUT_FIELD] default_exhaust_speed @ snapshots/2026-05-12/ST_Ventilation_Global_Config.dut:7 - DUT field appears unused as a member access.
[UNUSED_DUT_FIELD] Meta_Analytics_Visible @ snapshots/2026-05-12/ST_Heating_Runtime_Meta_Supervision.dut:8 - DUT field appears unused as a member access.
[UNUSED_DUT_FIELD] Meta_Analytics_Degraded @ snapshots/2026-05-12/ST_Heating_Runtime_Meta_Supervision.dut:9 - DUT field appears unused as a member access.
[UNUSED_DUT_FIELD] Meta_Analytics_Attention @ snapshots/2026-05-12/ST_Heating_Runtime_Meta_Supervision.dut:10 - DUT field appears unused as a member access.
[UNUSED_DUT_FIELD] Supervision_Integrity_Visible @ snapshots/2026-05-12/ST_Heating_Runtime_Meta_Supervision.dut:15 - DUT field appears unused as a member access.
[UNUSED_DUT_FIELD] Supervision_Integrity_Observation @ snapshots/2026-05-12/ST_Heating_Runtime_Meta_Supervision.dut:16 - DUT field appears unused as a member access.
[UNUSED_DUT_FIELD] Adaptive_Drift_Visible @ snapshots/2026-05-12/ST_Heating_Runtime_Meta_Supervision.dut:21 - DUT field appears unused as a member access.
[UNUSED_DUT_FIELD] Adaptive_Drift_Observation @ snapshots/2026-05-12/ST_Heating_Runtime_Meta_Supervision.dut:22 - DUT field appears unused as a member access.
[UNUSED_DUT_FIELD] Confidence_Degradation_Visible @ snapshots/2026-05-12/ST_Heating_Runtime_Meta_Supervision.dut:27 - DUT field appears unused as a member access.
[UNUSED_DUT_FIELD] Confidence_Degradation_Observation @ snapshots/2026-05-12/ST_Heating_Runtime_Meta_Supervision.dut:28 - DUT field appears unused as a member access.
[UNUSED_DUT_FIELD] Analytics_Consistency_Visible @ snapshots/2026-05-12/ST_Heating_Runtime_Meta_Supervision.dut:33 - DUT field appears unused as a member access.
[UNUSED_DUT_FIELD] Analytics_Consistency_Observation @ snapshots/2026-05-12/ST_Heating_Runtime_Meta_Supervision.dut:34 - DUT field appears unused as a member access.
[UNUSED_DUT_FIELD] Sequencing_Meta_Observation @ snapshots/2026-05-12/ST_Heating_Runtime_Meta_Supervision.dut:39 - DUT field appears unused as a member access.
[UNUSED_DUT_FIELD] Ownership_Meta_Observation @ snapshots/2026-05-12/ST_Heating_Runtime_Meta_Supervision.dut:40 - DUT field appears unused as a member access.
[UNUSED_DUT_FIELD] Synchronization_Meta_Observation @ snapshots/2026-05-12/ST_Heating_Runtime_Meta_Supervision.dut:41 - DUT field appears unused as a member access.
[UNUSED_DUT_FIELD] Base_Register @ snapshots/2026-05-12/ST_OpenTherm_Register_Map.dut:5 - DUT field appears unused as a member access.
[UNUSED_DUT_FIELD] Cmd_Seq_Lo_Offset @ snapshots/2026-05-12/ST_OpenTherm_Register_Map.dut:8 - DUT field appears unused as a member access.
[UNUSED_DUT_FIELD] Cmd_Seq_Hi_Offset @ snapshots/2026-05-12/ST_OpenTherm_Register_Map.dut:9 - DUT field appears unused as a member access.
[UNUSED_DUT_FIELD] Status_Heartbeat_Lo_Offset @ snapshots/2026-05-12/ST_OpenTherm_Register_Map.dut:11 - DUT field appears unused as a member access.
[UNUSED_DUT_FIELD] Status_Heartbeat_Hi_Offset @ snapshots/2026-05-12/ST_OpenTherm_Register_Map.dut:12 - DUT field appears unused as a member access.
[UNUSED_DUT_FIELD] Status_Ack_Seq_Lo_Offset @ snapshots/2026-05-12/ST_OpenTherm_Register_Map.dut:13 - DUT field appears unused as a member access.
[UNUSED_DUT_FIELD] Status_Ack_Seq_Hi_Offset @ snapshots/2026-05-12/ST_OpenTherm_Register_Map.dut:14 - DUT field appears unused as a member access.
[UNUSED_DUT_FIELD] Error_Code_Offset @ snapshots/2026-05-12/ST_OpenTherm_Register_Map.dut:16 - DUT field appears unused as a member access.
[UNUSED_DUT_FIELD] Modulation_x10_Offset @ snapshots/2026-05-12/ST_OpenTherm_Register_Map.dut:17 - DUT field appears unused as a member access.
[UNUSED_DUT_FIELD] Boiler_Temp_x10_Offset @ snapshots/2026-05-12/ST_OpenTherm_Register_Map.dut:18 - DUT field appears unused as a member access.
[UNUSED_DUT_FIELD] sensor_type @ snapshots/2026-05-12/ST_Sensor_Calibration_Record.dut:5 - DUT field appears unused as a member access.
[UNUSED_DUT_FIELD] last_calibration_timestamp @ snapshots/2026-05-12/ST_Sensor_Calibration_Record.dut:9 - DUT field appears unused as a member access.
[UNUSED_DUT_FIELD] verification_passed @ snapshots/2026-05-12/ST_Sensor_Calibration_Record.dut:10 - DUT field appears unused as a member access.
[UNUSED_DUT_FIELD] scenario_id @ snapshots/2026-05-12/ST_State_Snapshot.dut:6 - DUT field appears unused as a member access.
[UNUSED_DUT_FIELD] lighting_levels @ snapshots/2026-05-12/ST_State_Snapshot.dut:7 - DUT field appears unused as a member access.
[UNUSED_DUT_FIELD] floor_heating_setpoints @ snapshots/2026-05-12/ST_State_Snapshot.dut:8 - DUT field appears unused as a member access.
[UNUSED_DUT_FIELD] alarm_active @ snapshots/2026-05-12/ST_State_Snapshot.dut:9 - DUT field appears unused as a member access.
[UNUSED_DUT_FIELD] sunrise_ms @ snapshots/2026-05-12/ST_Astro_Time.dut:4 - DUT field appears unused as a member access.
[UNUSED_DUT_FIELD] sunset_ms @ snapshots/2026-05-12/ST_Astro_Time.dut:5 - DUT field appears unused as a member access.
[UNUSED_DUT_FIELD] is_daylight @ snapshots/2026-05-12/ST_Astro_Time.dut:6 - DUT field appears unused as a member access.
[UNUSED_DUT_FIELD] uiCycleTime @ snapshots/2026-05-12/ST_Owen_Analog_Value.dut:5 - DUT field appears unused as a member access.
[UNUSED_DUT_FIELD] Nodes @ snapshots/2026-05-12/ST_Heating_Runtime_Causality_Graph.dut:6 - DUT field appears unused as a member access.
[UNUSED_DUT_FIELD] Edges @ snapshots/2026-05-12/ST_Heating_Runtime_Causality_Graph.dut:11 - DUT field appears unused as a member access.
[UNUSED_DUT_FIELD] Node_Count @ snapshots/2026-05-12/ST_Heating_Runtime_Causality_Graph.dut:16 - DUT field appears unused as a member access.
[UNUSED_DUT_FIELD] Edge_Count @ snapshots/2026-05-12/ST_Heating_Runtime_Causality_Graph.dut:17 - DUT field appears unused as a member access.
[UNUSED_DUT_FIELD] Graph_Active @ snapshots/2026-05-12/ST_Heating_Runtime_Causality_Graph.dut:19 - DUT field appears unused as a member access.
[UNUSED_DUT_FIELD] Graph_Degraded @ snapshots/2026-05-12/ST_Heating_Runtime_Causality_Graph.dut:20 - DUT field appears unused as a member access.
[UNUSED_DUT_FIELD] Graph_Critical @ snapshots/2026-05-12/ST_Heating_Runtime_Causality_Graph.dut:21 - DUT field appears unused as a member access.
[UNUSED_DUT_FIELD] valve_id @ snapshots/2026-05-12/ST_Valve_Test_Config.dut:4 - DUT field appears unused as a member access.
[UNUSED_DUT_FIELD] valve_id @ snapshots/2026-05-12/ST_Gas_Valve_Configuration.dut:4 - DUT field appears unused as a member access.
[UNUSED_DUT_FIELD] valve_type @ snapshots/2026-05-12/ST_Gas_Valve_Configuration.dut:5 - DUT field appears unused as a member access.
[UNUSED_DUT_FIELD] close_time_seconds @ snapshots/2026-05-12/ST_Gas_Valve_Configuration.dut:6 - DUT field appears unused as a member access.
[UNUSED_DUT_FIELD] open_time_seconds @ snapshots/2026-05-12/ST_Gas_Valve_Configuration.dut:7 - DUT field appears unused as a member access.
[UNUSED_DUT_FIELD] emergency_open_allowed @ snapshots/2026-05-12/ST_Gas_Valve_Configuration.dut:8 - DUT field appears unused as a member access.
[UNUSED_DUT_FIELD] Is_Faulty @ snapshots/2026-05-12/ST_Component_Maintenance.dut:4 - DUT field appears unused as a member access.
[UNUSED_DUT_FIELD] Is_In_Maintenance @ snapshots/2026-05-12/ST_Component_Maintenance.dut:5 - DUT field appears unused as a member access.
[UNUSED_DUT_FIELD] Fallback_Value @ snapshots/2026-05-12/ST_Component_Maintenance.dut:6 - DUT field appears unused as a member access.
[UNUSED_DUT_FIELD] Use_Last_Good_Value @ snapshots/2026-05-12/ST_Component_Maintenance.dut:7 - DUT field appears unused as a member access.
[UNUSED_DUT_FIELD] Source_Node_ID @ snapshots/2026-05-12/ST_Heating_Runtime_Causality_Edge.dut:6 - DUT field appears unused as a member access.
[UNUSED_DUT_FIELD] Target_Node_ID @ snapshots/2026-05-12/ST_Heating_Runtime_Causality_Edge.dut:7 - DUT field appears unused as a member access.
[UNUSED_DUT_FIELD] PIN_Code @ snapshots/2026-05-12/ST_Security_Global_Config.dut:4 - DUT field appears unused as a member access.
[UNUSED_DUT_FIELD] Phones @ snapshots/2026-05-12/ST_Security_Global_Config.dut:5 - DUT field appears unused as a member access.
[UNUSED_DUT_FIELD] alarm_duration_seconds @ snapshots/2026-05-12/ST_Security_Global_Config.dut:8 - DUT field appears unused as a member access.
[UNUSED_DUT_FIELD] two_person_timeout_seconds @ snapshots/2026-05-12/ST_Security_Global_Config.dut:9 - DUT field appears unused as a member access.
[UNUSED_DUT_FIELD] max_access_attempts @ snapshots/2026-05-12/ST_Security_Global_Config.dut:10 - DUT field appears unused as a member access.
[UNUSED_DUT_FIELD] Adaptive_Analytics_Visible @ snapshots/2026-05-12/ST_Heating_Runtime_Adaptive_Intelligence.dut:8 - DUT field appears unused as a member access.
[UNUSED_DUT_FIELD] Adaptive_Analytics_Degraded @ snapshots/2026-05-12/ST_Heating_Runtime_Adaptive_Intelligence.dut:9 - DUT field appears unused as a member access.
[UNUSED_DUT_FIELD] Adaptive_Analytics_Attention @ snapshots/2026-05-12/ST_Heating_Runtime_Adaptive_Intelligence.dut:10 - DUT field appears unused as a member access.
[UNUSED_DUT_FIELD] Supervision_Confidence_Observation @ snapshots/2026-05-12/ST_Heating_Runtime_Adaptive_Intelligence.dut:15 - DUT field appears unused as a member access.
[UNUSED_DUT_FIELD] Confidence_Degradation_Visible @ snapshots/2026-05-12/ST_Heating_Runtime_Adaptive_Intelligence.dut:16 - DUT field appears unused as a member access.
[UNUSED_DUT_FIELD] Adaptive_Runtime_Observation @ snapshots/2026-05-12/ST_Heating_Runtime_Adaptive_Intelligence.dut:21 - DUT field appears unused as a member access.
[UNUSED_DUT_FIELD] Adaptive_Runtime_Stability_Observation @ snapshots/2026-05-12/ST_Heating_Runtime_Adaptive_Intelligence.dut:22 - DUT field appears unused as a member access.
[UNUSED_DUT_FIELD] Runtime_Anomaly_Observation_Weight @ snapshots/2026-05-12/ST_Heating_Runtime_Adaptive_Intelligence.dut:27 - DUT field appears unused as a member access.
[UNUSED_DUT_FIELD] Cascade_Anomaly_Observation_Weight @ snapshots/2026-05-12/ST_Heating_Runtime_Adaptive_Intelligence.dut:28 - DUT field appears unused as a member access.
[UNUSED_DUT_FIELD] OpenTherm_Anomaly_Observation_Weight @ snapshots/2026-05-12/ST_Heating_Runtime_Adaptive_Intelligence.dut:29 - DUT field appears unused as a member access.
[UNUSED_DUT_FIELD] Diagnostics_Anomaly_Observation_Weight @ snapshots/2026-05-12/ST_Heating_Runtime_Adaptive_Intelligence.dut:30 - DUT field appears unused as a member access.
[UNUSED_DUT_FIELD] Predictive_Correlation_Observation @ snapshots/2026-05-12/ST_Heating_Runtime_Adaptive_Intelligence.dut:35 - DUT field appears unused as a member access.
[UNUSED_DUT_FIELD] Predictive_Correlation_Visible @ snapshots/2026-05-12/ST_Heating_Runtime_Adaptive_Intelligence.dut:36 - DUT field appears unused as a member access.
[UNUSED_DUT_FIELD] Sequencing_Confidence_Observation @ snapshots/2026-05-12/ST_Heating_Runtime_Adaptive_Intelligence.dut:41 - DUT field appears unused as a member access.
[UNUSED_DUT_FIELD] Ownership_Confidence_Observation @ snapshots/2026-05-12/ST_Heating_Runtime_Adaptive_Intelligence.dut:42 - DUT field appears unused as a member access.
[UNUSED_DUT_FIELD] Synchronization_Confidence_Observation @ snapshots/2026-05-12/ST_Heating_Runtime_Adaptive_Intelligence.dut:43 - DUT field appears unused as a member access.
[UNUSED_DUT_FIELD] Power_Percent @ snapshots/2026-05-12/ST_Boiler_Status.dut:11 - DUT field appears unused as a member access.
[UNUSED_DUT_FIELD] Current_Power @ snapshots/2026-05-12/ST_Boiler_Status.dut:12 - DUT field appears unused as a member access.
[UNUSED_DUT_FIELD] Last_Start @ snapshots/2026-05-12/ST_Boiler_Status.dut:16 - DUT field appears unused as a member access.
[UNUSED_DUT_FIELD] AuthMethod @ snapshots/2026-05-12/ST_TwoFactor_Data.dut:5 - DUT field appears unused as a member access.
[UNUSED_DUT_FIELD] rfid_tag @ snapshots/2026-05-12/ST_TwoFactor_Data.dut:6 - DUT field appears unused as a member access.
[UNUSED_DUT_FIELD] totp_secret @ snapshots/2026-05-12/ST_TwoFactor_Data.dut:7 - DUT field appears unused as a member access.
[UNUSED_DUT_FIELD] last_modified @ snapshots/2026-05-12/ST_TwoFactor_Data.dut:8 - DUT field appears unused as a member access.
[UNUSED_DUT_FIELD] Night_Reduction @ snapshots/2026-05-12/ST_Heating_Config.dut:8 - DUT field appears unused as a member access.
[UNUSED_DUT_FIELD] Target_Room_Temp @ snapshots/2026-05-12/ST_Heating_Config.dut:10 - DUT field appears unused as a member access.
[UNUSED_DUT_FIELD] Speed_Percent @ snapshots/2026-05-12/ST_Ventilation_Unit.dut:5 - DUT field appears unused as a member access.
[UNUSED_DUT_FIELD] Mode @ snapshots/2026-05-12/ST_Ventilation_Unit.dut:8 - DUT field appears unused as a member access.
[UNUSED_DUT_FIELD] location @ snapshots/2026-05-12/ST_FloorHeating_Manifold_Config.dut:5 - DUT field appears unused as a member access.
[UNUSED_DUT_FIELD] nominal_flow @ snapshots/2026-05-12/ST_FloorHeating_Manifold_Config.dut:6 - DUT field appears unused as a member access.
[UNUSED_DUT_FIELD] enable_pump @ snapshots/2026-05-12/ST_FloorHeating_Manifold_Config.dut:7 - DUT field appears unused as a member access.
[UNUSED_DUT_FIELD] circuits @ snapshots/2026-05-12/ST_FloorHeating_Manifold_Config.dut:8 - DUT field appears unused as a member access.
[UNUSED_DUT_FIELD] Avg_Result_Value @ snapshots/2026-05-12/ST_Scenario_Stats.dut:7 - DUT field appears unused as a member access.
[UNUSED_DUT_FIELD] Stability_Counter @ snapshots/2026-05-12/ST_Scenario_Stats.dut:8 - DUT field appears unused as a member access.
[UNUSED_DUT_FIELD] Last_Activation @ snapshots/2026-05-12/ST_Scenario_Stats.dut:9 - DUT field appears unused as a member access.
[UNUSED_DUT_FIELD] Temp_Room @ snapshots/2026-05-12/ST_Zone_Sensors.dut:4 - DUT field appears unused as a member access.
[UNUSED_DUT_FIELD] Temp_Floor @ snapshots/2026-05-12/ST_Zone_Sensors.dut:5 - DUT field appears unused as a member access.
[UNUSED_DUT_FIELD] Switch_Physical @ snapshots/2026-05-12/ST_Zone_Sensors.dut:7 - DUT field appears unused as a member access.
[UNUSED_DUT_FIELD] Light_State @ snapshots/2026-05-12/ST_Zone_Sensors.dut:8 - DUT field appears unused as a member access.
[UNUSED_DUT_FIELD] Maintenance @ snapshots/2026-05-12/ST_Zone_Sensors.dut:9 - DUT field appears unused as a member access.
[UNUSED_DUT_FIELD] enable_floor_heating @ snapshots/2026-05-12/ST_FloorHeating_Global_Config.dut:4 - DUT field appears unused as a member access.
[UNUSED_DUT_FIELD] anti_freeze_temp @ snapshots/2026-05-12/ST_FloorHeating_Global_Config.dut:5 - DUT field appears unused as a member access.
[UNUSED_DUT_FIELD] overheat_temp @ snapshots/2026-05-12/ST_FloorHeating_Global_Config.dut:6 - DUT field appears unused as a member access.
[UNUSED_DUT_FIELD] weather_compensation_enabled @ snapshots/2026-05-12/ST_FloorHeating_Global_Config.dut:7 - DUT field appears unused as a member access.
[UNUSED_DUT_FIELD] total_circuits @ snapshots/2026-05-12/ST_FloorHeating_Global_Config.dut:8 - DUT field appears unused as a member access.
[UNUSED_DUT_FIELD] Outdoor_Temp @ snapshots/2026-05-12/ST_System_State_Summary.dut:4 - DUT field appears unused as a member access.
[UNUSED_DUT_FIELD] Indoor_Temp @ snapshots/2026-05-12/ST_System_State_Summary.dut:5 - DUT field appears unused as a member access.
[UNUSED_DUT_FIELD] Floor_Temps @ snapshots/2026-05-12/ST_System_State_Summary.dut:6 - DUT field appears unused as a member access.
[UNUSED_DUT_FIELD] Humidity @ snapshots/2026-05-12/ST_System_State_Summary.dut:7 - DUT field appears unused as a member access.
[UNUSED_DUT_FIELD] CO2 @ snapshots/2026-05-12/ST_System_State_Summary.dut:8 - DUT field appears unused as a member access.
[UNUSED_DUT_FIELD] Security_Alarm @ snapshots/2026-05-12/ST_System_State_Summary.dut:12 - DUT field appears unused as a member access.
[UNUSED_DUT_FIELD] Emergency_Two_Stage_Enabled @ snapshots/2026-05-12/ST_Flood_Config.dut:4 - DUT field appears unused as a member access.
[UNUSED_DUT_FIELD] Valve_Test_Period_Days @ snapshots/2026-05-12/ST_Flood_Config.dut:5 - DUT field appears unused as a member access.
[UNUSED_DUT_FIELD] Current_Threshold_MA @ snapshots/2026-05-12/ST_Flood_Config.dut:6 - DUT field appears unused as a member access.
[UNUSED_DUT_FIELD] maintenance_enabled @ snapshots/2026-05-12/ST_Maintenance_Access_Config.dut:4 - DUT field appears unused as a member access.
[UNUSED_DUT_FIELD] max_duration_minutes @ snapshots/2026-05-12/ST_Maintenance_Access_Config.dut:5 - DUT field appears unused as a member access.
[UNUSED_DUT_FIELD] requires_two_person @ snapshots/2026-05-12/ST_Maintenance_Access_Config.dut:6 - DUT field appears unused as a member access.
[UNUSED_DUT_FIELD] access_level_required @ snapshots/2026-05-12/ST_Maintenance_Access_Config.dut:7 - DUT field appears unused as a member access.
[UNUSED_DUT_FIELD] Predictive_Analytics_Visible @ snapshots/2026-05-12/ST_Heating_Runtime_Predictive_State.dut:8 - DUT field appears unused as a member access.
[UNUSED_DUT_FIELD] Predictive_Analytics_Degraded @ snapshots/2026-05-12/ST_Heating_Runtime_Predictive_State.dut:9 - DUT field appears unused as a member access.
[UNUSED_DUT_FIELD] Predictive_Analytics_Attention @ snapshots/2026-05-12/ST_Heating_Runtime_Predictive_State.dut:10 - DUT field appears unused as a member access.
[UNUSED_DUT_FIELD] Runtime_Stable @ snapshots/2026-05-12/ST_Heating_Runtime_Predictive_State.dut:15 - DUT field appears unused as a member access.
[UNUSED_DUT_FIELD] Runtime_Stability_Score @ snapshots/2026-05-12/ST_Heating_Runtime_Predictive_State.dut:16 - DUT field appears unused as a member access.
[UNUSED_DUT_FIELD] Runtime_Degradation_Observation @ snapshots/2026-05-12/ST_Heating_Runtime_Predictive_State.dut:21 - DUT field appears unused as a member access.
[UNUSED_DUT_FIELD] Runtime_Failure_Observation @ snapshots/2026-05-12/ST_Heating_Runtime_Predictive_State.dut:22 - DUT field appears unused as a member access.
[UNUSED_DUT_FIELD] Cascade_Degradation_Observation @ snapshots/2026-05-12/ST_Heating_Runtime_Predictive_State.dut:27 - DUT field appears unused as a member access.
[UNUSED_DUT_FIELD] Cascade_Degraded_Trend_Visible @ snapshots/2026-05-12/ST_Heating_Runtime_Predictive_State.dut:28 - DUT field appears unused as a member access.
[UNUSED_DUT_FIELD] OpenTherm_Instability_Observation @ snapshots/2026-05-12/ST_Heating_Runtime_Predictive_State.dut:33 - DUT field appears unused as a member access.
[UNUSED_DUT_FIELD] OpenTherm_Degraded_Trend_Visible @ snapshots/2026-05-12/ST_Heating_Runtime_Predictive_State.dut:34 - DUT field appears unused as a member access.
[UNUSED_DUT_FIELD] Sequencing_Observation @ snapshots/2026-05-12/ST_Heating_Runtime_Predictive_State.dut:39 - DUT field appears unused as a member access.
[UNUSED_DUT_FIELD] Ownership_Observation @ snapshots/2026-05-12/ST_Heating_Runtime_Predictive_State.dut:40 - DUT field appears unused as a member access.
[UNUSED_DUT_FIELD] Synchronization_Observation @ snapshots/2026-05-12/ST_Heating_Runtime_Predictive_State.dut:41 - DUT field appears unused as a member access.
[UNUSED_DUT_FIELD] unit_id @ snapshots/2026-05-12/ST_Ventilation_Unit_Config.dut:4 - DUT field appears unused as a member access.
[UNUSED_DUT_FIELD] unit_type @ snapshots/2026-05-12/ST_Ventilation_Unit_Config.dut:5 - DUT field appears unused as a member access.
[UNUSED_DUT_FIELD] location @ snapshots/2026-05-12/ST_Ventilation_Unit_Config.dut:6 - DUT field appears unused as a member access.
[UNUSED_DUT_FIELD] min_speed @ snapshots/2026-05-12/ST_Ventilation_Unit_Config.dut:7 - DUT field appears unused as a member access.
[UNUSED_DUT_FIELD] max_speed @ snapshots/2026-05-12/ST_Ventilation_Unit_Config.dut:8 - DUT field appears unused as a member access.
[UNUSED_DUT_FIELD] has_smoke_detector @ snapshots/2026-05-12/ST_Ventilation_Unit_Config.dut:10 - DUT field appears unused as a member access.
[UNUSED_DUT_FIELD] current_scenario @ snapshots/2026-05-12/ST_Scenario_Transition_Config.dut:4 - DUT field appears unused as a member access.
[UNUSED_DUT_FIELD] min_duration_minutes @ snapshots/2026-05-12/ST_Scenario_Transition_Config.dut:6 - DUT field appears unused as a member access.
[UNUSED_DUT_FIELD] transition_allowed @ snapshots/2026-05-12/ST_Scenario_Transition_Config.dut:7 - DUT field appears unused as a member access.
[UNUSED_DUT_FIELD] CO2_Threshold @ snapshots/2026-05-12/ST_Ventilation_Config.dut:4 - DUT field appears unused as a member access.
[UNUSED_DUT_FIELD] Humidity_Threshold @ snapshots/2026-05-12/ST_Ventilation_Config.dut:5 - DUT field appears unused as a member access.
[UNUSED_DUT_FIELD] Night_Mode_Start @ snapshots/2026-05-12/ST_Ventilation_Config.dut:6 - DUT field appears unused as a member access.
[UNUSED_DUT_FIELD] Night_Mode_End @ snapshots/2026-05-12/ST_Ventilation_Config.dut:7 - DUT field appears unused as a member access.
[UNUSED_DUT_FIELD] last_modified @ snapshots/2026-05-12/ST_Operator_Zone_Rights.dut:7 - DUT field appears unused as a member access.
[UNUSED_DUT_FIELD] lighting_circuit_id @ snapshots/2026-05-12/ST_Outdoor_Zone_Config.dut:5 - DUT field appears unused as a member access.
[UNUSED_DUT_FIELD] auto_enabled @ snapshots/2026-05-12/ST_Outdoor_Zone_Config.dut:6 - DUT field appears unused as a member access.
[UNUSED_DUT_FIELD] party_mode_enabled @ snapshots/2026-05-12/ST_Outdoor_Zone_Config.dut:7 - DUT field appears unused as a member access.
[UNUSED_DUT_FIELD] value @ snapshots/2026-05-12/ST_Trend_History_Record.dut:5 - DUT field appears unused as a member access.
[UNUSED_DUT_FIELD] status @ snapshots/2026-05-12/ST_Calibration_Family_Summary.dut:5 - DUT field appears unused as a member access.
[UNUSED_DUT_FIELD] sensor_count @ snapshots/2026-05-12/ST_Calibration_Family_Summary.dut:6 - DUT field appears unused as a member access.
[UNUSED_DUT_FIELD] verification_active_count @ snapshots/2026-05-12/ST_Calibration_Family_Summary.dut:7 - DUT field appears unused as a member access.
[UNUSED_DUT_FIELD] failed_count @ snapshots/2026-05-12/ST_Calibration_Family_Summary.dut:8 - DUT field appears unused as a member access.
[UNUSED_DUT_FIELD] max_deviation_percent @ snapshots/2026-05-12/ST_Calibration_Family_Summary.dut:9 - DUT field appears unused as a member access.
[UNUSED_DUT_FIELD] summary_text @ snapshots/2026-05-12/ST_Calibration_Family_Summary.dut:10 - DUT field appears unused as a member access.
[UNUSED_DUT_FIELD] Avg_Result_Value @ snapshots/2026-05-12/ST_Zone_Adapt_State.dut:9 - DUT field appears unused as a member access.
[UNUSED_DUT_FIELD] Armed @ snapshots/2026-05-12/ST_Security_Zone_State.dut:4 - DUT field appears unused as a member access.
[UNUSED_DUT_FIELD] Alarm @ snapshots/2026-05-12/ST_Security_Zone_State.dut:5 - DUT field appears unused as a member access.
[UNUSED_DUT_FIELD] Bypassed @ snapshots/2026-05-12/ST_Security_Zone_State.dut:6 - DUT field appears unused as a member access.
[UNUSED_DUT_FIELD] Last_Trigger_Time @ snapshots/2026-05-12/ST_Security_Zone_State.dut:7 - DUT field appears unused as a member access.
[UNUSED_DUT_FIELD] Trigger_Count @ snapshots/2026-05-12/ST_Security_Zone_State.dut:8 - DUT field appears unused as a member access.
[UNUSED_DUT_FIELD] Node_ID @ snapshots/2026-05-12/ST_Heating_Runtime_Causality_Node.dut:6 - DUT field appears unused as a member access.
[UNUSED_DUT_FIELD] status @ snapshots/2026-05-12/ST_Calibration_Sensor_Summary.dut:5 - DUT field appears unused as a member access.
[UNUSED_DUT_FIELD] calibrated_value @ snapshots/2026-05-12/ST_Calibration_Sensor_Summary.dut:6 - DUT field appears unused as a member access.
[UNUSED_DUT_FIELD] deviation_percent @ snapshots/2026-05-12/ST_Calibration_Sensor_Summary.dut:7 - DUT field appears unused as a member access.
[UNUSED_DUT_FIELD] verification_active @ snapshots/2026-05-12/ST_Calibration_Sensor_Summary.dut:8 - DUT field appears unused as a member access.
[UNUSED_DUT_FIELD] verification_failed @ snapshots/2026-05-12/ST_Calibration_Sensor_Summary.dut:9 - DUT field appears unused as a member access.
[UNUSED_DUT_FIELD] record_index @ snapshots/2026-05-12/ST_Calibration_Sensor_Summary.dut:10 - DUT field appears unused as a member access.
[UNUSED_DUT_FIELD] label @ snapshots/2026-05-12/ST_Calibration_Sensor_Summary.dut:11 - DUT field appears unused as a member access.
[UNUSED_DUT_FIELD] summary_text @ snapshots/2026-05-12/ST_Calibration_Sensor_Summary.dut:12 - DUT field appears unused as a member access.
[UNUSED_DUT_FIELD] valve_types @ snapshots/2026-05-12/ST_Flood_Global_Config.dut:4 - DUT field appears unused as a member access.
[UNUSED_DUT_FIELD] Scenario_Priority @ snapshots/2026-05-12/ST_Ventilation_Scenario_Mode.dut:5 - DUT field appears unused as a member access.
[UNUSED_DUT_FIELD] Methane_Alarm @ snapshots/2026-05-12/ST_Ventilation_Scenario_Mode.dut:7 - DUT field appears unused as a member access.
[UNUSED_DUT_FIELD] Smoke_Detected @ snapshots/2026-05-12/ST_Ventilation_Scenario_Mode.dut:8 - DUT field appears unused as a member access.
[UNUSED_DUT_FIELD] Exhaust_Modes @ snapshots/2026-05-12/ST_Ventilation_Scenario_Mode.dut:9 - DUT field appears unused as a member access.
[UNUSED_DUT_FIELD] Supply_Modes @ snapshots/2026-05-12/ST_Ventilation_Scenario_Mode.dut:10 - DUT field appears unused as a member access.
[UNUSED_DUT_FIELD] Backup_Pump_Recovered_After_Retry @ snapshots/2026-05-12/ST_System_Diagnostics.dut:8 - DUT field appears unused as a member access.
[UNUSED_DUT_FIELD] Electric_Heater_Recovered_After_Retry @ snapshots/2026-05-12/ST_System_Diagnostics.dut:9 - DUT field appears unused as a member access.
[UNUSED_DUT_FIELD] Pump_Exercise_Active @ snapshots/2026-05-12/ST_System_Diagnostics.dut:13 - DUT field appears unused as a member access.
[UNUSED_DUT_FIELD] Pump_Exercise_Failed @ snapshots/2026-05-12/ST_System_Diagnostics.dut:14 - DUT field appears unused as a member access.
[UNUSED_DUT_FIELD] Pump_Exercise_Last_Equipment @ snapshots/2026-05-12/ST_System_Diagnostics.dut:15 - DUT field appears unused as a member access.
[UNUSED_DUT_FIELD] Pump_Exercise_Last_Result @ snapshots/2026-05-12/ST_System_Diagnostics.dut:16 - DUT field appears unused as a member access.
[UNUSED_DUT_FIELD] Pump_Exercise_No_Feedback_Count @ snapshots/2026-05-12/ST_System_Diagnostics.dut:17 - DUT field appears unused as a member access.
[UNUSED_DUT_FIELD] Manifold_Pump_Exercise_Count @ snapshots/2026-05-12/ST_System_Diagnostics.dut:18 - DUT field appears unused as a member access.
[UNUSED_DUT_FIELD] DHW_Heating_Pump_Exercise_Count @ snapshots/2026-05-12/ST_System_Diagnostics.dut:19 - DUT field appears unused as a member access.
[UNUSED_DUT_FIELD] DHW_Circ_Pump_Exercise_Count @ snapshots/2026-05-12/ST_System_Diagnostics.dut:20 - DUT field appears unused as a member access.
[UNUSED_DUT_FIELD] Backup_Pump_Exercise_Count @ snapshots/2026-05-12/ST_System_Diagnostics.dut:21 - DUT field appears unused as a member access.
[UNUSED_DUT_FIELD] Pump_Exercise_Event_Seq @ snapshots/2026-05-12/ST_System_Diagnostics.dut:22 - DUT field appears unused as a member access.
[UNUSED_DUT_FIELD] Pump_Exercise_Journal_1 @ snapshots/2026-05-12/ST_System_Diagnostics.dut:23 - DUT field appears unused as a member access.
[UNUSED_DUT_FIELD] Pump_Exercise_Journal_2 @ snapshots/2026-05-12/ST_System_Diagnostics.dut:24 - DUT field appears unused as a member access.
[UNUSED_DUT_FIELD] Pump_Exercise_Journal_3 @ snapshots/2026-05-12/ST_System_Diagnostics.dut:25 - DUT field appears unused as a member access.
[UNUSED_DUT_FIELD] Pump_Exercise_Journal_Last_Seq @ snapshots/2026-05-12/ST_System_Diagnostics.dut:26 - DUT field appears unused as a member access.
[UNUSED_DUT_FIELD] Pump_Maintenance_Required @ snapshots/2026-05-12/ST_System_Diagnostics.dut:28 - DUT field appears unused as a member access.
[UNUSED_DUT_FIELD] Pump_Maintenance_Warning @ snapshots/2026-05-12/ST_System_Diagnostics.dut:29 - DUT field appears unused as a member access.
[UNUSED_DUT_FIELD] Valve_Test_Mode_Active @ snapshots/2026-05-12/ST_System_Diagnostics.dut:52 - DUT field appears unused as a member access.
[UNUSED_DUT_FIELD] Valve_Test_Deadline_MS @ snapshots/2026-05-12/ST_System_Diagnostics.dut:53 - DUT field appears unused as a member access.
[UNUSED_DUT_FIELD] Valve_Test_Remaining_MS @ snapshots/2026-05-12/ST_System_Diagnostics.dut:54 - DUT field appears unused as a member access.
[UNUSED_DUT_FIELD] Manifold_Return_Temp_Fault @ snapshots/2026-05-12/ST_System_Diagnostics.dut:121 - DUT field appears unused as a member access.
[UNUSED_DUT_FIELD] Manifold_Return_Temp_Diag_Code @ snapshots/2026-05-12/ST_System_Diagnostics.dut:122 - DUT field appears unused as a member access.
[UNUSED_DUT_FIELD] Manifold_Return_Temp_First_Fault_Index @ snapshots/2026-05-12/ST_System_Diagnostics.dut:124 - DUT field appears unused as a member access.
[UNUSED_DUT_FIELD] Manifold_Return_Temp_Fault_Text @ snapshots/2026-05-12/ST_System_Diagnostics.dut:125 - DUT field appears unused as a member access.
[UNUSED_DUT_FIELD] Manifold_Sensor_Fault_Count @ snapshots/2026-05-12/ST_System_Diagnostics.dut:127 - DUT field appears unused as a member access.
[UNUSED_DUT_FIELD] Manifold_Sensor_Out_Of_Service @ snapshots/2026-05-12/ST_System_Diagnostics.dut:128 - DUT field appears unused as a member access.
[UNUSED_DUT_FIELD] Manifold_Sensor_Out_Of_Service_Active @ snapshots/2026-05-12/ST_System_Diagnostics.dut:129 - DUT field appears unused as a member access.
[UNUSED_DUT_FIELD] Manifold_Sensor_First_OOS_Index @ snapshots/2026-05-12/ST_System_Diagnostics.dut:130 - DUT field appears unused as a member access.
[UNUSED_DUT_FIELD] Manifold_Sensor_OOS_Text @ snapshots/2026-05-12/ST_System_Diagnostics.dut:131 - DUT field appears unused as a member access.
[UNUSED_DUT_FIELD] parameter_type @ snapshots/2026-05-12/ST_Trend_Header.dut:4 - DUT field appears unused as a member access.
[UNUSED_DUT_FIELD] records_count @ snapshots/2026-05-12/ST_Trend_Header.dut:6 - DUT field appears unused as a member access.
[UNUSED_DUT_FIELD] average_value @ snapshots/2026-05-12/ST_Trend_Header.dut:7 - DUT field appears unused as a member access.
[UNUSED_DUT_FIELD] min_value @ snapshots/2026-05-12/ST_Trend_Header.dut:8 - DUT field appears unused as a member access.
[UNUSED_DUT_FIELD] max_value @ snapshots/2026-05-12/ST_Trend_Header.dut:9 - DUT field appears unused as a member access.
[UNUSED_DUT_FIELD] Port_Name @ snapshots/2026-05-12/ST_Modbus_RTU_Config.dut:3 - DUT field appears unused as a member access.
[UNUSED_DUT_FIELD] Baudrate @ snapshots/2026-05-12/ST_Modbus_RTU_Config.dut:4 - DUT field appears unused as a member access.
[UNUSED_DUT_FIELD] Parity @ snapshots/2026-05-12/ST_Modbus_RTU_Config.dut:5 - DUT field appears unused as a member access.
[UNUSED_DUT_FIELD] Stop_Bits @ snapshots/2026-05-12/ST_Modbus_RTU_Config.dut:6 - DUT field appears unused as a member access.
[UNUSED_DUT_FIELD] Data_Bits @ snapshots/2026-05-12/ST_Modbus_RTU_Config.dut:7 - DUT field appears unused as a member access.
[UNUSED_DUT_FIELD] Poll_Interval_MS @ snapshots/2026-05-12/ST_Modbus_RTU_Config.dut:9 - DUT field appears unused as a member access.
[UNUSED_DUT_FIELD] Request_Timeout_MS @ snapshots/2026-05-12/ST_Modbus_RTU_Config.dut:10 - DUT field appears unused as a member access.
[UNUSED_DUT_FIELD] Retry_Count @ snapshots/2026-05-12/ST_Modbus_RTU_Config.dut:11 - DUT field appears unused as a member access.
[UNUSED_DUT_FIELD] Frame_Started @ snapshots/2026-05-12/ST_Heating_Runtime_Execution_Frame.dut:11 - DUT field appears unused as a member access.
[UNUSED_DUT_FIELD] Frame_Completed @ snapshots/2026-05-12/ST_Heating_Runtime_Execution_Frame.dut:12 - DUT field appears unused as a member access.
[UNUSED_DUT_FIELD] Frame_Failed @ snapshots/2026-05-12/ST_Heating_Runtime_Execution_Frame.dut:13 - DUT field appears unused as a member access.
[UNUSED_DUT_FIELD] Frame_Start_MS @ snapshots/2026-05-12/ST_Heating_Runtime_Execution_Frame.dut:18 - DUT field appears unused as a member access.
[UNUSED_DUT_FIELD] Frame_End_MS @ snapshots/2026-05-12/ST_Heating_Runtime_Execution_Frame.dut:19 - DUT field appears unused as a member access.
[UNUSED_DUT_FIELD] Frame_Duration_MS @ snapshots/2026-05-12/ST_Heating_Runtime_Execution_Frame.dut:20 - DUT field appears unused as a member access.
[UNUSED_DUT_FIELD] circuit_id @ snapshots/2026-05-12/ST_FloorHeating_Circuit_Config.dut:4 - DUT field appears unused as a member access.
[UNUSED_DUT_FIELD] valve_id @ snapshots/2026-05-12/ST_FloorHeating_Circuit_Config.dut:8 - DUT field appears unused as a member access.
[UNUSED_DUT_FIELD] system_mode @ snapshots/project_clean_state_2026_04_16/workspace/dut_rebuild/history_blackbox/ST_BlackBox_Snapshot_V2.dut:4 - DUT field appears unused as a member access.
[UNUSED_DUT_FIELD] root_cause @ snapshots/project_clean_state_2026_04_16/workspace/dut_rebuild/history_blackbox/ST_BlackBox_Snapshot_V2.dut:6 - DUT field appears unused as a member access.
[UNUSED_DUT_FIELD] first_fault_type @ snapshots/project_clean_state_2026_04_16/workspace/dut_rebuild/history_blackbox/ST_BlackBox_Snapshot_V2.dut:7 - DUT field appears unused as a member access.
[UNUSED_DUT_FIELD] first_fault_source @ snapshots/project_clean_state_2026_04_16/workspace/dut_rebuild/history_blackbox/ST_BlackBox_Snapshot_V2.dut:8 - DUT field appears unused as a member access.
[UNUSED_DUT_FIELD] watchdog_fault @ snapshots/project_clean_state_2026_04_16/workspace/dut_rebuild/history_blackbox/ST_BlackBox_Snapshot_V2.dut:9 - DUT field appears unused as a member access.
[UNUSED_DUT_FIELD] gas_alarm @ snapshots/project_clean_state_2026_04_16/workspace/dut_rebuild/history_blackbox/ST_BlackBox_Snapshot_V2.dut:10 - DUT field appears unused as a member access.
[UNUSED_DUT_FIELD] fire_alarm @ snapshots/project_clean_state_2026_04_16/workspace/dut_rebuild/history_blackbox/ST_BlackBox_Snapshot_V2.dut:11 - DUT field appears unused as a member access.
[UNUSED_DUT_FIELD] flood_alarm @ snapshots/project_clean_state_2026_04_16/workspace/dut_rebuild/history_blackbox/ST_BlackBox_Snapshot_V2.dut:12 - DUT field appears unused as a member access.
[UNUSED_DUT_FIELD] unit_code @ snapshots/project_clean_state_2026_04_16/workspace/dut_rebuild/history_blackbox/ST_History_Event_V2.dut:6 - DUT field appears unused as a member access.
[UNUSED_DUT_FIELD] source_domain @ snapshots/project_clean_state_2026_04_16/workspace/dut_rebuild/history_blackbox/ST_History_Event_V2.dut:7 - DUT field appears unused as a member access.
[UNUSED_DUT_FIELD] source_instance @ snapshots/project_clean_state_2026_04_16/workspace/dut_rebuild/history_blackbox/ST_History_Event_V2.dut:8 - DUT field appears unused as a member access.
[UNUSED_DUT_FIELD] alarm_id @ snapshots/project_clean_state_2026_04_16/workspace/dut_rebuild/alarm/ST_Alarm_Event_V2.dut:4 - DUT field appears unused as a member access.
[UNUSED_DUT_FIELD] core @ snapshots/project_clean_state_2026_04_16/workspace/dut_rebuild/alarm/ST_Alarm_View_Record_V2.dut:3 - DUT field appears unused as a member access.
[UNUSED_DUT_FIELD] source_text @ snapshots/project_clean_state_2026_04_16/workspace/dut_rebuild/alarm/ST_Alarm_View_Record_V2.dut:4 - DUT field appears unused as a member access.
[UNUSED_DUT_FIELD] message_text @ snapshots/project_clean_state_2026_04_16/workspace/dut_rebuild/alarm/ST_Alarm_View_Record_V2.dut:5 - DUT field appears unused as a member access.
[UNUSED_DUT_FIELD] source_code @ snapshots/project_clean_state_2026_04_16/workspace/dut_rebuild/alarm/ST_Alarm_Core_Record_V2.dut:5 - DUT field appears unused as a member access.
[UNUSED_DUT_FIELD] source_instance @ snapshots/project_clean_state_2026_04_16/workspace/dut_rebuild/alarm/ST_Alarm_Core_Record_V2.dut:6 - DUT field appears unused as a member access.
[UNUSED_DUT_FIELD] is_active @ snapshots/project_clean_state_2026_04_16/workspace/dut_rebuild/alarm/ST_Alarm_Core_Record_V2.dut:8 - DUT field appears unused as a member access.
[UNUSED_DUT_FIELD] is_acknowledged @ snapshots/project_clean_state_2026_04_16/workspace/dut_rebuild/alarm/ST_Alarm_Core_Record_V2.dut:9 - DUT field appears unused as a member access.
[UNUSED_DUT_FIELD] cause_code @ snapshots/project_clean_state_2026_04_16/workspace/dut_rebuild/alarm/ST_Alarm_Core_Record_V2.dut:10 - DUT field appears unused as a member access.
[ORPHAN_DUT_TYPE] ST_Alarm_Event_V2 @ snapshots/project_clean_state_2026_04_16/workspace/dut_rebuild/alarm/ST_Alarm_Event_V2.dut:1 - DUT type appears declared but never instantiated/referenced.
[ORPHAN_DUT_TYPE] ST_Alarm_View_Record_V2 @ snapshots/project_clean_state_2026_04_16/workspace/dut_rebuild/alarm/ST_Alarm_View_Record_V2.dut:1 - DUT type appears declared but never instantiated/referenced.
[SEMANTIC_ZOMBIE_PATTERN] _Alarm_Active @ PRG_Safety.st:11 - Potential compatibility/legacy semantic pattern detected.
[SEMANTIC_ZOMBIE_PATTERN] _Alarm_Active @ PRG_Safety.st:12 - Potential compatibility/legacy semantic pattern detected.
[SEMANTIC_ZOMBIE_PATTERN] _Alarm_Active @ PRG_Safety.st:13 - Potential compatibility/legacy semantic pattern detected.
[SEMANTIC_ZOMBIE_PATTERN] _Alarm_Active @ PRG_Safety.st:42 - Potential compatibility/legacy semantic pattern detected.
[SEMANTIC_ZOMBIE_PATTERN] _Alarm_Active @ PRG_Safety.st:57 - Potential compatibility/legacy semantic pattern detected.
[SEMANTIC_ZOMBIE_PATTERN] _Alarm_Active @ PRG_Safety.st:58 - Potential compatibility/legacy semantic pattern detected.
[SEMANTIC_ZOMBIE_PATTERN] _Alarm_Active @ GVL_ALARM.gvl:11 - Potential compatibility/legacy semantic pattern detected.
[SEMANTIC_ZOMBIE_PATTERN] _Alarm_Active @ GVL_ALARM.gvl:13 - Potential compatibility/legacy semantic pattern detected.
[SEMANTIC_ZOMBIE_PATTERN] _Alarm_Active @ GVL_ALARM.gvl:14 - Potential compatibility/legacy semantic pattern detected.
[SEMANTIC_ZOMBIE_PATTERN] _Alarm_Active @ FB_System_Gateway_Intent.st:17 - Potential compatibility/legacy semantic pattern detected.
[SEMANTIC_ZOMBIE_PATTERN] _Alarm_Active @ FB_System_Gateway_Intent.st:18 - Potential compatibility/legacy semantic pattern detected.
[SEMANTIC_ZOMBIE_PATTERN] _Alarm_Active @ FB_System_Gateway_Intent.st:19 - Potential compatibility/legacy semantic pattern detected.
[SEMANTIC_ZOMBIE_PATTERN] _Alarm_Active @ FB_System_Gateway_Intent.st:24 - Potential compatibility/legacy semantic pattern detected.
[SEMANTIC_ZOMBIE_PATTERN] _Alarm_Active @ FB_System_Gateway_Intent.st:25 - Potential compatibility/legacy semantic pattern detected.
[SEMANTIC_ZOMBIE_PATTERN] _Alarm_Active @ FB_System_Gateway_Intent.st:26 - Potential compatibility/legacy semantic pattern detected.
[SEMANTIC_ZOMBIE_PATTERN] _Alarm_Active @ FB_System_Gateway_Intent.st:40 - Potential compatibility/legacy semantic pattern detected.
[SEMANTIC_ZOMBIE_PATTERN] _Alarm_Active @ FB_System_Gateway_Intent.st:41 - Potential compatibility/legacy semantic pattern detected.
[SEMANTIC_ZOMBIE_PATTERN] _Alarm_Active @ FB_System_Gateway_Intent.st:42 - Potential compatibility/legacy semantic pattern detected.
[SEMANTIC_ZOMBIE_PATTERN] _Alarm_Active @ FB_Security_System_Manager.st:23 - Potential compatibility/legacy semantic pattern detected.
[SEMANTIC_ZOMBIE_PATTERN] _Alarm_Active @ FB_Security_System_Manager.st:47 - Potential compatibility/legacy semantic pattern detected.
[SEMANTIC_ZOMBIE_PATTERN] _Alarm_Active @ FB_Security_System_Manager.st:109 - Potential compatibility/legacy semantic pattern detected.
[SEMANTIC_ZOMBIE_PATTERN] _Alarm_Active @ FB_Security_System_Manager.st:129 - Potential compatibility/legacy semantic pattern detected.
[SEMANTIC_ZOMBIE_PATTERN] _Alarm_Active @ FB_Security_System_Manager.st:160 - Potential compatibility/legacy semantic pattern detected.
[SEMANTIC_ZOMBIE_PATTERN] _Alarm_Active @ FB_Gateway_Interface.st:9 - Potential compatibility/legacy semantic pattern detected.
[SEMANTIC_ZOMBIE_PATTERN] _Alarm_Active @ FB_Gateway_Interface.st:10 - Potential compatibility/legacy semantic pattern detected.
[SEMANTIC_ZOMBIE_PATTERN] _Alarm_Active @ FB_Gateway_Interface.st:11 - Potential compatibility/legacy semantic pattern detected.
[SEMANTIC_ZOMBIE_PATTERN] _Alarm_Active @ FB_Gateway_Interface.st:84 - Potential compatibility/legacy semantic pattern detected.
[SEMANTIC_ZOMBIE_PATTERN] _Alarm_Active @ FB_Gateway_Interface.st:88 - Potential compatibility/legacy semantic pattern detected.
[SEMANTIC_ZOMBIE_PATTERN] _Alarm_Active @ FB_Gateway_Interface.st:92 - Potential compatibility/legacy semantic pattern detected.
[SEMANTIC_ZOMBIE_PATTERN] _Alarm_Active @ FB_Gateway_Interface.st:104 - Potential compatibility/legacy semantic pattern detected.
[SEMANTIC_ZOMBIE_PATTERN] _Alarm_Active @ FB_Gateway_Interface.st:105 - Potential compatibility/legacy semantic pattern detected.
[SEMANTIC_ZOMBIE_PATTERN] _Alarm_Active @ FB_Gateway_Interface.st:106 - Potential compatibility/legacy semantic pattern detected.
[SEMANTIC_ZOMBIE_PATTERN] _Alarm_Active @ FB_Gateway_Interface.st:114 - Potential compatibility/legacy semantic pattern detected.
[SEMANTIC_ZOMBIE_PATTERN] _Alarm_Active @ FB_Gateway_Interface.st:115 - Potential compatibility/legacy semantic pattern detected.
[SEMANTIC_ZOMBIE_PATTERN] _Alarm_Active @ FB_Gateway_Interface.st:116 - Potential compatibility/legacy semantic pattern detected.
[SEMANTIC_ZOMBIE_PATTERN] Shadow_ @ GVL_GATEWAY.gvl:14 - Potential compatibility/legacy semantic pattern detected.
[SEMANTIC_ZOMBIE_PATTERN] Shadow_ @ GVL_GATEWAY.gvl:15 - Potential compatibility/legacy semantic pattern detected.
[SEMANTIC_ZOMBIE_PATTERN] Shadow_ @ GVL_GATEWAY.gvl:16 - Potential compatibility/legacy semantic pattern detected.
[SEMANTIC_ZOMBIE_PATTERN] Shadow_ @ GVL_GATEWAY.gvl:17 - Potential compatibility/legacy semantic pattern detected.
[SEMANTIC_ZOMBIE_PATTERN] Shadow_ @ GVL_GATEWAY.gvl:18 - Potential compatibility/legacy semantic pattern detected.
[SEMANTIC_ZOMBIE_PATTERN] Shadow_ @ GVL_GATEWAY.gvl:19 - Potential compatibility/legacy semantic pattern detected.
[SEMANTIC_ZOMBIE_PATTERN] Shadow_ @ GVL_GATEWAY.gvl:20 - Potential compatibility/legacy semantic pattern detected.
[SEMANTIC_ZOMBIE_PATTERN] Shadow_ @ GVL_Safety_Selector.gvl:3 - Potential compatibility/legacy semantic pattern detected.
[SEMANTIC_ZOMBIE_PATTERN] Shadow_ @ GVL_Safety_Selector.gvl:4 - Potential compatibility/legacy semantic pattern detected.
[SEMANTIC_ZOMBIE_PATTERN] Shadow_ @ GVL_Safety_Selector.gvl:5 - Potential compatibility/legacy semantic pattern detected.
[SEMANTIC_ZOMBIE_PATTERN] Shadow_ @ GVL_Safety_Selector.gvl:13 - Potential compatibility/legacy semantic pattern detected.
[SEMANTIC_ZOMBIE_PATTERN] Shadow_ @ GVL_Safety_Selector.gvl:14 - Potential compatibility/legacy semantic pattern detected.
[SEMANTIC_ZOMBIE_PATTERN] Shadow_ @ GVL_Safety_Selector.gvl:15 - Potential compatibility/legacy semantic pattern detected.
[SEMANTIC_ZOMBIE_PATTERN] Shadow_ @ GVL_Safety_Selector.gvl:18 - Potential compatibility/legacy semantic pattern detected.
[SEMANTIC_ZOMBIE_PATTERN] Shadow_ @ GVL_Safety_Selector.gvl:21 - Potential compatibility/legacy semantic pattern detected.
[SEMANTIC_ZOMBIE_PATTERN] Shadow_ @ GVL_Safety_Selector.gvl:22 - Potential compatibility/legacy semantic pattern detected.
[SEMANTIC_ZOMBIE_PATTERN] _Alarm_Active @ PRG_Lighting.st:16 - Potential compatibility/legacy semantic pattern detected.
[SEMANTIC_ZOMBIE_PATTERN] _Alarm_Active @ PRG_Lighting.st:17 - Potential compatibility/legacy semantic pattern detected.
[SEMANTIC_ZOMBIE_PATTERN] _Alarm_Active @ PRG_Lighting.st:26 - Potential compatibility/legacy semantic pattern detected.
[SEMANTIC_ZOMBIE_PATTERN] _Alarm_Active @ PRG_Lighting.st:27 - Potential compatibility/legacy semantic pattern detected.
[SEMANTIC_ZOMBIE_PATTERN] _Alarm_Active @ PRG_Lighting.st:93 - Potential compatibility/legacy semantic pattern detected.
[SEMANTIC_ZOMBIE_PATTERN] _Alarm_Active @ PRG_Lighting.st:94 - Potential compatibility/legacy semantic pattern detected.
[SEMANTIC_ZOMBIE_PATTERN] _Alarm_Active @ PRG_Lighting.st:117 - Potential compatibility/legacy semantic pattern detected.
[SEMANTIC_ZOMBIE_PATTERN] _Alarm_Active @ PRG_Security.st:31 - Potential compatibility/legacy semantic pattern detected.
[SEMANTIC_ZOMBIE_PATTERN] _Alarm_Active @ PRG_Safety_Shutdown.st:13 - Potential compatibility/legacy semantic pattern detected.
[SEMANTIC_ZOMBIE_PATTERN] _Alarm_Active @ GVL_INTENT_SAFETY.gvl:8 - Potential compatibility/legacy semantic pattern detected.
[SEMANTIC_ZOMBIE_PATTERN] _Alarm_Active @ GVL_INTENT_SAFETY.gvl:9 - Potential compatibility/legacy semantic pattern detected.
[SEMANTIC_ZOMBIE_PATTERN] _Alarm_Active @ GVL_INTENT_SAFETY.gvl:10 - Potential compatibility/legacy semantic pattern detected.
[SEMANTIC_ZOMBIE_PATTERN] _Alarm_Active @ snapshots/2026-05-07/PRG_Safety.st:11 - Potential compatibility/legacy semantic pattern detected.
[SEMANTIC_ZOMBIE_PATTERN] _Alarm_Active @ snapshots/2026-05-07/PRG_Safety.st:12 - Potential compatibility/legacy semantic pattern detected.
[SEMANTIC_ZOMBIE_PATTERN] _Alarm_Active @ snapshots/2026-05-07/PRG_Safety.st:13 - Potential compatibility/legacy semantic pattern detected.
[SEMANTIC_ZOMBIE_PATTERN] _Alarm_Active @ snapshots/2026-05-07/PRG_Safety.st:42 - Potential compatibility/legacy semantic pattern detected.
[SEMANTIC_ZOMBIE_PATTERN] _Alarm_Active @ snapshots/2026-05-07/PRG_Safety.st:57 - Potential compatibility/legacy semantic pattern detected.
[SEMANTIC_ZOMBIE_PATTERN] _Alarm_Active @ snapshots/2026-05-07/PRG_Safety.st:58 - Potential compatibility/legacy semantic pattern detected.
[SEMANTIC_ZOMBIE_PATTERN] _Alarm_Active @ snapshots/2026-05-07/GVL_ALARM.gvl:11 - Potential compatibility/legacy semantic pattern detected.
[SEMANTIC_ZOMBIE_PATTERN] _Alarm_Active @ snapshots/2026-05-07/GVL_ALARM.gvl:13 - Potential compatibility/legacy semantic pattern detected.
[SEMANTIC_ZOMBIE_PATTERN] _Alarm_Active @ snapshots/2026-05-07/GVL_ALARM.gvl:14 - Potential compatibility/legacy semantic pattern detected.
[SEMANTIC_ZOMBIE_PATTERN] _Alarm_Active @ snapshots/2026-05-07/PRG_System_Diagnostics.st:25 - Potential compatibility/legacy semantic pattern detected.
[SEMANTIC_ZOMBIE_PATTERN] _Alarm_Active @ snapshots/2026-05-07/PRG_System_Diagnostics.st:26 - Potential compatibility/legacy semantic pattern detected.
[SEMANTIC_ZOMBIE_PATTERN] _Alarm_Active @ snapshots/2026-05-07/FB_System_Gateway_Intent.st:31 - Potential compatibility/legacy semantic pattern detected.
[SEMANTIC_ZOMBIE_PATTERN] _Alarm_Active @ snapshots/2026-05-07/FB_System_Gateway_Intent.st:32 - Potential compatibility/legacy semantic pattern detected.
[SEMANTIC_ZOMBIE_PATTERN] _Alarm_Active @ snapshots/2026-05-07/FB_System_Gateway_Intent.st:33 - Potential compatibility/legacy semantic pattern detected.
[SEMANTIC_ZOMBIE_PATTERN] _Alarm_Active @ snapshots/2026-05-07/FB_Security_System_Manager.st:23 - Potential compatibility/legacy semantic pattern detected.
[SEMANTIC_ZOMBIE_PATTERN] _Alarm_Active @ snapshots/2026-05-07/FB_Security_System_Manager.st:47 - Potential compatibility/legacy semantic pattern detected.
[SEMANTIC_ZOMBIE_PATTERN] _Alarm_Active @ snapshots/2026-05-07/FB_Security_System_Manager.st:109 - Potential compatibility/legacy semantic pattern detected.
[SEMANTIC_ZOMBIE_PATTERN] _Alarm_Active @ snapshots/2026-05-07/FB_Security_System_Manager.st:129 - Potential compatibility/legacy semantic pattern detected.
[SEMANTIC_ZOMBIE_PATTERN] _Alarm_Active @ snapshots/2026-05-07/FB_Security_System_Manager.st:160 - Potential compatibility/legacy semantic pattern detected.
[SEMANTIC_ZOMBIE_PATTERN] _Alarm_Active @ snapshots/2026-05-07/PRG_IO_Write.st:66 - Potential compatibility/legacy semantic pattern detected.
[SEMANTIC_ZOMBIE_PATTERN] _Alarm_Active @ snapshots/2026-05-07/PRG_IO_Write.st:67 - Potential compatibility/legacy semantic pattern detected.
[SEMANTIC_ZOMBIE_PATTERN] _Alarm_Active @ snapshots/2026-05-07/PRG_IO_Write.st:165 - Potential compatibility/legacy semantic pattern detected.
[SEMANTIC_ZOMBIE_PATTERN] _Alarm_Active @ snapshots/2026-05-07/PRG_IO_Write.st:166 - Potential compatibility/legacy semantic pattern detected.
[SEMANTIC_ZOMBIE_PATTERN] _Alarm_Active @ snapshots/2026-05-07/FB_Gateway_Interface.st:9 - Potential compatibility/legacy semantic pattern detected.
[SEMANTIC_ZOMBIE_PATTERN] _Alarm_Active @ snapshots/2026-05-07/FB_Gateway_Interface.st:10 - Potential compatibility/legacy semantic pattern detected.
[SEMANTIC_ZOMBIE_PATTERN] _Alarm_Active @ snapshots/2026-05-07/FB_Gateway_Interface.st:11 - Potential compatibility/legacy semantic pattern detected.
[SEMANTIC_ZOMBIE_PATTERN] _Alarm_Active @ snapshots/2026-05-07/FB_Gateway_Interface.st:84 - Potential compatibility/legacy semantic pattern detected.
[SEMANTIC_ZOMBIE_PATTERN] _Alarm_Active @ snapshots/2026-05-07/FB_Gateway_Interface.st:88 - Potential compatibility/legacy semantic pattern detected.
[SEMANTIC_ZOMBIE_PATTERN] _Alarm_Active @ snapshots/2026-05-07/FB_Gateway_Interface.st:92 - Potential compatibility/legacy semantic pattern detected.
[SEMANTIC_ZOMBIE_PATTERN] _Alarm_Active @ snapshots/2026-05-07/FB_Gateway_Interface.st:104 - Potential compatibility/legacy semantic pattern detected.
[SEMANTIC_ZOMBIE_PATTERN] _Alarm_Active @ snapshots/2026-05-07/FB_Gateway_Interface.st:105 - Potential compatibility/legacy semantic pattern detected.
[SEMANTIC_ZOMBIE_PATTERN] _Alarm_Active @ snapshots/2026-05-07/FB_Gateway_Interface.st:106 - Potential compatibility/legacy semantic pattern detected.
[SEMANTIC_ZOMBIE_PATTERN] _Alarm_Active @ snapshots/2026-05-07/FB_Gateway_Interface.st:114 - Potential compatibility/legacy semantic pattern detected.
[SEMANTIC_ZOMBIE_PATTERN] _Alarm_Active @ snapshots/2026-05-07/FB_Gateway_Interface.st:115 - Potential compatibility/legacy semantic pattern detected.
[SEMANTIC_ZOMBIE_PATTERN] _Alarm_Active @ snapshots/2026-05-07/FB_Gateway_Interface.st:116 - Potential compatibility/legacy semantic pattern detected.
[SEMANTIC_ZOMBIE_PATTERN] Shadow_ @ snapshots/2026-05-07/GVL_GATEWAY.gvl:14 - Potential compatibility/legacy semantic pattern detected.
[SEMANTIC_ZOMBIE_PATTERN] Shadow_ @ snapshots/2026-05-07/GVL_GATEWAY.gvl:15 - Potential compatibility/legacy semantic pattern detected.
[SEMANTIC_ZOMBIE_PATTERN] Shadow_ @ snapshots/2026-05-07/GVL_GATEWAY.gvl:16 - Potential compatibility/legacy semantic pattern detected.
[SEMANTIC_ZOMBIE_PATTERN] Shadow_ @ snapshots/2026-05-07/GVL_GATEWAY.gvl:17 - Potential compatibility/legacy semantic pattern detected.
[SEMANTIC_ZOMBIE_PATTERN] Shadow_ @ snapshots/2026-05-07/GVL_GATEWAY.gvl:18 - Potential compatibility/legacy semantic pattern detected.
[SEMANTIC_ZOMBIE_PATTERN] Shadow_ @ snapshots/2026-05-07/GVL_GATEWAY.gvl:19 - Potential compatibility/legacy semantic pattern detected.
[SEMANTIC_ZOMBIE_PATTERN] Shadow_ @ snapshots/2026-05-07/GVL_GATEWAY.gvl:20 - Potential compatibility/legacy semantic pattern detected.
[SEMANTIC_ZOMBIE_PATTERN] Shadow_ @ snapshots/2026-05-07/GVL_Safety_Selector.gvl:3 - Potential compatibility/legacy semantic pattern detected.
[SEMANTIC_ZOMBIE_PATTERN] Shadow_ @ snapshots/2026-05-07/GVL_Safety_Selector.gvl:4 - Potential compatibility/legacy semantic pattern detected.
[SEMANTIC_ZOMBIE_PATTERN] Shadow_ @ snapshots/2026-05-07/GVL_Safety_Selector.gvl:5 - Potential compatibility/legacy semantic pattern detected.
[SEMANTIC_ZOMBIE_PATTERN] Shadow_ @ snapshots/2026-05-07/GVL_Safety_Selector.gvl:13 - Potential compatibility/legacy semantic pattern detected.
[SEMANTIC_ZOMBIE_PATTERN] Shadow_ @ snapshots/2026-05-07/GVL_Safety_Selector.gvl:14 - Potential compatibility/legacy semantic pattern detected.
[SEMANTIC_ZOMBIE_PATTERN] Shadow_ @ snapshots/2026-05-07/GVL_Safety_Selector.gvl:15 - Potential compatibility/legacy semantic pattern detected.
[SEMANTIC_ZOMBIE_PATTERN] Shadow_ @ snapshots/2026-05-07/GVL_Safety_Selector.gvl:18 - Potential compatibility/legacy semantic pattern detected.
[SEMANTIC_ZOMBIE_PATTERN] Shadow_ @ snapshots/2026-05-07/GVL_Safety_Selector.gvl:21 - Potential compatibility/legacy semantic pattern detected.
[SEMANTIC_ZOMBIE_PATTERN] Shadow_ @ snapshots/2026-05-07/GVL_Safety_Selector.gvl:22 - Potential compatibility/legacy semantic pattern detected.
[SEMANTIC_ZOMBIE_PATTERN] _Alarm_Active @ snapshots/2026-05-07/PRG_System_BlackBox.st:12 - Potential compatibility/legacy semantic pattern detected.
[SEMANTIC_ZOMBIE_PATTERN] _Alarm_Active @ snapshots/2026-05-07/PRG_System_BlackBox.st:13 - Potential compatibility/legacy semantic pattern detected.
[SEMANTIC_ZOMBIE_PATTERN] _Alarm_Active @ snapshots/2026-05-07/PRG_System_BlackBox.st:23 - Potential compatibility/legacy semantic pattern detected.
[SEMANTIC_ZOMBIE_PATTERN] _Alarm_Active @ snapshots/2026-05-07/FB_System_Alarm_Orchestrator.st:21 - Potential compatibility/legacy semantic pattern detected.
[SEMANTIC_ZOMBIE_PATTERN] _Alarm_Active @ snapshots/2026-05-07/FB_System_Alarm_Orchestrator.st:22 - Potential compatibility/legacy semantic pattern detected.
[SEMANTIC_ZOMBIE_PATTERN] _Alarm_Active @ snapshots/2026-05-07/FB_System_Alarm_Orchestrator.st:23 - Potential compatibility/legacy semantic pattern detected.
[SEMANTIC_ZOMBIE_PATTERN] _Alarm_Active @ snapshots/2026-05-07/PRG_Lighting.st:16 - Potential compatibility/legacy semantic pattern detected.
[SEMANTIC_ZOMBIE_PATTERN] _Alarm_Active @ snapshots/2026-05-07/PRG_Lighting.st:23 - Potential compatibility/legacy semantic pattern detected.
[SEMANTIC_ZOMBIE_PATTERN] _Alarm_Active @ snapshots/2026-05-07/PRG_Lighting.st:89 - Potential compatibility/legacy semantic pattern detected.
[SEMANTIC_ZOMBIE_PATTERN] _Alarm_Active @ snapshots/2026-05-07/PRG_Lighting.st:90 - Potential compatibility/legacy semantic pattern detected.
[SEMANTIC_ZOMBIE_PATTERN] _Alarm_Active @ snapshots/2026-05-07/PRG_Lighting.st:113 - Potential compatibility/legacy semantic pattern detected.
[SEMANTIC_ZOMBIE_PATTERN] _Alarm_Active @ snapshots/2026-05-07/PRG_Security.st:31 - Potential compatibility/legacy semantic pattern detected.
[SEMANTIC_ZOMBIE_PATTERN] _Alarm_Active @ snapshots/2026-05-07/PRG_Safety_Shutdown.st:13 - Potential compatibility/legacy semantic pattern detected.
[SEMANTIC_ZOMBIE_PATTERN] _Alarm_Active @ snapshots/2026-05-07/GVL_INTENT_SAFETY.gvl:8 - Potential compatibility/legacy semantic pattern detected.
[SEMANTIC_ZOMBIE_PATTERN] _Alarm_Active @ snapshots/2026-05-07/GVL_INTENT_SAFETY.gvl:9 - Potential compatibility/legacy semantic pattern detected.
[SEMANTIC_ZOMBIE_PATTERN] _Alarm_Active @ snapshots/2026-05-07/GVL_INTENT_SAFETY.gvl:10 - Potential compatibility/legacy semantic pattern detected.
[SEMANTIC_ZOMBIE_PATTERN] _Alarm_Active @ snapshots/2026-05-05/PRG_Safety.st:11 - Potential compatibility/legacy semantic pattern detected.
[SEMANTIC_ZOMBIE_PATTERN] _Alarm_Active @ snapshots/2026-05-05/PRG_Safety.st:12 - Potential compatibility/legacy semantic pattern detected.
[SEMANTIC_ZOMBIE_PATTERN] _Alarm_Active @ snapshots/2026-05-05/PRG_Safety.st:13 - Potential compatibility/legacy semantic pattern detected.
[SEMANTIC_ZOMBIE_PATTERN] _Alarm_Active @ snapshots/2026-05-05/PRG_Safety.st:42 - Potential compatibility/legacy semantic pattern detected.
[SEMANTIC_ZOMBIE_PATTERN] _Alarm_Active @ snapshots/2026-05-05/PRG_Safety.st:57 - Potential compatibility/legacy semantic pattern detected.
[SEMANTIC_ZOMBIE_PATTERN] _Alarm_Active @ snapshots/2026-05-05/PRG_Safety.st:58 - Potential compatibility/legacy semantic pattern detected.
[SEMANTIC_ZOMBIE_PATTERN] _Alarm_Active @ snapshots/2026-05-05/GVL_ALARM.gvl:11 - Potential compatibility/legacy semantic pattern detected.
[SEMANTIC_ZOMBIE_PATTERN] _Alarm_Active @ snapshots/2026-05-05/GVL_ALARM.gvl:13 - Potential compatibility/legacy semantic pattern detected.
[SEMANTIC_ZOMBIE_PATTERN] _Alarm_Active @ snapshots/2026-05-05/GVL_ALARM.gvl:14 - Potential compatibility/legacy semantic pattern detected.
[SEMANTIC_ZOMBIE_PATTERN] _Alarm_Active @ snapshots/2026-05-05/PRG_System_Diagnostics.st:25 - Potential compatibility/legacy semantic pattern detected.
[SEMANTIC_ZOMBIE_PATTERN] _Alarm_Active @ snapshots/2026-05-05/PRG_System_Diagnostics.st:26 - Potential compatibility/legacy semantic pattern detected.
[SEMANTIC_ZOMBIE_PATTERN] _Alarm_Active @ snapshots/2026-05-05/FB_System_Gateway_Intent.st:31 - Potential compatibility/legacy semantic pattern detected.
[SEMANTIC_ZOMBIE_PATTERN] _Alarm_Active @ snapshots/2026-05-05/FB_System_Gateway_Intent.st:32 - Potential compatibility/legacy semantic pattern detected.
[SEMANTIC_ZOMBIE_PATTERN] _Alarm_Active @ snapshots/2026-05-05/FB_System_Gateway_Intent.st:33 - Potential compatibility/legacy semantic pattern detected.
[SEMANTIC_ZOMBIE_PATTERN] _Alarm_Active @ snapshots/2026-05-05/FB_Security_System_Manager.st:23 - Potential compatibility/legacy semantic pattern detected.
[SEMANTIC_ZOMBIE_PATTERN] _Alarm_Active @ snapshots/2026-05-05/FB_Security_System_Manager.st:47 - Potential compatibility/legacy semantic pattern detected.
[SEMANTIC_ZOMBIE_PATTERN] _Alarm_Active @ snapshots/2026-05-05/FB_Security_System_Manager.st:109 - Potential compatibility/legacy semantic pattern detected.
[SEMANTIC_ZOMBIE_PATTERN] _Alarm_Active @ snapshots/2026-05-05/FB_Security_System_Manager.st:129 - Potential compatibility/legacy semantic pattern detected.
[SEMANTIC_ZOMBIE_PATTERN] _Alarm_Active @ snapshots/2026-05-05/FB_Security_System_Manager.st:160 - Potential compatibility/legacy semantic pattern detected.
[SEMANTIC_ZOMBIE_PATTERN] _Alarm_Active @ snapshots/2026-05-05/PRG_IO_Write.st:40 - Potential compatibility/legacy semantic pattern detected.
[SEMANTIC_ZOMBIE_PATTERN] _Alarm_Active @ snapshots/2026-05-05/PRG_IO_Write.st:41 - Potential compatibility/legacy semantic pattern detected.
[SEMANTIC_ZOMBIE_PATTERN] _Alarm_Active @ snapshots/2026-05-05/PRG_IO_Write.st:140 - Potential compatibility/legacy semantic pattern detected.
[SEMANTIC_ZOMBIE_PATTERN] _Alarm_Active @ snapshots/2026-05-05/PRG_IO_Write.st:141 - Potential compatibility/legacy semantic pattern detected.
[SEMANTIC_ZOMBIE_PATTERN] _Alarm_Active @ snapshots/2026-05-05/FB_Gateway_Interface.st:9 - Potential compatibility/legacy semantic pattern detected.
[SEMANTIC_ZOMBIE_PATTERN] _Alarm_Active @ snapshots/2026-05-05/FB_Gateway_Interface.st:10 - Potential compatibility/legacy semantic pattern detected.
[SEMANTIC_ZOMBIE_PATTERN] _Alarm_Active @ snapshots/2026-05-05/FB_Gateway_Interface.st:11 - Potential compatibility/legacy semantic pattern detected.
[SEMANTIC_ZOMBIE_PATTERN] _Alarm_Active @ snapshots/2026-05-05/FB_Gateway_Interface.st:84 - Potential compatibility/legacy semantic pattern detected.
[SEMANTIC_ZOMBIE_PATTERN] _Alarm_Active @ snapshots/2026-05-05/FB_Gateway_Interface.st:88 - Potential compatibility/legacy semantic pattern detected.
[SEMANTIC_ZOMBIE_PATTERN] _Alarm_Active @ snapshots/2026-05-05/FB_Gateway_Interface.st:92 - Potential compatibility/legacy semantic pattern detected.
[SEMANTIC_ZOMBIE_PATTERN] _Alarm_Active @ snapshots/2026-05-05/FB_Gateway_Interface.st:104 - Potential compatibility/legacy semantic pattern detected.
[SEMANTIC_ZOMBIE_PATTERN] _Alarm_Active @ snapshots/2026-05-05/FB_Gateway_Interface.st:105 - Potential compatibility/legacy semantic pattern detected.
[SEMANTIC_ZOMBIE_PATTERN] _Alarm_Active @ snapshots/2026-05-05/FB_Gateway_Interface.st:106 - Potential compatibility/legacy semantic pattern detected.
[SEMANTIC_ZOMBIE_PATTERN] _Alarm_Active @ snapshots/2026-05-05/FB_Gateway_Interface.st:114 - Potential compatibility/legacy semantic pattern detected.
[SEMANTIC_ZOMBIE_PATTERN] _Alarm_Active @ snapshots/2026-05-05/FB_Gateway_Interface.st:115 - Potential compatibility/legacy semantic pattern detected.
[SEMANTIC_ZOMBIE_PATTERN] _Alarm_Active @ snapshots/2026-05-05/FB_Gateway_Interface.st:116 - Potential compatibility/legacy semantic pattern detected.
[SEMANTIC_ZOMBIE_PATTERN] Shadow_ @ snapshots/2026-05-05/GVL_GATEWAY.gvl:14 - Potential compatibility/legacy semantic pattern detected.
[SEMANTIC_ZOMBIE_PATTERN] Shadow_ @ snapshots/2026-05-05/GVL_GATEWAY.gvl:15 - Potential compatibility/legacy semantic pattern detected.
[SEMANTIC_ZOMBIE_PATTERN] Shadow_ @ snapshots/2026-05-05/GVL_GATEWAY.gvl:16 - Potential compatibility/legacy semantic pattern detected.
[SEMANTIC_ZOMBIE_PATTERN] Shadow_ @ snapshots/2026-05-05/GVL_GATEWAY.gvl:17 - Potential compatibility/legacy semantic pattern detected.
[SEMANTIC_ZOMBIE_PATTERN] Shadow_ @ snapshots/2026-05-05/GVL_GATEWAY.gvl:18 - Potential compatibility/legacy semantic pattern detected.
[SEMANTIC_ZOMBIE_PATTERN] Shadow_ @ snapshots/2026-05-05/GVL_GATEWAY.gvl:19 - Potential compatibility/legacy semantic pattern detected.
[SEMANTIC_ZOMBIE_PATTERN] Shadow_ @ snapshots/2026-05-05/GVL_GATEWAY.gvl:20 - Potential compatibility/legacy semantic pattern detected.
[SEMANTIC_ZOMBIE_PATTERN] Shadow_ @ snapshots/2026-05-05/GVL_Safety_Selector.gvl:3 - Potential compatibility/legacy semantic pattern detected.
[SEMANTIC_ZOMBIE_PATTERN] Shadow_ @ snapshots/2026-05-05/GVL_Safety_Selector.gvl:4 - Potential compatibility/legacy semantic pattern detected.
[SEMANTIC_ZOMBIE_PATTERN] Shadow_ @ snapshots/2026-05-05/GVL_Safety_Selector.gvl:5 - Potential compatibility/legacy semantic pattern detected.
[SEMANTIC_ZOMBIE_PATTERN] Shadow_ @ snapshots/2026-05-05/GVL_Safety_Selector.gvl:13 - Potential compatibility/legacy semantic pattern detected.
[SEMANTIC_ZOMBIE_PATTERN] Shadow_ @ snapshots/2026-05-05/GVL_Safety_Selector.gvl:14 - Potential compatibility/legacy semantic pattern detected.
[SEMANTIC_ZOMBIE_PATTERN] Shadow_ @ snapshots/2026-05-05/GVL_Safety_Selector.gvl:15 - Potential compatibility/legacy semantic pattern detected.
[SEMANTIC_ZOMBIE_PATTERN] Shadow_ @ snapshots/2026-05-05/GVL_Safety_Selector.gvl:18 - Potential compatibility/legacy semantic pattern detected.
[SEMANTIC_ZOMBIE_PATTERN] Shadow_ @ snapshots/2026-05-05/GVL_Safety_Selector.gvl:21 - Potential compatibility/legacy semantic pattern detected.
[SEMANTIC_ZOMBIE_PATTERN] Shadow_ @ snapshots/2026-05-05/GVL_Safety_Selector.gvl:22 - Potential compatibility/legacy semantic pattern detected.
[SEMANTIC_ZOMBIE_PATTERN] _Alarm_Active @ snapshots/2026-05-05/PRG_System_BlackBox.st:12 - Potential compatibility/legacy semantic pattern detected.
[SEMANTIC_ZOMBIE_PATTERN] _Alarm_Active @ snapshots/2026-05-05/PRG_System_BlackBox.st:13 - Potential compatibility/legacy semantic pattern detected.
[SEMANTIC_ZOMBIE_PATTERN] _Alarm_Active @ snapshots/2026-05-05/PRG_System_BlackBox.st:23 - Potential compatibility/legacy semantic pattern detected.
[SEMANTIC_ZOMBIE_PATTERN] _Alarm_Active @ snapshots/2026-05-05/FB_System_Alarm_Orchestrator.st:21 - Potential compatibility/legacy semantic pattern detected.
[SEMANTIC_ZOMBIE_PATTERN] _Alarm_Active @ snapshots/2026-05-05/FB_System_Alarm_Orchestrator.st:22 - Potential compatibility/legacy semantic pattern detected.
[SEMANTIC_ZOMBIE_PATTERN] _Alarm_Active @ snapshots/2026-05-05/FB_System_Alarm_Orchestrator.st:23 - Potential compatibility/legacy semantic pattern detected.
[SEMANTIC_ZOMBIE_PATTERN] _Alarm_Active @ snapshots/2026-05-05/PRG_Lighting.st:16 - Potential compatibility/legacy semantic pattern detected.
[SEMANTIC_ZOMBIE_PATTERN] _Alarm_Active @ snapshots/2026-05-05/PRG_Lighting.st:23 - Potential compatibility/legacy semantic pattern detected.
[SEMANTIC_ZOMBIE_PATTERN] _Alarm_Active @ snapshots/2026-05-05/PRG_Lighting.st:89 - Potential compatibility/legacy semantic pattern detected.
[SEMANTIC_ZOMBIE_PATTERN] _Alarm_Active @ snapshots/2026-05-05/PRG_Lighting.st:90 - Potential compatibility/legacy semantic pattern detected.
[SEMANTIC_ZOMBIE_PATTERN] _Alarm_Active @ snapshots/2026-05-05/PRG_Lighting.st:113 - Potential compatibility/legacy semantic pattern detected.
[SEMANTIC_ZOMBIE_PATTERN] _Alarm_Active @ snapshots/2026-05-05/PRG_Security.st:31 - Potential compatibility/legacy semantic pattern detected.
[SEMANTIC_ZOMBIE_PATTERN] _Alarm_Active @ snapshots/2026-05-05/PRG_Safety_Shutdown.st:13 - Potential compatibility/legacy semantic pattern detected.
[SEMANTIC_ZOMBIE_PATTERN] _Alarm_Active @ snapshots/2026-05-05/GVL_INTENT_SAFETY.gvl:8 - Potential compatibility/legacy semantic pattern detected.
[SEMANTIC_ZOMBIE_PATTERN] _Alarm_Active @ snapshots/2026-05-05/GVL_INTENT_SAFETY.gvl:9 - Potential compatibility/legacy semantic pattern detected.
[SEMANTIC_ZOMBIE_PATTERN] _Alarm_Active @ snapshots/2026-05-05/GVL_INTENT_SAFETY.gvl:10 - Potential compatibility/legacy semantic pattern detected.
[SEMANTIC_ZOMBIE_PATTERN] _Alarm_Active @ snapshots/2026-05-05/PRG_System_Test_Harness.st:104 - Potential compatibility/legacy semantic pattern detected.
[SEMANTIC_ZOMBIE_PATTERN] _Alarm_Active @ snapshots/2026-04-23/PRG_Command_Arbitration.st:34 - Potential compatibility/legacy semantic pattern detected.
[SEMANTIC_ZOMBIE_PATTERN] _Alarm_Active @ snapshots/2026-04-23/PRG_Safety.st:50 - Potential compatibility/legacy semantic pattern detected.
[SEMANTIC_ZOMBIE_PATTERN] _Alarm_Active @ snapshots/2026-04-23/PRG_Safety.st:51 - Potential compatibility/legacy semantic pattern detected.
[SEMANTIC_ZOMBIE_PATTERN] _Alarm_Active @ snapshots/2026-04-23/PRG_Safety.st:52 - Potential compatibility/legacy semantic pattern detected.
[SEMANTIC_ZOMBIE_PATTERN] _Alarm_Active @ snapshots/2026-04-23/PRG_Safety.st:82 - Potential compatibility/legacy semantic pattern detected.
[SEMANTIC_ZOMBIE_PATTERN] _Alarm_Active @ snapshots/2026-04-23/PRG_Safety.st:97 - Potential compatibility/legacy semantic pattern detected.
[SEMANTIC_ZOMBIE_PATTERN] _Alarm_Active @ snapshots/2026-04-23/PRG_Safety.st:98 - Potential compatibility/legacy semantic pattern detected.
[SEMANTIC_ZOMBIE_PATTERN] _Alarm_Active @ snapshots/2026-04-23/GVL_ALARM.gvl:11 - Potential compatibility/legacy semantic pattern detected.
[SEMANTIC_ZOMBIE_PATTERN] _Alarm_Active @ snapshots/2026-04-23/GVL_ALARM.gvl:13 - Potential compatibility/legacy semantic pattern detected.
[SEMANTIC_ZOMBIE_PATTERN] _Alarm_Active @ snapshots/2026-04-23/GVL_ALARM.gvl:14 - Potential compatibility/legacy semantic pattern detected.
[SEMANTIC_ZOMBIE_PATTERN] _Alarm_Active @ snapshots/2026-04-23/FB_Security_System_Manager.st:23 - Potential compatibility/legacy semantic pattern detected.
[SEMANTIC_ZOMBIE_PATTERN] _Alarm_Active @ snapshots/2026-04-23/FB_Security_System_Manager.st:47 - Potential compatibility/legacy semantic pattern detected.
[SEMANTIC_ZOMBIE_PATTERN] _Alarm_Active @ snapshots/2026-04-23/FB_Security_System_Manager.st:109 - Potential compatibility/legacy semantic pattern detected.
[SEMANTIC_ZOMBIE_PATTERN] _Alarm_Active @ snapshots/2026-04-23/FB_Security_System_Manager.st:129 - Potential compatibility/legacy semantic pattern detected.
[SEMANTIC_ZOMBIE_PATTERN] _Alarm_Active @ snapshots/2026-04-23/FB_Security_System_Manager.st:160 - Potential compatibility/legacy semantic pattern detected.
[SEMANTIC_ZOMBIE_PATTERN] _Alarm_Active @ snapshots/2026-04-23/PRG_IO_Write.st:47 - Potential compatibility/legacy semantic pattern detected.
[SEMANTIC_ZOMBIE_PATTERN] _Alarm_Active @ snapshots/2026-04-23/PRG_IO_Write.st:48 - Potential compatibility/legacy semantic pattern detected.
[SEMANTIC_ZOMBIE_PATTERN] _Alarm_Active @ snapshots/2026-04-23/FB_Gateway_Interface.st:11 - Potential compatibility/legacy semantic pattern detected.
[SEMANTIC_ZOMBIE_PATTERN] _Alarm_Active @ snapshots/2026-04-23/FB_Gateway_Interface.st:12 - Potential compatibility/legacy semantic pattern detected.
[SEMANTIC_ZOMBIE_PATTERN] _Alarm_Active @ snapshots/2026-04-23/FB_Gateway_Interface.st:13 - Potential compatibility/legacy semantic pattern detected.
[SEMANTIC_ZOMBIE_PATTERN] _Alarm_Active @ snapshots/2026-04-23/FB_Gateway_Interface.st:95 - Potential compatibility/legacy semantic pattern detected.
[SEMANTIC_ZOMBIE_PATTERN] _Alarm_Active @ snapshots/2026-04-23/FB_Gateway_Interface.st:99 - Potential compatibility/legacy semantic pattern detected.
[SEMANTIC_ZOMBIE_PATTERN] _Alarm_Active @ snapshots/2026-04-23/FB_Gateway_Interface.st:103 - Potential compatibility/legacy semantic pattern detected.
[SEMANTIC_ZOMBIE_PATTERN] _Alarm_Active @ snapshots/2026-04-23/FB_Gateway_Interface.st:115 - Potential compatibility/legacy semantic pattern detected.
[SEMANTIC_ZOMBIE_PATTERN] _Alarm_Active @ snapshots/2026-04-23/FB_Gateway_Interface.st:116 - Potential compatibility/legacy semantic pattern detected.
[SEMANTIC_ZOMBIE_PATTERN] _Alarm_Active @ snapshots/2026-04-23/FB_Gateway_Interface.st:117 - Potential compatibility/legacy semantic pattern detected.
[SEMANTIC_ZOMBIE_PATTERN] _Alarm_Active @ snapshots/2026-04-23/FB_Gateway_Interface.st:128 - Potential compatibility/legacy semantic pattern detected.
[SEMANTIC_ZOMBIE_PATTERN] _Alarm_Active @ snapshots/2026-04-23/FB_Gateway_Interface.st:129 - Potential compatibility/legacy semantic pattern detected.
[SEMANTIC_ZOMBIE_PATTERN] _Alarm_Active @ snapshots/2026-04-23/FB_Gateway_Interface.st:130 - Potential compatibility/legacy semantic pattern detected.
[SEMANTIC_ZOMBIE_PATTERN] Shadow_ @ snapshots/2026-04-23/GVL_GATEWAY.gvl:14 - Potential compatibility/legacy semantic pattern detected.
[SEMANTIC_ZOMBIE_PATTERN] Shadow_ @ snapshots/2026-04-23/GVL_GATEWAY.gvl:15 - Potential compatibility/legacy semantic pattern detected.
[SEMANTIC_ZOMBIE_PATTERN] Shadow_ @ snapshots/2026-04-23/GVL_GATEWAY.gvl:16 - Potential compatibility/legacy semantic pattern detected.
[SEMANTIC_ZOMBIE_PATTERN] Shadow_ @ snapshots/2026-04-23/GVL_GATEWAY.gvl:17 - Potential compatibility/legacy semantic pattern detected.
[SEMANTIC_ZOMBIE_PATTERN] Shadow_ @ snapshots/2026-04-23/GVL_GATEWAY.gvl:18 - Potential compatibility/legacy semantic pattern detected.
[SEMANTIC_ZOMBIE_PATTERN] Shadow_ @ snapshots/2026-04-23/GVL_GATEWAY.gvl:19 - Potential compatibility/legacy semantic pattern detected.
[SEMANTIC_ZOMBIE_PATTERN] Shadow_ @ snapshots/2026-04-23/GVL_GATEWAY.gvl:20 - Potential compatibility/legacy semantic pattern detected.
[SEMANTIC_ZOMBIE_PATTERN] Shadow_ @ snapshots/2026-04-23/GVL_Safety_Selector.gvl:3 - Potential compatibility/legacy semantic pattern detected.
[SEMANTIC_ZOMBIE_PATTERN] Shadow_ @ snapshots/2026-04-23/GVL_Safety_Selector.gvl:4 - Potential compatibility/legacy semantic pattern detected.
[SEMANTIC_ZOMBIE_PATTERN] Shadow_ @ snapshots/2026-04-23/GVL_Safety_Selector.gvl:5 - Potential compatibility/legacy semantic pattern detected.
[SEMANTIC_ZOMBIE_PATTERN] Shadow_ @ snapshots/2026-04-23/GVL_Safety_Selector.gvl:13 - Potential compatibility/legacy semantic pattern detected.
[SEMANTIC_ZOMBIE_PATTERN] Shadow_ @ snapshots/2026-04-23/GVL_Safety_Selector.gvl:14 - Potential compatibility/legacy semantic pattern detected.
[SEMANTIC_ZOMBIE_PATTERN] Shadow_ @ snapshots/2026-04-23/GVL_Safety_Selector.gvl:15 - Potential compatibility/legacy semantic pattern detected.
[SEMANTIC_ZOMBIE_PATTERN] Shadow_ @ snapshots/2026-04-23/GVL_Safety_Selector.gvl:18 - Potential compatibility/legacy semantic pattern detected.
[SEMANTIC_ZOMBIE_PATTERN] Shadow_ @ snapshots/2026-04-23/GVL_Safety_Selector.gvl:21 - Potential compatibility/legacy semantic pattern detected.
[SEMANTIC_ZOMBIE_PATTERN] Shadow_ @ snapshots/2026-04-23/GVL_Safety_Selector.gvl:22 - Potential compatibility/legacy semantic pattern detected.
[SEMANTIC_ZOMBIE_PATTERN] _Alarm_Active @ snapshots/2026-04-23/PRG_Lighting.st:86 - Potential compatibility/legacy semantic pattern detected.
[SEMANTIC_ZOMBIE_PATTERN] _Alarm_Active @ snapshots/2026-04-23/PRG_Lighting.st:87 - Potential compatibility/legacy semantic pattern detected.
[SEMANTIC_ZOMBIE_PATTERN] _Alarm_Active @ snapshots/2026-04-23/PRG_Security.st:31 - Potential compatibility/legacy semantic pattern detected.
[SEMANTIC_ZOMBIE_PATTERN] _Alarm_Active @ snapshots/2026-04-23/GVL_INTENT_SAFETY.gvl:8 - Potential compatibility/legacy semantic pattern detected.
[SEMANTIC_ZOMBIE_PATTERN] _Alarm_Active @ snapshots/2026-04-23/GVL_INTENT_SAFETY.gvl:9 - Potential compatibility/legacy semantic pattern detected.
[SEMANTIC_ZOMBIE_PATTERN] _Alarm_Active @ snapshots/2026-04-23/GVL_INTENT_SAFETY.gvl:10 - Potential compatibility/legacy semantic pattern detected.
[SEMANTIC_ZOMBIE_PATTERN] _Alarm_Active @ snapshots/2026-04-23/PRG_System.st:437 - Potential compatibility/legacy semantic pattern detected.
[SEMANTIC_ZOMBIE_PATTERN] _Alarm_Active @ snapshots/2026-04-23/PRG_System.st:438 - Potential compatibility/legacy semantic pattern detected.
[SEMANTIC_ZOMBIE_PATTERN] _Alarm_Active @ snapshots/2026-04-23/PRG_System.st:439 - Potential compatibility/legacy semantic pattern detected.
[SEMANTIC_ZOMBIE_PATTERN] _Alarm_Active @ snapshots/2026-04-23/PRG_System.st:486 - Potential compatibility/legacy semantic pattern detected.
[SEMANTIC_ZOMBIE_PATTERN] _Alarm_Active @ snapshots/2026-04-23/PRG_System.st:487 - Potential compatibility/legacy semantic pattern detected.
[SEMANTIC_ZOMBIE_PATTERN] _Alarm_Active @ snapshots/2026-04-23/PRG_System.st:488 - Potential compatibility/legacy semantic pattern detected.
[SEMANTIC_ZOMBIE_PATTERN] _Alarm_Active @ snapshots/2026-04-23/PRG_System.st:782 - Potential compatibility/legacy semantic pattern detected.
[SEMANTIC_ZOMBIE_PATTERN] _Alarm_Active @ snapshots/2026-04-23/PRG_System.st:783 - Potential compatibility/legacy semantic pattern detected.
[SEMANTIC_ZOMBIE_PATTERN] _Alarm_Active @ snapshots/2026-04-23/PRG_System.st:796 - Potential compatibility/legacy semantic pattern detected.
[SEMANTIC_ZOMBIE_PATTERN] _Alarm_Active @ snapshots/2026-04-28/PRG_Command_Arbitration.st:34 - Potential compatibility/legacy semantic pattern detected.
[SEMANTIC_ZOMBIE_PATTERN] _Alarm_Active @ snapshots/2026-04-28/PRG_Safety.st:15 - Potential compatibility/legacy semantic pattern detected.
[SEMANTIC_ZOMBIE_PATTERN] _Alarm_Active @ snapshots/2026-04-28/PRG_Safety.st:16 - Potential compatibility/legacy semantic pattern detected.
[SEMANTIC_ZOMBIE_PATTERN] _Alarm_Active @ snapshots/2026-04-28/PRG_Safety.st:17 - Potential compatibility/legacy semantic pattern detected.
[SEMANTIC_ZOMBIE_PATTERN] _Alarm_Active @ snapshots/2026-04-28/PRG_Safety.st:72 - Potential compatibility/legacy semantic pattern detected.
[SEMANTIC_ZOMBIE_PATTERN] _Alarm_Active @ snapshots/2026-04-28/PRG_Safety.st:87 - Potential compatibility/legacy semantic pattern detected.
[SEMANTIC_ZOMBIE_PATTERN] _Alarm_Active @ snapshots/2026-04-28/PRG_Safety.st:88 - Potential compatibility/legacy semantic pattern detected.
[SEMANTIC_ZOMBIE_PATTERN] _Alarm_Active @ snapshots/2026-04-28/GVL_ALARM.gvl:11 - Potential compatibility/legacy semantic pattern detected.
[SEMANTIC_ZOMBIE_PATTERN] _Alarm_Active @ snapshots/2026-04-28/GVL_ALARM.gvl:13 - Potential compatibility/legacy semantic pattern detected.
[SEMANTIC_ZOMBIE_PATTERN] _Alarm_Active @ snapshots/2026-04-28/GVL_ALARM.gvl:14 - Potential compatibility/legacy semantic pattern detected.
[SEMANTIC_ZOMBIE_PATTERN] _Alarm_Active @ snapshots/2026-04-28/FB_Security_System_Manager.st:23 - Potential compatibility/legacy semantic pattern detected.
[SEMANTIC_ZOMBIE_PATTERN] _Alarm_Active @ snapshots/2026-04-28/FB_Security_System_Manager.st:47 - Potential compatibility/legacy semantic pattern detected.
[SEMANTIC_ZOMBIE_PATTERN] _Alarm_Active @ snapshots/2026-04-28/FB_Security_System_Manager.st:109 - Potential compatibility/legacy semantic pattern detected.
[SEMANTIC_ZOMBIE_PATTERN] _Alarm_Active @ snapshots/2026-04-28/FB_Security_System_Manager.st:129 - Potential compatibility/legacy semantic pattern detected.
[SEMANTIC_ZOMBIE_PATTERN] _Alarm_Active @ snapshots/2026-04-28/FB_Security_System_Manager.st:160 - Potential compatibility/legacy semantic pattern detected.
[SEMANTIC_ZOMBIE_PATTERN] _Alarm_Active @ snapshots/2026-04-28/PRG_IO_Write.st:47 - Potential compatibility/legacy semantic pattern detected.
[SEMANTIC_ZOMBIE_PATTERN] _Alarm_Active @ snapshots/2026-04-28/PRG_IO_Write.st:48 - Potential compatibility/legacy semantic pattern detected.
[SEMANTIC_ZOMBIE_PATTERN] _Alarm_Active @ snapshots/2026-04-28/FB_Gateway_Interface.st:11 - Potential compatibility/legacy semantic pattern detected.
[SEMANTIC_ZOMBIE_PATTERN] _Alarm_Active @ snapshots/2026-04-28/FB_Gateway_Interface.st:12 - Potential compatibility/legacy semantic pattern detected.
[SEMANTIC_ZOMBIE_PATTERN] _Alarm_Active @ snapshots/2026-04-28/FB_Gateway_Interface.st:13 - Potential compatibility/legacy semantic pattern detected.
[SEMANTIC_ZOMBIE_PATTERN] _Alarm_Active @ snapshots/2026-04-28/FB_Gateway_Interface.st:95 - Potential compatibility/legacy semantic pattern detected.
[SEMANTIC_ZOMBIE_PATTERN] _Alarm_Active @ snapshots/2026-04-28/FB_Gateway_Interface.st:99 - Potential compatibility/legacy semantic pattern detected.
[SEMANTIC_ZOMBIE_PATTERN] _Alarm_Active @ snapshots/2026-04-28/FB_Gateway_Interface.st:103 - Potential compatibility/legacy semantic pattern detected.
[SEMANTIC_ZOMBIE_PATTERN] _Alarm_Active @ snapshots/2026-04-28/FB_Gateway_Interface.st:115 - Potential compatibility/legacy semantic pattern detected.
[SEMANTIC_ZOMBIE_PATTERN] _Alarm_Active @ snapshots/2026-04-28/FB_Gateway_Interface.st:116 - Potential compatibility/legacy semantic pattern detected.
[SEMANTIC_ZOMBIE_PATTERN] _Alarm_Active @ snapshots/2026-04-28/FB_Gateway_Interface.st:117 - Potential compatibility/legacy semantic pattern detected.
[SEMANTIC_ZOMBIE_PATTERN] _Alarm_Active @ snapshots/2026-04-28/FB_Gateway_Interface.st:128 - Potential compatibility/legacy semantic pattern detected.
[SEMANTIC_ZOMBIE_PATTERN] _Alarm_Active @ snapshots/2026-04-28/FB_Gateway_Interface.st:129 - Potential compatibility/legacy semantic pattern detected.
[SEMANTIC_ZOMBIE_PATTERN] _Alarm_Active @ snapshots/2026-04-28/FB_Gateway_Interface.st:130 - Potential compatibility/legacy semantic pattern detected.
[SEMANTIC_ZOMBIE_PATTERN] Shadow_ @ snapshots/2026-04-28/GVL_GATEWAY.gvl:14 - Potential compatibility/legacy semantic pattern detected.
[SEMANTIC_ZOMBIE_PATTERN] Shadow_ @ snapshots/2026-04-28/GVL_GATEWAY.gvl:15 - Potential compatibility/legacy semantic pattern detected.
[SEMANTIC_ZOMBIE_PATTERN] Shadow_ @ snapshots/2026-04-28/GVL_GATEWAY.gvl:16 - Potential compatibility/legacy semantic pattern detected.
[SEMANTIC_ZOMBIE_PATTERN] Shadow_ @ snapshots/2026-04-28/GVL_GATEWAY.gvl:17 - Potential compatibility/legacy semantic pattern detected.
[SEMANTIC_ZOMBIE_PATTERN] Shadow_ @ snapshots/2026-04-28/GVL_GATEWAY.gvl:18 - Potential compatibility/legacy semantic pattern detected.
[SEMANTIC_ZOMBIE_PATTERN] Shadow_ @ snapshots/2026-04-28/GVL_GATEWAY.gvl:19 - Potential compatibility/legacy semantic pattern detected.
[SEMANTIC_ZOMBIE_PATTERN] Shadow_ @ snapshots/2026-04-28/GVL_GATEWAY.gvl:20 - Potential compatibility/legacy semantic pattern detected.
[SEMANTIC_ZOMBIE_PATTERN] Shadow_ @ snapshots/2026-04-28/GVL_Safety_Selector.gvl:3 - Potential compatibility/legacy semantic pattern detected.
[SEMANTIC_ZOMBIE_PATTERN] Shadow_ @ snapshots/2026-04-28/GVL_Safety_Selector.gvl:4 - Potential compatibility/legacy semantic pattern detected.
[SEMANTIC_ZOMBIE_PATTERN] Shadow_ @ snapshots/2026-04-28/GVL_Safety_Selector.gvl:5 - Potential compatibility/legacy semantic pattern detected.
[SEMANTIC_ZOMBIE_PATTERN] Shadow_ @ snapshots/2026-04-28/GVL_Safety_Selector.gvl:13 - Potential compatibility/legacy semantic pattern detected.
[SEMANTIC_ZOMBIE_PATTERN] Shadow_ @ snapshots/2026-04-28/GVL_Safety_Selector.gvl:14 - Potential compatibility/legacy semantic pattern detected.
[SEMANTIC_ZOMBIE_PATTERN] Shadow_ @ snapshots/2026-04-28/GVL_Safety_Selector.gvl:15 - Potential compatibility/legacy semantic pattern detected.
[SEMANTIC_ZOMBIE_PATTERN] Shadow_ @ snapshots/2026-04-28/GVL_Safety_Selector.gvl:18 - Potential compatibility/legacy semantic pattern detected.
[SEMANTIC_ZOMBIE_PATTERN] Shadow_ @ snapshots/2026-04-28/GVL_Safety_Selector.gvl:21 - Potential compatibility/legacy semantic pattern detected.
[SEMANTIC_ZOMBIE_PATTERN] Shadow_ @ snapshots/2026-04-28/GVL_Safety_Selector.gvl:22 - Potential compatibility/legacy semantic pattern detected.
[SEMANTIC_ZOMBIE_PATTERN] _Alarm_Active @ snapshots/2026-04-28/PRG_Lighting.st:86 - Potential compatibility/legacy semantic pattern detected.
[SEMANTIC_ZOMBIE_PATTERN] _Alarm_Active @ snapshots/2026-04-28/PRG_Lighting.st:87 - Potential compatibility/legacy semantic pattern detected.
[SEMANTIC_ZOMBIE_PATTERN] _Alarm_Active @ snapshots/2026-04-28/PRG_Security.st:31 - Potential compatibility/legacy semantic pattern detected.
[SEMANTIC_ZOMBIE_PATTERN] _Alarm_Active @ snapshots/2026-04-28/GVL_INTENT_SAFETY.gvl:8 - Potential compatibility/legacy semantic pattern detected.
[SEMANTIC_ZOMBIE_PATTERN] _Alarm_Active @ snapshots/2026-04-28/GVL_INTENT_SAFETY.gvl:9 - Potential compatibility/legacy semantic pattern detected.
[SEMANTIC_ZOMBIE_PATTERN] _Alarm_Active @ snapshots/2026-04-28/GVL_INTENT_SAFETY.gvl:10 - Potential compatibility/legacy semantic pattern detected.
[SEMANTIC_ZOMBIE_PATTERN] _Alarm_Active @ snapshots/2026-04-28/PRG_System.st:437 - Potential compatibility/legacy semantic pattern detected.
[SEMANTIC_ZOMBIE_PATTERN] _Alarm_Active @ snapshots/2026-04-28/PRG_System.st:438 - Potential compatibility/legacy semantic pattern detected.
[SEMANTIC_ZOMBIE_PATTERN] _Alarm_Active @ snapshots/2026-04-28/PRG_System.st:439 - Potential compatibility/legacy semantic pattern detected.
[SEMANTIC_ZOMBIE_PATTERN] _Alarm_Active @ snapshots/2026-04-28/PRG_System.st:486 - Potential compatibility/legacy semantic pattern detected.
[SEMANTIC_ZOMBIE_PATTERN] _Alarm_Active @ snapshots/2026-04-28/PRG_System.st:487 - Potential compatibility/legacy semantic pattern detected.
[SEMANTIC_ZOMBIE_PATTERN] _Alarm_Active @ snapshots/2026-04-28/PRG_System.st:488 - Potential compatibility/legacy semantic pattern detected.
[SEMANTIC_ZOMBIE_PATTERN] _Alarm_Active @ snapshots/2026-04-28/PRG_System.st:782 - Potential compatibility/legacy semantic pattern detected.
[SEMANTIC_ZOMBIE_PATTERN] _Alarm_Active @ snapshots/2026-04-28/PRG_System.st:783 - Potential compatibility/legacy semantic pattern detected.
[SEMANTIC_ZOMBIE_PATTERN] _Alarm_Active @ snapshots/2026-04-28/PRG_System.st:796 - Potential compatibility/legacy semantic pattern detected.
[SEMANTIC_ZOMBIE_PATTERN] _Alarm_Active @ snapshots/2026-04-28/PRG_System_Test_Harness.st:104 - Potential compatibility/legacy semantic pattern detected.
[SEMANTIC_ZOMBIE_PATTERN] _Alarm_Active @ snapshots/project_clean_state_2026_04_16/FB_Heating_V2_Staging.st:13 - Potential compatibility/legacy semantic pattern detected.
[SEMANTIC_ZOMBIE_PATTERN] _Alarm_Active @ snapshots/project_clean_state_2026_04_16/FB_Ventilation_V2_Staging.st:13 - Potential compatibility/legacy semantic pattern detected.
[SEMANTIC_ZOMBIE_PATTERN] _Alarm_Active @ snapshots/project_clean_state_2026_04_16/FB_BlackBox_V2_Core.st:5 - Potential compatibility/legacy semantic pattern detected.
[SEMANTIC_ZOMBIE_PATTERN] _Alarm_Active @ snapshots/project_clean_state_2026_04_16/PRG_Safety.st:27 - Potential compatibility/legacy semantic pattern detected.
[SEMANTIC_ZOMBIE_PATTERN] _Alarm_Active @ snapshots/project_clean_state_2026_04_16/PRG_Safety.st:51 - Potential compatibility/legacy semantic pattern detected.
[SEMANTIC_ZOMBIE_PATTERN] _Alarm_Active @ snapshots/project_clean_state_2026_04_16/PRG_Safety.st:52 - Potential compatibility/legacy semantic pattern detected.
[SEMANTIC_ZOMBIE_PATTERN] _Alarm_Active @ snapshots/project_clean_state_2026_04_16/PRG_Safety.st:123 - Potential compatibility/legacy semantic pattern detected.
[SEMANTIC_ZOMBIE_PATTERN] _Alarm_Active @ snapshots/project_clean_state_2026_04_16/PRG_Safety.st:124 - Potential compatibility/legacy semantic pattern detected.
[SEMANTIC_ZOMBIE_PATTERN] _Alarm_Active @ snapshots/project_clean_state_2026_04_16/PRG_Safety.st:125 - Potential compatibility/legacy semantic pattern detected.
[SEMANTIC_ZOMBIE_PATTERN] Shadow_ @ snapshots/project_clean_state_2026_04_16/FB_Lighting_Blinds_Manager.st:34 - Potential compatibility/legacy semantic pattern detected.
[SEMANTIC_ZOMBIE_PATTERN] Legacy_ @ snapshots/project_clean_state_2026_04_16/FB_Lighting_Blinds_Manager.st:37 - Potential compatibility/legacy semantic pattern detected.
[SEMANTIC_ZOMBIE_PATTERN] Shadow_ @ snapshots/project_clean_state_2026_04_16/FB_Lighting_Blinds_Manager.st:42 - Potential compatibility/legacy semantic pattern detected.
[SEMANTIC_ZOMBIE_PATTERN] Legacy_ @ snapshots/project_clean_state_2026_04_16/FB_Lighting_Blinds_Manager.st:45 - Potential compatibility/legacy semantic pattern detected.
[SEMANTIC_ZOMBIE_PATTERN] Shadow_ @ snapshots/project_clean_state_2026_04_16/FB_Lighting_Blinds_Manager.st:71 - Potential compatibility/legacy semantic pattern detected.
[SEMANTIC_ZOMBIE_PATTERN] Shadow_ @ snapshots/project_clean_state_2026_04_16/FB_Lighting_Blinds_Manager.st:72 - Potential compatibility/legacy semantic pattern detected.
[SEMANTIC_ZOMBIE_PATTERN] Legacy_ @ snapshots/project_clean_state_2026_04_16/FB_Lighting_Blinds_Manager.st:75 - Potential compatibility/legacy semantic pattern detected.
[SEMANTIC_ZOMBIE_PATTERN] Legacy_ @ snapshots/project_clean_state_2026_04_16/FB_Lighting_Blinds_Manager.st:78 - Potential compatibility/legacy semantic pattern detected.
[SEMANTIC_ZOMBIE_PATTERN] _Alarm_Active @ snapshots/project_clean_state_2026_04_16/FB_Lighting_Blinds_Manager.st:288 - Potential compatibility/legacy semantic pattern detected.
[SEMANTIC_ZOMBIE_PATTERN] Shadow_ @ snapshots/project_clean_state_2026_04_16/FB_Lighting_Blinds_Manager.st:298 - Potential compatibility/legacy semantic pattern detected.
[SEMANTIC_ZOMBIE_PATTERN] Shadow_ @ snapshots/project_clean_state_2026_04_16/FB_Lighting_Blinds_Manager.st:301 - Potential compatibility/legacy semantic pattern detected.
[SEMANTIC_ZOMBIE_PATTERN] Shadow_ @ snapshots/project_clean_state_2026_04_16/FB_Lighting_Blinds_Manager.st:304 - Potential compatibility/legacy semantic pattern detected.
[SEMANTIC_ZOMBIE_PATTERN] Shadow_ @ snapshots/project_clean_state_2026_04_16/FB_Lighting_Blinds_Manager.st:309 - Potential compatibility/legacy semantic pattern detected.
[SEMANTIC_ZOMBIE_PATTERN] Legacy_ @ snapshots/project_clean_state_2026_04_16/FB_Lighting_Blinds_Manager.st:311 - Potential compatibility/legacy semantic pattern detected.
[SEMANTIC_ZOMBIE_PATTERN] Legacy_ @ snapshots/project_clean_state_2026_04_16/FB_Lighting_Blinds_Manager.st:314 - Potential compatibility/legacy semantic pattern detected.
[SEMANTIC_ZOMBIE_PATTERN] Legacy_ @ snapshots/project_clean_state_2026_04_16/FB_Lighting_Blinds_Manager.st:318 - Potential compatibility/legacy semantic pattern detected.
[SEMANTIC_ZOMBIE_PATTERN] _Alarm_Active @ snapshots/project_clean_state_2026_04_16/FB_Lighting_Blinds_Manager.st:337 - Potential compatibility/legacy semantic pattern detected.
[SEMANTIC_ZOMBIE_PATTERN] Shadow_ @ snapshots/project_clean_state_2026_04_16/FB_Lighting_Blinds_Manager.st:345 - Potential compatibility/legacy semantic pattern detected.
[SEMANTIC_ZOMBIE_PATTERN] Shadow_ @ snapshots/project_clean_state_2026_04_16/FB_Lighting_Blinds_Manager.st:348 - Potential compatibility/legacy semantic pattern detected.
[SEMANTIC_ZOMBIE_PATTERN] Shadow_ @ snapshots/project_clean_state_2026_04_16/FB_Lighting_Blinds_Manager.st:354 - Potential compatibility/legacy semantic pattern detected.
[SEMANTIC_ZOMBIE_PATTERN] Legacy_ @ snapshots/project_clean_state_2026_04_16/FB_Lighting_Blinds_Manager.st:356 - Potential compatibility/legacy semantic pattern detected.
[SEMANTIC_ZOMBIE_PATTERN] Legacy_ @ snapshots/project_clean_state_2026_04_16/FB_Lighting_Blinds_Manager.st:359 - Potential compatibility/legacy semantic pattern detected.
[SEMANTIC_ZOMBIE_PATTERN] Legacy_ @ snapshots/project_clean_state_2026_04_16/FB_Lighting_Blinds_Manager.st:363 - Potential compatibility/legacy semantic pattern detected.
[SEMANTIC_ZOMBIE_PATTERN] Shadow_ @ snapshots/project_clean_state_2026_04_16/FB_Heating_System_Manager.st:67 - Potential compatibility/legacy semantic pattern detected.
[SEMANTIC_ZOMBIE_PATTERN] Legacy_ @ snapshots/project_clean_state_2026_04_16/FB_Heating_System_Manager.st:70 - Potential compatibility/legacy semantic pattern detected.
[SEMANTIC_ZOMBIE_PATTERN] Shadow_ @ snapshots/project_clean_state_2026_04_16/FB_Heating_System_Manager.st:152 - Potential compatibility/legacy semantic pattern detected.
[SEMANTIC_ZOMBIE_PATTERN] Legacy_ @ snapshots/project_clean_state_2026_04_16/FB_Heating_System_Manager.st:155 - Potential compatibility/legacy semantic pattern detected.
[SEMANTIC_ZOMBIE_PATTERN] _Alarm_Active @ snapshots/project_clean_state_2026_04_16/FB_Heating_System_Manager.st:713 - Potential compatibility/legacy semantic pattern detected.
[SEMANTIC_ZOMBIE_PATTERN] Shadow_ @ snapshots/project_clean_state_2026_04_16/FB_Heating_System_Manager.st:721 - Potential compatibility/legacy semantic pattern detected.
[SEMANTIC_ZOMBIE_PATTERN] Shadow_ @ snapshots/project_clean_state_2026_04_16/FB_Heating_System_Manager.st:724 - Potential compatibility/legacy semantic pattern detected.
[SEMANTIC_ZOMBIE_PATTERN] Shadow_ @ snapshots/project_clean_state_2026_04_16/FB_Heating_System_Manager.st:727 - Potential compatibility/legacy semantic pattern detected.
[SEMANTIC_ZOMBIE_PATTERN] Shadow_ @ snapshots/project_clean_state_2026_04_16/FB_Heating_System_Manager.st:732 - Potential compatibility/legacy semantic pattern detected.
[SEMANTIC_ZOMBIE_PATTERN] Legacy_ @ snapshots/project_clean_state_2026_04_16/FB_Heating_System_Manager.st:734 - Potential compatibility/legacy semantic pattern detected.
[SEMANTIC_ZOMBIE_PATTERN] Legacy_ @ snapshots/project_clean_state_2026_04_16/FB_Heating_System_Manager.st:737 - Potential compatibility/legacy semantic pattern detected.
[SEMANTIC_ZOMBIE_PATTERN] Legacy_ @ snapshots/project_clean_state_2026_04_16/FB_Heating_System_Manager.st:741 - Potential compatibility/legacy semantic pattern detected.
[SEMANTIC_ZOMBIE_PATTERN] _Alarm_Active @ snapshots/project_clean_state_2026_04_16/GVL_ALARM.gvl:11 - Potential compatibility/legacy semantic pattern detected.
[SEMANTIC_ZOMBIE_PATTERN] _Alarm_Active @ snapshots/project_clean_state_2026_04_16/GVL_ALARM.gvl:13 - Potential compatibility/legacy semantic pattern detected.
[SEMANTIC_ZOMBIE_PATTERN] _Alarm_Active @ snapshots/project_clean_state_2026_04_16/GVL_ALARM.gvl:14 - Potential compatibility/legacy semantic pattern detected.
[SEMANTIC_ZOMBIE_PATTERN] Compatibility_ @ snapshots/project_clean_state_2026_04_16/FB_Rule_Compatibility_Package.st:1 - Potential compatibility/legacy semantic pattern detected.
[SEMANTIC_ZOMBIE_PATTERN] Legacy_ @ snapshots/project_clean_state_2026_04_16/FB_Rule_Compatibility_Package.st:9 - Potential compatibility/legacy semantic pattern detected.
[SEMANTIC_ZOMBIE_PATTERN] Legacy_ @ snapshots/project_clean_state_2026_04_16/FB_Rule_Compatibility_Package.st:16 - Potential compatibility/legacy semantic pattern detected.
[SEMANTIC_ZOMBIE_PATTERN] Legacy_ @ snapshots/project_clean_state_2026_04_16/FB_Rule_Compatibility_Package.st:17 - Potential compatibility/legacy semantic pattern detected.
[SEMANTIC_ZOMBIE_PATTERN] Legacy_ @ snapshots/project_clean_state_2026_04_16/FB_Rule_Compatibility_Package.st:18 - Potential compatibility/legacy semantic pattern detected.
[SEMANTIC_ZOMBIE_PATTERN] Legacy_ @ snapshots/project_clean_state_2026_04_16/FB_Rule_Compatibility_Package.st:19 - Potential compatibility/legacy semantic pattern detected.
[SEMANTIC_ZOMBIE_PATTERN] Legacy_ @ snapshots/project_clean_state_2026_04_16/FB_Rule_Compatibility_Package.st:20 - Potential compatibility/legacy semantic pattern detected.
[SEMANTIC_ZOMBIE_PATTERN] Legacy_ @ snapshots/project_clean_state_2026_04_16/FB_Rule_Compatibility_Package.st:21 - Potential compatibility/legacy semantic pattern detected.
[SEMANTIC_ZOMBIE_PATTERN] Legacy_ @ snapshots/project_clean_state_2026_04_16/FB_Rule_Compatibility_Package.st:22 - Potential compatibility/legacy semantic pattern detected.
[SEMANTIC_ZOMBIE_PATTERN] Legacy_ @ snapshots/project_clean_state_2026_04_16/FB_Rule_Compatibility_Package.st:23 - Potential compatibility/legacy semantic pattern detected.
[SEMANTIC_ZOMBIE_PATTERN] _Alarm_Active @ snapshots/project_clean_state_2026_04_16/FB_Security_System_Manager.st:23 - Potential compatibility/legacy semantic pattern detected.
[SEMANTIC_ZOMBIE_PATTERN] _Alarm_Active @ snapshots/project_clean_state_2026_04_16/FB_Security_System_Manager.st:97 - Potential compatibility/legacy semantic pattern detected.
[SEMANTIC_ZOMBIE_PATTERN] _Alarm_Active @ snapshots/project_clean_state_2026_04_16/FB_Security_System_Manager.st:117 - Potential compatibility/legacy semantic pattern detected.
[SEMANTIC_ZOMBIE_PATTERN] _Alarm_Active @ snapshots/project_clean_state_2026_04_16/FB_Security_System_Manager.st:148 - Potential compatibility/legacy semantic pattern detected.
[SEMANTIC_ZOMBIE_PATTERN] Compatibility_ @ snapshots/project_clean_state_2026_04_16/FB_Rule_Engine.st:28 - Potential compatibility/legacy semantic pattern detected.
[SEMANTIC_ZOMBIE_PATTERN] Shadow_ @ snapshots/project_clean_state_2026_04_16/FB_Rule_Engine.st:32 - Potential compatibility/legacy semantic pattern detected.
[SEMANTIC_ZOMBIE_PATTERN] Shadow_ @ snapshots/project_clean_state_2026_04_16/FB_Rule_Engine.st:33 - Potential compatibility/legacy semantic pattern detected.
[SEMANTIC_ZOMBIE_PATTERN] Shadow_ @ snapshots/project_clean_state_2026_04_16/FB_Rule_Engine.st:34 - Potential compatibility/legacy semantic pattern detected.
[SEMANTIC_ZOMBIE_PATTERN] Legacy_ @ snapshots/project_clean_state_2026_04_16/FB_Rule_Engine.st:37 - Potential compatibility/legacy semantic pattern detected.
[SEMANTIC_ZOMBIE_PATTERN] Shadow_ @ snapshots/project_clean_state_2026_04_16/FB_Rule_Engine.st:51 - Potential compatibility/legacy semantic pattern detected.
[SEMANTIC_ZOMBIE_PATTERN] Shadow_ @ snapshots/project_clean_state_2026_04_16/FB_Rule_Engine.st:52 - Potential compatibility/legacy semantic pattern detected.
[SEMANTIC_ZOMBIE_PATTERN] Shadow_ @ snapshots/project_clean_state_2026_04_16/FB_Rule_Engine.st:53 - Potential compatibility/legacy semantic pattern detected.
[SEMANTIC_ZOMBIE_PATTERN] Legacy_ @ snapshots/project_clean_state_2026_04_16/FB_Rule_Engine.st:56 - Potential compatibility/legacy semantic pattern detected.
[SEMANTIC_ZOMBIE_PATTERN] Shadow_ @ snapshots/project_clean_state_2026_04_16/FB_Rule_Engine.st:80 - Potential compatibility/legacy semantic pattern detected.
[SEMANTIC_ZOMBIE_PATTERN] Legacy_ @ snapshots/project_clean_state_2026_04_16/FB_Rule_Engine.st:81 - Potential compatibility/legacy semantic pattern detected.
[SEMANTIC_ZOMBIE_PATTERN] Legacy_ @ snapshots/project_clean_state_2026_04_16/FB_Rule_Engine.st:82 - Potential compatibility/legacy semantic pattern detected.
[SEMANTIC_ZOMBIE_PATTERN] Legacy_ @ snapshots/project_clean_state_2026_04_16/FB_Rule_Engine.st:83 - Potential compatibility/legacy semantic pattern detected.
[SEMANTIC_ZOMBIE_PATTERN] Legacy_ @ snapshots/project_clean_state_2026_04_16/FB_Rule_Engine.st:84 - Potential compatibility/legacy semantic pattern detected.
[SEMANTIC_ZOMBIE_PATTERN] Legacy_ @ snapshots/project_clean_state_2026_04_16/FB_Rule_Engine.st:85 - Potential compatibility/legacy semantic pattern detected.
[SEMANTIC_ZOMBIE_PATTERN] Legacy_ @ snapshots/project_clean_state_2026_04_16/FB_Rule_Engine.st:86 - Potential compatibility/legacy semantic pattern detected.
[SEMANTIC_ZOMBIE_PATTERN] Legacy_ @ snapshots/project_clean_state_2026_04_16/FB_Rule_Engine.st:87 - Potential compatibility/legacy semantic pattern detected.
[SEMANTIC_ZOMBIE_PATTERN] Legacy_ @ snapshots/project_clean_state_2026_04_16/FB_Rule_Engine.st:88 - Potential compatibility/legacy semantic pattern detected.
[SEMANTIC_ZOMBIE_PATTERN] Shadow_ @ snapshots/project_clean_state_2026_04_16/FB_Rule_Engine.st:89 - Potential compatibility/legacy semantic pattern detected.
[SEMANTIC_ZOMBIE_PATTERN] Shadow_ @ snapshots/project_clean_state_2026_04_16/FB_Rule_Engine.st:90 - Potential compatibility/legacy semantic pattern detected.
[SEMANTIC_ZOMBIE_PATTERN] Shadow_ @ snapshots/project_clean_state_2026_04_16/FB_Rule_Engine.st:91 - Potential compatibility/legacy semantic pattern detected.
[SEMANTIC_ZOMBIE_PATTERN] Legacy_ @ snapshots/project_clean_state_2026_04_16/FB_Rule_Engine.st:101 - Potential compatibility/legacy semantic pattern detected.
[SEMANTIC_ZOMBIE_PATTERN] Legacy_ @ snapshots/project_clean_state_2026_04_16/FB_Rule_Engine.st:105 - Potential compatibility/legacy semantic pattern detected.
[SEMANTIC_ZOMBIE_PATTERN] _Alarm_Active @ snapshots/project_clean_state_2026_04_16/PRG_IO_Write.st:48 - Potential compatibility/legacy semantic pattern detected.
[SEMANTIC_ZOMBIE_PATTERN] _Alarm_Active @ snapshots/project_clean_state_2026_04_16/PRG_IO_Write.st:54 - Potential compatibility/legacy semantic pattern detected.
[SEMANTIC_ZOMBIE_PATTERN] _Alarm_Active @ snapshots/project_clean_state_2026_04_16/FB_Gateway_Interface.st:11 - Potential compatibility/legacy semantic pattern detected.
[SEMANTIC_ZOMBIE_PATTERN] _Alarm_Active @ snapshots/project_clean_state_2026_04_16/FB_Gateway_Interface.st:12 - Potential compatibility/legacy semantic pattern detected.
[SEMANTIC_ZOMBIE_PATTERN] _Alarm_Active @ snapshots/project_clean_state_2026_04_16/FB_Gateway_Interface.st:13 - Potential compatibility/legacy semantic pattern detected.
[SEMANTIC_ZOMBIE_PATTERN] _Alarm_Active @ snapshots/project_clean_state_2026_04_16/FB_Gateway_Interface.st:95 - Potential compatibility/legacy semantic pattern detected.
[SEMANTIC_ZOMBIE_PATTERN] _Alarm_Active @ snapshots/project_clean_state_2026_04_16/FB_Gateway_Interface.st:99 - Potential compatibility/legacy semantic pattern detected.
[SEMANTIC_ZOMBIE_PATTERN] _Alarm_Active @ snapshots/project_clean_state_2026_04_16/FB_Gateway_Interface.st:103 - Potential compatibility/legacy semantic pattern detected.
[SEMANTIC_ZOMBIE_PATTERN] _Alarm_Active @ snapshots/project_clean_state_2026_04_16/FB_Gateway_Interface.st:115 - Potential compatibility/legacy semantic pattern detected.
[SEMANTIC_ZOMBIE_PATTERN] _Alarm_Active @ snapshots/project_clean_state_2026_04_16/FB_Gateway_Interface.st:116 - Potential compatibility/legacy semantic pattern detected.
[SEMANTIC_ZOMBIE_PATTERN] _Alarm_Active @ snapshots/project_clean_state_2026_04_16/FB_Gateway_Interface.st:117 - Potential compatibility/legacy semantic pattern detected.
[SEMANTIC_ZOMBIE_PATTERN] _Alarm_Active @ snapshots/project_clean_state_2026_04_16/FB_Gateway_Interface.st:128 - Potential compatibility/legacy semantic pattern detected.
[SEMANTIC_ZOMBIE_PATTERN] _Alarm_Active @ snapshots/project_clean_state_2026_04_16/FB_Gateway_Interface.st:129 - Potential compatibility/legacy semantic pattern detected.
[SEMANTIC_ZOMBIE_PATTERN] _Alarm_Active @ snapshots/project_clean_state_2026_04_16/FB_Gateway_Interface.st:130 - Potential compatibility/legacy semantic pattern detected.
[SEMANTIC_ZOMBIE_PATTERN] Compatibility_ @ snapshots/project_clean_state_2026_04_16/FB_Alarm_Manager.st:41 - Potential compatibility/legacy semantic pattern detected.
[SEMANTIC_ZOMBIE_PATTERN] Shadow_ @ snapshots/project_clean_state_2026_04_16/FB_Alarm_Manager.st:65 - Potential compatibility/legacy semantic pattern detected.
[SEMANTIC_ZOMBIE_PATTERN] Shadow_ @ snapshots/project_clean_state_2026_04_16/FB_Alarm_Manager.st:66 - Potential compatibility/legacy semantic pattern detected.
[SEMANTIC_ZOMBIE_PATTERN] Legacy_ @ snapshots/project_clean_state_2026_04_16/FB_Alarm_Manager.st:69 - Potential compatibility/legacy semantic pattern detected.
[SEMANTIC_ZOMBIE_PATTERN] Shadow_ @ snapshots/project_clean_state_2026_04_16/FB_Alarm_Manager.st:74 - Potential compatibility/legacy semantic pattern detected.
[SEMANTIC_ZOMBIE_PATTERN] Shadow_ @ snapshots/project_clean_state_2026_04_16/FB_Alarm_Manager.st:75 - Potential compatibility/legacy semantic pattern detected.
[SEMANTIC_ZOMBIE_PATTERN] Shadow_ @ snapshots/project_clean_state_2026_04_16/FB_Alarm_Manager.st:76 - Potential compatibility/legacy semantic pattern detected.
[SEMANTIC_ZOMBIE_PATTERN] Shadow_ @ snapshots/project_clean_state_2026_04_16/FB_Alarm_Manager.st:78 - Potential compatibility/legacy semantic pattern detected.
[SEMANTIC_ZOMBIE_PATTERN] Shadow_ @ snapshots/project_clean_state_2026_04_16/FB_Alarm_Manager.st:79 - Potential compatibility/legacy semantic pattern detected.
[SEMANTIC_ZOMBIE_PATTERN] Shadow_ @ snapshots/project_clean_state_2026_04_16/FB_Alarm_Manager.st:80 - Potential compatibility/legacy semantic pattern detected.
[SEMANTIC_ZOMBIE_PATTERN] Shadow_ @ snapshots/project_clean_state_2026_04_16/FB_Alarm_Manager.st:95 - Potential compatibility/legacy semantic pattern detected.
[SEMANTIC_ZOMBIE_PATTERN] Shadow_ @ snapshots/project_clean_state_2026_04_16/FB_Alarm_Manager.st:96 - Potential compatibility/legacy semantic pattern detected.
[SEMANTIC_ZOMBIE_PATTERN] Legacy_ @ snapshots/project_clean_state_2026_04_16/FB_Alarm_Manager.st:99 - Potential compatibility/legacy semantic pattern detected.
[SEMANTIC_ZOMBIE_PATTERN] Shadow_ @ snapshots/project_clean_state_2026_04_16/FB_Alarm_Manager.st:100 - Potential compatibility/legacy semantic pattern detected.
[SEMANTIC_ZOMBIE_PATTERN] Shadow_ @ snapshots/project_clean_state_2026_04_16/FB_Alarm_Manager.st:101 - Potential compatibility/legacy semantic pattern detected.
[SEMANTIC_ZOMBIE_PATTERN] Shadow_ @ snapshots/project_clean_state_2026_04_16/FB_Alarm_Manager.st:102 - Potential compatibility/legacy semantic pattern detected.
[SEMANTIC_ZOMBIE_PATTERN] Shadow_ @ snapshots/project_clean_state_2026_04_16/FB_Alarm_Manager.st:107 - Potential compatibility/legacy semantic pattern detected.
[SEMANTIC_ZOMBIE_PATTERN] Shadow_ @ snapshots/project_clean_state_2026_04_16/FB_Alarm_Manager.st:108 - Potential compatibility/legacy semantic pattern detected.
[SEMANTIC_ZOMBIE_PATTERN] Shadow_ @ snapshots/project_clean_state_2026_04_16/FB_Alarm_Manager.st:109 - Potential compatibility/legacy semantic pattern detected.
[SEMANTIC_ZOMBIE_PATTERN] Shadow_ @ snapshots/project_clean_state_2026_04_16/FB_Alarm_Manager.st:218 - Potential compatibility/legacy semantic pattern detected.
[SEMANTIC_ZOMBIE_PATTERN] Legacy_ @ snapshots/project_clean_state_2026_04_16/FB_Alarm_Manager.st:254 - Potential compatibility/legacy semantic pattern detected.
[SEMANTIC_ZOMBIE_PATTERN] Shadow_ @ snapshots/project_clean_state_2026_04_16/FB_Alarm_Manager.st:255 - Potential compatibility/legacy semantic pattern detected.
[SEMANTIC_ZOMBIE_PATTERN] Shadow_ @ snapshots/project_clean_state_2026_04_16/FB_Alarm_Manager.st:256 - Potential compatibility/legacy semantic pattern detected.
[SEMANTIC_ZOMBIE_PATTERN] Shadow_ @ snapshots/project_clean_state_2026_04_16/FB_Alarm_Manager.st:257 - Potential compatibility/legacy semantic pattern detected.
[SEMANTIC_ZOMBIE_PATTERN] Legacy_ @ snapshots/project_clean_state_2026_04_16/FB_Alarm_Manager.st:265 - Potential compatibility/legacy semantic pattern detected.
[SEMANTIC_ZOMBIE_PATTERN] Legacy_ @ snapshots/project_clean_state_2026_04_16/FB_Alarm_Manager.st:269 - Potential compatibility/legacy semantic pattern detected.
[SEMANTIC_ZOMBIE_PATTERN] Shadow_ @ snapshots/project_clean_state_2026_04_16/FB_Alarm_Manager.st:322 - Potential compatibility/legacy semantic pattern detected.
[SEMANTIC_ZOMBIE_PATTERN] Shadow_ @ snapshots/project_clean_state_2026_04_16/FB_Alarm_Manager.st:328 - Potential compatibility/legacy semantic pattern detected.
[SEMANTIC_ZOMBIE_PATTERN] Shadow_ @ snapshots/project_clean_state_2026_04_16/FB_Alarm_Manager.st:329 - Potential compatibility/legacy semantic pattern detected.
[SEMANTIC_ZOMBIE_PATTERN] Shadow_ @ snapshots/project_clean_state_2026_04_16/FB_Alarm_Manager.st:330 - Potential compatibility/legacy semantic pattern detected.
[SEMANTIC_ZOMBIE_PATTERN] _Alarm_Active @ snapshots/project_clean_state_2026_04_16/FB_Alarm_Manager.st:405 - Potential compatibility/legacy semantic pattern detected.
[SEMANTIC_ZOMBIE_PATTERN] Shadow_ @ snapshots/project_clean_state_2026_04_16/FB_Alarm_Manager.st:419 - Potential compatibility/legacy semantic pattern detected.
[SEMANTIC_ZOMBIE_PATTERN] Shadow_ @ snapshots/project_clean_state_2026_04_16/FB_Alarm_Manager.st:420 - Potential compatibility/legacy semantic pattern detected.
[SEMANTIC_ZOMBIE_PATTERN] Shadow_ @ snapshots/project_clean_state_2026_04_16/FB_Alarm_Manager.st:421 - Potential compatibility/legacy semantic pattern detected.
[SEMANTIC_ZOMBIE_PATTERN] Shadow_ @ snapshots/project_clean_state_2026_04_16/FB_Alarm_Manager.st:431 - Potential compatibility/legacy semantic pattern detected.
[SEMANTIC_ZOMBIE_PATTERN] Shadow_ @ snapshots/project_clean_state_2026_04_16/FB_Alarm_Manager.st:437 - Potential compatibility/legacy semantic pattern detected.
[SEMANTIC_ZOMBIE_PATTERN] Shadow_ @ snapshots/project_clean_state_2026_04_16/FB_Alarm_Manager.st:438 - Potential compatibility/legacy semantic pattern detected.
[SEMANTIC_ZOMBIE_PATTERN] Shadow_ @ snapshots/project_clean_state_2026_04_16/FB_Alarm_Manager.st:439 - Potential compatibility/legacy semantic pattern detected.
[SEMANTIC_ZOMBIE_PATTERN] Legacy_ @ snapshots/project_clean_state_2026_04_16/FB_Alarm_Manager.st:441 - Potential compatibility/legacy semantic pattern detected.
[SEMANTIC_ZOMBIE_PATTERN] Legacy_ @ snapshots/project_clean_state_2026_04_16/FB_Alarm_Manager.st:444 - Potential compatibility/legacy semantic pattern detected.
[SEMANTIC_ZOMBIE_PATTERN] Legacy_ @ snapshots/project_clean_state_2026_04_16/FB_Alarm_Manager.st:448 - Potential compatibility/legacy semantic pattern detected.
[SEMANTIC_ZOMBIE_PATTERN] _Alarm_Active @ snapshots/project_clean_state_2026_04_16/FB_DHW_V2_Staging.st:13 - Potential compatibility/legacy semantic pattern detected.
[SEMANTIC_ZOMBIE_PATTERN] _Alarm_Active @ snapshots/project_clean_state_2026_04_16/PRG_Lighting.st:55 - Potential compatibility/legacy semantic pattern detected.
[SEMANTIC_ZOMBIE_PATTERN] _Alarm_Active @ snapshots/project_clean_state_2026_04_16/PRG_Lighting.st:56 - Potential compatibility/legacy semantic pattern detected.
[SEMANTIC_ZOMBIE_PATTERN] Shadow_ @ snapshots/project_clean_state_2026_04_16/FB_Socket_Manager.st:27 - Potential compatibility/legacy semantic pattern detected.
[SEMANTIC_ZOMBIE_PATTERN] Legacy_ @ snapshots/project_clean_state_2026_04_16/FB_Socket_Manager.st:30 - Potential compatibility/legacy semantic pattern detected.
[SEMANTIC_ZOMBIE_PATTERN] Shadow_ @ snapshots/project_clean_state_2026_04_16/FB_Socket_Manager.st:41 - Potential compatibility/legacy semantic pattern detected.
[SEMANTIC_ZOMBIE_PATTERN] Legacy_ @ snapshots/project_clean_state_2026_04_16/FB_Socket_Manager.st:44 - Potential compatibility/legacy semantic pattern detected.
[SEMANTIC_ZOMBIE_PATTERN] _Alarm_Active @ snapshots/project_clean_state_2026_04_16/FB_Socket_Manager.st:124 - Potential compatibility/legacy semantic pattern detected.
[SEMANTIC_ZOMBIE_PATTERN] Shadow_ @ snapshots/project_clean_state_2026_04_16/FB_Socket_Manager.st:134 - Potential compatibility/legacy semantic pattern detected.
[SEMANTIC_ZOMBIE_PATTERN] Shadow_ @ snapshots/project_clean_state_2026_04_16/FB_Socket_Manager.st:137 - Potential compatibility/legacy semantic pattern detected.
[SEMANTIC_ZOMBIE_PATTERN] Shadow_ @ snapshots/project_clean_state_2026_04_16/FB_Socket_Manager.st:140 - Potential compatibility/legacy semantic pattern detected.
[SEMANTIC_ZOMBIE_PATTERN] Shadow_ @ snapshots/project_clean_state_2026_04_16/FB_Socket_Manager.st:145 - Potential compatibility/legacy semantic pattern detected.
[SEMANTIC_ZOMBIE_PATTERN] Legacy_ @ snapshots/project_clean_state_2026_04_16/FB_Socket_Manager.st:147 - Potential compatibility/legacy semantic pattern detected.
[SEMANTIC_ZOMBIE_PATTERN] Legacy_ @ snapshots/project_clean_state_2026_04_16/FB_Socket_Manager.st:150 - Potential compatibility/legacy semantic pattern detected.
[SEMANTIC_ZOMBIE_PATTERN] Legacy_ @ snapshots/project_clean_state_2026_04_16/FB_Socket_Manager.st:154 - Potential compatibility/legacy semantic pattern detected.
[SEMANTIC_ZOMBIE_PATTERN] Compatibility_ @ snapshots/project_clean_state_2026_04_16/FB_Alarm_Compatibility_Package.st:1 - Potential compatibility/legacy semantic pattern detected.
[SEMANTIC_ZOMBIE_PATTERN] Legacy_ @ snapshots/project_clean_state_2026_04_16/FB_Alarm_Compatibility_Package.st:7 - Potential compatibility/legacy semantic pattern detected.
[SEMANTIC_ZOMBIE_PATTERN] Legacy_ @ snapshots/project_clean_state_2026_04_16/FB_Alarm_Compatibility_Package.st:11 - Potential compatibility/legacy semantic pattern detected.
[SEMANTIC_ZOMBIE_PATTERN] _Alarm_Active @ snapshots/project_clean_state_2026_04_16/PRG_Security.st:31 - Potential compatibility/legacy semantic pattern detected.
[SEMANTIC_ZOMBIE_PATTERN] _Alarm_Active @ snapshots/project_clean_state_2026_04_16/FB_Lighting_V2_Staging.st:13 - Potential compatibility/legacy semantic pattern detected.
[SEMANTIC_ZOMBIE_PATTERN] Shadow_ @ snapshots/project_clean_state_2026_04_16/FB_Ventilation_System_Manager.st:48 - Potential compatibility/legacy semantic pattern detected.
[SEMANTIC_ZOMBIE_PATTERN] Legacy_ @ snapshots/project_clean_state_2026_04_16/FB_Ventilation_System_Manager.st:51 - Potential compatibility/legacy semantic pattern detected.
[SEMANTIC_ZOMBIE_PATTERN] Shadow_ @ snapshots/project_clean_state_2026_04_16/FB_Ventilation_System_Manager.st:59 - Potential compatibility/legacy semantic pattern detected.
[SEMANTIC_ZOMBIE_PATTERN] Legacy_ @ snapshots/project_clean_state_2026_04_16/FB_Ventilation_System_Manager.st:62 - Potential compatibility/legacy semantic pattern detected.
[SEMANTIC_ZOMBIE_PATTERN] _Alarm_Active @ snapshots/project_clean_state_2026_04_16/FB_Ventilation_System_Manager.st:241 - Potential compatibility/legacy semantic pattern detected.
[SEMANTIC_ZOMBIE_PATTERN] Shadow_ @ snapshots/project_clean_state_2026_04_16/FB_Ventilation_System_Manager.st:248 - Potential compatibility/legacy semantic pattern detected.
[SEMANTIC_ZOMBIE_PATTERN] Shadow_ @ snapshots/project_clean_state_2026_04_16/FB_Ventilation_System_Manager.st:251 - Potential compatibility/legacy semantic pattern detected.
[SEMANTIC_ZOMBIE_PATTERN] Shadow_ @ snapshots/project_clean_state_2026_04_16/FB_Ventilation_System_Manager.st:256 - Potential compatibility/legacy semantic pattern detected.
[SEMANTIC_ZOMBIE_PATTERN] Legacy_ @ snapshots/project_clean_state_2026_04_16/FB_Ventilation_System_Manager.st:258 - Potential compatibility/legacy semantic pattern detected.
[SEMANTIC_ZOMBIE_PATTERN] Legacy_ @ snapshots/project_clean_state_2026_04_16/FB_Ventilation_System_Manager.st:261 - Potential compatibility/legacy semantic pattern detected.
[SEMANTIC_ZOMBIE_PATTERN] Legacy_ @ snapshots/project_clean_state_2026_04_16/FB_Ventilation_System_Manager.st:265 - Potential compatibility/legacy semantic pattern detected.
[SEMANTIC_ZOMBIE_PATTERN] _Alarm_Active @ snapshots/project_clean_state_2026_04_16/FB_Blinds_V2_Staging.st:12 - Potential compatibility/legacy semantic pattern detected.
[SEMANTIC_ZOMBIE_PATTERN] Shadow_ @ snapshots/project_clean_state_2026_04_16/FB_DHW_Manager.st:26 - Potential compatibility/legacy semantic pattern detected.
[SEMANTIC_ZOMBIE_PATTERN] Legacy_ @ snapshots/project_clean_state_2026_04_16/FB_DHW_Manager.st:29 - Potential compatibility/legacy semantic pattern detected.
[SEMANTIC_ZOMBIE_PATTERN] Shadow_ @ snapshots/project_clean_state_2026_04_16/FB_DHW_Manager.st:49 - Potential compatibility/legacy semantic pattern detected.
[SEMANTIC_ZOMBIE_PATTERN] Legacy_ @ snapshots/project_clean_state_2026_04_16/FB_DHW_Manager.st:52 - Potential compatibility/legacy semantic pattern detected.
[SEMANTIC_ZOMBIE_PATTERN] _Alarm_Active @ snapshots/project_clean_state_2026_04_16/FB_DHW_Manager.st:242 - Potential compatibility/legacy semantic pattern detected.
[SEMANTIC_ZOMBIE_PATTERN] Shadow_ @ snapshots/project_clean_state_2026_04_16/FB_DHW_Manager.st:252 - Potential compatibility/legacy semantic pattern detected.
[SEMANTIC_ZOMBIE_PATTERN] Shadow_ @ snapshots/project_clean_state_2026_04_16/FB_DHW_Manager.st:255 - Potential compatibility/legacy semantic pattern detected.
[SEMANTIC_ZOMBIE_PATTERN] Shadow_ @ snapshots/project_clean_state_2026_04_16/FB_DHW_Manager.st:258 - Potential compatibility/legacy semantic pattern detected.
[SEMANTIC_ZOMBIE_PATTERN] Shadow_ @ snapshots/project_clean_state_2026_04_16/FB_DHW_Manager.st:263 - Potential compatibility/legacy semantic pattern detected.
[SEMANTIC_ZOMBIE_PATTERN] Legacy_ @ snapshots/project_clean_state_2026_04_16/FB_DHW_Manager.st:265 - Potential compatibility/legacy semantic pattern detected.
[SEMANTIC_ZOMBIE_PATTERN] Legacy_ @ snapshots/project_clean_state_2026_04_16/FB_DHW_Manager.st:268 - Potential compatibility/legacy semantic pattern detected.
[SEMANTIC_ZOMBIE_PATTERN] Legacy_ @ snapshots/project_clean_state_2026_04_16/FB_DHW_Manager.st:272 - Potential compatibility/legacy semantic pattern detected.
[SEMANTIC_ZOMBIE_PATTERN] _Alarm_Active @ snapshots/project_clean_state_2026_04_16/PRG_System.st:418 - Potential compatibility/legacy semantic pattern detected.
[SEMANTIC_ZOMBIE_PATTERN] _Alarm_Active @ snapshots/project_clean_state_2026_04_16/PRG_System.st:419 - Potential compatibility/legacy semantic pattern detected.
[SEMANTIC_ZOMBIE_PATTERN] _Alarm_Active @ snapshots/project_clean_state_2026_04_16/PRG_System.st:420 - Potential compatibility/legacy semantic pattern detected.
[SEMANTIC_ZOMBIE_PATTERN] _Alarm_Active @ snapshots/project_clean_state_2026_04_16/PRG_System.st:466 - Potential compatibility/legacy semantic pattern detected.
[SEMANTIC_ZOMBIE_PATTERN] _Alarm_Active @ snapshots/project_clean_state_2026_04_16/PRG_System.st:467 - Potential compatibility/legacy semantic pattern detected.
[SEMANTIC_ZOMBIE_PATTERN] _Alarm_Active @ snapshots/project_clean_state_2026_04_16/PRG_System.st:468 - Potential compatibility/legacy semantic pattern detected.
[SEMANTIC_ZOMBIE_PATTERN] _Alarm_Active @ snapshots/project_clean_state_2026_04_16/PRG_System.st:752 - Potential compatibility/legacy semantic pattern detected.
[SEMANTIC_ZOMBIE_PATTERN] _Alarm_Active @ snapshots/project_clean_state_2026_04_16/PRG_System.st:753 - Potential compatibility/legacy semantic pattern detected.
[SEMANTIC_ZOMBIE_PATTERN] _Alarm_Active @ snapshots/project_clean_state_2026_04_16/PRG_System.st:766 - Potential compatibility/legacy semantic pattern detected.
[SEMANTIC_ZOMBIE_PATTERN] _Alarm_Active @ snapshots/project_clean_state_2026_04_16/FB_Socket_V2_Staging.st:12 - Potential compatibility/legacy semantic pattern detected.
[SEMANTIC_ZOMBIE_PATTERN] _Alarm_Active @ snapshots/2026-05-04/PRG_Safety.st:11 - Potential compatibility/legacy semantic pattern detected.
[SEMANTIC_ZOMBIE_PATTERN] _Alarm_Active @ snapshots/2026-05-04/PRG_Safety.st:12 - Potential compatibility/legacy semantic pattern detected.
[SEMANTIC_ZOMBIE_PATTERN] _Alarm_Active @ snapshots/2026-05-04/PRG_Safety.st:13 - Potential compatibility/legacy semantic pattern detected.
[SEMANTIC_ZOMBIE_PATTERN] _Alarm_Active @ snapshots/2026-05-04/PRG_Safety.st:42 - Potential compatibility/legacy semantic pattern detected.
[SEMANTIC_ZOMBIE_PATTERN] _Alarm_Active @ snapshots/2026-05-04/PRG_Safety.st:57 - Potential compatibility/legacy semantic pattern detected.
[SEMANTIC_ZOMBIE_PATTERN] _Alarm_Active @ snapshots/2026-05-04/PRG_Safety.st:58 - Potential compatibility/legacy semantic pattern detected.
[SEMANTIC_ZOMBIE_PATTERN] _Alarm_Active @ snapshots/2026-05-04/GVL_ALARM.gvl:11 - Potential compatibility/legacy semantic pattern detected.
[SEMANTIC_ZOMBIE_PATTERN] _Alarm_Active @ snapshots/2026-05-04/GVL_ALARM.gvl:13 - Potential compatibility/legacy semantic pattern detected.
[SEMANTIC_ZOMBIE_PATTERN] _Alarm_Active @ snapshots/2026-05-04/GVL_ALARM.gvl:14 - Potential compatibility/legacy semantic pattern detected.
[SEMANTIC_ZOMBIE_PATTERN] _Alarm_Active @ snapshots/2026-05-04/PRG_System_Diagnostics.st:25 - Potential compatibility/legacy semantic pattern detected.
[SEMANTIC_ZOMBIE_PATTERN] _Alarm_Active @ snapshots/2026-05-04/PRG_System_Diagnostics.st:26 - Potential compatibility/legacy semantic pattern detected.
[SEMANTIC_ZOMBIE_PATTERN] _Alarm_Active @ snapshots/2026-05-04/FB_System_Gateway_Intent.st:31 - Potential compatibility/legacy semantic pattern detected.
[SEMANTIC_ZOMBIE_PATTERN] _Alarm_Active @ snapshots/2026-05-04/FB_System_Gateway_Intent.st:32 - Potential compatibility/legacy semantic pattern detected.
[SEMANTIC_ZOMBIE_PATTERN] _Alarm_Active @ snapshots/2026-05-04/FB_System_Gateway_Intent.st:33 - Potential compatibility/legacy semantic pattern detected.
[SEMANTIC_ZOMBIE_PATTERN] _Alarm_Active @ snapshots/2026-05-04/FB_Security_System_Manager.st:23 - Potential compatibility/legacy semantic pattern detected.
[SEMANTIC_ZOMBIE_PATTERN] _Alarm_Active @ snapshots/2026-05-04/FB_Security_System_Manager.st:47 - Potential compatibility/legacy semantic pattern detected.
[SEMANTIC_ZOMBIE_PATTERN] _Alarm_Active @ snapshots/2026-05-04/FB_Security_System_Manager.st:109 - Potential compatibility/legacy semantic pattern detected.
[SEMANTIC_ZOMBIE_PATTERN] _Alarm_Active @ snapshots/2026-05-04/FB_Security_System_Manager.st:129 - Potential compatibility/legacy semantic pattern detected.
[SEMANTIC_ZOMBIE_PATTERN] _Alarm_Active @ snapshots/2026-05-04/FB_Security_System_Manager.st:160 - Potential compatibility/legacy semantic pattern detected.
[SEMANTIC_ZOMBIE_PATTERN] _Alarm_Active @ snapshots/2026-05-04/FB_Gateway_Interface.st:9 - Potential compatibility/legacy semantic pattern detected.
[SEMANTIC_ZOMBIE_PATTERN] _Alarm_Active @ snapshots/2026-05-04/FB_Gateway_Interface.st:10 - Potential compatibility/legacy semantic pattern detected.
[SEMANTIC_ZOMBIE_PATTERN] _Alarm_Active @ snapshots/2026-05-04/FB_Gateway_Interface.st:11 - Potential compatibility/legacy semantic pattern detected.
[SEMANTIC_ZOMBIE_PATTERN] _Alarm_Active @ snapshots/2026-05-04/FB_Gateway_Interface.st:84 - Potential compatibility/legacy semantic pattern detected.
[SEMANTIC_ZOMBIE_PATTERN] _Alarm_Active @ snapshots/2026-05-04/FB_Gateway_Interface.st:88 - Potential compatibility/legacy semantic pattern detected.
[SEMANTIC_ZOMBIE_PATTERN] _Alarm_Active @ snapshots/2026-05-04/FB_Gateway_Interface.st:92 - Potential compatibility/legacy semantic pattern detected.
[SEMANTIC_ZOMBIE_PATTERN] _Alarm_Active @ snapshots/2026-05-04/FB_Gateway_Interface.st:104 - Potential compatibility/legacy semantic pattern detected.
[SEMANTIC_ZOMBIE_PATTERN] _Alarm_Active @ snapshots/2026-05-04/FB_Gateway_Interface.st:105 - Potential compatibility/legacy semantic pattern detected.
[SEMANTIC_ZOMBIE_PATTERN] _Alarm_Active @ snapshots/2026-05-04/FB_Gateway_Interface.st:106 - Potential compatibility/legacy semantic pattern detected.
[SEMANTIC_ZOMBIE_PATTERN] _Alarm_Active @ snapshots/2026-05-04/FB_Gateway_Interface.st:114 - Potential compatibility/legacy semantic pattern detected.
[SEMANTIC_ZOMBIE_PATTERN] _Alarm_Active @ snapshots/2026-05-04/FB_Gateway_Interface.st:115 - Potential compatibility/legacy semantic pattern detected.
[SEMANTIC_ZOMBIE_PATTERN] _Alarm_Active @ snapshots/2026-05-04/FB_Gateway_Interface.st:116 - Potential compatibility/legacy semantic pattern detected.
[SEMANTIC_ZOMBIE_PATTERN] Shadow_ @ snapshots/2026-05-04/GVL_GATEWAY.gvl:14 - Potential compatibility/legacy semantic pattern detected.
[SEMANTIC_ZOMBIE_PATTERN] Shadow_ @ snapshots/2026-05-04/GVL_GATEWAY.gvl:15 - Potential compatibility/legacy semantic pattern detected.
[SEMANTIC_ZOMBIE_PATTERN] Shadow_ @ snapshots/2026-05-04/GVL_GATEWAY.gvl:16 - Potential compatibility/legacy semantic pattern detected.
[SEMANTIC_ZOMBIE_PATTERN] Shadow_ @ snapshots/2026-05-04/GVL_GATEWAY.gvl:17 - Potential compatibility/legacy semantic pattern detected.
[SEMANTIC_ZOMBIE_PATTERN] Shadow_ @ snapshots/2026-05-04/GVL_GATEWAY.gvl:18 - Potential compatibility/legacy semantic pattern detected.
[SEMANTIC_ZOMBIE_PATTERN] Shadow_ @ snapshots/2026-05-04/GVL_GATEWAY.gvl:19 - Potential compatibility/legacy semantic pattern detected.
[SEMANTIC_ZOMBIE_PATTERN] Shadow_ @ snapshots/2026-05-04/GVL_GATEWAY.gvl:20 - Potential compatibility/legacy semantic pattern detected.
[SEMANTIC_ZOMBIE_PATTERN] Shadow_ @ snapshots/2026-05-04/GVL_Safety_Selector.gvl:3 - Potential compatibility/legacy semantic pattern detected.
[SEMANTIC_ZOMBIE_PATTERN] Shadow_ @ snapshots/2026-05-04/GVL_Safety_Selector.gvl:4 - Potential compatibility/legacy semantic pattern detected.
[SEMANTIC_ZOMBIE_PATTERN] Shadow_ @ snapshots/2026-05-04/GVL_Safety_Selector.gvl:5 - Potential compatibility/legacy semantic pattern detected.
[SEMANTIC_ZOMBIE_PATTERN] Shadow_ @ snapshots/2026-05-04/GVL_Safety_Selector.gvl:13 - Potential compatibility/legacy semantic pattern detected.
[SEMANTIC_ZOMBIE_PATTERN] Shadow_ @ snapshots/2026-05-04/GVL_Safety_Selector.gvl:14 - Potential compatibility/legacy semantic pattern detected.
[SEMANTIC_ZOMBIE_PATTERN] Shadow_ @ snapshots/2026-05-04/GVL_Safety_Selector.gvl:15 - Potential compatibility/legacy semantic pattern detected.
[SEMANTIC_ZOMBIE_PATTERN] Shadow_ @ snapshots/2026-05-04/GVL_Safety_Selector.gvl:18 - Potential compatibility/legacy semantic pattern detected.
[SEMANTIC_ZOMBIE_PATTERN] Shadow_ @ snapshots/2026-05-04/GVL_Safety_Selector.gvl:21 - Potential compatibility/legacy semantic pattern detected.
[SEMANTIC_ZOMBIE_PATTERN] Shadow_ @ snapshots/2026-05-04/GVL_Safety_Selector.gvl:22 - Potential compatibility/legacy semantic pattern detected.
[SEMANTIC_ZOMBIE_PATTERN] _Alarm_Active @ snapshots/2026-05-04/PRG_System_BlackBox.st:12 - Potential compatibility/legacy semantic pattern detected.
[SEMANTIC_ZOMBIE_PATTERN] _Alarm_Active @ snapshots/2026-05-04/PRG_System_BlackBox.st:13 - Potential compatibility/legacy semantic pattern detected.
[SEMANTIC_ZOMBIE_PATTERN] _Alarm_Active @ snapshots/2026-05-04/PRG_System_BlackBox.st:23 - Potential compatibility/legacy semantic pattern detected.
[SEMANTIC_ZOMBIE_PATTERN] _Alarm_Active @ snapshots/2026-05-04/FB_System_Alarm_Orchestrator.st:21 - Potential compatibility/legacy semantic pattern detected.
[SEMANTIC_ZOMBIE_PATTERN] _Alarm_Active @ snapshots/2026-05-04/FB_System_Alarm_Orchestrator.st:22 - Potential compatibility/legacy semantic pattern detected.
[SEMANTIC_ZOMBIE_PATTERN] _Alarm_Active @ snapshots/2026-05-04/FB_System_Alarm_Orchestrator.st:23 - Potential compatibility/legacy semantic pattern detected.
[SEMANTIC_ZOMBIE_PATTERN] _Alarm_Active @ snapshots/2026-05-04/PRG_Lighting.st:75 - Potential compatibility/legacy semantic pattern detected.
[SEMANTIC_ZOMBIE_PATTERN] _Alarm_Active @ snapshots/2026-05-04/PRG_Lighting.st:76 - Potential compatibility/legacy semantic pattern detected.
[SEMANTIC_ZOMBIE_PATTERN] _Alarm_Active @ snapshots/2026-05-04/PRG_Security.st:31 - Potential compatibility/legacy semantic pattern detected.
[SEMANTIC_ZOMBIE_PATTERN] _Alarm_Active @ snapshots/2026-05-04/PRG_Safety_Shutdown.st:13 - Potential compatibility/legacy semantic pattern detected.
[SEMANTIC_ZOMBIE_PATTERN] _Alarm_Active @ snapshots/2026-05-04/GVL_INTENT_SAFETY.gvl:8 - Potential compatibility/legacy semantic pattern detected.
[SEMANTIC_ZOMBIE_PATTERN] _Alarm_Active @ snapshots/2026-05-04/GVL_INTENT_SAFETY.gvl:9 - Potential compatibility/legacy semantic pattern detected.
[SEMANTIC_ZOMBIE_PATTERN] _Alarm_Active @ snapshots/2026-05-04/GVL_INTENT_SAFETY.gvl:10 - Potential compatibility/legacy semantic pattern detected.
[SEMANTIC_ZOMBIE_PATTERN] _Alarm_Active @ snapshots/2026-05-04/PRG_System_Test_Harness.st:104 - Potential compatibility/legacy semantic pattern detected.
[SEMANTIC_ZOMBIE_PATTERN] _Alarm_Active @ snapshots/2026-04-22/PRG_Command_Arbitration.st:34 - Potential compatibility/legacy semantic pattern detected.
[SEMANTIC_ZOMBIE_PATTERN] _Alarm_Active @ snapshots/2026-04-22/PRG_Safety.st:50 - Potential compatibility/legacy semantic pattern detected.
[SEMANTIC_ZOMBIE_PATTERN] _Alarm_Active @ snapshots/2026-04-22/PRG_Safety.st:51 - Potential compatibility/legacy semantic pattern detected.
[SEMANTIC_ZOMBIE_PATTERN] _Alarm_Active @ snapshots/2026-04-22/PRG_Safety.st:52 - Potential compatibility/legacy semantic pattern detected.
[SEMANTIC_ZOMBIE_PATTERN] _Alarm_Active @ snapshots/2026-04-22/PRG_Safety.st:82 - Potential compatibility/legacy semantic pattern detected.
[SEMANTIC_ZOMBIE_PATTERN] _Alarm_Active @ snapshots/2026-04-22/PRG_Safety.st:97 - Potential compatibility/legacy semantic pattern detected.
[SEMANTIC_ZOMBIE_PATTERN] _Alarm_Active @ snapshots/2026-04-22/PRG_Safety.st:98 - Potential compatibility/legacy semantic pattern detected.
[SEMANTIC_ZOMBIE_PATTERN] _Alarm_Active @ snapshots/2026-04-22/GVL_ALARM.gvl:11 - Potential compatibility/legacy semantic pattern detected.
[SEMANTIC_ZOMBIE_PATTERN] _Alarm_Active @ snapshots/2026-04-22/GVL_ALARM.gvl:13 - Potential compatibility/legacy semantic pattern detected.
[SEMANTIC_ZOMBIE_PATTERN] _Alarm_Active @ snapshots/2026-04-22/GVL_ALARM.gvl:14 - Potential compatibility/legacy semantic pattern detected.
[SEMANTIC_ZOMBIE_PATTERN] _Alarm_Active @ snapshots/2026-04-22/FB_Security_System_Manager.st:23 - Potential compatibility/legacy semantic pattern detected.
[SEMANTIC_ZOMBIE_PATTERN] _Alarm_Active @ snapshots/2026-04-22/FB_Security_System_Manager.st:47 - Potential compatibility/legacy semantic pattern detected.
[SEMANTIC_ZOMBIE_PATTERN] _Alarm_Active @ snapshots/2026-04-22/FB_Security_System_Manager.st:109 - Potential compatibility/legacy semantic pattern detected.
[SEMANTIC_ZOMBIE_PATTERN] _Alarm_Active @ snapshots/2026-04-22/FB_Security_System_Manager.st:129 - Potential compatibility/legacy semantic pattern detected.
[SEMANTIC_ZOMBIE_PATTERN] _Alarm_Active @ snapshots/2026-04-22/FB_Security_System_Manager.st:160 - Potential compatibility/legacy semantic pattern detected.
[SEMANTIC_ZOMBIE_PATTERN] _Alarm_Active @ snapshots/2026-04-22/PRG_IO_Write.st:47 - Potential compatibility/legacy semantic pattern detected.
[SEMANTIC_ZOMBIE_PATTERN] _Alarm_Active @ snapshots/2026-04-22/PRG_IO_Write.st:48 - Potential compatibility/legacy semantic pattern detected.
[SEMANTIC_ZOMBIE_PATTERN] _Alarm_Active @ snapshots/2026-04-22/FB_Gateway_Interface.st:11 - Potential compatibility/legacy semantic pattern detected.
[SEMANTIC_ZOMBIE_PATTERN] _Alarm_Active @ snapshots/2026-04-22/FB_Gateway_Interface.st:12 - Potential compatibility/legacy semantic pattern detected.
[SEMANTIC_ZOMBIE_PATTERN] _Alarm_Active @ snapshots/2026-04-22/FB_Gateway_Interface.st:13 - Potential compatibility/legacy semantic pattern detected.
[SEMANTIC_ZOMBIE_PATTERN] _Alarm_Active @ snapshots/2026-04-22/FB_Gateway_Interface.st:95 - Potential compatibility/legacy semantic pattern detected.
[SEMANTIC_ZOMBIE_PATTERN] _Alarm_Active @ snapshots/2026-04-22/FB_Gateway_Interface.st:99 - Potential compatibility/legacy semantic pattern detected.
[SEMANTIC_ZOMBIE_PATTERN] _Alarm_Active @ snapshots/2026-04-22/FB_Gateway_Interface.st:103 - Potential compatibility/legacy semantic pattern detected.
[SEMANTIC_ZOMBIE_PATTERN] _Alarm_Active @ snapshots/2026-04-22/FB_Gateway_Interface.st:115 - Potential compatibility/legacy semantic pattern detected.
[SEMANTIC_ZOMBIE_PATTERN] _Alarm_Active @ snapshots/2026-04-22/FB_Gateway_Interface.st:116 - Potential compatibility/legacy semantic pattern detected.
[SEMANTIC_ZOMBIE_PATTERN] _Alarm_Active @ snapshots/2026-04-22/FB_Gateway_Interface.st:117 - Potential compatibility/legacy semantic pattern detected.
[SEMANTIC_ZOMBIE_PATTERN] _Alarm_Active @ snapshots/2026-04-22/FB_Gateway_Interface.st:128 - Potential compatibility/legacy semantic pattern detected.
[SEMANTIC_ZOMBIE_PATTERN] _Alarm_Active @ snapshots/2026-04-22/FB_Gateway_Interface.st:129 - Potential compatibility/legacy semantic pattern detected.
[SEMANTIC_ZOMBIE_PATTERN] _Alarm_Active @ snapshots/2026-04-22/FB_Gateway_Interface.st:130 - Potential compatibility/legacy semantic pattern detected.
[SEMANTIC_ZOMBIE_PATTERN] Shadow_ @ snapshots/2026-04-22/GVL_GATEWAY.gvl:14 - Potential compatibility/legacy semantic pattern detected.
[SEMANTIC_ZOMBIE_PATTERN] Shadow_ @ snapshots/2026-04-22/GVL_GATEWAY.gvl:15 - Potential compatibility/legacy semantic pattern detected.
[SEMANTIC_ZOMBIE_PATTERN] Shadow_ @ snapshots/2026-04-22/GVL_GATEWAY.gvl:16 - Potential compatibility/legacy semantic pattern detected.
[SEMANTIC_ZOMBIE_PATTERN] Shadow_ @ snapshots/2026-04-22/GVL_GATEWAY.gvl:17 - Potential compatibility/legacy semantic pattern detected.
[SEMANTIC_ZOMBIE_PATTERN] Shadow_ @ snapshots/2026-04-22/GVL_GATEWAY.gvl:18 - Potential compatibility/legacy semantic pattern detected.
[SEMANTIC_ZOMBIE_PATTERN] Shadow_ @ snapshots/2026-04-22/GVL_GATEWAY.gvl:19 - Potential compatibility/legacy semantic pattern detected.
[SEMANTIC_ZOMBIE_PATTERN] Shadow_ @ snapshots/2026-04-22/GVL_GATEWAY.gvl:20 - Potential compatibility/legacy semantic pattern detected.
[SEMANTIC_ZOMBIE_PATTERN] Shadow_ @ snapshots/2026-04-22/GVL_Safety_Selector.gvl:3 - Potential compatibility/legacy semantic pattern detected.
[SEMANTIC_ZOMBIE_PATTERN] Shadow_ @ snapshots/2026-04-22/GVL_Safety_Selector.gvl:4 - Potential compatibility/legacy semantic pattern detected.
[SEMANTIC_ZOMBIE_PATTERN] Shadow_ @ snapshots/2026-04-22/GVL_Safety_Selector.gvl:5 - Potential compatibility/legacy semantic pattern detected.
[SEMANTIC_ZOMBIE_PATTERN] Shadow_ @ snapshots/2026-04-22/GVL_Safety_Selector.gvl:13 - Potential compatibility/legacy semantic pattern detected.
[SEMANTIC_ZOMBIE_PATTERN] Shadow_ @ snapshots/2026-04-22/GVL_Safety_Selector.gvl:14 - Potential compatibility/legacy semantic pattern detected.
[SEMANTIC_ZOMBIE_PATTERN] Shadow_ @ snapshots/2026-04-22/GVL_Safety_Selector.gvl:15 - Potential compatibility/legacy semantic pattern detected.
[SEMANTIC_ZOMBIE_PATTERN] Shadow_ @ snapshots/2026-04-22/GVL_Safety_Selector.gvl:18 - Potential compatibility/legacy semantic pattern detected.
[SEMANTIC_ZOMBIE_PATTERN] Shadow_ @ snapshots/2026-04-22/GVL_Safety_Selector.gvl:21 - Potential compatibility/legacy semantic pattern detected.
[SEMANTIC_ZOMBIE_PATTERN] Shadow_ @ snapshots/2026-04-22/GVL_Safety_Selector.gvl:22 - Potential compatibility/legacy semantic pattern detected.
[SEMANTIC_ZOMBIE_PATTERN] _Alarm_Active @ snapshots/2026-04-22/PRG_Lighting.st:86 - Potential compatibility/legacy semantic pattern detected.
[SEMANTIC_ZOMBIE_PATTERN] _Alarm_Active @ snapshots/2026-04-22/PRG_Lighting.st:87 - Potential compatibility/legacy semantic pattern detected.
[SEMANTIC_ZOMBIE_PATTERN] _Alarm_Active @ snapshots/2026-04-22/PRG_Security.st:31 - Potential compatibility/legacy semantic pattern detected.
[SEMANTIC_ZOMBIE_PATTERN] _Alarm_Active @ snapshots/2026-04-22/GVL_INTENT_SAFETY.gvl:8 - Potential compatibility/legacy semantic pattern detected.
[SEMANTIC_ZOMBIE_PATTERN] _Alarm_Active @ snapshots/2026-04-22/GVL_INTENT_SAFETY.gvl:9 - Potential compatibility/legacy semantic pattern detected.
[SEMANTIC_ZOMBIE_PATTERN] _Alarm_Active @ snapshots/2026-04-22/GVL_INTENT_SAFETY.gvl:10 - Potential compatibility/legacy semantic pattern detected.
[SEMANTIC_ZOMBIE_PATTERN] _Alarm_Active @ snapshots/2026-04-22/PRG_System.st:431 - Potential compatibility/legacy semantic pattern detected.
[SEMANTIC_ZOMBIE_PATTERN] _Alarm_Active @ snapshots/2026-04-22/PRG_System.st:432 - Potential compatibility/legacy semantic pattern detected.
[SEMANTIC_ZOMBIE_PATTERN] _Alarm_Active @ snapshots/2026-04-22/PRG_System.st:433 - Potential compatibility/legacy semantic pattern detected.
[SEMANTIC_ZOMBIE_PATTERN] _Alarm_Active @ snapshots/2026-04-22/PRG_System.st:480 - Potential compatibility/legacy semantic pattern detected.
[SEMANTIC_ZOMBIE_PATTERN] _Alarm_Active @ snapshots/2026-04-22/PRG_System.st:481 - Potential compatibility/legacy semantic pattern detected.
[SEMANTIC_ZOMBIE_PATTERN] _Alarm_Active @ snapshots/2026-04-22/PRG_System.st:482 - Potential compatibility/legacy semantic pattern detected.
[SEMANTIC_ZOMBIE_PATTERN] _Alarm_Active @ snapshots/2026-04-22/PRG_System.st:776 - Potential compatibility/legacy semantic pattern detected.
[SEMANTIC_ZOMBIE_PATTERN] _Alarm_Active @ snapshots/2026-04-22/PRG_System.st:777 - Potential compatibility/legacy semantic pattern detected.
[SEMANTIC_ZOMBIE_PATTERN] _Alarm_Active @ snapshots/2026-04-22/PRG_System.st:790 - Potential compatibility/legacy semantic pattern detected.
[SEMANTIC_ZOMBIE_PATTERN] _Alarm_Active @ snapshots/2026-04-29/PRG_Command_Arbitration.st:34 - Potential compatibility/legacy semantic pattern detected.
[SEMANTIC_ZOMBIE_PATTERN] _Alarm_Active @ snapshots/2026-04-29/PRG_Safety.st:15 - Potential compatibility/legacy semantic pattern detected.
[SEMANTIC_ZOMBIE_PATTERN] _Alarm_Active @ snapshots/2026-04-29/PRG_Safety.st:16 - Potential compatibility/legacy semantic pattern detected.
[SEMANTIC_ZOMBIE_PATTERN] _Alarm_Active @ snapshots/2026-04-29/PRG_Safety.st:17 - Potential compatibility/legacy semantic pattern detected.
[SEMANTIC_ZOMBIE_PATTERN] _Alarm_Active @ snapshots/2026-04-29/PRG_Safety.st:72 - Potential compatibility/legacy semantic pattern detected.
[SEMANTIC_ZOMBIE_PATTERN] _Alarm_Active @ snapshots/2026-04-29/PRG_Safety.st:87 - Potential compatibility/legacy semantic pattern detected.
[SEMANTIC_ZOMBIE_PATTERN] _Alarm_Active @ snapshots/2026-04-29/PRG_Safety.st:88 - Potential compatibility/legacy semantic pattern detected.
[SEMANTIC_ZOMBIE_PATTERN] _Alarm_Active @ snapshots/2026-04-29/GVL_ALARM.gvl:11 - Potential compatibility/legacy semantic pattern detected.
[SEMANTIC_ZOMBIE_PATTERN] _Alarm_Active @ snapshots/2026-04-29/GVL_ALARM.gvl:13 - Potential compatibility/legacy semantic pattern detected.
[SEMANTIC_ZOMBIE_PATTERN] _Alarm_Active @ snapshots/2026-04-29/GVL_ALARM.gvl:14 - Potential compatibility/legacy semantic pattern detected.
[SEMANTIC_ZOMBIE_PATTERN] _Alarm_Active @ snapshots/2026-04-29/FB_System_Gateway_Intent.st:38 - Potential compatibility/legacy semantic pattern detected.
[SEMANTIC_ZOMBIE_PATTERN] _Alarm_Active @ snapshots/2026-04-29/FB_System_Gateway_Intent.st:39 - Potential compatibility/legacy semantic pattern detected.
[SEMANTIC_ZOMBIE_PATTERN] _Alarm_Active @ snapshots/2026-04-29/FB_System_Gateway_Intent.st:40 - Potential compatibility/legacy semantic pattern detected.
[SEMANTIC_ZOMBIE_PATTERN] _Alarm_Active @ snapshots/2026-04-29/FB_Security_System_Manager.st:23 - Potential compatibility/legacy semantic pattern detected.
[SEMANTIC_ZOMBIE_PATTERN] _Alarm_Active @ snapshots/2026-04-29/FB_Security_System_Manager.st:47 - Potential compatibility/legacy semantic pattern detected.
[SEMANTIC_ZOMBIE_PATTERN] _Alarm_Active @ snapshots/2026-04-29/FB_Security_System_Manager.st:109 - Potential compatibility/legacy semantic pattern detected.
[SEMANTIC_ZOMBIE_PATTERN] _Alarm_Active @ snapshots/2026-04-29/FB_Security_System_Manager.st:129 - Potential compatibility/legacy semantic pattern detected.
[SEMANTIC_ZOMBIE_PATTERN] _Alarm_Active @ snapshots/2026-04-29/FB_Security_System_Manager.st:160 - Potential compatibility/legacy semantic pattern detected.
[SEMANTIC_ZOMBIE_PATTERN] _Alarm_Active @ snapshots/2026-04-29/PRG_IO_Write.st:47 - Potential compatibility/legacy semantic pattern detected.
[SEMANTIC_ZOMBIE_PATTERN] _Alarm_Active @ snapshots/2026-04-29/PRG_IO_Write.st:48 - Potential compatibility/legacy semantic pattern detected.
[SEMANTIC_ZOMBIE_PATTERN] _Alarm_Active @ snapshots/2026-04-29/FB_Gateway_Interface.st:11 - Potential compatibility/legacy semantic pattern detected.
[SEMANTIC_ZOMBIE_PATTERN] _Alarm_Active @ snapshots/2026-04-29/FB_Gateway_Interface.st:12 - Potential compatibility/legacy semantic pattern detected.
[SEMANTIC_ZOMBIE_PATTERN] _Alarm_Active @ snapshots/2026-04-29/FB_Gateway_Interface.st:13 - Potential compatibility/legacy semantic pattern detected.
[SEMANTIC_ZOMBIE_PATTERN] _Alarm_Active @ snapshots/2026-04-29/FB_Gateway_Interface.st:95 - Potential compatibility/legacy semantic pattern detected.
[SEMANTIC_ZOMBIE_PATTERN] _Alarm_Active @ snapshots/2026-04-29/FB_Gateway_Interface.st:99 - Potential compatibility/legacy semantic pattern detected.
[SEMANTIC_ZOMBIE_PATTERN] _Alarm_Active @ snapshots/2026-04-29/FB_Gateway_Interface.st:103 - Potential compatibility/legacy semantic pattern detected.
[SEMANTIC_ZOMBIE_PATTERN] _Alarm_Active @ snapshots/2026-04-29/FB_Gateway_Interface.st:115 - Potential compatibility/legacy semantic pattern detected.
[SEMANTIC_ZOMBIE_PATTERN] _Alarm_Active @ snapshots/2026-04-29/FB_Gateway_Interface.st:116 - Potential compatibility/legacy semantic pattern detected.
[SEMANTIC_ZOMBIE_PATTERN] _Alarm_Active @ snapshots/2026-04-29/FB_Gateway_Interface.st:117 - Potential compatibility/legacy semantic pattern detected.
[SEMANTIC_ZOMBIE_PATTERN] _Alarm_Active @ snapshots/2026-04-29/FB_Gateway_Interface.st:128 - Potential compatibility/legacy semantic pattern detected.
[SEMANTIC_ZOMBIE_PATTERN] _Alarm_Active @ snapshots/2026-04-29/FB_Gateway_Interface.st:129 - Potential compatibility/legacy semantic pattern detected.
[SEMANTIC_ZOMBIE_PATTERN] _Alarm_Active @ snapshots/2026-04-29/FB_Gateway_Interface.st:130 - Potential compatibility/legacy semantic pattern detected.
[SEMANTIC_ZOMBIE_PATTERN] Shadow_ @ snapshots/2026-04-29/GVL_GATEWAY.gvl:14 - Potential compatibility/legacy semantic pattern detected.
[SEMANTIC_ZOMBIE_PATTERN] Shadow_ @ snapshots/2026-04-29/GVL_GATEWAY.gvl:15 - Potential compatibility/legacy semantic pattern detected.
[SEMANTIC_ZOMBIE_PATTERN] Shadow_ @ snapshots/2026-04-29/GVL_GATEWAY.gvl:16 - Potential compatibility/legacy semantic pattern detected.
[SEMANTIC_ZOMBIE_PATTERN] Shadow_ @ snapshots/2026-04-29/GVL_GATEWAY.gvl:17 - Potential compatibility/legacy semantic pattern detected.
[SEMANTIC_ZOMBIE_PATTERN] Shadow_ @ snapshots/2026-04-29/GVL_GATEWAY.gvl:18 - Potential compatibility/legacy semantic pattern detected.
[SEMANTIC_ZOMBIE_PATTERN] Shadow_ @ snapshots/2026-04-29/GVL_GATEWAY.gvl:19 - Potential compatibility/legacy semantic pattern detected.
[SEMANTIC_ZOMBIE_PATTERN] Shadow_ @ snapshots/2026-04-29/GVL_GATEWAY.gvl:20 - Potential compatibility/legacy semantic pattern detected.
[SEMANTIC_ZOMBIE_PATTERN] Shadow_ @ snapshots/2026-04-29/GVL_Safety_Selector.gvl:3 - Potential compatibility/legacy semantic pattern detected.
[SEMANTIC_ZOMBIE_PATTERN] Shadow_ @ snapshots/2026-04-29/GVL_Safety_Selector.gvl:4 - Potential compatibility/legacy semantic pattern detected.
[SEMANTIC_ZOMBIE_PATTERN] Shadow_ @ snapshots/2026-04-29/GVL_Safety_Selector.gvl:5 - Potential compatibility/legacy semantic pattern detected.
[SEMANTIC_ZOMBIE_PATTERN] Shadow_ @ snapshots/2026-04-29/GVL_Safety_Selector.gvl:13 - Potential compatibility/legacy semantic pattern detected.
[SEMANTIC_ZOMBIE_PATTERN] Shadow_ @ snapshots/2026-04-29/GVL_Safety_Selector.gvl:14 - Potential compatibility/legacy semantic pattern detected.
[SEMANTIC_ZOMBIE_PATTERN] Shadow_ @ snapshots/2026-04-29/GVL_Safety_Selector.gvl:15 - Potential compatibility/legacy semantic pattern detected.
[SEMANTIC_ZOMBIE_PATTERN] Shadow_ @ snapshots/2026-04-29/GVL_Safety_Selector.gvl:18 - Potential compatibility/legacy semantic pattern detected.
[SEMANTIC_ZOMBIE_PATTERN] Shadow_ @ snapshots/2026-04-29/GVL_Safety_Selector.gvl:21 - Potential compatibility/legacy semantic pattern detected.
[SEMANTIC_ZOMBIE_PATTERN] Shadow_ @ snapshots/2026-04-29/GVL_Safety_Selector.gvl:22 - Potential compatibility/legacy semantic pattern detected.
[SEMANTIC_ZOMBIE_PATTERN] _Alarm_Active @ snapshots/2026-04-29/FB_System_Alarm_Orchestrator.st:21 - Potential compatibility/legacy semantic pattern detected.
[SEMANTIC_ZOMBIE_PATTERN] _Alarm_Active @ snapshots/2026-04-29/FB_System_Alarm_Orchestrator.st:22 - Potential compatibility/legacy semantic pattern detected.
[SEMANTIC_ZOMBIE_PATTERN] _Alarm_Active @ snapshots/2026-04-29/FB_System_Alarm_Orchestrator.st:23 - Potential compatibility/legacy semantic pattern detected.
[SEMANTIC_ZOMBIE_PATTERN] _Alarm_Active @ snapshots/2026-04-29/PRG_Lighting.st:86 - Potential compatibility/legacy semantic pattern detected.
[SEMANTIC_ZOMBIE_PATTERN] _Alarm_Active @ snapshots/2026-04-29/PRG_Lighting.st:87 - Potential compatibility/legacy semantic pattern detected.
[SEMANTIC_ZOMBIE_PATTERN] _Alarm_Active @ snapshots/2026-04-29/PRG_Security.st:31 - Potential compatibility/legacy semantic pattern detected.
[SEMANTIC_ZOMBIE_PATTERN] _Alarm_Active @ snapshots/2026-04-29/GVL_INTENT_SAFETY.gvl:8 - Potential compatibility/legacy semantic pattern detected.
[SEMANTIC_ZOMBIE_PATTERN] _Alarm_Active @ snapshots/2026-04-29/GVL_INTENT_SAFETY.gvl:9 - Potential compatibility/legacy semantic pattern detected.
[SEMANTIC_ZOMBIE_PATTERN] _Alarm_Active @ snapshots/2026-04-29/GVL_INTENT_SAFETY.gvl:10 - Potential compatibility/legacy semantic pattern detected.
[SEMANTIC_ZOMBIE_PATTERN] _Alarm_Active @ snapshots/2026-04-29/PRG_System.st:264 - Potential compatibility/legacy semantic pattern detected.
[SEMANTIC_ZOMBIE_PATTERN] _Alarm_Active @ snapshots/2026-04-29/PRG_System.st:265 - Potential compatibility/legacy semantic pattern detected.
[SEMANTIC_ZOMBIE_PATTERN] _Alarm_Active @ snapshots/2026-04-29/PRG_System.st:278 - Potential compatibility/legacy semantic pattern detected.
[SEMANTIC_ZOMBIE_PATTERN] _Alarm_Active @ snapshots/2026-04-29/PRG_System_Test_Harness.st:104 - Potential compatibility/legacy semantic pattern detected.
[SEMANTIC_ZOMBIE_PATTERN] _Alarm_Active @ snapshots/2026-05-12/PRG_Safety.st:11 - Potential compatibility/legacy semantic pattern detected.
[SEMANTIC_ZOMBIE_PATTERN] _Alarm_Active @ snapshots/2026-05-12/PRG_Safety.st:12 - Potential compatibility/legacy semantic pattern detected.
[SEMANTIC_ZOMBIE_PATTERN] _Alarm_Active @ snapshots/2026-05-12/PRG_Safety.st:13 - Potential compatibility/legacy semantic pattern detected.
[SEMANTIC_ZOMBIE_PATTERN] _Alarm_Active @ snapshots/2026-05-12/PRG_Safety.st:42 - Potential compatibility/legacy semantic pattern detected.
[SEMANTIC_ZOMBIE_PATTERN] _Alarm_Active @ snapshots/2026-05-12/PRG_Safety.st:57 - Potential compatibility/legacy semantic pattern detected.
[SEMANTIC_ZOMBIE_PATTERN] _Alarm_Active @ snapshots/2026-05-12/PRG_Safety.st:58 - Potential compatibility/legacy semantic pattern detected.
[SEMANTIC_ZOMBIE_PATTERN] _Alarm_Active @ snapshots/2026-05-12/GVL_ALARM.gvl:11 - Potential compatibility/legacy semantic pattern detected.
[SEMANTIC_ZOMBIE_PATTERN] _Alarm_Active @ snapshots/2026-05-12/GVL_ALARM.gvl:13 - Potential compatibility/legacy semantic pattern detected.
[SEMANTIC_ZOMBIE_PATTERN] _Alarm_Active @ snapshots/2026-05-12/GVL_ALARM.gvl:14 - Potential compatibility/legacy semantic pattern detected.
[SEMANTIC_ZOMBIE_PATTERN] _Alarm_Active @ snapshots/2026-05-12/PRG_System_Diagnostics.st:25 - Potential compatibility/legacy semantic pattern detected.
[SEMANTIC_ZOMBIE_PATTERN] _Alarm_Active @ snapshots/2026-05-12/PRG_System_Diagnostics.st:26 - Potential compatibility/legacy semantic pattern detected.
[SEMANTIC_ZOMBIE_PATTERN] _Alarm_Active @ snapshots/2026-05-12/FB_System_Gateway_Intent.st:31 - Potential compatibility/legacy semantic pattern detected.
[SEMANTIC_ZOMBIE_PATTERN] _Alarm_Active @ snapshots/2026-05-12/FB_System_Gateway_Intent.st:32 - Potential compatibility/legacy semantic pattern detected.
[SEMANTIC_ZOMBIE_PATTERN] _Alarm_Active @ snapshots/2026-05-12/FB_System_Gateway_Intent.st:33 - Potential compatibility/legacy semantic pattern detected.
[SEMANTIC_ZOMBIE_PATTERN] _Alarm_Active @ snapshots/2026-05-12/FB_Security_System_Manager.st:23 - Potential compatibility/legacy semantic pattern detected.
[SEMANTIC_ZOMBIE_PATTERN] _Alarm_Active @ snapshots/2026-05-12/FB_Security_System_Manager.st:47 - Potential compatibility/legacy semantic pattern detected.
[SEMANTIC_ZOMBIE_PATTERN] _Alarm_Active @ snapshots/2026-05-12/FB_Security_System_Manager.st:109 - Potential compatibility/legacy semantic pattern detected.
[SEMANTIC_ZOMBIE_PATTERN] _Alarm_Active @ snapshots/2026-05-12/FB_Security_System_Manager.st:129 - Potential compatibility/legacy semantic pattern detected.
[SEMANTIC_ZOMBIE_PATTERN] _Alarm_Active @ snapshots/2026-05-12/FB_Security_System_Manager.st:160 - Potential compatibility/legacy semantic pattern detected.
[SEMANTIC_ZOMBIE_PATTERN] _Alarm_Active @ snapshots/2026-05-12/PRG_IO_Write.st:66 - Potential compatibility/legacy semantic pattern detected.
[SEMANTIC_ZOMBIE_PATTERN] _Alarm_Active @ snapshots/2026-05-12/PRG_IO_Write.st:67 - Potential compatibility/legacy semantic pattern detected.
[SEMANTIC_ZOMBIE_PATTERN] _Alarm_Active @ snapshots/2026-05-12/PRG_IO_Write.st:165 - Potential compatibility/legacy semantic pattern detected.
[SEMANTIC_ZOMBIE_PATTERN] _Alarm_Active @ snapshots/2026-05-12/PRG_IO_Write.st:166 - Potential compatibility/legacy semantic pattern detected.
[SEMANTIC_ZOMBIE_PATTERN] _Alarm_Active @ snapshots/2026-05-12/FB_Gateway_Interface.st:9 - Potential compatibility/legacy semantic pattern detected.
[SEMANTIC_ZOMBIE_PATTERN] _Alarm_Active @ snapshots/2026-05-12/FB_Gateway_Interface.st:10 - Potential compatibility/legacy semantic pattern detected.
[SEMANTIC_ZOMBIE_PATTERN] _Alarm_Active @ snapshots/2026-05-12/FB_Gateway_Interface.st:11 - Potential compatibility/legacy semantic pattern detected.
[SEMANTIC_ZOMBIE_PATTERN] _Alarm_Active @ snapshots/2026-05-12/FB_Gateway_Interface.st:84 - Potential compatibility/legacy semantic pattern detected.
[SEMANTIC_ZOMBIE_PATTERN] _Alarm_Active @ snapshots/2026-05-12/FB_Gateway_Interface.st:88 - Potential compatibility/legacy semantic pattern detected.
[SEMANTIC_ZOMBIE_PATTERN] _Alarm_Active @ snapshots/2026-05-12/FB_Gateway_Interface.st:92 - Potential compatibility/legacy semantic pattern detected.
[SEMANTIC_ZOMBIE_PATTERN] _Alarm_Active @ snapshots/2026-05-12/FB_Gateway_Interface.st:104 - Potential compatibility/legacy semantic pattern detected.
[SEMANTIC_ZOMBIE_PATTERN] _Alarm_Active @ snapshots/2026-05-12/FB_Gateway_Interface.st:105 - Potential compatibility/legacy semantic pattern detected.
[SEMANTIC_ZOMBIE_PATTERN] _Alarm_Active @ snapshots/2026-05-12/FB_Gateway_Interface.st:106 - Potential compatibility/legacy semantic pattern detected.
[SEMANTIC_ZOMBIE_PATTERN] _Alarm_Active @ snapshots/2026-05-12/FB_Gateway_Interface.st:114 - Potential compatibility/legacy semantic pattern detected.
[SEMANTIC_ZOMBIE_PATTERN] _Alarm_Active @ snapshots/2026-05-12/FB_Gateway_Interface.st:115 - Potential compatibility/legacy semantic pattern detected.
[SEMANTIC_ZOMBIE_PATTERN] _Alarm_Active @ snapshots/2026-05-12/FB_Gateway_Interface.st:116 - Potential compatibility/legacy semantic pattern detected.
[SEMANTIC_ZOMBIE_PATTERN] Shadow_ @ snapshots/2026-05-12/GVL_GATEWAY.gvl:14 - Potential compatibility/legacy semantic pattern detected.
[SEMANTIC_ZOMBIE_PATTERN] Shadow_ @ snapshots/2026-05-12/GVL_GATEWAY.gvl:15 - Potential compatibility/legacy semantic pattern detected.
[SEMANTIC_ZOMBIE_PATTERN] Shadow_ @ snapshots/2026-05-12/GVL_GATEWAY.gvl:16 - Potential compatibility/legacy semantic pattern detected.
[SEMANTIC_ZOMBIE_PATTERN] Shadow_ @ snapshots/2026-05-12/GVL_GATEWAY.gvl:17 - Potential compatibility/legacy semantic pattern detected.
[SEMANTIC_ZOMBIE_PATTERN] Shadow_ @ snapshots/2026-05-12/GVL_GATEWAY.gvl:18 - Potential compatibility/legacy semantic pattern detected.
[SEMANTIC_ZOMBIE_PATTERN] Shadow_ @ snapshots/2026-05-12/GVL_GATEWAY.gvl:19 - Potential compatibility/legacy semantic pattern detected.
[SEMANTIC_ZOMBIE_PATTERN] Shadow_ @ snapshots/2026-05-12/GVL_GATEWAY.gvl:20 - Potential compatibility/legacy semantic pattern detected.
[SEMANTIC_ZOMBIE_PATTERN] Shadow_ @ snapshots/2026-05-12/GVL_Safety_Selector.gvl:3 - Potential compatibility/legacy semantic pattern detected.
[SEMANTIC_ZOMBIE_PATTERN] Shadow_ @ snapshots/2026-05-12/GVL_Safety_Selector.gvl:4 - Potential compatibility/legacy semantic pattern detected.
[SEMANTIC_ZOMBIE_PATTERN] Shadow_ @ snapshots/2026-05-12/GVL_Safety_Selector.gvl:5 - Potential compatibility/legacy semantic pattern detected.
[SEMANTIC_ZOMBIE_PATTERN] Shadow_ @ snapshots/2026-05-12/GVL_Safety_Selector.gvl:13 - Potential compatibility/legacy semantic pattern detected.
[SEMANTIC_ZOMBIE_PATTERN] Shadow_ @ snapshots/2026-05-12/GVL_Safety_Selector.gvl:14 - Potential compatibility/legacy semantic pattern detected.
[SEMANTIC_ZOMBIE_PATTERN] Shadow_ @ snapshots/2026-05-12/GVL_Safety_Selector.gvl:15 - Potential compatibility/legacy semantic pattern detected.
[SEMANTIC_ZOMBIE_PATTERN] Shadow_ @ snapshots/2026-05-12/GVL_Safety_Selector.gvl:18 - Potential compatibility/legacy semantic pattern detected.
[SEMANTIC_ZOMBIE_PATTERN] Shadow_ @ snapshots/2026-05-12/GVL_Safety_Selector.gvl:21 - Potential compatibility/legacy semantic pattern detected.
[SEMANTIC_ZOMBIE_PATTERN] Shadow_ @ snapshots/2026-05-12/GVL_Safety_Selector.gvl:22 - Potential compatibility/legacy semantic pattern detected.
[SEMANTIC_ZOMBIE_PATTERN] _Alarm_Active @ snapshots/2026-05-12/PRG_System_BlackBox.st:12 - Potential compatibility/legacy semantic pattern detected.
[SEMANTIC_ZOMBIE_PATTERN] _Alarm_Active @ snapshots/2026-05-12/PRG_System_BlackBox.st:13 - Potential compatibility/legacy semantic pattern detected.
[SEMANTIC_ZOMBIE_PATTERN] _Alarm_Active @ snapshots/2026-05-12/PRG_System_BlackBox.st:23 - Potential compatibility/legacy semantic pattern detected.
[SEMANTIC_ZOMBIE_PATTERN] _Alarm_Active @ snapshots/2026-05-12/FB_System_Alarm_Orchestrator.st:21 - Potential compatibility/legacy semantic pattern detected.
[SEMANTIC_ZOMBIE_PATTERN] _Alarm_Active @ snapshots/2026-05-12/FB_System_Alarm_Orchestrator.st:22 - Potential compatibility/legacy semantic pattern detected.
[SEMANTIC_ZOMBIE_PATTERN] _Alarm_Active @ snapshots/2026-05-12/FB_System_Alarm_Orchestrator.st:23 - Potential compatibility/legacy semantic pattern detected.
[SEMANTIC_ZOMBIE_PATTERN] _Alarm_Active @ snapshots/2026-05-12/PRG_Lighting.st:16 - Potential compatibility/legacy semantic pattern detected.
[SEMANTIC_ZOMBIE_PATTERN] _Alarm_Active @ snapshots/2026-05-12/PRG_Lighting.st:23 - Potential compatibility/legacy semantic pattern detected.
[SEMANTIC_ZOMBIE_PATTERN] _Alarm_Active @ snapshots/2026-05-12/PRG_Lighting.st:89 - Potential compatibility/legacy semantic pattern detected.
[SEMANTIC_ZOMBIE_PATTERN] _Alarm_Active @ snapshots/2026-05-12/PRG_Lighting.st:90 - Potential compatibility/legacy semantic pattern detected.
[SEMANTIC_ZOMBIE_PATTERN] _Alarm_Active @ snapshots/2026-05-12/PRG_Lighting.st:113 - Potential compatibility/legacy semantic pattern detected.
[SEMANTIC_ZOMBIE_PATTERN] _Alarm_Active @ snapshots/2026-05-12/PRG_Security.st:31 - Potential compatibility/legacy semantic pattern detected.
[SEMANTIC_ZOMBIE_PATTERN] _Alarm_Active @ snapshots/2026-05-12/PRG_Safety_Shutdown.st:13 - Potential compatibility/legacy semantic pattern detected.
[SEMANTIC_ZOMBIE_PATTERN] _Alarm_Active @ snapshots/2026-05-12/GVL_INTENT_SAFETY.gvl:8 - Potential compatibility/legacy semantic pattern detected.
[SEMANTIC_ZOMBIE_PATTERN] _Alarm_Active @ snapshots/2026-05-12/GVL_INTENT_SAFETY.gvl:9 - Potential compatibility/legacy semantic pattern detected.
[SEMANTIC_ZOMBIE_PATTERN] _Alarm_Active @ snapshots/2026-05-12/GVL_INTENT_SAFETY.gvl:10 - Potential compatibility/legacy semantic pattern detected.
[SEMANTIC_ZOMBIE_PATTERN] Shadow_ @ snapshots/project_clean_state_2026_04_16/workspace/system_layer_cleanup/split_scaffold/core_kernel/FB_CoreKernel_Shadow_Stub_DRAFT.st:1 - Potential compatibility/legacy semantic pattern detected.
[SEMANTIC_ZOMBIE_PATTERN] Shadow_ @ snapshots/project_clean_state_2026_04_16/workspace/system_layer_cleanup/split_scaffold/core_kernel/FB_CoreKernel_Shadow_Stub_DRAFT.st:7 - Potential compatibility/legacy semantic pattern detected.
[SEMANTIC_ZOMBIE_PATTERN] Shadow_ @ snapshots/project_clean_state_2026_04_16/workspace/system_layer_cleanup/split_scaffold/core_kernel/FB_CoreKernel_Shadow_Stub_DRAFT.st:16 - Potential compatibility/legacy semantic pattern detected.
[SEMANTIC_ZOMBIE_PATTERN] Shadow_ @ snapshots/project_clean_state_2026_04_16/workspace/system_layer_cleanup/split_scaffold/core_kernel/FB_CoreKernel_Shadow_Exec_DRAFT.st:1 - Potential compatibility/legacy semantic pattern detected.
[SEMANTIC_ZOMBIE_PATTERN] Shadow_ @ snapshots/project_clean_state_2026_04_16/workspace/system_layer_cleanup/split_scaffold/core_kernel/FB_CoreKernel_Shadow_Exec_DRAFT.st:7 - Potential compatibility/legacy semantic pattern detected.
[SEMANTIC_ZOMBIE_PATTERN] Shadow_ @ snapshots/project_clean_state_2026_04_16/workspace/system_layer_cleanup/split_scaffold/core_kernel/FB_CoreKernel_Shadow_Exec_DRAFT.st:10 - Potential compatibility/legacy semantic pattern detected.
[SEMANTIC_ZOMBIE_PATTERN] Shadow_ @ snapshots/project_clean_state_2026_04_16/workspace/system_layer_cleanup/split_scaffold/core_kernel/FB_CoreKernel_Shadow_Exec_DRAFT.st:16 - Potential compatibility/legacy semantic pattern detected.
[SEMANTIC_ZOMBIE_PATTERN] Legacy_ @ snapshots/project_clean_state_2026_04_16/workspace/system_layer_cleanup/split_scaffold/core_kernel/FB_CoreKernel_DRAFT.st:5 - Potential compatibility/legacy semantic pattern detected.
[SEMANTIC_ZOMBIE_PATTERN] Shadow_ @ snapshots/project_clean_state_2026_04_16/workspace/system_layer_cleanup/split_scaffold/core_kernel/FB_CoreKernel_DRAFT.st:9 - Potential compatibility/legacy semantic pattern detected.
[SEMANTIC_ZOMBIE_PATTERN] Shadow_ @ snapshots/project_clean_state_2026_04_16/workspace/system_layer_cleanup/split_scaffold/core_kernel/FB_CoreKernel_DRAFT.st:15 - Potential compatibility/legacy semantic pattern detected.
[SEMANTIC_ZOMBIE_PATTERN] Shadow_ @ snapshots/project_clean_state_2026_04_16/workspace/system_layer_cleanup/split_scaffold/core_kernel/FB_CoreKernel_DRAFT.st:17 - Potential compatibility/legacy semantic pattern detected.
[SEMANTIC_ZOMBIE_PATTERN] Shadow_ @ snapshots/project_clean_state_2026_04_16/workspace/system_layer_cleanup/split_scaffold/core_kernel/FB_CoreKernel_DRAFT.st:18 - Potential compatibility/legacy semantic pattern detected.
[SEMANTIC_ZOMBIE_PATTERN] Shadow_ @ snapshots/project_clean_state_2026_04_16/workspace/system_layer_cleanup/split_scaffold/core_kernel/FB_CoreKernel_DRAFT.st:20 - Potential compatibility/legacy semantic pattern detected.
[SEMANTIC_ZOMBIE_PATTERN] Shadow_ @ snapshots/project_clean_state_2026_04_16/workspace/system_layer_cleanup/split_scaffold/core_kernel/FB_CoreKernel_DRAFT.st:22 - Potential compatibility/legacy semantic pattern detected.
[SEMANTIC_ZOMBIE_PATTERN] Shadow_ @ snapshots/project_clean_state_2026_04_16/workspace/system_layer_cleanup/split_scaffold/core_kernel/FB_CoreKernel_DRAFT.st:24 - Potential compatibility/legacy semantic pattern detected.
[SEMANTIC_ZOMBIE_PATTERN] Shadow_ @ snapshots/project_clean_state_2026_04_16/workspace/system_layer_cleanup/split_scaffold/core_kernel/FB_CoreKernel_DRAFT.st:32 - Potential compatibility/legacy semantic pattern detected.
[SEMANTIC_ZOMBIE_PATTERN] Shadow_ @ snapshots/project_clean_state_2026_04_16/workspace/system_layer_cleanup/split_scaffold/core_kernel/FB_CoreKernel_DRAFT.st:39 - Potential compatibility/legacy semantic pattern detected.
[SEMANTIC_ZOMBIE_PATTERN] Shadow_ @ snapshots/project_clean_state_2026_04_16/workspace/system_layer_cleanup/split_scaffold/core_kernel/FB_CoreKernel_DRAFT.st:46 - Potential compatibility/legacy semantic pattern detected.
[SEMANTIC_ZOMBIE_PATTERN] Shadow_ @ snapshots/project_clean_state_2026_04_16/workspace/system_layer_cleanup/split_scaffold/core_kernel/FB_CoreKernel_DRAFT.st:53 - Potential compatibility/legacy semantic pattern detected.
[SEMANTIC_ZOMBIE_PATTERN] Shadow_ @ snapshots/project_clean_state_2026_04_16/workspace/system_layer_cleanup/split_scaffold/core_kernel/FB_CoreKernel_DRAFT.st:60 - Potential compatibility/legacy semantic pattern detected.
[SEMANTIC_ZOMBIE_PATTERN] Shadow_ @ snapshots/project_clean_state_2026_04_16/workspace/system_layer_cleanup/split_scaffold/core_kernel/FB_CoreKernel_DRAFT.st:67 - Potential compatibility/legacy semantic pattern detected.
[SEMANTIC_ZOMBIE_PATTERN] Shadow_ @ snapshots/project_clean_state_2026_04_16/workspace/system_layer_cleanup/split_scaffold/core_kernel/FB_CoreKernel_DRAFT.st:68 - Potential compatibility/legacy semantic pattern detected.
[SEMANTIC_ZOMBIE_PATTERN] Legacy_ @ snapshots/project_clean_state_2026_04_16/workspace/system_layer_cleanup/split_scaffold/core_kernel/FB_CoreKernel_DRAFT.st:76 - Potential compatibility/legacy semantic pattern detected.
[SEMANTIC_ZOMBIE_PATTERN] Shadow_ @ snapshots/project_clean_state_2026_04_16/workspace/system_layer_cleanup/split_scaffold/core_kernel/FB_CoreKernel_DRAFT.st:77 - Potential compatibility/legacy semantic pattern detected.
[SEMANTIC_ZOMBIE_PATTERN] Shadow_ @ snapshots/project_clean_state_2026_04_16/workspace/system_layer_cleanup/split_scaffold/core_kernel/safety_slice/FB_Safety_Shadow_Slice_DRAFT.st:1 - Potential compatibility/legacy semantic pattern detected.
[SEMANTIC_ZOMBIE_PATTERN] Shadow_ @ snapshots/project_clean_state_2026_04_16/workspace/system_layer_cleanup/split_scaffold/core_kernel/safety_slice/FB_Safety_Shadow_Slice_DRAFT.st:7 - Potential compatibility/legacy semantic pattern detected.
[SEMANTIC_ZOMBIE_PATTERN] Shadow_ @ snapshots/project_clean_state_2026_04_16/workspace/system_layer_cleanup/split_scaffold/core_kernel/safety_slice/FB_Safety_Shadow_Slice_DRAFT.st:15 - Potential compatibility/legacy semantic pattern detected.
[SEMANTIC_ZOMBIE_PATTERN] Shadow_ @ snapshots/project_clean_state_2026_04_16/workspace/system_layer_cleanup/split_scaffold/core_kernel/watchdog_health_slice/FB_Watchdog_Shadow_Slice_DRAFT.st:1 - Potential compatibility/legacy semantic pattern detected.
[SEMANTIC_ZOMBIE_PATTERN] Shadow_ @ snapshots/project_clean_state_2026_04_16/workspace/system_layer_cleanup/split_scaffold/core_kernel/watchdog_health_slice/FB_Watchdog_Shadow_Slice_DRAFT.st:7 - Potential compatibility/legacy semantic pattern detected.
[SEMANTIC_ZOMBIE_PATTERN] Shadow_ @ snapshots/project_clean_state_2026_04_16/workspace/system_layer_cleanup/split_scaffold/core_kernel/watchdog_health_slice/FB_Watchdog_Shadow_Slice_DRAFT.st:14 - Potential compatibility/legacy semantic pattern detected.
[SEMANTIC_ZOMBIE_PATTERN] Shadow_ @ snapshots/project_clean_state_2026_04_16/workspace/system_layer_cleanup/split_scaffold/core_kernel/watchdog_health_slice/FB_SystemHealth_Shadow_Slice_DRAFT.st:1 - Potential compatibility/legacy semantic pattern detected.
[SEMANTIC_ZOMBIE_PATTERN] Shadow_ @ snapshots/project_clean_state_2026_04_16/workspace/system_layer_cleanup/split_scaffold/core_kernel/watchdog_health_slice/FB_SystemHealth_Shadow_Slice_DRAFT.st:7 - Potential compatibility/legacy semantic pattern detected.
[SEMANTIC_ZOMBIE_PATTERN] Shadow_ @ snapshots/project_clean_state_2026_04_16/workspace/system_layer_cleanup/split_scaffold/core_kernel/watchdog_health_slice/FB_SystemHealth_Shadow_Slice_DRAFT.st:14 - Potential compatibility/legacy semantic pattern detected.
[SEMANTIC_ZOMBIE_PATTERN] Shadow_ @ snapshots/project_clean_state_2026_04_16/workspace/system_layer_cleanup/split_scaffold/core_kernel/redundancy_slice/FB_Redundancy_Shadow_Slice_DRAFT.st:1 - Potential compatibility/legacy semantic pattern detected.
[SEMANTIC_ZOMBIE_PATTERN] Shadow_ @ snapshots/project_clean_state_2026_04_16/workspace/system_layer_cleanup/split_scaffold/core_kernel/redundancy_slice/FB_Redundancy_Shadow_Slice_DRAFT.st:7 - Potential compatibility/legacy semantic pattern detected.
[SEMANTIC_ZOMBIE_PATTERN] Shadow_ @ snapshots/project_clean_state_2026_04_16/workspace/system_layer_cleanup/split_scaffold/core_kernel/redundancy_slice/FB_Redundancy_Shadow_Slice_DRAFT.st:15 - Potential compatibility/legacy semantic pattern detected.
[SEMANTIC_ZOMBIE_PATTERN] Shadow_ @ snapshots/project_clean_state_2026_04_16/workspace/system_layer_cleanup/split_scaffold/core_kernel/state_manager_slice/FB_StateManager_Shadow_Slice_DRAFT.st:1 - Potential compatibility/legacy semantic pattern detected.
[SEMANTIC_ZOMBIE_PATTERN] Shadow_ @ snapshots/project_clean_state_2026_04_16/workspace/system_layer_cleanup/split_scaffold/core_kernel/state_manager_slice/FB_StateManager_Shadow_Slice_DRAFT.st:7 - Potential compatibility/legacy semantic pattern detected.
[SEMANTIC_ZOMBIE_PATTERN] Shadow_ @ snapshots/project_clean_state_2026_04_16/workspace/system_layer_cleanup/split_scaffold/core_kernel/state_manager_slice/FB_StateManager_Shadow_Slice_DRAFT.st:14 - Potential compatibility/legacy semantic pattern detected.
[SEMANTIC_ZOMBIE_PATTERN] Shadow_ @ snapshots/project_clean_state_2026_04_16/workspace/system_layer_cleanup/comparison/shadow_outputs/FB_CoreKernel_Shadow_Outputs_DRAFT.st:1 - Potential compatibility/legacy semantic pattern detected.
[SEMANTIC_ZOMBIE_PATTERN] Shadow_ @ snapshots/project_clean_state_2026_04_16/workspace/system_layer_cleanup/comparison/shadow_outputs/FB_CoreKernel_Shadow_Outputs_DRAFT.st:3 - Potential compatibility/legacy semantic pattern detected.
[SEMANTIC_ZOMBIE_PATTERN] Shadow_ @ snapshots/project_clean_state_2026_04_16/workspace/system_layer_cleanup/comparison/shadow_outputs/FB_CoreKernel_Shadow_Outputs_DRAFT.st:6 - Potential compatibility/legacy semantic pattern detected.
[SEMANTIC_ZOMBIE_PATTERN] Shadow_ @ snapshots/project_clean_state_2026_04_16/workspace/system_layer_cleanup/comparison/shadow_outputs/FB_CoreKernel_Shadow_Outputs_DRAFT.st:9 - Potential compatibility/legacy semantic pattern detected.
[SEMANTIC_ZOMBIE_PATTERN] Shadow_ @ snapshots/project_clean_state_2026_04_16/workspace/system_layer_cleanup/comparison/live_observer/FB_CoreKernel_Live_Observer_DRAFT.st:6 - Potential compatibility/legacy semantic pattern detected.
[SEMANTIC_ZOMBIE_PATTERN] Shadow_ @ snapshots/project_clean_state_2026_04_16/workspace/system_layer_cleanup/comparison/live_observer/FB_CoreKernel_Live_Observer_DRAFT.st:15 - Potential compatibility/legacy semantic pattern detected.
[SEMANTIC_ZOMBIE_PATTERN] Legacy_ @ snapshots/project_clean_state_2026_04_16/workspace/system_layer_cleanup/comparison/flags/FB_CoreKernel_Comparison_Flags_DRAFT.st:4 - Potential compatibility/legacy semantic pattern detected.
[SEMANTIC_ZOMBIE_PATTERN] Shadow_ @ snapshots/project_clean_state_2026_04_16/workspace/system_layer_cleanup/comparison/flags/FB_CoreKernel_Comparison_Flags_DRAFT.st:5 - Potential compatibility/legacy semantic pattern detected.
[SEMANTIC_ZOMBIE_PATTERN] Legacy_ @ snapshots/project_clean_state_2026_04_16/workspace/system_layer_cleanup/comparison/flags/FB_CoreKernel_Comparison_Flags_DRAFT.st:12 - Potential compatibility/legacy semantic pattern detected.
[SEMANTIC_ZOMBIE_PATTERN] Shadow_ @ snapshots/project_clean_state_2026_04_16/workspace/system_layer_cleanup/comparison/flags/FB_CoreKernel_Comparison_Flags_DRAFT.st:12 - Potential compatibility/legacy semantic pattern detected.
[SEMANTIC_ZOMBIE_PATTERN] Shadow_ @ snapshots/project_clean_state_2026_04_16/workspace/system_layer_cleanup/comparison/harness/FB_CoreKernel_First_Live_Binding_DRAFT.st:6 - Potential compatibility/legacy semantic pattern detected.
[SEMANTIC_ZOMBIE_PATTERN] Legacy_ @ snapshots/project_clean_state_2026_04_16/workspace/system_layer_cleanup/comparison/harness/FB_CoreKernel_First_Live_Binding_DRAFT.st:16 - Potential compatibility/legacy semantic pattern detected.
[SEMANTIC_ZOMBIE_PATTERN] Shadow_ @ snapshots/project_clean_state_2026_04_16/workspace/system_layer_cleanup/comparison/harness/FB_CoreKernel_First_Live_Binding_DRAFT.st:17 - Potential compatibility/legacy semantic pattern detected.
[SEMANTIC_ZOMBIE_PATTERN] Legacy_ @ snapshots/project_clean_state_2026_04_16/workspace/system_layer_cleanup/comparison/harness/FB_CoreKernel_Comparison_Harness_DRAFT.st:5 - Potential compatibility/legacy semantic pattern detected.
[SEMANTIC_ZOMBIE_PATTERN] Shadow_ @ snapshots/project_clean_state_2026_04_16/workspace/system_layer_cleanup/comparison/harness/FB_CoreKernel_Comparison_Harness_DRAFT.st:8 - Potential compatibility/legacy semantic pattern detected.
[SEMANTIC_ZOMBIE_PATTERN] Legacy_ @ snapshots/project_clean_state_2026_04_16/workspace/system_layer_cleanup/comparison/harness/FB_CoreKernel_Comparison_Harness_DRAFT.st:19 - Potential compatibility/legacy semantic pattern detected.
[SEMANTIC_ZOMBIE_PATTERN] Shadow_ @ snapshots/project_clean_state_2026_04_16/workspace/system_layer_cleanup/comparison/harness/FB_CoreKernel_Comparison_Harness_DRAFT.st:21 - Potential compatibility/legacy semantic pattern detected.
[SEMANTIC_ZOMBIE_PATTERN] _Alarm_Active @ snapshots/project_clean_state_2026_04_16/workspace/dut_rebuild/history_blackbox_v2/ST_BlackBox_Snapshot_V2.dut:5 - Potential compatibility/legacy semantic pattern detected.
[SEMANTIC_ZOMBIE_PATTERN] Legacy_ @ snapshots/project_clean_state_2026_04_16/workspace/dut_rebuild/integration/FB_Rule_V2_To_Legacy_Adapter_DRAFT.st:1 - Potential compatibility/legacy semantic pattern detected.
[SEMANTIC_ZOMBIE_PATTERN] Legacy_ @ snapshots/project_clean_state_2026_04_16/workspace/dut_rebuild/integration/FB_Rule_Legacy_To_V2_Adapter_DRAFT.st:1 - Potential compatibility/legacy semantic pattern detected.
[SEMANTIC_ZOMBIE_PATTERN] Compatibility_ @ snapshots/project_clean_state_2026_04_16/workspace/dut_rebuild/alarm/FB_Alarm_Compatibility_Package_DRAFT.st:1 - Potential compatibility/legacy semantic pattern detected.
[SEMANTIC_ZOMBIE_PATTERN] Legacy_ @ snapshots/project_clean_state_2026_04_16/workspace/dut_rebuild/alarm/FB_Alarm_Compatibility_Package_DRAFT.st:6 - Potential compatibility/legacy semantic pattern detected.
[SEMANTIC_ZOMBIE_PATTERN] Legacy_ @ snapshots/project_clean_state_2026_04_16/workspace/dut_rebuild/alarm/FB_Alarm_Compatibility_Package_DRAFT.st:10 - Potential compatibility/legacy semantic pattern detected.
[SEMANTIC_ZOMBIE_PATTERN] Legacy_ @ snapshots/project_clean_state_2026_04_16/workspace/dut_rebuild/alarm/FB_Alarm_Compatibility_Package_DRAFT.st:11 - Potential compatibility/legacy semantic pattern detected.
[SEMANTIC_ZOMBIE_PATTERN] Legacy_ @ snapshots/project_clean_state_2026_04_16/workspace/dut_rebuild/alarm/FB_Alarm_Compatibility_Package_DRAFT.st:16 - Potential compatibility/legacy semantic pattern detected.
[SEMANTIC_ZOMBIE_PATTERN] Legacy_ @ snapshots/project_clean_state_2026_04_16/workspace/dut_rebuild/alarm/FB_Alarm_Legacy_To_V2_Adapter_DRAFT.st:1 - Potential compatibility/legacy semantic pattern detected.
[SEMANTIC_ZOMBIE_PATTERN] Legacy_ @ snapshots/project_clean_state_2026_04_16/workspace/dut_rebuild/alarm/FB_Alarm_V2_To_Legacy_Adapter_DRAFT.st:1 - Potential compatibility/legacy semantic pattern detected.
[SEMANTIC_ZOMBIE_PATTERN] _Alarm_Active @ snapshots/project_clean_state_2026_04_16/workspace/dut_rebuild/heating_v2/staging/FB_Heating_V2_Staging_DRAFT.st:14 - Potential compatibility/legacy semantic pattern detected.
[SEMANTIC_ZOMBIE_PATTERN] Legacy_ @ snapshots/project_clean_state_2026_04_16/workspace/dut_rebuild/heating_v2/staging/FB_Heating_V2_Staging_DRAFT.st:21 - Potential compatibility/legacy semantic pattern detected.
[SEMANTIC_ZOMBIE_PATTERN] Legacy_ @ snapshots/project_clean_state_2026_04_16/workspace/dut_rebuild/heating_v2/staging/FB_Heating_V2_Staging_DRAFT.st:22 - Potential compatibility/legacy semantic pattern detected.
[SEMANTIC_ZOMBIE_PATTERN] _Alarm_Active @ snapshots/project_clean_state_2026_04_16/workspace/dut_rebuild/heating_v2/staging/FB_Heating_V2_Staging_DRAFT.st:30 - Potential compatibility/legacy semantic pattern detected.
[SEMANTIC_ZOMBIE_PATTERN] Legacy_ @ snapshots/project_clean_state_2026_04_16/workspace/dut_rebuild/heating_v2/compatibility/FB_Heating_Legacy_To_V2_State_Adapter_DRAFT.st:1 - Potential compatibility/legacy semantic pattern detected.
[SEMANTIC_ZOMBIE_PATTERN] _Alarm_Active @ snapshots/project_clean_state_2026_04_16/workspace/dut_rebuild/heating_v2/compatibility/FB_Heating_Legacy_To_V2_State_Adapter_DRAFT.st:9 - Potential compatibility/legacy semantic pattern detected.
[SEMANTIC_ZOMBIE_PATTERN] _Alarm_Active @ snapshots/project_clean_state_2026_04_16/workspace/dut_rebuild/heating_v2/compatibility/FB_Heating_Legacy_To_V2_State_Adapter_DRAFT.st:22 - Potential compatibility/legacy semantic pattern detected.
[SEMANTIC_ZOMBIE_PATTERN] Legacy_ @ snapshots/project_clean_state_2026_04_16/workspace/dut_rebuild/heating_v2/compatibility/FB_Heating_Legacy_To_V2_Command_Adapter_DRAFT.st:1 - Potential compatibility/legacy semantic pattern detected.
[SEMANTIC_ZOMBIE_PATTERN] _Alarm_Active @ snapshots/project_clean_state_2026_04_16/workspace/dut_rebuild/blinds_v2/staging/FB_Blinds_V2_Staging_DRAFT.st:13 - Potential compatibility/legacy semantic pattern detected.
[SEMANTIC_ZOMBIE_PATTERN] Legacy_ @ snapshots/project_clean_state_2026_04_16/workspace/dut_rebuild/blinds_v2/staging/FB_Blinds_V2_Staging_DRAFT.st:20 - Potential compatibility/legacy semantic pattern detected.
[SEMANTIC_ZOMBIE_PATTERN] Legacy_ @ snapshots/project_clean_state_2026_04_16/workspace/dut_rebuild/blinds_v2/staging/FB_Blinds_V2_Staging_DRAFT.st:21 - Potential compatibility/legacy semantic pattern detected.
[SEMANTIC_ZOMBIE_PATTERN] _Alarm_Active @ snapshots/project_clean_state_2026_04_16/workspace/dut_rebuild/blinds_v2/staging/FB_Blinds_V2_Staging_DRAFT.st:42 - Potential compatibility/legacy semantic pattern detected.
[SEMANTIC_ZOMBIE_PATTERN] Legacy_ @ snapshots/project_clean_state_2026_04_16/workspace/dut_rebuild/blinds_v2/compatibility/FB_Blinds_Legacy_To_V2_State_Adapter_DRAFT.st:1 - Potential compatibility/legacy semantic pattern detected.
[SEMANTIC_ZOMBIE_PATTERN] _Alarm_Active @ snapshots/project_clean_state_2026_04_16/workspace/dut_rebuild/blinds_v2/compatibility/FB_Blinds_Legacy_To_V2_State_Adapter_DRAFT.st:7 - Potential compatibility/legacy semantic pattern detected.
[SEMANTIC_ZOMBIE_PATTERN] _Alarm_Active @ snapshots/project_clean_state_2026_04_16/workspace/dut_rebuild/blinds_v2/compatibility/FB_Blinds_Legacy_To_V2_State_Adapter_DRAFT.st:18 - Potential compatibility/legacy semantic pattern detected.
[SEMANTIC_ZOMBIE_PATTERN] Legacy_ @ snapshots/project_clean_state_2026_04_16/workspace/dut_rebuild/blinds_v2/compatibility/FB_Blinds_Legacy_To_V2_Command_Adapter_DRAFT.st:1 - Potential compatibility/legacy semantic pattern detected.
[SEMANTIC_ZOMBIE_PATTERN] _Alarm_Active @ snapshots/project_clean_state_2026_04_16/workspace/dut_rebuild/history_blackbox_v2/v2_core/FB_BlackBox_V2_Core_DRAFT.st:5 - Potential compatibility/legacy semantic pattern detected.
[SEMANTIC_ZOMBIE_PATTERN] _Alarm_Active @ snapshots/project_clean_state_2026_04_16/workspace/dut_rebuild/history_blackbox_v2/v2_core/FB_BlackBox_V2_Core_DRAFT.st:19 - Potential compatibility/legacy semantic pattern detected.
[SEMANTIC_ZOMBIE_PATTERN] Legacy_ @ snapshots/project_clean_state_2026_04_16/workspace/dut_rebuild/history_blackbox_v2/compatibility/FB_BlackBox_Legacy_To_V2_Adapter_DRAFT.st:1 - Potential compatibility/legacy semantic pattern detected.
[SEMANTIC_ZOMBIE_PATTERN] _Alarm_Active @ snapshots/project_clean_state_2026_04_16/workspace/dut_rebuild/history_blackbox_v2/compatibility/FB_BlackBox_Legacy_To_V2_Adapter_DRAFT.st:12 - Potential compatibility/legacy semantic pattern detected.
[SEMANTIC_ZOMBIE_PATTERN] Legacy_ @ snapshots/project_clean_state_2026_04_16/workspace/dut_rebuild/history_blackbox_v2/compatibility/FB_History_Legacy_To_V2_Adapter_DRAFT.st:1 - Potential compatibility/legacy semantic pattern detected.
[SEMANTIC_ZOMBIE_PATTERN] Compatibility_ @ snapshots/project_clean_state_2026_04_16/workspace/dut_rebuild/integration/runtime_hook/FB_Rule_Compatibility_Package_DRAFT.st:1 - Potential compatibility/legacy semantic pattern detected.
[SEMANTIC_ZOMBIE_PATTERN] Legacy_ @ snapshots/project_clean_state_2026_04_16/workspace/dut_rebuild/integration/runtime_hook/FB_Rule_Compatibility_Package_DRAFT.st:6 - Potential compatibility/legacy semantic pattern detected.
[SEMANTIC_ZOMBIE_PATTERN] Legacy_ @ snapshots/project_clean_state_2026_04_16/workspace/dut_rebuild/integration/runtime_hook/FB_Rule_Compatibility_Package_DRAFT.st:12 - Potential compatibility/legacy semantic pattern detected.
[SEMANTIC_ZOMBIE_PATTERN] Legacy_ @ snapshots/project_clean_state_2026_04_16/workspace/dut_rebuild/integration/runtime_hook/FB_Rule_Compatibility_Package_DRAFT.st:13 - Potential compatibility/legacy semantic pattern detected.
[SEMANTIC_ZOMBIE_PATTERN] Legacy_ @ snapshots/project_clean_state_2026_04_16/workspace/dut_rebuild/integration/runtime_hook/FB_Rule_Compatibility_Package_DRAFT.st:26 - Potential compatibility/legacy semantic pattern detected.
[SEMANTIC_ZOMBIE_PATTERN] Compatibility_ @ snapshots/project_clean_state_2026_04_16/workspace/dut_rebuild/integration/runtime_hook/staging_clone/FB_Rule_Engine_STAGING_BRIDGE_DRAFT.st:30 - Potential compatibility/legacy semantic pattern detected.
[SEMANTIC_ZOMBIE_PATTERN] Legacy_ @ snapshots/project_clean_state_2026_04_16/workspace/dut_rebuild/integration/runtime_hook/staging_clone/FB_Rule_Engine_STAGING_BRIDGE_DRAFT.st:60 - Potential compatibility/legacy semantic pattern detected.
[SEMANTIC_ZOMBIE_PATTERN] Legacy_ @ snapshots/project_clean_state_2026_04_16/workspace/dut_rebuild/integration/runtime_hook/staging_clone/FB_Rule_Engine_STAGING_BRIDGE_DRAFT.st:61 - Potential compatibility/legacy semantic pattern detected.
[SEMANTIC_ZOMBIE_PATTERN] Legacy_ @ snapshots/project_clean_state_2026_04_16/workspace/dut_rebuild/integration/runtime_hook/staging_clone/FB_Rule_Engine_STAGING_BRIDGE_DRAFT.st:62 - Potential compatibility/legacy semantic pattern detected.
[SEMANTIC_ZOMBIE_PATTERN] _Alarm_Active @ snapshots/project_clean_state_2026_04_16/workspace/dut_rebuild/socket_v2/staging/FB_Socket_V2_Staging_DRAFT.st:13 - Potential compatibility/legacy semantic pattern detected.
[SEMANTIC_ZOMBIE_PATTERN] Legacy_ @ snapshots/project_clean_state_2026_04_16/workspace/dut_rebuild/socket_v2/staging/FB_Socket_V2_Staging_DRAFT.st:20 - Potential compatibility/legacy semantic pattern detected.
[SEMANTIC_ZOMBIE_PATTERN] Legacy_ @ snapshots/project_clean_state_2026_04_16/workspace/dut_rebuild/socket_v2/staging/FB_Socket_V2_Staging_DRAFT.st:21 - Potential compatibility/legacy semantic pattern detected.
[SEMANTIC_ZOMBIE_PATTERN] _Alarm_Active @ snapshots/project_clean_state_2026_04_16/workspace/dut_rebuild/socket_v2/staging/FB_Socket_V2_Staging_DRAFT.st:42 - Potential compatibility/legacy semantic pattern detected.
[SEMANTIC_ZOMBIE_PATTERN] Legacy_ @ snapshots/project_clean_state_2026_04_16/workspace/dut_rebuild/socket_v2/compatibility/FB_Socket_Legacy_To_V2_Command_Adapter_DRAFT.st:1 - Potential compatibility/legacy semantic pattern detected.
[SEMANTIC_ZOMBIE_PATTERN] Legacy_ @ snapshots/project_clean_state_2026_04_16/workspace/dut_rebuild/socket_v2/compatibility/FB_Socket_Legacy_To_V2_State_Adapter_DRAFT.st:1 - Potential compatibility/legacy semantic pattern detected.
[SEMANTIC_ZOMBIE_PATTERN] _Alarm_Active @ snapshots/project_clean_state_2026_04_16/workspace/dut_rebuild/socket_v2/compatibility/FB_Socket_Legacy_To_V2_State_Adapter_DRAFT.st:7 - Potential compatibility/legacy semantic pattern detected.
[SEMANTIC_ZOMBIE_PATTERN] _Alarm_Active @ snapshots/project_clean_state_2026_04_16/workspace/dut_rebuild/socket_v2/compatibility/FB_Socket_Legacy_To_V2_State_Adapter_DRAFT.st:18 - Potential compatibility/legacy semantic pattern detected.
[SEMANTIC_ZOMBIE_PATTERN] _Alarm_Active @ snapshots/project_clean_state_2026_04_16/workspace/dut_rebuild/lighting_v2/staging/FB_Lighting_V2_Staging_DRAFT.st:14 - Potential compatibility/legacy semantic pattern detected.
[SEMANTIC_ZOMBIE_PATTERN] Legacy_ @ snapshots/project_clean_state_2026_04_16/workspace/dut_rebuild/lighting_v2/staging/FB_Lighting_V2_Staging_DRAFT.st:21 - Potential compatibility/legacy semantic pattern detected.
[SEMANTIC_ZOMBIE_PATTERN] Legacy_ @ snapshots/project_clean_state_2026_04_16/workspace/dut_rebuild/lighting_v2/staging/FB_Lighting_V2_Staging_DRAFT.st:22 - Potential compatibility/legacy semantic pattern detected.
[SEMANTIC_ZOMBIE_PATTERN] _Alarm_Active @ snapshots/project_clean_state_2026_04_16/workspace/dut_rebuild/lighting_v2/staging/FB_Lighting_V2_Staging_DRAFT.st:44 - Potential compatibility/legacy semantic pattern detected.
[SEMANTIC_ZOMBIE_PATTERN] Legacy_ @ snapshots/project_clean_state_2026_04_16/workspace/dut_rebuild/lighting_v2/compatibility/FB_Lighting_Legacy_To_V2_Command_Adapter_DRAFT.st:1 - Potential compatibility/legacy semantic pattern detected.
[SEMANTIC_ZOMBIE_PATTERN] Legacy_ @ snapshots/project_clean_state_2026_04_16/workspace/dut_rebuild/lighting_v2/compatibility/FB_Lighting_Legacy_To_V2_State_Adapter_DRAFT.st:1 - Potential compatibility/legacy semantic pattern detected.
[SEMANTIC_ZOMBIE_PATTERN] _Alarm_Active @ snapshots/project_clean_state_2026_04_16/workspace/dut_rebuild/lighting_v2/compatibility/FB_Lighting_Legacy_To_V2_State_Adapter_DRAFT.st:8 - Potential compatibility/legacy semantic pattern detected.
[SEMANTIC_ZOMBIE_PATTERN] _Alarm_Active @ snapshots/project_clean_state_2026_04_16/workspace/dut_rebuild/lighting_v2/compatibility/FB_Lighting_Legacy_To_V2_State_Adapter_DRAFT.st:20 - Potential compatibility/legacy semantic pattern detected.
[SEMANTIC_ZOMBIE_PATTERN] _Alarm_Active @ snapshots/project_clean_state_2026_04_16/workspace/dut_rebuild/ventilation_v2/staging/FB_Ventilation_V2_Staging_DRAFT.st:14 - Potential compatibility/legacy semantic pattern detected.
[SEMANTIC_ZOMBIE_PATTERN] Legacy_ @ snapshots/project_clean_state_2026_04_16/workspace/dut_rebuild/ventilation_v2/staging/FB_Ventilation_V2_Staging_DRAFT.st:21 - Potential compatibility/legacy semantic pattern detected.
[SEMANTIC_ZOMBIE_PATTERN] Legacy_ @ snapshots/project_clean_state_2026_04_16/workspace/dut_rebuild/ventilation_v2/staging/FB_Ventilation_V2_Staging_DRAFT.st:22 - Potential compatibility/legacy semantic pattern detected.
[SEMANTIC_ZOMBIE_PATTERN] _Alarm_Active @ snapshots/project_clean_state_2026_04_16/workspace/dut_rebuild/ventilation_v2/staging/FB_Ventilation_V2_Staging_DRAFT.st:47 - Potential compatibility/legacy semantic pattern detected.
[SEMANTIC_ZOMBIE_PATTERN] Legacy_ @ snapshots/project_clean_state_2026_04_16/workspace/dut_rebuild/ventilation_v2/compatibility/FB_Ventilation_Legacy_To_V2_Command_Adapter_DRAFT.st:1 - Potential compatibility/legacy semantic pattern detected.
[SEMANTIC_ZOMBIE_PATTERN] Legacy_ @ snapshots/project_clean_state_2026_04_16/workspace/dut_rebuild/ventilation_v2/compatibility/FB_Ventilation_Legacy_To_V2_State_Adapter_DRAFT.st:1 - Potential compatibility/legacy semantic pattern detected.
[SEMANTIC_ZOMBIE_PATTERN] _Alarm_Active @ snapshots/project_clean_state_2026_04_16/workspace/dut_rebuild/ventilation_v2/compatibility/FB_Ventilation_Legacy_To_V2_State_Adapter_DRAFT.st:9 - Potential compatibility/legacy semantic pattern detected.
[SEMANTIC_ZOMBIE_PATTERN] _Alarm_Active @ snapshots/project_clean_state_2026_04_16/workspace/dut_rebuild/ventilation_v2/compatibility/FB_Ventilation_Legacy_To_V2_State_Adapter_DRAFT.st:22 - Potential compatibility/legacy semantic pattern detected.
[SEMANTIC_ZOMBIE_PATTERN] _Alarm_Active @ snapshots/project_clean_state_2026_04_16/workspace/dut_rebuild/dhw_v2/staging/FB_DHW_V2_Staging_DRAFT.st:14 - Potential compatibility/legacy semantic pattern detected.
[SEMANTIC_ZOMBIE_PATTERN] Legacy_ @ snapshots/project_clean_state_2026_04_16/workspace/dut_rebuild/dhw_v2/staging/FB_DHW_V2_Staging_DRAFT.st:21 - Potential compatibility/legacy semantic pattern detected.
[SEMANTIC_ZOMBIE_PATTERN] Legacy_ @ snapshots/project_clean_state_2026_04_16/workspace/dut_rebuild/dhw_v2/staging/FB_DHW_V2_Staging_DRAFT.st:22 - Potential compatibility/legacy semantic pattern detected.
[SEMANTIC_ZOMBIE_PATTERN] _Alarm_Active @ snapshots/project_clean_state_2026_04_16/workspace/dut_rebuild/dhw_v2/staging/FB_DHW_V2_Staging_DRAFT.st:44 - Potential compatibility/legacy semantic pattern detected.
[SEMANTIC_ZOMBIE_PATTERN] Legacy_ @ snapshots/project_clean_state_2026_04_16/workspace/dut_rebuild/dhw_v2/compatibility/FB_DHW_Legacy_To_V2_Command_Adapter_DRAFT.st:1 - Potential compatibility/legacy semantic pattern detected.
[SEMANTIC_ZOMBIE_PATTERN] Legacy_ @ snapshots/project_clean_state_2026_04_16/workspace/dut_rebuild/dhw_v2/compatibility/FB_DHW_Legacy_To_V2_State_Adapter_DRAFT.st:1 - Potential compatibility/legacy semantic pattern detected.
[SEMANTIC_ZOMBIE_PATTERN] _Alarm_Active @ snapshots/project_clean_state_2026_04_16/workspace/dut_rebuild/dhw_v2/compatibility/FB_DHW_Legacy_To_V2_State_Adapter_DRAFT.st:9 - Potential compatibility/legacy semantic pattern detected.
[SEMANTIC_ZOMBIE_PATTERN] _Alarm_Active @ snapshots/project_clean_state_2026_04_16/workspace/dut_rebuild/dhw_v2/compatibility/FB_DHW_Legacy_To_V2_State_Adapter_DRAFT.st:22 - Potential compatibility/legacy semantic pattern detected.
