]633;E;echo "=== STEP 134: REMOVE ZERO-REF V2 DUT LEFTOVERS ===";c91143c6-a704-4775-b84b-ecf25abd49a0]633;C=== STEP 134: REMOVE ZERO-REF V2 DUT LEFTOVERS ===
timestamp_utc=2026-04-17T11:24:48Z

=== EXISTENCE CHECK (BEFORE) ===
FOUND: ST_BlackBox_Snapshot_V2.dut
FOUND: ST_Blinds_Command_V2.dut
FOUND: ST_Blinds_State_V2.dut
FOUND: ST_DHW_Command_V2.dut
FOUND: ST_DHW_State_V2.dut
FOUND: ST_Heating_Command_V2.dut
FOUND: ST_Heating_State_V2.dut
FOUND: ST_History_Event_V2.dut
FOUND: ST_Lighting_Command_V2.dut
FOUND: ST_Lighting_State_V2.dut
FOUND: ST_Socket_Command_V2.dut
FOUND: ST_Socket_State_V2.dut
FOUND: ST_Ventilation_Command_V2.dut
FOUND: ST_Ventilation_State_V2.dut

=== REMOVE FILES ===
rm 'ST_BlackBox_Snapshot_V2.dut'
rm 'ST_Blinds_Command_V2.dut'
rm 'ST_Blinds_State_V2.dut'
rm 'ST_DHW_Command_V2.dut'
rm 'ST_DHW_State_V2.dut'
rm 'ST_Heating_Command_V2.dut'
rm 'ST_Heating_State_V2.dut'
rm 'ST_History_Event_V2.dut'
rm 'ST_Lighting_Command_V2.dut'
rm 'ST_Lighting_State_V2.dut'
rm 'ST_Socket_Command_V2.dut'
rm 'ST_Socket_State_V2.dut'
rm 'ST_Ventilation_Command_V2.dut'
rm 'ST_Ventilation_State_V2.dut'

=== EXISTENCE CHECK (AFTER) ===
REMOVED: ST_BlackBox_Snapshot_V2.dut
REMOVED: ST_Blinds_Command_V2.dut
REMOVED: ST_Blinds_State_V2.dut
REMOVED: ST_DHW_Command_V2.dut
REMOVED: ST_DHW_State_V2.dut
REMOVED: ST_Heating_Command_V2.dut
REMOVED: ST_Heating_State_V2.dut
REMOVED: ST_History_Event_V2.dut
REMOVED: ST_Lighting_Command_V2.dut
REMOVED: ST_Lighting_State_V2.dut
REMOVED: ST_Socket_Command_V2.dut
REMOVED: ST_Socket_State_V2.dut
REMOVED: ST_Ventilation_Command_V2.dut
REMOVED: ST_Ventilation_State_V2.dut

=== SEARCH FOR RESIDUAL REFERENCES ===
--- ST_BlackBox_Snapshot_V2 ---
./steps/MASTER_PIPELINE/005_RESULT.xml:2339:          <derived name="ST_BlackBox_Snapshot_V2" />
./steps/MASTER_PIPELINE/004_RESULT.xml:5401:                <derived name="ST_BlackBox_Snapshot_V2" />
./steps/MASTER_PIPELINE/003_GVL_BASELINE_INPUT.xml:3716:          <derived name="ST_BlackBox_Snapshot_V2" />
./steps/MASTER_PIPELINE/out/004_RESULT.xml:5401:                <derived name="ST_BlackBox_Snapshot_V2" />
./steps/MASTER_PIPELINE/out/003_RESULT.xml:6778:                <derived name="ST_BlackBox_Snapshot_V2" />
./steps/MASTER_PIPELINE/002_BASE.xml:3708:                <derived name="ST_BlackBox_Snapshot_V2" />
./steps/MASTER_PIPELINE/002_BASE.xml:4599:                <derived name="ST_BlackBox_Snapshot_V2" />
./steps/MASTER_PIPELINE/003_RESULT.xml:6778:                <derived name="ST_BlackBox_Snapshot_V2" />
./steps/MASTER_PIPELINE/001_BASE.xml:3674:                <derived name="ST_BlackBox_Snapshot_V2" />
./steps/2026-04-17_repair_alarm_manager_structure_after_bad_cleanup/01_repair_alarm_manager_structure_after_bad_cleanup.py:92:    "    L_BlackBox_V2_Snapshot_Shadow : ST_BlackBox_Snapshot_V2;\n",
./steps/2026-04-17_audit_zero_ref_v2_dut_leftovers/01_audit_zero_ref_v2_dut_leftovers.py:6:    "ST_BlackBox_Snapshot_V2.dut",
./diagnostics/2026_04_16/step_10_git_commit_failure_debug.log:177:./ST_BlackBox_Snapshot_V2.dut
./diagnostics/2026_04_16/step_08_flatten_unpacked_root.log:157:./ST_BlackBox_Snapshot_V2.dut
./diagnostics/2026_04_16/step_13_full_project_snapshot.log:155:snapshots/project_clean_state_2026_04_16/ST_BlackBox_Snapshot_V2.dut
./diagnostics/2026_04_16/step_11_project_structure.log:154:./ST_BlackBox_Snapshot_V2.dut
./diagnostics/2026_04_16/step_11_project_structure.log:397:./ST_BlackBox_Snapshot_V2.dut
./компилятор/logs/004_import_dut_v11.log:39:ST_BlackBox_Snapshot_V2.dut: STRUCT ST_BlackBox_Snapshot_V2 fields=5
./компилятор/logs/004_import_dut_v11.log:106:STRUCT ST_BlackBox_Snapshot_V2: total=5 with_initializer=0 without_initializer=5 array_initializer=0 unsupported_initializer=0
./компилятор/out/RESULT_methods_clean.xml:775:      <dataType name="ST_BlackBox_Snapshot_V2">
./компилятор/out/RESULT_methods_clean.xml:5701:                <derived name="ST_BlackBox_Snapshot_V2" />
./компилятор/out/RESULT_methods_clean.xml:12080:                <derived name="ST_BlackBox_Snapshot_V2" />
./компилятор/out/RESULT_methods_clean.xml:20121:            <Object Name="ST_BlackBox_Snapshot_V2" ObjectId="e6ddf0b9-f571-4e79-80e1-cef90ac80124" />
./repo_logs/diagnostics/2026_04_16/constants_dut_usage.log:154:./ST_BlackBox_Snapshot_V2.dut
./repo_logs/diagnostics/2026_04_16/constants_dut_usage.log:318:./workspace/dut_rebuild/history_blackbox/ST_BlackBox_Snapshot_V2.dut
./repo_logs/diagnostics/2026_04_16/constants_dut_usage.log:321:./workspace/dut_rebuild/history_blackbox_v2/ST_BlackBox_Snapshot_V2.dut
./repo_logs/nvram/2026_04_16/step_17_startup_entry.log:1283:./ST_BlackBox_Snapshot_V2.dut:5:    First_Fault_Type : BYTE;
./repo_logs/nvram/2026_04_16/step_17_startup_entry.log:1284:./ST_BlackBox_Snapshot_V2.dut:6:    First_Fault_Source : BYTE;
./repo_logs/nvram/2026_04_16/step_17_startup_entry.log:2225:./workspace/dut_rebuild/history_blackbox/ST_BlackBox_Snapshot_V2.dut:7:    first_fault_type : BYTE;
./repo_logs/nvram/2026_04_16/step_17_startup_entry.log:2226:./workspace/dut_rebuild/history_blackbox/ST_BlackBox_Snapshot_V2.dut:8:    first_fault_source : BYTE;
./repo_logs/nvram/2026_04_16/step_17_startup_entry.log:2232:./workspace/dut_rebuild/history_blackbox_v2/ST_BlackBox_Snapshot_V2.dut:7:    First_Fault_Type : BYTE;
./repo_logs/nvram/2026_04_16/step_17_startup_entry.log:2233:./workspace/dut_rebuild/history_blackbox_v2/ST_BlackBox_Snapshot_V2.dut:8:    First_Fault_Source : BYTE;
./repo_logs/assistant_bridge/2026_04_17/step_92_audit_root_compatibility_core_tails/audit_root_compatibility_core_tails.log:13:ST_BlackBox_Snapshot_V2.dut
./repo_logs/assistant_bridge/2026_04_17/step_92_audit_root_compatibility_core_tails/audit_root_compatibility_core_tails.log:42:--- ST_BlackBox_Snapshot_V2 ---
./repo_logs/assistant_bridge/2026_04_17/step_92_audit_root_compatibility_core_tails/audit_root_compatibility_core_tails.log:43:./FB_Alarm_Manager.st:73:    L_BlackBox_V2_Snapshot_Shadow : ST_BlackBox_Snapshot_V2;
./repo_logs/assistant_bridge/2026_04_17/step_92_audit_root_compatibility_core_tails/audit_root_compatibility_core_tails.log:44:./FB_BlackBox_V2_Core.st:14:    VO_Snapshot : ST_BlackBox_Snapshot_V2;
./repo_logs/assistant_bridge/2026_04_17/step_92_audit_root_compatibility_core_tails/audit_root_compatibility_core_tails.log:45:./ST_BlackBox_Snapshot_V2.dut:1:TYPE ST_BlackBox_Snapshot_V2 : STRUCT
./repo_logs/assistant_bridge/2026_04_17/step_92_audit_root_compatibility_core_tails/audit_root_compatibility_core_tails.log:133:    L_BlackBox_V2_Snapshot_Shadow : ST_BlackBox_Snapshot_V2;
./repo_logs/assistant_bridge/2026_04_17/step_92_audit_root_compatibility_core_tails/audit_root_compatibility_core_tails.log:428:    VO_Snapshot : ST_BlackBox_Snapshot_V2;
./repo_logs/assistant_bridge/2026_04_17/step_92_audit_root_compatibility_core_tails/audit_root_compatibility_core_tails.log:444:TYPE ST_BlackBox_Snapshot_V2 : STRUCT
./repo_logs/assistant_bridge/2026_04_17/step_104_remove_unused_alarm_v2_core_var/remove_unused_alarm_v2_core_var.log:27:     L_BlackBox_V2_Snapshot_Shadow : ST_BlackBox_Snapshot_V2;
./repo_logs/assistant_bridge/2026_04_17/step_101_remove_unused_blackbox_v2_core_var/remove_unused_blackbox_v2_core_var.log:26:     L_BlackBox_V2_Snapshot_Shadow : ST_BlackBox_Snapshot_V2;
./repo_logs/assistant_bridge/2026_04_17/step_133_audit_zero_ref_v2_dut_leftovers/audit_zero_ref_v2_dut_leftovers.log:4:--- ST_BlackBox_Snapshot_V2.dut ---
./repo_logs/assistant_bridge/2026_04_17/step_133_audit_zero_ref_v2_dut_leftovers/audit_zero_ref_v2_dut_leftovers.log:103:ST_BlackBox_Snapshot_V2.dut
./repo_logs/assistant_bridge/2026_04_17/step_112_remove_alarm_manager_v2_scaffold/remove_alarm_manager_v2_scaffold.log:101:-    L_BlackBox_V2_Snapshot_Shadow : ST_BlackBox_Snapshot_V2;
./repo_logs/assistant_bridge/2026_04_17/step_99_remove_unused_history_v2_core_var/remove_unused_history_v2_core_var.log:27:     L_BlackBox_V2_Snapshot_Shadow : ST_BlackBox_Snapshot_V2;
./repo_logs/assistant_bridge/2026_04_17/step_97_micro_audit_alarm_manager_v2_core_tails/micro_audit_alarm_manager_v2_core_tails.log:10:72:    L_BlackBox_V2_Snapshot_Shadow : ST_BlackBox_Snapshot_V2;
./repo_logs/assistant_bridge/2026_04_17/step_97_micro_audit_alarm_manager_v2_core_tails/micro_audit_alarm_manager_v2_core_tails.log:148:    L_BlackBox_V2_Snapshot_Shadow : ST_BlackBox_Snapshot_V2;
./repo_logs/assistant_bridge/2026_04_17/step_97_micro_audit_alarm_manager_v2_core_tails/micro_audit_alarm_manager_v2_core_tails.log:429:    VO_Snapshot : ST_BlackBox_Snapshot_V2;
./repo_logs/assistant_bridge/2026_04_17/step_97_micro_audit_alarm_manager_v2_core_tails/micro_audit_alarm_manager_v2_core_tails.log:445:TYPE ST_BlackBox_Snapshot_V2 : STRUCT
./repo_logs/assistant_bridge/2026_04_17/step_97_micro_audit_alarm_manager_v2_core_tails/micro_audit_alarm_manager_v2_core_tails.log:471:--- ST_BlackBox_Snapshot_V2 ---
./repo_logs/assistant_bridge/2026_04_17/step_97_micro_audit_alarm_manager_v2_core_tails/micro_audit_alarm_manager_v2_core_tails.log:472:./FB_Alarm_Manager.st:72:    L_BlackBox_V2_Snapshot_Shadow : ST_BlackBox_Snapshot_V2;
./repo_logs/assistant_bridge/2026_04_17/step_97_micro_audit_alarm_manager_v2_core_tails/micro_audit_alarm_manager_v2_core_tails.log:473:./FB_BlackBox_V2_Core.st:14:    VO_Snapshot : ST_BlackBox_Snapshot_V2;
./repo_logs/assistant_bridge/2026_04_17/step_97_micro_audit_alarm_manager_v2_core_tails/micro_audit_alarm_manager_v2_core_tails.log:474:./ST_BlackBox_Snapshot_V2.dut:1:TYPE ST_BlackBox_Snapshot_V2 : STRUCT
./repo_logs/assistant_bridge/2026_04_17/step_131_control_final_root_audit_and_unused_inventory/control_final_root_audit_and_unused_inventory.log:195:ST_BlackBox_Snapshot_V2.dut
./repo_logs/assistant_bridge/2026_04_17/step_131_control_final_root_audit_and_unused_inventory/control_final_root_audit_and_unused_inventory.log:1030:ST_BlackBox_Snapshot_V2.dut | type=.dut | symbol=ST_BlackBox_Snapshot_V2 | external_refs=11
./repo_logs/assistant_bridge/2026_04_17/step_131_control_final_root_audit_and_unused_inventory/control_final_root_audit_and_unused_inventory.log:1033:  snapshots/project_clean_state_2026_04_16/ST_BlackBox_Snapshot_V2.dut
./repo_logs/assistant_bridge/2026_04_17/step_131_control_final_root_audit_and_unused_inventory/control_final_root_audit_and_unused_inventory.log:1034:  snapshots/project_clean_state_2026_04_16/workspace/dut_rebuild/history_blackbox/ST_BlackBox_Snapshot_V2.dut
./repo_logs/assistant_bridge/2026_04_17/step_131_control_final_root_audit_and_unused_inventory/control_final_root_audit_and_unused_inventory.log:1035:  snapshots/project_clean_state_2026_04_16/workspace/dut_rebuild/history_blackbox_v2/ST_BlackBox_Snapshot_V2.dut
./repo_logs/assistant_bridge/2026_04_17/step_131_control_final_root_audit_and_unused_inventory/control_final_root_audit_and_unused_inventory.log:1038:  workspace/dut_rebuild/history_blackbox/ST_BlackBox_Snapshot_V2.dut
./repo_logs/assistant_bridge/2026_04_17/step_131_control_final_root_audit_and_unused_inventory/control_final_root_audit_and_unused_inventory.log:1039:  workspace/dut_rebuild/history_blackbox_v2/ST_BlackBox_Snapshot_V2.dut
./repo_logs/assistant_bridge/2026_04_17/step_132_root_unused_inventory_v2_live_only/root_unused_inventory_v2_live_only.log:149:ST_BlackBox_Snapshot_V2.dut
./repo_logs/assistant_bridge/2026_04_17/step_132_root_unused_inventory_v2_live_only/root_unused_inventory_v2_live_only.log:610:ST_BlackBox_Snapshot_V2.dut | type=.dut | symbol=ST_BlackBox_Snapshot_V2 | external_refs=0
./repo_logs/assistant_bridge/2026_04_17/step_132_root_unused_inventory_v2_live_only/root_unused_inventory_v2_live_only.log:792:ST_BlackBox_Snapshot_V2.dut | type=.dut | symbol=ST_BlackBox_Snapshot_V2
./repo_logs/assistant_bridge/2026_04_17/step_110_audit_internal_shadow_scaffold_tails/audit_internal_shadow_scaffold_tails.log:24:69:    L_BlackBox_V2_Snapshot_Shadow : ST_BlackBox_Snapshot_V2;
./repo_logs/assistant_bridge/2026_04_17/step_110_audit_internal_shadow_scaffold_tails/audit_internal_shadow_scaffold_tails.log:197:    L_BlackBox_V2_Snapshot_Shadow : ST_BlackBox_Snapshot_V2;
./repo_logs/assistant_bridge/2026_04_17/step_110_audit_internal_shadow_scaffold_tails/audit_internal_shadow_scaffold_tails.log:1440:FB_Alarm_Manager.st:69:    L_BlackBox_V2_Snapshot_Shadow : ST_BlackBox_Snapshot_V2;
grep: ./repo_logs/assistant_bridge/2026_04_17/step_134_remove_zero_ref_v2_dut_leftovers/remove_zero_ref_v2_dut_leftovers.log: input file is also the output
./repo_logs/assistant_bridge/2026_04_17/step_111_micro_audit_alarm_manager_internal_scaffold_cleanup/micro_audit_alarm_manager_internal_scaffold_cleanup.log:11:69:    L_BlackBox_V2_Snapshot_Shadow : ST_BlackBox_Snapshot_V2;
./repo_logs/assistant_bridge/2026_04_16/step_64_classify_root_transition_layers_fixed/classify_root_transition_layers_fixed.log:31:ST_BlackBox_Snapshot_V2.dut
./repo_logs/assistant_bridge/2026_04_16/step_01_repo_baseline/baseline.log:173:./ST_BlackBox_Snapshot_V2.dut
./repo_logs/assistant_bridge/2026_04_16/step_01_repo_baseline/baseline.log:445:snapshots/project_clean_state_2026_04_16/ST_BlackBox_Snapshot_V2.dut
./repo_logs/assistant_bridge/2026_04_16/step_36_gateway_interface_audit/gateway_interface_audit.log:1631:./steps/MASTER_PIPELINE/005_RESULT.xml:2339:          <derived name="ST_BlackBox_Snapshot_V2" />
./repo_logs/assistant_bridge/2026_04_16/step_36_gateway_interface_audit/gateway_interface_audit.log:1931:./steps/MASTER_PIPELINE/004_RESULT.xml:5401:                <derived name="ST_BlackBox_Snapshot_V2" />
./repo_logs/assistant_bridge/2026_04_16/step_36_gateway_interface_audit/gateway_interface_audit.log:2041:./steps/MASTER_PIPELINE/003_GVL_BASELINE_INPUT.xml:3716:          <derived name="ST_BlackBox_Snapshot_V2" />
./repo_logs/assistant_bridge/2026_04_16/step_36_gateway_interface_audit/gateway_interface_audit.log:2238:./steps/MASTER_PIPELINE/out/004_RESULT.xml:5401:                <derived name="ST_BlackBox_Snapshot_V2" />
./repo_logs/assistant_bridge/2026_04_16/step_36_gateway_interface_audit/gateway_interface_audit.log:2402:./steps/MASTER_PIPELINE/out/003_RESULT.xml:6778:                <derived name="ST_BlackBox_Snapshot_V2" />
./repo_logs/assistant_bridge/2026_04_16/step_36_gateway_interface_audit/gateway_interface_audit.log:2512:./steps/MASTER_PIPELINE/002_BASE.xml:3708:                <derived name="ST_BlackBox_Snapshot_V2" />
./repo_logs/assistant_bridge/2026_04_16/step_36_gateway_interface_audit/gateway_interface_audit.log:2567:./steps/MASTER_PIPELINE/002_BASE.xml:4599:                <derived name="ST_BlackBox_Snapshot_V2" />
./repo_logs/assistant_bridge/2026_04_16/step_36_gateway_interface_audit/gateway_interface_audit.log:2767:./steps/MASTER_PIPELINE/003_RESULT.xml:6778:                <derived name="ST_BlackBox_Snapshot_V2" />
./repo_logs/assistant_bridge/2026_04_16/step_36_gateway_interface_audit/gateway_interface_audit.log:3090:./steps/MASTER_PIPELINE/001_BASE.xml:3674:                <derived name="ST_BlackBox_Snapshot_V2" />
./repo_logs/assistant_bridge/2026_04_16/step_36_gateway_interface_audit/gateway_interface_audit.log:3253:./FB_BlackBox_V2_Core.st:14:    VO_Snapshot : ST_BlackBox_Snapshot_V2;
./repo_logs/assistant_bridge/2026_04_16/step_36_gateway_interface_audit/gateway_interface_audit.log:3317:./diagnostics/2026_04_16/step_10_git_commit_failure_debug.log:177:./ST_BlackBox_Snapshot_V2.dut
./repo_logs/assistant_bridge/2026_04_16/step_36_gateway_interface_audit/gateway_interface_audit.log:3326:./diagnostics/2026_04_16/step_08_flatten_unpacked_root.log:157:./ST_BlackBox_Snapshot_V2.dut
./repo_logs/assistant_bridge/2026_04_16/step_36_gateway_interface_audit/gateway_interface_audit.log:3334:./diagnostics/2026_04_16/step_13_full_project_snapshot.log:155:snapshots/project_clean_state_2026_04_16/ST_BlackBox_Snapshot_V2.dut
./repo_logs/assistant_bridge/2026_04_16/step_36_gateway_interface_audit/gateway_interface_audit.log:3342:./diagnostics/2026_04_16/step_11_project_structure.log:154:./ST_BlackBox_Snapshot_V2.dut
./repo_logs/assistant_bridge/2026_04_16/step_36_gateway_interface_audit/gateway_interface_audit.log:3351:./diagnostics/2026_04_16/step_11_project_structure.log:397:./ST_BlackBox_Snapshot_V2.dut
./repo_logs/assistant_bridge/2026_04_16/step_36_gateway_interface_audit/gateway_interface_audit.log:3440:./компилятор/logs/004_import_dut_v11.log:39:ST_BlackBox_Snapshot_V2.dut: STRUCT ST_BlackBox_Snapshot_V2 fields=5
./repo_logs/assistant_bridge/2026_04_16/step_36_gateway_interface_audit/gateway_interface_audit.log:3442:./компилятор/logs/004_import_dut_v11.log:106:STRUCT ST_BlackBox_Snapshot_V2: total=5 with_initializer=0 without_initializer=5 array_initializer=0 unsupported_initializer=0
./repo_logs/assistant_bridge/2026_04_16/step_36_gateway_interface_audit/gateway_interface_audit.log:3446:./компилятор/out/RESULT_methods_clean.xml:775:      <dataType name="ST_BlackBox_Snapshot_V2">
./repo_logs/assistant_bridge/2026_04_16/step_36_gateway_interface_audit/gateway_interface_audit.log:3475:./компилятор/out/RESULT_methods_clean.xml:5701:                <derived name="ST_BlackBox_Snapshot_V2" />
./repo_logs/assistant_bridge/2026_04_16/step_36_gateway_interface_audit/gateway_interface_audit.log:3532:./компилятор/out/RESULT_methods_clean.xml:12080:                <derived name="ST_BlackBox_Snapshot_V2" />
./repo_logs/assistant_bridge/2026_04_16/step_36_gateway_interface_audit/gateway_interface_audit.log:3658:./компилятор/out/RESULT_methods_clean.xml:20121:            <Object Name="ST_BlackBox_Snapshot_V2" ObjectId="e6ddf0b9-f571-4e79-80e1-cef90ac80124" />
./repo_logs/assistant_bridge/2026_04_16/step_36_gateway_interface_audit/gateway_interface_audit.log:3672:./repo_logs/diagnostics/2026_04_16/constants_dut_usage.log:154:./ST_BlackBox_Snapshot_V2.dut
./repo_logs/assistant_bridge/2026_04_16/step_36_gateway_interface_audit/gateway_interface_audit.log:3675:./repo_logs/diagnostics/2026_04_16/constants_dut_usage.log:318:./workspace/dut_rebuild/history_blackbox/ST_BlackBox_Snapshot_V2.dut
./repo_logs/assistant_bridge/2026_04_16/step_36_gateway_interface_audit/gateway_interface_audit.log:3678:./repo_logs/diagnostics/2026_04_16/constants_dut_usage.log:321:./workspace/dut_rebuild/history_blackbox_v2/ST_BlackBox_Snapshot_V2.dut
./repo_logs/assistant_bridge/2026_04_16/step_36_gateway_interface_audit/gateway_interface_audit.log:3774:./repo_logs/nvram/2026_04_16/step_17_startup_entry.log:1283:./ST_BlackBox_Snapshot_V2.dut:5:    First_Fault_Type : BYTE;
./repo_logs/assistant_bridge/2026_04_16/step_36_gateway_interface_audit/gateway_interface_audit.log:3775:./repo_logs/nvram/2026_04_16/step_17_startup_entry.log:1284:./ST_BlackBox_Snapshot_V2.dut:6:    First_Fault_Source : BYTE;
./repo_logs/assistant_bridge/2026_04_16/step_36_gateway_interface_audit/gateway_interface_audit.log:3795:./repo_logs/nvram/2026_04_16/step_17_startup_entry.log:2225:./workspace/dut_rebuild/history_blackbox/ST_BlackBox_Snapshot_V2.dut:7:    first_fault_type : BYTE;
./repo_logs/assistant_bridge/2026_04_16/step_36_gateway_interface_audit/gateway_interface_audit.log:3796:./repo_logs/nvram/2026_04_16/step_17_startup_entry.log:2226:./workspace/dut_rebuild/history_blackbox/ST_BlackBox_Snapshot_V2.dut:8:    first_fault_source : BYTE;
./repo_logs/assistant_bridge/2026_04_16/step_36_gateway_interface_audit/gateway_interface_audit.log:3801:./repo_logs/nvram/2026_04_16/step_17_startup_entry.log:2232:./workspace/dut_rebuild/history_blackbox_v2/ST_BlackBox_Snapshot_V2.dut:7:    First_Fault_Type : BYTE;
./repo_logs/assistant_bridge/2026_04_16/step_36_gateway_interface_audit/gateway_interface_audit.log:3802:./repo_logs/nvram/2026_04_16/step_17_startup_entry.log:2233:./workspace/dut_rebuild/history_blackbox_v2/ST_BlackBox_Snapshot_V2.dut:8:    First_Fault_Source : BYTE;
./repo_logs/assistant_bridge/2026_04_16/step_36_gateway_interface_audit/gateway_interface_audit.log:4039:./repo_logs/assistant_bridge/2026_04_16/step_01_repo_baseline/baseline.log:173:./ST_BlackBox_Snapshot_V2.dut
./repo_logs/assistant_bridge/2026_04_16/step_36_gateway_interface_audit/gateway_interface_audit.log:4049:./repo_logs/assistant_bridge/2026_04_16/step_01_repo_baseline/baseline.log:445:snapshots/project_clean_state_2026_04_16/ST_BlackBox_Snapshot_V2.dut
./repo_logs/assistant_bridge/2026_04_16/step_36_gateway_interface_audit/gateway_interface_audit.log:4110:./ST_BlackBox_Snapshot_V2.dut:1:TYPE ST_BlackBox_Snapshot_V2 : STRUCT
./repo_logs/assistant_bridge/2026_04_16/step_36_gateway_interface_audit/gateway_interface_audit.log:4173:./snapshots/project_clean_state_2026_04_16/steps/MASTER_PIPELINE/005_RESULT.xml:2339:          <derived name="ST_BlackBox_Snapshot_V2" />
./repo_logs/assistant_bridge/2026_04_16/step_36_gateway_interface_audit/gateway_interface_audit.log:4473:./snapshots/project_clean_state_2026_04_16/steps/MASTER_PIPELINE/004_RESULT.xml:5401:                <derived name="ST_BlackBox_Snapshot_V2" />
./repo_logs/assistant_bridge/2026_04_16/step_36_gateway_interface_audit/gateway_interface_audit.log:4582:./snapshots/project_clean_state_2026_04_16/steps/MASTER_PIPELINE/003_GVL_BASELINE_INPUT.xml:3716:          <derived name="ST_BlackBox_Snapshot_V2" />
./repo_logs/assistant_bridge/2026_04_16/step_36_gateway_interface_audit/gateway_interface_audit.log:4779:./snapshots/project_clean_state_2026_04_16/steps/MASTER_PIPELINE/out/004_RESULT.xml:5401:                <derived name="ST_BlackBox_Snapshot_V2" />
./repo_logs/assistant_bridge/2026_04_16/step_36_gateway_interface_audit/gateway_interface_audit.log:4943:./snapshots/project_clean_state_2026_04_16/steps/MASTER_PIPELINE/out/003_RESULT.xml:6778:                <derived name="ST_BlackBox_Snapshot_V2" />
./repo_logs/assistant_bridge/2026_04_16/step_36_gateway_interface_audit/gateway_interface_audit.log:5053:./snapshots/project_clean_state_2026_04_16/steps/MASTER_PIPELINE/002_BASE.xml:3708:                <derived name="ST_BlackBox_Snapshot_V2" />
./repo_logs/assistant_bridge/2026_04_16/step_36_gateway_interface_audit/gateway_interface_audit.log:5108:./snapshots/project_clean_state_2026_04_16/steps/MASTER_PIPELINE/002_BASE.xml:4599:                <derived name="ST_BlackBox_Snapshot_V2" />
./repo_logs/assistant_bridge/2026_04_16/step_36_gateway_interface_audit/gateway_interface_audit.log:5308:./snapshots/project_clean_state_2026_04_16/steps/MASTER_PIPELINE/003_RESULT.xml:6778:                <derived name="ST_BlackBox_Snapshot_V2" />
./repo_logs/assistant_bridge/2026_04_16/step_36_gateway_interface_audit/gateway_interface_audit.log:5631:./snapshots/project_clean_state_2026_04_16/steps/MASTER_PIPELINE/001_BASE.xml:3674:                <derived name="ST_BlackBox_Snapshot_V2" />
./repo_logs/assistant_bridge/2026_04_16/step_36_gateway_interface_audit/gateway_interface_audit.log:5790:./snapshots/project_clean_state_2026_04_16/FB_BlackBox_V2_Core.st:14:    VO_Snapshot : ST_BlackBox_Snapshot_V2;
./repo_logs/assistant_bridge/2026_04_16/step_36_gateway_interface_audit/gateway_interface_audit.log:5854:./snapshots/project_clean_state_2026_04_16/diagnostics/2026_04_16/step_10_git_commit_failure_debug.log:177:./ST_BlackBox_Snapshot_V2.dut
./repo_logs/assistant_bridge/2026_04_16/step_36_gateway_interface_audit/gateway_interface_audit.log:5863:./snapshots/project_clean_state_2026_04_16/diagnostics/2026_04_16/step_08_flatten_unpacked_root.log:157:./ST_BlackBox_Snapshot_V2.dut
./repo_logs/assistant_bridge/2026_04_16/step_36_gateway_interface_audit/gateway_interface_audit.log:5871:./snapshots/project_clean_state_2026_04_16/diagnostics/2026_04_16/step_11_project_structure.log:154:./ST_BlackBox_Snapshot_V2.dut
./repo_logs/assistant_bridge/2026_04_16/step_36_gateway_interface_audit/gateway_interface_audit.log:5880:./snapshots/project_clean_state_2026_04_16/diagnostics/2026_04_16/step_11_project_structure.log:397:./ST_BlackBox_Snapshot_V2.dut
./repo_logs/assistant_bridge/2026_04_16/step_36_gateway_interface_audit/gateway_interface_audit.log:5942:./snapshots/project_clean_state_2026_04_16/компилятор/logs/004_import_dut_v11.log:40:ST_BlackBox_Snapshot_V2.dut: STRUCT ST_BlackBox_Snapshot_V2 fields=5
./repo_logs/assistant_bridge/2026_04_16/step_36_gateway_interface_audit/gateway_interface_audit.log:5944:./snapshots/project_clean_state_2026_04_16/компилятор/logs/004_import_dut_v11.log:107:STRUCT ST_BlackBox_Snapshot_V2: total=5 with_initializer=0 without_initializer=5 array_initializer=0 unsupported_initializer=0
./repo_logs/assistant_bridge/2026_04_16/step_36_gateway_interface_audit/gateway_interface_audit.log:5948:./snapshots/project_clean_state_2026_04_16/компилятор/out/RESULT_methods_clean.xml:775:      <dataType name="ST_BlackBox_Snapshot_V2">
./repo_logs/assistant_bridge/2026_04_16/step_36_gateway_interface_audit/gateway_interface_audit.log:5977:./snapshots/project_clean_state_2026_04_16/компилятор/out/RESULT_methods_clean.xml:5698:                <derived name="ST_BlackBox_Snapshot_V2" />
./repo_logs/assistant_bridge/2026_04_16/step_36_gateway_interface_audit/gateway_interface_audit.log:6034:./snapshots/project_clean_state_2026_04_16/компилятор/out/RESULT_methods_clean.xml:12077:                <derived name="ST_BlackBox_Snapshot_V2" />
./repo_logs/assistant_bridge/2026_04_16/step_36_gateway_interface_audit/gateway_interface_audit.log:6160:./snapshots/project_clean_state_2026_04_16/компилятор/out/RESULT_methods_clean.xml:20128:            <Object Name="ST_BlackBox_Snapshot_V2" ObjectId="111ba477-5453-4924-89d0-bddfee86750d" />
./repo_logs/assistant_bridge/2026_04_16/step_36_gateway_interface_audit/gateway_interface_audit.log:6222:./snapshots/project_clean_state_2026_04_16/ST_BlackBox_Snapshot_V2.dut:1:TYPE ST_BlackBox_Snapshot_V2 : STRUCT
./repo_logs/assistant_bridge/2026_04_16/step_36_gateway_interface_audit/gateway_interface_audit.log:6237:./snapshots/project_clean_state_2026_04_16/диагностика/file_access_audit.log:187:ST_BlackBox_Snapshot_V2.dut	file	yes	yes	yes	0o666
./repo_logs/assistant_bridge/2026_04_16/step_36_gateway_interface_audit/gateway_interface_audit.log:6265:./snapshots/project_clean_state_2026_04_16/диагностика/file_access_audit.log:795:snapshots/clean_build_20260414_0820/ST_BlackBox_Snapshot_V2.dut	file	yes	yes	yes	0o666
./repo_logs/assistant_bridge/2026_04_16/step_36_gateway_interface_audit/gateway_interface_audit.log:6288:./snapshots/project_clean_state_2026_04_16/диагностика/file_access_audit.log:1205:snapshots/clean_build_20260414_0820/workspace/dut_rebuild/history_blackbox/ST_BlackBox_Snapshot_V2.dut	file	yes	yes	yes	0o666
./repo_logs/assistant_bridge/2026_04_16/step_36_gateway_interface_audit/gateway_interface_audit.log:6291:./snapshots/project_clean_state_2026_04_16/диагностика/file_access_audit.log:1208:snapshots/clean_build_20260414_0820/workspace/dut_rebuild/history_blackbox_v2/ST_BlackBox_Snapshot_V2.dut	file	yes	yes	yes	0o666
./repo_logs/assistant_bridge/2026_04_16/step_36_gateway_interface_audit/gateway_interface_audit.log:6314:./snapshots/project_clean_state_2026_04_16/диагностика/file_access_audit.log:1675:snapshots/clean_build_2026_04_14/ST_BlackBox_Snapshot_V2.dut	file	yes	yes	yes	0o666
./repo_logs/assistant_bridge/2026_04_16/step_36_gateway_interface_audit/gateway_interface_audit.log:6337:./snapshots/project_clean_state_2026_04_16/диагностика/file_access_audit.log:2086:snapshots/clean_build_2026_04_14/workspace/dut_rebuild/history_blackbox/ST_BlackBox_Snapshot_V2.dut	file	yes	yes	yes	0o666
./repo_logs/assistant_bridge/2026_04_16/step_36_gateway_interface_audit/gateway_interface_audit.log:6340:./snapshots/project_clean_state_2026_04_16/диагностика/file_access_audit.log:2089:snapshots/clean_build_2026_04_14/workspace/dut_rebuild/history_blackbox_v2/ST_BlackBox_Snapshot_V2.dut	file	yes	yes	yes	0o666
./repo_logs/assistant_bridge/2026_04_16/step_36_gateway_interface_audit/gateway_interface_audit.log:6363:./snapshots/project_clean_state_2026_04_16/диагностика/file_access_audit.log:2539:snapshots/clean_build_2026_04_15/ST_BlackBox_Snapshot_V2.dut	file	yes	yes	yes	0o666
./repo_logs/assistant_bridge/2026_04_16/step_36_gateway_interface_audit/gateway_interface_audit.log:6387:./snapshots/project_clean_state_2026_04_16/диагностика/file_access_audit.log:2961:snapshots/clean_build_2026_04_15/workspace/dut_rebuild/history_blackbox/ST_BlackBox_Snapshot_V2.dut	file	yes	yes	yes	0o666
./repo_logs/assistant_bridge/2026_04_16/step_36_gateway_interface_audit/gateway_interface_audit.log:6390:./snapshots/project_clean_state_2026_04_16/диагностика/file_access_audit.log:2964:snapshots/clean_build_2026_04_15/workspace/dut_rebuild/history_blackbox_v2/ST_BlackBox_Snapshot_V2.dut	file	yes	yes	yes	0o666
./repo_logs/assistant_bridge/2026_04_16/step_36_gateway_interface_audit/gateway_interface_audit.log:6415:./snapshots/project_clean_state_2026_04_16/диагностика/file_access_audit.log:3373:workspace/dut_rebuild/history_blackbox/ST_BlackBox_Snapshot_V2.dut	file	yes	yes	yes	0o666
./repo_logs/assistant_bridge/2026_04_16/step_36_gateway_interface_audit/gateway_interface_audit.log:6418:./snapshots/project_clean_state_2026_04_16/диагностика/file_access_audit.log:3376:workspace/dut_rebuild/history_blackbox_v2/ST_BlackBox_Snapshot_V2.dut	file	yes	yes	yes	0o666
./repo_logs/assistant_bridge/2026_04_16/step_36_gateway_interface_audit/gateway_interface_audit.log:6471:./snapshots/project_clean_state_2026_04_16/FB_Alarm_Manager.st:73:    L_BlackBox_V2_Snapshot_Shadow : ST_BlackBox_Snapshot_V2;
./repo_logs/assistant_bridge/2026_04_16/step_36_gateway_interface_audit/gateway_interface_audit.log:6633:./snapshots/project_clean_state_2026_04_16/workspace/export_forensics/sandbox/XML_INTERFACE_PREVIEW.txt:576:  <variable name="L_BlackBox_V2_Snapshot_Shadow"><type><derived name="ST_BlackBox_Snapshot_V2"/></type></variable>
./repo_logs/assistant_bridge/2026_04_16/step_36_gateway_interface_audit/gateway_interface_audit.log:6667:./snapshots/project_clean_state_2026_04_16/workspace/export_forensics/sandbox/SMART_HOME_SANDBOX_V7.xml:6156:    L_BlackBox_V2_Snapshot_Shadow : ST_BlackBox_Snapshot_V2;
./repo_logs/assistant_bridge/2026_04_16/step_36_gateway_interface_audit/gateway_interface_audit.log:6772:./snapshots/project_clean_state_2026_04_16/workspace/export_forensics/sandbox/SMART_HOME_SANDBOX_V6.xml:10996:    L_BlackBox_V2_Snapshot_Shadow : ST_BlackBox_Snapshot_V2;
./repo_logs/assistant_bridge/2026_04_16/step_36_gateway_interface_audit/gateway_interface_audit.log:6857:./snapshots/project_clean_state_2026_04_16/workspace/export_forensics/sandbox/XML_INTERFACE_PREVIEW_CLEAN.txt:555:  <variable name="L_BlackBox_V2_Snapshot_Shadow"><type><derived name="ST_BlackBox_Snapshot_V2"/></type></variable>
./repo_logs/assistant_bridge/2026_04_16/step_36_gateway_interface_audit/gateway_interface_audit.log:6941:./snapshots/project_clean_state_2026_04_16/workspace/export_forensics/sandbox/SMART_HOME_SANDBOX_V3.xml:12368:    L_BlackBox_V2_Snapshot_Shadow : ST_BlackBox_Snapshot_V2;
./repo_logs/assistant_bridge/2026_04_16/step_36_gateway_interface_audit/gateway_interface_audit.log:7264:./snapshots/project_clean_state_2026_04_16/workspace/export_forensics/sandbox/SMART_HOME_SANDBOX_V8.xml:12420:    L_BlackBox_V2_Snapshot_Shadow : ST_BlackBox_Snapshot_V2;
./repo_logs/assistant_bridge/2026_04_16/step_36_gateway_interface_audit/gateway_interface_audit.log:7351:./snapshots/project_clean_state_2026_04_16/workspace/export_forensics/sandbox/XML_INTERFACE_PREVIEW_CLEAN_V2.txt:1364:    <type><derived name="ST_BlackBox_Snapshot_V2"/></type>
./repo_logs/assistant_bridge/2026_04_16/step_36_gateway_interface_audit/gateway_interface_audit.log:7624:./snapshots/project_clean_state_2026_04_16/workspace/export_forensics/sandbox/INTERFACE_PREVIEW.txt:514:L_BlackBox_V2_Snapshot_Shadow : derived(ST_BlackBox_Snapshot_V2)
./repo_logs/assistant_bridge/2026_04_16/step_36_gateway_interface_audit/gateway_interface_audit.log:7745:./snapshots/project_clean_state_2026_04_16/workspace/export_forensics/sandbox/SMART_HOME_SANDBOX_V5.xml:12300:    L_BlackBox_V2_Snapshot_Shadow : ST_BlackBox_Snapshot_V2;
./repo_logs/assistant_bridge/2026_04_16/step_36_gateway_interface_audit/gateway_interface_audit.log:8003:./snapshots/project_clean_state_2026_04_16/workspace/draft_v2_inventory_2026-04-12.md:33:- ST_BlackBox_Snapshot_V2
./repo_logs/assistant_bridge/2026_04_16/step_36_gateway_interface_audit/gateway_interface_audit.log:8029:./snapshots/project_clean_state_2026_04_16/workspace/dut_rebuild/history_blackbox/01_history_blackbox_rebuild_plan.md:9:- ST_BlackBox_Snapshot_V2
./repo_logs/assistant_bridge/2026_04_16/step_36_gateway_interface_audit/gateway_interface_audit.log:8030:./snapshots/project_clean_state_2026_04_16/workspace/dut_rebuild/history_blackbox/ST_BlackBox_Snapshot_V2.dut:1:TYPE ST_BlackBox_Snapshot_V2 :
./repo_logs/assistant_bridge/2026_04_16/step_36_gateway_interface_audit/gateway_interface_audit.log:8036:./snapshots/project_clean_state_2026_04_16/workspace/dut_rebuild/history_blackbox_v2/v2_core/FB_BlackBox_V2_Core_DRAFT.st:14:    VO_Snapshot : ST_BlackBox_Snapshot_V2;
./repo_logs/assistant_bridge/2026_04_16/step_36_gateway_interface_audit/gateway_interface_audit.log:8037:./snapshots/project_clean_state_2026_04_16/workspace/dut_rebuild/history_blackbox_v2/ST_BlackBox_Snapshot_V2.dut:1:TYPE ST_BlackBox_Snapshot_V2 :
./repo_logs/assistant_bridge/2026_04_16/step_36_gateway_interface_audit/gateway_interface_audit.log:8043:./snapshots/project_clean_state_2026_04_16/workspace/dut_rebuild/history_blackbox_v2/compatibility/FB_BlackBox_Legacy_To_V2_Adapter_DRAFT.st:6:    VO_BlackBox_V2 : ST_BlackBox_Snapshot_V2;
./repo_logs/assistant_bridge/2026_04_16/step_36_gateway_interface_audit/gateway_interface_audit.log:8055:./snapshots/project_clean_state_2026_04_16/workspace/dut_rebuild/history_blackbox_v2/compatibility/01_history_blackbox_compatibility_plan.md:8:- ST_BlackBox_Record -> ST_BlackBox_Snapshot_V2
./repo_logs/assistant_bridge/2026_04_16/step_36_gateway_interface_audit/gateway_interface_audit.log:8122:./snapshots/project_clean_state_2026_04_16/workspace/dut_rebuild/reports/01_old_to_new_mapping.md:12:- ST_BlackBox_Record.dut -> ST_BlackBox_Snapshot_V2.dut
./repo_logs/assistant_bridge/2026_04_16/step_36_gateway_interface_audit/gateway_interface_audit.log:8126:./snapshots/project_clean_state_2026_04_16/workspace/dut_rebuild/reports/03_workspace_review.md:21:- ST_BlackBox_Snapshot_V2
./repo_logs/assistant_bridge/2026_04_16/step_36_gateway_interface_audit/gateway_interface_audit.log:8308:./snapshots/clean_build_2026_04_16/компилятор/logs/004_import_dut_v11.log:40:ST_BlackBox_Snapshot_V2.dut: STRUCT ST_BlackBox_Snapshot_V2 fields=5
./repo_logs/assistant_bridge/2026_04_16/step_36_gateway_interface_audit/gateway_interface_audit.log:8310:./snapshots/clean_build_2026_04_16/компилятор/logs/004_import_dut_v11.log:107:STRUCT ST_BlackBox_Snapshot_V2: total=5 with_initializer=0 without_initializer=5 array_initializer=0 unsupported_initializer=0
./repo_logs/assistant_bridge/2026_04_16/step_36_gateway_interface_audit/gateway_interface_audit.log:8314:./snapshots/clean_build_2026_04_16/компилятор/out/RESULT_methods_clean.xml:775:      <dataType name="ST_BlackBox_Snapshot_V2">
./repo_logs/assistant_bridge/2026_04_16/step_36_gateway_interface_audit/gateway_interface_audit.log:8343:./snapshots/clean_build_2026_04_16/компилятор/out/RESULT_methods_clean.xml:5698:                <derived name="ST_BlackBox_Snapshot_V2" />
./repo_logs/assistant_bridge/2026_04_16/step_36_gateway_interface_audit/gateway_interface_audit.log:8400:./snapshots/clean_build_2026_04_16/компилятор/out/RESULT_methods_clean.xml:12077:                <derived name="ST_BlackBox_Snapshot_V2" />
./repo_logs/assistant_bridge/2026_04_16/step_36_gateway_interface_audit/gateway_interface_audit.log:8526:./snapshots/clean_build_2026_04_16/компилятор/out/RESULT_methods_clean.xml:20128:            <Object Name="ST_BlackBox_Snapshot_V2" ObjectId="111ba477-5453-4924-89d0-bddfee86750d" />
./repo_logs/assistant_bridge/2026_04_16/step_36_gateway_interface_audit/gateway_interface_audit.log:8547:./диагностика/file_access_audit.log:187:ST_BlackBox_Snapshot_V2.dut	file	yes	yes	yes	0o666
./repo_logs/assistant_bridge/2026_04_16/step_36_gateway_interface_audit/gateway_interface_audit.log:8575:./диагностика/file_access_audit.log:795:snapshots/clean_build_20260414_0820/ST_BlackBox_Snapshot_V2.dut	file	yes	yes	yes	0o666
./repo_logs/assistant_bridge/2026_04_16/step_36_gateway_interface_audit/gateway_interface_audit.log:8598:./диагностика/file_access_audit.log:1205:snapshots/clean_build_20260414_0820/workspace/dut_rebuild/history_blackbox/ST_BlackBox_Snapshot_V2.dut	file	yes	yes	yes	0o666
./repo_logs/assistant_bridge/2026_04_16/step_36_gateway_interface_audit/gateway_interface_audit.log:8601:./диагностика/file_access_audit.log:1208:snapshots/clean_build_20260414_0820/workspace/dut_rebuild/history_blackbox_v2/ST_BlackBox_Snapshot_V2.dut	file	yes	yes	yes	0o666
./repo_logs/assistant_bridge/2026_04_16/step_36_gateway_interface_audit/gateway_interface_audit.log:8624:./диагностика/file_access_audit.log:1675:snapshots/clean_build_2026_04_14/ST_BlackBox_Snapshot_V2.dut	file	yes	yes	yes	0o666
./repo_logs/assistant_bridge/2026_04_16/step_36_gateway_interface_audit/gateway_interface_audit.log:8647:./диагностика/file_access_audit.log:2086:snapshots/clean_build_2026_04_14/workspace/dut_rebuild/history_blackbox/ST_BlackBox_Snapshot_V2.dut	file	yes	yes	yes	0o666
./repo_logs/assistant_bridge/2026_04_16/step_36_gateway_interface_audit/gateway_interface_audit.log:8650:./диагностика/file_access_audit.log:2089:snapshots/clean_build_2026_04_14/workspace/dut_rebuild/history_blackbox_v2/ST_BlackBox_Snapshot_V2.dut	file	yes	yes	yes	0o666
./repo_logs/assistant_bridge/2026_04_16/step_36_gateway_interface_audit/gateway_interface_audit.log:8673:./диагностика/file_access_audit.log:2539:snapshots/clean_build_2026_04_15/ST_BlackBox_Snapshot_V2.dut	file	yes	yes	yes	0o666
./repo_logs/assistant_bridge/2026_04_16/step_36_gateway_interface_audit/gateway_interface_audit.log:8697:./диагностика/file_access_audit.log:2961:snapshots/clean_build_2026_04_15/workspace/dut_rebuild/history_blackbox/ST_BlackBox_Snapshot_V2.dut	file	yes	yes	yes	0o666
./repo_logs/assistant_bridge/2026_04_16/step_36_gateway_interface_audit/gateway_interface_audit.log:8700:./диагностика/file_access_audit.log:2964:snapshots/clean_build_2026_04_15/workspace/dut_rebuild/history_blackbox_v2/ST_BlackBox_Snapshot_V2.dut	file	yes	yes	yes	0o666
./repo_logs/assistant_bridge/2026_04_16/step_36_gateway_interface_audit/gateway_interface_audit.log:8725:./диагностика/file_access_audit.log:3373:workspace/dut_rebuild/history_blackbox/ST_BlackBox_Snapshot_V2.dut	file	yes	yes	yes	0o666
./repo_logs/assistant_bridge/2026_04_16/step_36_gateway_interface_audit/gateway_interface_audit.log:8728:./диагностика/file_access_audit.log:3376:workspace/dut_rebuild/history_blackbox_v2/ST_BlackBox_Snapshot_V2.dut	file	yes	yes	yes	0o666
./repo_logs/assistant_bridge/2026_04_16/step_36_gateway_interface_audit/gateway_interface_audit.log:8781:./FB_Alarm_Manager.st:73:    L_BlackBox_V2_Snapshot_Shadow : ST_BlackBox_Snapshot_V2;
./repo_logs/assistant_bridge/2026_04_16/step_36_gateway_interface_audit/gateway_interface_audit.log:8943:./workspace/export_forensics/sandbox/XML_INTERFACE_PREVIEW.txt:576:  <variable name="L_BlackBox_V2_Snapshot_Shadow"><type><derived name="ST_BlackBox_Snapshot_V2"/></type></variable>
./repo_logs/assistant_bridge/2026_04_16/step_36_gateway_interface_audit/gateway_interface_audit.log:8977:./workspace/export_forensics/sandbox/SMART_HOME_SANDBOX_V7.xml:6156:    L_BlackBox_V2_Snapshot_Shadow : ST_BlackBox_Snapshot_V2;
./repo_logs/assistant_bridge/2026_04_16/step_36_gateway_interface_audit/gateway_interface_audit.log:9082:./workspace/export_forensics/sandbox/SMART_HOME_SANDBOX_V6.xml:10996:    L_BlackBox_V2_Snapshot_Shadow : ST_BlackBox_Snapshot_V2;
./repo_logs/assistant_bridge/2026_04_16/step_36_gateway_interface_audit/gateway_interface_audit.log:9167:./workspace/export_forensics/sandbox/XML_INTERFACE_PREVIEW_CLEAN.txt:555:  <variable name="L_BlackBox_V2_Snapshot_Shadow"><type><derived name="ST_BlackBox_Snapshot_V2"/></type></variable>
./repo_logs/assistant_bridge/2026_04_16/step_36_gateway_interface_audit/gateway_interface_audit.log:9251:./workspace/export_forensics/sandbox/SMART_HOME_SANDBOX_V3.xml:12368:    L_BlackBox_V2_Snapshot_Shadow : ST_BlackBox_Snapshot_V2;
./repo_logs/assistant_bridge/2026_04_16/step_36_gateway_interface_audit/gateway_interface_audit.log:9574:./workspace/export_forensics/sandbox/SMART_HOME_SANDBOX_V8.xml:12420:    L_BlackBox_V2_Snapshot_Shadow : ST_BlackBox_Snapshot_V2;
./repo_logs/assistant_bridge/2026_04_16/step_36_gateway_interface_audit/gateway_interface_audit.log:9661:./workspace/export_forensics/sandbox/XML_INTERFACE_PREVIEW_CLEAN_V2.txt:1364:    <type><derived name="ST_BlackBox_Snapshot_V2"/></type>
./repo_logs/assistant_bridge/2026_04_16/step_36_gateway_interface_audit/gateway_interface_audit.log:9934:./workspace/export_forensics/sandbox/INTERFACE_PREVIEW.txt:514:L_BlackBox_V2_Snapshot_Shadow : derived(ST_BlackBox_Snapshot_V2)
./repo_logs/assistant_bridge/2026_04_16/step_36_gateway_interface_audit/gateway_interface_audit.log:10055:./workspace/export_forensics/sandbox/SMART_HOME_SANDBOX_V5.xml:12300:    L_BlackBox_V2_Snapshot_Shadow : ST_BlackBox_Snapshot_V2;
./repo_logs/assistant_bridge/2026_04_16/step_36_gateway_interface_audit/gateway_interface_audit.log:10313:./workspace/draft_v2_inventory_2026-04-12.md:33:- ST_BlackBox_Snapshot_V2
./repo_logs/assistant_bridge/2026_04_16/step_36_gateway_interface_audit/gateway_interface_audit.log:10339:./workspace/dut_rebuild/history_blackbox/01_history_blackbox_rebuild_plan.md:9:- ST_BlackBox_Snapshot_V2
./repo_logs/assistant_bridge/2026_04_16/step_36_gateway_interface_audit/gateway_interface_audit.log:10340:./workspace/dut_rebuild/history_blackbox/ST_BlackBox_Snapshot_V2.dut:1:TYPE ST_BlackBox_Snapshot_V2 :
./repo_logs/assistant_bridge/2026_04_16/step_36_gateway_interface_audit/gateway_interface_audit.log:10346:./workspace/dut_rebuild/history_blackbox_v2/v2_core/FB_BlackBox_V2_Core_DRAFT.st:14:    VO_Snapshot : ST_BlackBox_Snapshot_V2;
./repo_logs/assistant_bridge/2026_04_16/step_36_gateway_interface_audit/gateway_interface_audit.log:10347:./workspace/dut_rebuild/history_blackbox_v2/ST_BlackBox_Snapshot_V2.dut:1:TYPE ST_BlackBox_Snapshot_V2 :
./repo_logs/assistant_bridge/2026_04_16/step_36_gateway_interface_audit/gateway_interface_audit.log:10353:./workspace/dut_rebuild/history_blackbox_v2/compatibility/FB_BlackBox_Legacy_To_V2_Adapter_DRAFT.st:6:    VO_BlackBox_V2 : ST_BlackBox_Snapshot_V2;
./repo_logs/assistant_bridge/2026_04_16/step_36_gateway_interface_audit/gateway_interface_audit.log:10365:./workspace/dut_rebuild/history_blackbox_v2/compatibility/01_history_blackbox_compatibility_plan.md:8:- ST_BlackBox_Record -> ST_BlackBox_Snapshot_V2
./repo_logs/assistant_bridge/2026_04_16/step_36_gateway_interface_audit/gateway_interface_audit.log:10432:./workspace/dut_rebuild/reports/01_old_to_new_mapping.md:12:- ST_BlackBox_Record.dut -> ST_BlackBox_Snapshot_V2.dut
./repo_logs/assistant_bridge/2026_04_16/step_36_gateway_interface_audit/gateway_interface_audit.log:10436:./workspace/dut_rebuild/reports/03_workspace_review.md:21:- ST_BlackBox_Snapshot_V2
./repo_logs/assistant_bridge/2026_04_16/step_63_root_only_transition_inventory/root_only_transition_inventory.log:155:ST_BlackBox_Snapshot_V2.dut
./repo_logs/assistant_bridge/2026_04_16/step_63_root_only_transition_inventory/root_only_transition_inventory.log:233:ST_BlackBox_Snapshot_V2.dut
./repo_logs/assistant_bridge/2026_04_16/step_63_root_only_transition_inventory/root_only_transition_inventory.log:318:--- FILE: ST_BlackBox_Snapshot_V2.dut ---
./repo_logs/assistant_bridge/2026_04_16/step_63_root_only_transition_inventory/root_only_transition_inventory.log:319:SYMBOL BASE: ST_BlackBox_Snapshot_V2
./repo_logs/assistant_bridge/2026_04_16/step_63_root_only_transition_inventory/root_only_transition_inventory.log:320:./FB_Alarm_Manager.st:73:    L_BlackBox_V2_Snapshot_Shadow : ST_BlackBox_Snapshot_V2;
./repo_logs/assistant_bridge/2026_04_16/step_63_root_only_transition_inventory/root_only_transition_inventory.log:321:./FB_BlackBox_V2_Core.st:14:    VO_Snapshot : ST_BlackBox_Snapshot_V2;
./repo_logs/assistant_bridge/2026_04_16/step_63_root_only_transition_inventory/root_only_transition_inventory.log:322:./ST_BlackBox_Snapshot_V2.dut:1:TYPE ST_BlackBox_Snapshot_V2 : STRUCT
./repo_logs/assistant_bridge/2026_04_16/step_45_scenario_layer_audit_fixed/scenario_layer_audit_fixed.log:154:./ST_BlackBox_Snapshot_V2.dut
./repo_logs/assistant_bridge/2026_04_16/step_45_scenario_layer_audit_fixed/scenario_layer_audit_fixed.log:363:./snapshots/project_clean_state_2026_04_16/ST_BlackBox_Snapshot_V2.dut
./repo_logs/assistant_bridge/2026_04_16/step_45_scenario_layer_audit_fixed/scenario_layer_audit_fixed.log:459:./snapshots/project_clean_state_2026_04_16/workspace/dut_rebuild/history_blackbox/ST_BlackBox_Snapshot_V2.dut
./repo_logs/assistant_bridge/2026_04_16/step_45_scenario_layer_audit_fixed/scenario_layer_audit_fixed.log:461:./snapshots/project_clean_state_2026_04_16/workspace/dut_rebuild/history_blackbox_v2/ST_BlackBox_Snapshot_V2.dut
./repo_logs/assistant_bridge/2026_04_16/step_45_scenario_layer_audit_fixed/scenario_layer_audit_fixed.log:554:./workspace/dut_rebuild/history_blackbox/ST_BlackBox_Snapshot_V2.dut
./repo_logs/assistant_bridge/2026_04_16/step_45_scenario_layer_audit_fixed/scenario_layer_audit_fixed.log:556:./workspace/dut_rebuild/history_blackbox_v2/ST_BlackBox_Snapshot_V2.dut
./snapshots/project_clean_state_2026_04_16/steps/MASTER_PIPELINE/005_RESULT.xml:2339:          <derived name="ST_BlackBox_Snapshot_V2" />
./snapshots/project_clean_state_2026_04_16/steps/MASTER_PIPELINE/004_RESULT.xml:5401:                <derived name="ST_BlackBox_Snapshot_V2" />
./snapshots/project_clean_state_2026_04_16/steps/MASTER_PIPELINE/003_GVL_BASELINE_INPUT.xml:3716:          <derived name="ST_BlackBox_Snapshot_V2" />
./snapshots/project_clean_state_2026_04_16/steps/MASTER_PIPELINE/out/004_RESULT.xml:5401:                <derived name="ST_BlackBox_Snapshot_V2" />
./snapshots/project_clean_state_2026_04_16/steps/MASTER_PIPELINE/out/003_RESULT.xml:6778:                <derived name="ST_BlackBox_Snapshot_V2" />
./snapshots/project_clean_state_2026_04_16/steps/MASTER_PIPELINE/002_BASE.xml:3708:                <derived name="ST_BlackBox_Snapshot_V2" />
./snapshots/project_clean_state_2026_04_16/steps/MASTER_PIPELINE/002_BASE.xml:4599:                <derived name="ST_BlackBox_Snapshot_V2" />
./snapshots/project_clean_state_2026_04_16/steps/MASTER_PIPELINE/003_RESULT.xml:6778:                <derived name="ST_BlackBox_Snapshot_V2" />
./snapshots/project_clean_state_2026_04_16/steps/MASTER_PIPELINE/001_BASE.xml:3674:                <derived name="ST_BlackBox_Snapshot_V2" />
./snapshots/project_clean_state_2026_04_16/FB_BlackBox_V2_Core.st:14:    VO_Snapshot : ST_BlackBox_Snapshot_V2;
./snapshots/project_clean_state_2026_04_16/diagnostics/2026_04_16/step_10_git_commit_failure_debug.log:177:./ST_BlackBox_Snapshot_V2.dut
./snapshots/project_clean_state_2026_04_16/diagnostics/2026_04_16/step_08_flatten_unpacked_root.log:157:./ST_BlackBox_Snapshot_V2.dut
./snapshots/project_clean_state_2026_04_16/diagnostics/2026_04_16/step_11_project_structure.log:154:./ST_BlackBox_Snapshot_V2.dut
./snapshots/project_clean_state_2026_04_16/diagnostics/2026_04_16/step_11_project_structure.log:397:./ST_BlackBox_Snapshot_V2.dut
./snapshots/project_clean_state_2026_04_16/компилятор/logs/004_import_dut_v11.log:40:ST_BlackBox_Snapshot_V2.dut: STRUCT ST_BlackBox_Snapshot_V2 fields=5
./snapshots/project_clean_state_2026_04_16/компилятор/logs/004_import_dut_v11.log:107:STRUCT ST_BlackBox_Snapshot_V2: total=5 with_initializer=0 without_initializer=5 array_initializer=0 unsupported_initializer=0
./snapshots/project_clean_state_2026_04_16/компилятор/out/RESULT_methods_clean.xml:775:      <dataType name="ST_BlackBox_Snapshot_V2">
./snapshots/project_clean_state_2026_04_16/компилятор/out/RESULT_methods_clean.xml:5698:                <derived name="ST_BlackBox_Snapshot_V2" />
./snapshots/project_clean_state_2026_04_16/компилятор/out/RESULT_methods_clean.xml:12077:                <derived name="ST_BlackBox_Snapshot_V2" />
./snapshots/project_clean_state_2026_04_16/компилятор/out/RESULT_methods_clean.xml:20128:            <Object Name="ST_BlackBox_Snapshot_V2" ObjectId="111ba477-5453-4924-89d0-bddfee86750d" />
./snapshots/project_clean_state_2026_04_16/ST_BlackBox_Snapshot_V2.dut:1:TYPE ST_BlackBox_Snapshot_V2 : STRUCT
./snapshots/project_clean_state_2026_04_16/диагностика/file_access_audit.log:187:ST_BlackBox_Snapshot_V2.dut	file	yes	yes	yes	0o666
./snapshots/project_clean_state_2026_04_16/диагностика/file_access_audit.log:795:snapshots/clean_build_20260414_0820/ST_BlackBox_Snapshot_V2.dut	file	yes	yes	yes	0o666
./snapshots/project_clean_state_2026_04_16/диагностика/file_access_audit.log:1205:snapshots/clean_build_20260414_0820/workspace/dut_rebuild/history_blackbox/ST_BlackBox_Snapshot_V2.dut	file	yes	yes	yes	0o666
./snapshots/project_clean_state_2026_04_16/диагностика/file_access_audit.log:1208:snapshots/clean_build_20260414_0820/workspace/dut_rebuild/history_blackbox_v2/ST_BlackBox_Snapshot_V2.dut	file	yes	yes	yes	0o666
./snapshots/project_clean_state_2026_04_16/диагностика/file_access_audit.log:1675:snapshots/clean_build_2026_04_14/ST_BlackBox_Snapshot_V2.dut	file	yes	yes	yes	0o666
./snapshots/project_clean_state_2026_04_16/диагностика/file_access_audit.log:2086:snapshots/clean_build_2026_04_14/workspace/dut_rebuild/history_blackbox/ST_BlackBox_Snapshot_V2.dut	file	yes	yes	yes	0o666
./snapshots/project_clean_state_2026_04_16/диагностика/file_access_audit.log:2089:snapshots/clean_build_2026_04_14/workspace/dut_rebuild/history_blackbox_v2/ST_BlackBox_Snapshot_V2.dut	file	yes	yes	yes	0o666
./snapshots/project_clean_state_2026_04_16/диагностика/file_access_audit.log:2539:snapshots/clean_build_2026_04_15/ST_BlackBox_Snapshot_V2.dut	file	yes	yes	yes	0o666
./snapshots/project_clean_state_2026_04_16/диагностика/file_access_audit.log:2961:snapshots/clean_build_2026_04_15/workspace/dut_rebuild/history_blackbox/ST_BlackBox_Snapshot_V2.dut	file	yes	yes	yes	0o666
./snapshots/project_clean_state_2026_04_16/диагностика/file_access_audit.log:2964:snapshots/clean_build_2026_04_15/workspace/dut_rebuild/history_blackbox_v2/ST_BlackBox_Snapshot_V2.dut	file	yes	yes	yes	0o666
./snapshots/project_clean_state_2026_04_16/диагностика/file_access_audit.log:3373:workspace/dut_rebuild/history_blackbox/ST_BlackBox_Snapshot_V2.dut	file	yes	yes	yes	0o666
./snapshots/project_clean_state_2026_04_16/диагностика/file_access_audit.log:3376:workspace/dut_rebuild/history_blackbox_v2/ST_BlackBox_Snapshot_V2.dut	file	yes	yes	yes	0o666
./snapshots/project_clean_state_2026_04_16/FB_Alarm_Manager.st:73:    L_BlackBox_V2_Snapshot_Shadow : ST_BlackBox_Snapshot_V2;
./snapshots/project_clean_state_2026_04_16/workspace/export_forensics/sandbox/XML_INTERFACE_PREVIEW.txt:576:  <variable name="L_BlackBox_V2_Snapshot_Shadow"><type><derived name="ST_BlackBox_Snapshot_V2"/></type></variable>
./snapshots/project_clean_state_2026_04_16/workspace/export_forensics/sandbox/SMART_HOME_SANDBOX_V7.xml:6156:    L_BlackBox_V2_Snapshot_Shadow : ST_BlackBox_Snapshot_V2;
./snapshots/project_clean_state_2026_04_16/workspace/export_forensics/sandbox/SMART_HOME_SANDBOX_V6.xml:10996:    L_BlackBox_V2_Snapshot_Shadow : ST_BlackBox_Snapshot_V2;
./snapshots/project_clean_state_2026_04_16/workspace/export_forensics/sandbox/XML_INTERFACE_PREVIEW_CLEAN.txt:555:  <variable name="L_BlackBox_V2_Snapshot_Shadow"><type><derived name="ST_BlackBox_Snapshot_V2"/></type></variable>
./snapshots/project_clean_state_2026_04_16/workspace/export_forensics/sandbox/SMART_HOME_SANDBOX_V3.xml:12368:    L_BlackBox_V2_Snapshot_Shadow : ST_BlackBox_Snapshot_V2;
./snapshots/project_clean_state_2026_04_16/workspace/export_forensics/sandbox/SMART_HOME_SANDBOX_V8.xml:12420:    L_BlackBox_V2_Snapshot_Shadow : ST_BlackBox_Snapshot_V2;
./snapshots/project_clean_state_2026_04_16/workspace/export_forensics/sandbox/XML_INTERFACE_PREVIEW_CLEAN_V2.txt:1364:    <type><derived name="ST_BlackBox_Snapshot_V2"/></type>
./snapshots/project_clean_state_2026_04_16/workspace/export_forensics/sandbox/INTERFACE_PREVIEW.txt:514:L_BlackBox_V2_Snapshot_Shadow : derived(ST_BlackBox_Snapshot_V2)
./snapshots/project_clean_state_2026_04_16/workspace/export_forensics/sandbox/SMART_HOME_SANDBOX_V5.xml:12300:    L_BlackBox_V2_Snapshot_Shadow : ST_BlackBox_Snapshot_V2;
./snapshots/project_clean_state_2026_04_16/workspace/draft_v2_inventory_2026-04-12.md:33:- ST_BlackBox_Snapshot_V2
./snapshots/project_clean_state_2026_04_16/workspace/dut_rebuild/history_blackbox/01_history_blackbox_rebuild_plan.md:9:- ST_BlackBox_Snapshot_V2
./snapshots/project_clean_state_2026_04_16/workspace/dut_rebuild/history_blackbox/ST_BlackBox_Snapshot_V2.dut:1:TYPE ST_BlackBox_Snapshot_V2 :
./snapshots/project_clean_state_2026_04_16/workspace/dut_rebuild/history_blackbox_v2/v2_core/FB_BlackBox_V2_Core_DRAFT.st:14:    VO_Snapshot : ST_BlackBox_Snapshot_V2;
./snapshots/project_clean_state_2026_04_16/workspace/dut_rebuild/history_blackbox_v2/ST_BlackBox_Snapshot_V2.dut:1:TYPE ST_BlackBox_Snapshot_V2 :
./snapshots/project_clean_state_2026_04_16/workspace/dut_rebuild/history_blackbox_v2/compatibility/FB_BlackBox_Legacy_To_V2_Adapter_DRAFT.st:6:    VO_BlackBox_V2 : ST_BlackBox_Snapshot_V2;
./snapshots/project_clean_state_2026_04_16/workspace/dut_rebuild/history_blackbox_v2/compatibility/01_history_blackbox_compatibility_plan.md:8:- ST_BlackBox_Record -> ST_BlackBox_Snapshot_V2
./snapshots/project_clean_state_2026_04_16/workspace/dut_rebuild/reports/01_old_to_new_mapping.md:12:- ST_BlackBox_Record.dut -> ST_BlackBox_Snapshot_V2.dut
./snapshots/project_clean_state_2026_04_16/workspace/dut_rebuild/reports/03_workspace_review.md:21:- ST_BlackBox_Snapshot_V2
./snapshots/clean_build_2026_04_16/компилятор/logs/004_import_dut_v11.log:40:ST_BlackBox_Snapshot_V2.dut: STRUCT ST_BlackBox_Snapshot_V2 fields=5
./snapshots/clean_build_2026_04_16/компилятор/logs/004_import_dut_v11.log:107:STRUCT ST_BlackBox_Snapshot_V2: total=5 with_initializer=0 without_initializer=5 array_initializer=0 unsupported_initializer=0
./snapshots/clean_build_2026_04_16/компилятор/out/RESULT_methods_clean.xml:775:      <dataType name="ST_BlackBox_Snapshot_V2">
./snapshots/clean_build_2026_04_16/компилятор/out/RESULT_methods_clean.xml:5698:                <derived name="ST_BlackBox_Snapshot_V2" />
./snapshots/clean_build_2026_04_16/компилятор/out/RESULT_methods_clean.xml:12077:                <derived name="ST_BlackBox_Snapshot_V2" />
./snapshots/clean_build_2026_04_16/компилятор/out/RESULT_methods_clean.xml:20128:            <Object Name="ST_BlackBox_Snapshot_V2" ObjectId="111ba477-5453-4924-89d0-bddfee86750d" />
./диагностика/file_access_audit.log:187:ST_BlackBox_Snapshot_V2.dut	file	yes	yes	yes	0o666
./диагностика/file_access_audit.log:795:snapshots/clean_build_20260414_0820/ST_BlackBox_Snapshot_V2.dut	file	yes	yes	yes	0o666
./диагностика/file_access_audit.log:1205:snapshots/clean_build_20260414_0820/workspace/dut_rebuild/history_blackbox/ST_BlackBox_Snapshot_V2.dut	file	yes	yes	yes	0o666
./диагностика/file_access_audit.log:1208:snapshots/clean_build_20260414_0820/workspace/dut_rebuild/history_blackbox_v2/ST_BlackBox_Snapshot_V2.dut	file	yes	yes	yes	0o666
./диагностика/file_access_audit.log:1675:snapshots/clean_build_2026_04_14/ST_BlackBox_Snapshot_V2.dut	file	yes	yes	yes	0o666
./диагностика/file_access_audit.log:2086:snapshots/clean_build_2026_04_14/workspace/dut_rebuild/history_blackbox/ST_BlackBox_Snapshot_V2.dut	file	yes	yes	yes	0o666
./диагностика/file_access_audit.log:2089:snapshots/clean_build_2026_04_14/workspace/dut_rebuild/history_blackbox_v2/ST_BlackBox_Snapshot_V2.dut	file	yes	yes	yes	0o666
./диагностика/file_access_audit.log:2539:snapshots/clean_build_2026_04_15/ST_BlackBox_Snapshot_V2.dut	file	yes	yes	yes	0o666
./диагностика/file_access_audit.log:2961:snapshots/clean_build_2026_04_15/workspace/dut_rebuild/history_blackbox/ST_BlackBox_Snapshot_V2.dut	file	yes	yes	yes	0o666
./диагностика/file_access_audit.log:2964:snapshots/clean_build_2026_04_15/workspace/dut_rebuild/history_blackbox_v2/ST_BlackBox_Snapshot_V2.dut	file	yes	yes	yes	0o666
./диагностика/file_access_audit.log:3373:workspace/dut_rebuild/history_blackbox/ST_BlackBox_Snapshot_V2.dut	file	yes	yes	yes	0o666
./диагностика/file_access_audit.log:3376:workspace/dut_rebuild/history_blackbox_v2/ST_BlackBox_Snapshot_V2.dut	file	yes	yes	yes	0o666
./workspace/export_forensics/sandbox/XML_INTERFACE_PREVIEW.txt:576:  <variable name="L_BlackBox_V2_Snapshot_Shadow"><type><derived name="ST_BlackBox_Snapshot_V2"/></type></variable>
./workspace/export_forensics/sandbox/SMART_HOME_SANDBOX_V7.xml:6156:    L_BlackBox_V2_Snapshot_Shadow : ST_BlackBox_Snapshot_V2;
./workspace/export_forensics/sandbox/SMART_HOME_SANDBOX_V6.xml:10996:    L_BlackBox_V2_Snapshot_Shadow : ST_BlackBox_Snapshot_V2;
./workspace/export_forensics/sandbox/XML_INTERFACE_PREVIEW_CLEAN.txt:555:  <variable name="L_BlackBox_V2_Snapshot_Shadow"><type><derived name="ST_BlackBox_Snapshot_V2"/></type></variable>
./workspace/export_forensics/sandbox/SMART_HOME_SANDBOX_V3.xml:12368:    L_BlackBox_V2_Snapshot_Shadow : ST_BlackBox_Snapshot_V2;
./workspace/export_forensics/sandbox/SMART_HOME_SANDBOX_V8.xml:12420:    L_BlackBox_V2_Snapshot_Shadow : ST_BlackBox_Snapshot_V2;
./workspace/export_forensics/sandbox/XML_INTERFACE_PREVIEW_CLEAN_V2.txt:1364:    <type><derived name="ST_BlackBox_Snapshot_V2"/></type>
./workspace/export_forensics/sandbox/INTERFACE_PREVIEW.txt:514:L_BlackBox_V2_Snapshot_Shadow : derived(ST_BlackBox_Snapshot_V2)
./workspace/export_forensics/sandbox/SMART_HOME_SANDBOX_V5.xml:12300:    L_BlackBox_V2_Snapshot_Shadow : ST_BlackBox_Snapshot_V2;
./workspace/draft_v2_inventory_2026-04-12.md:33:- ST_BlackBox_Snapshot_V2
./workspace/dut_rebuild/history_blackbox/01_history_blackbox_rebuild_plan.md:9:- ST_BlackBox_Snapshot_V2
./workspace/dut_rebuild/history_blackbox/ST_BlackBox_Snapshot_V2.dut:1:TYPE ST_BlackBox_Snapshot_V2 :
./workspace/dut_rebuild/history_blackbox_v2/v2_core/FB_BlackBox_V2_Core_DRAFT.st:14:    VO_Snapshot : ST_BlackBox_Snapshot_V2;
./workspace/dut_rebuild/history_blackbox_v2/ST_BlackBox_Snapshot_V2.dut:1:TYPE ST_BlackBox_Snapshot_V2 :
./workspace/dut_rebuild/history_blackbox_v2/compatibility/FB_BlackBox_Legacy_To_V2_Adapter_DRAFT.st:6:    VO_BlackBox_V2 : ST_BlackBox_Snapshot_V2;
./workspace/dut_rebuild/history_blackbox_v2/compatibility/01_history_blackbox_compatibility_plan.md:8:- ST_BlackBox_Record -> ST_BlackBox_Snapshot_V2
./workspace/dut_rebuild/reports/01_old_to_new_mapping.md:12:- ST_BlackBox_Record.dut -> ST_BlackBox_Snapshot_V2.dut
./workspace/dut_rebuild/reports/03_workspace_review.md:21:- ST_BlackBox_Snapshot_V2

--- ST_Blinds_Command_V2 ---
./steps/MASTER_PIPELINE/005_RESULT.xml:5913:          <derived name="ST_Blinds_Command_V2" />
./steps/MASTER_PIPELINE/004_RESULT.xml:3939:                <derived name="ST_Blinds_Command_V2" />
./steps/MASTER_PIPELINE/003_GVL_BASELINE_INPUT.xml:7290:          <derived name="ST_Blinds_Command_V2" />
./steps/MASTER_PIPELINE/out/004_RESULT.xml:3939:                <derived name="ST_Blinds_Command_V2" />
./steps/MASTER_PIPELINE/out/003_RESULT.xml:5316:                <derived name="ST_Blinds_Command_V2" />
./steps/MASTER_PIPELINE/002_BASE.xml:4676:                <derived name="ST_Blinds_Command_V2" />
./steps/MASTER_PIPELINE/002_BASE.xml:9355:                <derived name="ST_Blinds_Command_V2" />
./steps/MASTER_PIPELINE/003_RESULT.xml:5316:                <derived name="ST_Blinds_Command_V2" />
./steps/MASTER_PIPELINE/archive_logs/003_GVL_XML_TEMPLATE_ANALYSIS.log:3508:          <derived name="ST_Blinds_Command_V2" />
./steps/MASTER_PIPELINE/001_BASE.xml:7308:                <derived name="ST_Blinds_Command_V2" />
./steps/2026-04-17_audit_zero_ref_v2_dut_leftovers/01_audit_zero_ref_v2_dut_leftovers.py:7:    "ST_Blinds_Command_V2.dut",
./steps/2026-04-17_remove_lighting_blinds_manager_internal_scaffold/01_remove_lighting_blinds_manager_internal_scaffold.py:9:    "    L_Blinds_V2_Command_Shadow : ST_Blinds_Command_V2;\n",
./diagnostics/2026_04_16/step_10_git_commit_failure_debug.log:178:./ST_Blinds_Command_V2.dut
./diagnostics/2026_04_16/step_08_flatten_unpacked_root.log:158:./ST_Blinds_Command_V2.dut
./diagnostics/2026_04_16/step_13_full_project_snapshot.log:156:snapshots/project_clean_state_2026_04_16/ST_Blinds_Command_V2.dut
./diagnostics/2026_04_16/step_11_project_structure.log:155:./ST_Blinds_Command_V2.dut
./diagnostics/2026_04_16/step_11_project_structure.log:398:./ST_Blinds_Command_V2.dut
./компилятор/logs/004_import_dut_v11.log:40:ST_Blinds_Command_V2.dut: STRUCT ST_Blinds_Command_V2 fields=1
./компилятор/logs/004_import_dut_v11.log:107:STRUCT ST_Blinds_Command_V2: total=1 with_initializer=0 without_initializer=1 array_initializer=0 unsupported_initializer=0
./компилятор/out/RESULT_methods_clean.xml:811:      <dataType name="ST_Blinds_Command_V2">
./компилятор/out/RESULT_methods_clean.xml:5980:                <derived name="ST_Blinds_Command_V2" />
./компилятор/out/RESULT_methods_clean.xml:15912:                <derived name="ST_Blinds_Command_V2" />
./компилятор/out/RESULT_methods_clean.xml:20122:            <Object Name="ST_Blinds_Command_V2" ObjectId="e5b54181-8159-4a5d-a8aa-ec3f1ad04fe5" />
./repo_logs/diagnostics/2026_04_16/constants_dut_usage.log:155:./ST_Blinds_Command_V2.dut
./repo_logs/diagnostics/2026_04_16/constants_dut_usage.log:278:./workspace/dut_rebuild/blinds_v2/ST_Blinds_Command_V2.dut
./repo_logs/assistant_bridge/2026_04_17/step_125_micro_audit_lighting_blinds_manager_internal_scaffold_cleanup/micro_audit_lighting_blinds_manager_internal_scaffold_cleanup.log:5:31:    L_Blinds_V2_Command_Shadow : ST_Blinds_Command_V2;
./repo_logs/assistant_bridge/2026_04_17/step_125_micro_audit_lighting_blinds_manager_internal_scaffold_cleanup/micro_audit_lighting_blinds_manager_internal_scaffold_cleanup.log:169:    L_Blinds_V2_Command_Shadow : ST_Blinds_Command_V2;
./repo_logs/assistant_bridge/2026_04_17/step_125_micro_audit_lighting_blinds_manager_internal_scaffold_cleanup/micro_audit_lighting_blinds_manager_internal_scaffold_cleanup.log:414:31:    L_Blinds_V2_Command_Shadow : ST_Blinds_Command_V2;
./repo_logs/assistant_bridge/2026_04_17/step_126_remove_lighting_blinds_manager_internal_scaffold/remove_lighting_blinds_manager_internal_scaffold.log:5:31:    L_Blinds_V2_Command_Shadow : ST_Blinds_Command_V2;
./repo_logs/assistant_bridge/2026_04_17/step_126_remove_lighting_blinds_manager_internal_scaffold/remove_lighting_blinds_manager_internal_scaffold.log:243:-    L_Blinds_V2_Command_Shadow : ST_Blinds_Command_V2;
./repo_logs/assistant_bridge/2026_04_17/step_113_post_cleanup_sanity_audit/post_cleanup_sanity_audit.log:273:31:    L_Blinds_V2_Command_Shadow : ST_Blinds_Command_V2;
./repo_logs/assistant_bridge/2026_04_17/step_133_audit_zero_ref_v2_dut_leftovers/audit_zero_ref_v2_dut_leftovers.log:11:--- ST_Blinds_Command_V2.dut ---
./repo_logs/assistant_bridge/2026_04_17/step_133_audit_zero_ref_v2_dut_leftovers/audit_zero_ref_v2_dut_leftovers.log:104:ST_Blinds_Command_V2.dut
./repo_logs/assistant_bridge/2026_04_17/step_82_remove_unused_blinds_v2_staging_var/remove_unused_blinds_v2_staging_var.log:26:     L_Blinds_V2_Command_Shadow : ST_Blinds_Command_V2;
./repo_logs/assistant_bridge/2026_04_17/step_131_control_final_root_audit_and_unused_inventory/control_final_root_audit_and_unused_inventory.log:196:ST_Blinds_Command_V2.dut
./repo_logs/assistant_bridge/2026_04_17/step_131_control_final_root_audit_and_unused_inventory/control_final_root_audit_and_unused_inventory.log:1042:ST_Blinds_Command_V2.dut | type=.dut | symbol=ST_Blinds_Command_V2 | external_refs=13
./repo_logs/assistant_bridge/2026_04_17/step_131_control_final_root_audit_and_unused_inventory/control_final_root_audit_and_unused_inventory.log:1045:  snapshots/project_clean_state_2026_04_16/ST_Blinds_Command_V2.dut
./repo_logs/assistant_bridge/2026_04_17/step_131_control_final_root_audit_and_unused_inventory/control_final_root_audit_and_unused_inventory.log:1046:  snapshots/project_clean_state_2026_04_16/workspace/dut_rebuild/blinds_v2/ST_Blinds_Command_V2.dut
./repo_logs/assistant_bridge/2026_04_17/step_131_control_final_root_audit_and_unused_inventory/control_final_root_audit_and_unused_inventory.log:1051:  workspace/dut_rebuild/blinds_v2/ST_Blinds_Command_V2.dut
./repo_logs/assistant_bridge/2026_04_17/step_132_root_unused_inventory_v2_live_only/root_unused_inventory_v2_live_only.log:150:ST_Blinds_Command_V2.dut
./repo_logs/assistant_bridge/2026_04_17/step_132_root_unused_inventory_v2_live_only/root_unused_inventory_v2_live_only.log:611:ST_Blinds_Command_V2.dut | type=.dut | symbol=ST_Blinds_Command_V2 | external_refs=0
./repo_logs/assistant_bridge/2026_04_17/step_132_root_unused_inventory_v2_live_only/root_unused_inventory_v2_live_only.log:793:ST_Blinds_Command_V2.dut | type=.dut | symbol=ST_Blinds_Command_V2
./repo_logs/assistant_bridge/2026_04_17/step_110_audit_internal_shadow_scaffold_tails/audit_internal_shadow_scaffold_tails.log:453:31:    L_Blinds_V2_Command_Shadow : ST_Blinds_Command_V2;
./repo_logs/assistant_bridge/2026_04_17/step_110_audit_internal_shadow_scaffold_tails/audit_internal_shadow_scaffold_tails.log:563:    L_Blinds_V2_Command_Shadow : ST_Blinds_Command_V2;
./repo_logs/assistant_bridge/2026_04_17/step_110_audit_internal_shadow_scaffold_tails/audit_internal_shadow_scaffold_tails.log:1529:FB_Lighting_Blinds_Manager.st:31:    L_Blinds_V2_Command_Shadow : ST_Blinds_Command_V2;
grep: ./repo_logs/assistant_bridge/2026_04_17/step_134_remove_zero_ref_v2_dut_leftovers/remove_zero_ref_v2_dut_leftovers.log: input file is also the output
./repo_logs/assistant_bridge/2026_04_16/step_64_classify_root_transition_layers_fixed/classify_root_transition_layers_fixed.log:19:ST_Blinds_Command_V2.dut
./repo_logs/assistant_bridge/2026_04_16/step_45_scenario_layer_audit/scenario_layer_audit.log:5646:./snapshots/project_clean_state_2026_04_16/workspace/dut_rebuild/blinds_v2/ST_Blinds_Command_V2.dut:7:    Scenario_ID : INT;
./repo_logs/assistant_bridge/2026_04_16/step_45_scenario_layer_audit/scenario_layer_audit.log:7242:./workspace/dut_rebuild/blinds_v2/ST_Blinds_Command_V2.dut:7:    Scenario_ID : INT;
./repo_logs/assistant_bridge/2026_04_16/step_80_micro_audit_blinds_v2_staging/micro_audit_blinds_v2_staging.log:19:    VO_Command_Shadow : ST_Blinds_Command_V2;
./repo_logs/assistant_bridge/2026_04_16/step_80_micro_audit_blinds_v2_staging/micro_audit_blinds_v2_staging.log:59:    L_Blinds_V2_Command_Shadow : ST_Blinds_Command_V2;
./repo_logs/assistant_bridge/2026_04_16/step_80_micro_audit_blinds_v2_staging/micro_audit_blinds_v2_staging.log:169:    L_Blinds_V2_Command_Shadow : ST_Blinds_Command_V2;
./repo_logs/assistant_bridge/2026_04_16/step_80_micro_audit_blinds_v2_staging/micro_audit_blinds_v2_staging.log:253:TYPE ST_Blinds_Command_V2 :
./repo_logs/assistant_bridge/2026_04_16/step_80_micro_audit_blinds_v2_staging/micro_audit_blinds_v2_staging.log:269:./FB_Blinds_V2_Staging.st:15:    VO_Command_Shadow : ST_Blinds_Command_V2;
./repo_logs/assistant_bridge/2026_04_16/step_80_micro_audit_blinds_v2_staging/micro_audit_blinds_v2_staging.log:270:./FB_Lighting_Blinds_Manager.st:32:    L_Blinds_V2_Command_Shadow : ST_Blinds_Command_V2;
./repo_logs/assistant_bridge/2026_04_16/step_80_micro_audit_blinds_v2_staging/micro_audit_blinds_v2_staging.log:271:./ST_Blinds_Command_V2.dut:1:TYPE ST_Blinds_Command_V2 :
./repo_logs/assistant_bridge/2026_04_16/step_01_repo_baseline/baseline.log:174:./ST_Blinds_Command_V2.dut
./repo_logs/assistant_bridge/2026_04_16/step_01_repo_baseline/baseline.log:446:snapshots/project_clean_state_2026_04_16/ST_Blinds_Command_V2.dut
./repo_logs/assistant_bridge/2026_04_16/step_66_micro_audit_lighting_v2_staging/micro_audit_lighting_v2_staging.log:61:    L_Blinds_V2_Command_Shadow : ST_Blinds_Command_V2;
./repo_logs/assistant_bridge/2026_04_16/step_66_micro_audit_lighting_v2_staging/micro_audit_lighting_v2_staging.log:161:    L_Blinds_V2_Command_Shadow : ST_Blinds_Command_V2;
./repo_logs/assistant_bridge/2026_04_16/step_63_root_only_transition_inventory/root_only_transition_inventory.log:156:ST_Blinds_Command_V2.dut
./repo_logs/assistant_bridge/2026_04_16/step_63_root_only_transition_inventory/root_only_transition_inventory.log:222:ST_Blinds_Command_V2.dut
./repo_logs/assistant_bridge/2026_04_16/step_63_root_only_transition_inventory/root_only_transition_inventory.log:258:--- FILE: ST_Blinds_Command_V2.dut ---
./repo_logs/assistant_bridge/2026_04_16/step_63_root_only_transition_inventory/root_only_transition_inventory.log:259:SYMBOL BASE: ST_Blinds_Command_V2
./repo_logs/assistant_bridge/2026_04_16/step_63_root_only_transition_inventory/root_only_transition_inventory.log:260:./FB_Blinds_V2_Staging.st:15:    VO_Command_Shadow : ST_Blinds_Command_V2;
./repo_logs/assistant_bridge/2026_04_16/step_63_root_only_transition_inventory/root_only_transition_inventory.log:261:./FB_Lighting_Blinds_Manager.st:32:    L_Blinds_V2_Command_Shadow : ST_Blinds_Command_V2;
./repo_logs/assistant_bridge/2026_04_16/step_63_root_only_transition_inventory/root_only_transition_inventory.log:262:./ST_Blinds_Command_V2.dut:1:TYPE ST_Blinds_Command_V2 :
./repo_logs/assistant_bridge/2026_04_16/step_45_scenario_layer_audit_fixed/scenario_layer_audit_fixed.log:155:./ST_Blinds_Command_V2.dut
./repo_logs/assistant_bridge/2026_04_16/step_45_scenario_layer_audit_fixed/scenario_layer_audit_fixed.log:364:./snapshots/project_clean_state_2026_04_16/ST_Blinds_Command_V2.dut
./repo_logs/assistant_bridge/2026_04_16/step_45_scenario_layer_audit_fixed/scenario_layer_audit_fixed.log:435:./snapshots/project_clean_state_2026_04_16/workspace/dut_rebuild/blinds_v2/ST_Blinds_Command_V2.dut
./repo_logs/assistant_bridge/2026_04_16/step_45_scenario_layer_audit_fixed/scenario_layer_audit_fixed.log:530:./workspace/dut_rebuild/blinds_v2/ST_Blinds_Command_V2.dut
./repo_logs/assistant_bridge/2026_04_16/step_45_scenario_layer_audit_fixed/scenario_layer_audit_fixed.log:881:./snapshots/project_clean_state_2026_04_16/workspace/dut_rebuild/blinds_v2/ST_Blinds_Command_V2.dut:7:    Scenario_ID : INT;
./repo_logs/assistant_bridge/2026_04_16/step_45_scenario_layer_audit_fixed/scenario_layer_audit_fixed.log:1011:./workspace/dut_rebuild/blinds_v2/ST_Blinds_Command_V2.dut:7:    Scenario_ID : INT;
./repo_logs/assistant_bridge/2026_04_16/step_65_prioritize_runtime_bridge_collapse/prioritize_runtime_bridge_collapse.log:12:ST_Blinds_Command_V2.dut | keep_for_now | used by active bridge
./snapshots/project_clean_state_2026_04_16/ST_Blinds_Command_V2.dut:1:TYPE ST_Blinds_Command_V2 :
./snapshots/project_clean_state_2026_04_16/steps/MASTER_PIPELINE/005_RESULT.xml:5913:          <derived name="ST_Blinds_Command_V2" />
./snapshots/project_clean_state_2026_04_16/steps/MASTER_PIPELINE/004_RESULT.xml:3939:                <derived name="ST_Blinds_Command_V2" />
./snapshots/project_clean_state_2026_04_16/steps/MASTER_PIPELINE/003_GVL_BASELINE_INPUT.xml:7290:          <derived name="ST_Blinds_Command_V2" />
./snapshots/project_clean_state_2026_04_16/steps/MASTER_PIPELINE/out/004_RESULT.xml:3939:                <derived name="ST_Blinds_Command_V2" />
./snapshots/project_clean_state_2026_04_16/steps/MASTER_PIPELINE/out/003_RESULT.xml:5316:                <derived name="ST_Blinds_Command_V2" />
./snapshots/project_clean_state_2026_04_16/steps/MASTER_PIPELINE/002_BASE.xml:4676:                <derived name="ST_Blinds_Command_V2" />
./snapshots/project_clean_state_2026_04_16/steps/MASTER_PIPELINE/002_BASE.xml:9355:                <derived name="ST_Blinds_Command_V2" />
./snapshots/project_clean_state_2026_04_16/steps/MASTER_PIPELINE/003_RESULT.xml:5316:                <derived name="ST_Blinds_Command_V2" />
./snapshots/project_clean_state_2026_04_16/steps/MASTER_PIPELINE/archive_logs/003_GVL_XML_TEMPLATE_ANALYSIS.log:3508:          <derived name="ST_Blinds_Command_V2" />
./snapshots/project_clean_state_2026_04_16/steps/MASTER_PIPELINE/001_BASE.xml:7308:                <derived name="ST_Blinds_Command_V2" />
./snapshots/project_clean_state_2026_04_16/FB_Lighting_Blinds_Manager.st:32:    L_Blinds_V2_Command_Shadow : ST_Blinds_Command_V2;
./snapshots/project_clean_state_2026_04_16/diagnostics/2026_04_16/step_10_git_commit_failure_debug.log:178:./ST_Blinds_Command_V2.dut
./snapshots/project_clean_state_2026_04_16/diagnostics/2026_04_16/step_08_flatten_unpacked_root.log:158:./ST_Blinds_Command_V2.dut
./snapshots/project_clean_state_2026_04_16/diagnostics/2026_04_16/step_11_project_structure.log:155:./ST_Blinds_Command_V2.dut
./snapshots/project_clean_state_2026_04_16/diagnostics/2026_04_16/step_11_project_structure.log:398:./ST_Blinds_Command_V2.dut
./snapshots/project_clean_state_2026_04_16/компилятор/logs/004_import_dut_v11.log:41:ST_Blinds_Command_V2.dut: STRUCT ST_Blinds_Command_V2 fields=1
./snapshots/project_clean_state_2026_04_16/компилятор/logs/004_import_dut_v11.log:108:STRUCT ST_Blinds_Command_V2: total=1 with_initializer=0 without_initializer=1 array_initializer=0 unsupported_initializer=0
./snapshots/project_clean_state_2026_04_16/компилятор/out/RESULT_methods_clean.xml:811:      <dataType name="ST_Blinds_Command_V2">
./snapshots/project_clean_state_2026_04_16/компилятор/out/RESULT_methods_clean.xml:5977:                <derived name="ST_Blinds_Command_V2" />
./snapshots/project_clean_state_2026_04_16/компилятор/out/RESULT_methods_clean.xml:15909:                <derived name="ST_Blinds_Command_V2" />
./snapshots/project_clean_state_2026_04_16/компилятор/out/RESULT_methods_clean.xml:20129:            <Object Name="ST_Blinds_Command_V2" ObjectId="4412ef8f-17f7-4fa7-a489-d987acdfb35c" />
./snapshots/project_clean_state_2026_04_16/диагностика/file_access_audit.log:188:ST_Blinds_Command_V2.dut	file	yes	yes	yes	0o666
./snapshots/project_clean_state_2026_04_16/диагностика/file_access_audit.log:796:snapshots/clean_build_20260414_0820/ST_Blinds_Command_V2.dut	file	yes	yes	yes	0o666
./snapshots/project_clean_state_2026_04_16/диагностика/file_access_audit.log:1158:snapshots/clean_build_20260414_0820/workspace/dut_rebuild/blinds_v2/ST_Blinds_Command_V2.dut	file	yes	yes	yes	0o666
./snapshots/project_clean_state_2026_04_16/диагностика/file_access_audit.log:1676:snapshots/clean_build_2026_04_14/ST_Blinds_Command_V2.dut	file	yes	yes	yes	0o666
./snapshots/project_clean_state_2026_04_16/диагностика/file_access_audit.log:2039:snapshots/clean_build_2026_04_14/workspace/dut_rebuild/blinds_v2/ST_Blinds_Command_V2.dut	file	yes	yes	yes	0o666
./snapshots/project_clean_state_2026_04_16/диагностика/file_access_audit.log:2540:snapshots/clean_build_2026_04_15/ST_Blinds_Command_V2.dut	file	yes	yes	yes	0o666
./snapshots/project_clean_state_2026_04_16/диагностика/file_access_audit.log:2914:snapshots/clean_build_2026_04_15/workspace/dut_rebuild/blinds_v2/ST_Blinds_Command_V2.dut	file	yes	yes	yes	0o666
./snapshots/project_clean_state_2026_04_16/диагностика/file_access_audit.log:3326:workspace/dut_rebuild/blinds_v2/ST_Blinds_Command_V2.dut	file	yes	yes	yes	0o666
./snapshots/project_clean_state_2026_04_16/workspace/export_forensics/sandbox/XML_INTERFACE_PREVIEW.txt:382:  <variable name="L_Blinds_V2_Command_Shadow"><type><derived name="ST_Blinds_Command_V2"/></type></variable>
./snapshots/project_clean_state_2026_04_16/workspace/export_forensics/sandbox/XML_INTERFACE_PREVIEW_CLEAN.txt:373:  <variable name="L_Blinds_V2_Command_Shadow"><type><derived name="ST_Blinds_Command_V2"/></type></variable>
./snapshots/project_clean_state_2026_04_16/workspace/export_forensics/sandbox/XML_INTERFACE_PREVIEW_CLEAN_V2.txt:879:    <type><derived name="ST_Blinds_Command_V2"/></type>
./snapshots/project_clean_state_2026_04_16/workspace/export_forensics/sandbox/INTERFACE_PREVIEW.txt:333:L_Blinds_V2_Command_Shadow : derived(ST_Blinds_Command_V2)
./snapshots/project_clean_state_2026_04_16/workspace/draft_v2_inventory_2026-04-12.md:26:- ST_Blinds_Command_V2
./snapshots/project_clean_state_2026_04_16/workspace/dut_rebuild/blinds_v2/ST_Blinds_Command_V2.dut:1:TYPE ST_Blinds_Command_V2 :
./snapshots/project_clean_state_2026_04_16/workspace/dut_rebuild/blinds_v2/extraction/FB_Blinds_Command_Extractor_DRAFT.st:7:    VO_Command : ST_Blinds_Command_V2;
./snapshots/project_clean_state_2026_04_16/workspace/dut_rebuild/blinds_v2/v2_core/FB_Blinds_V2_Core_DRAFT.st:3:    VI_Command : ST_Blinds_Command_V2;
./snapshots/project_clean_state_2026_04_16/workspace/dut_rebuild/blinds_v2/v2_core/FB_Blinds_V2_Core_DRAFT.st:7:    VO_Command_Out : ST_Blinds_Command_V2;
./snapshots/project_clean_state_2026_04_16/workspace/dut_rebuild/blinds_v2/staging/FB_Blinds_V2_Staging_DRAFT.st:16:    VO_Command_Shadow : ST_Blinds_Command_V2;
./snapshots/project_clean_state_2026_04_16/workspace/dut_rebuild/blinds_v2/staging/FB_Blinds_V2_Staging_DRAFT.st:23:    L_Command_V2 : ST_Blinds_Command_V2;
./snapshots/project_clean_state_2026_04_16/workspace/dut_rebuild/blinds_v2/compatibility/FB_Blinds_Legacy_To_V2_Command_Adapter_DRAFT.st:11:    VO_Command_V2 : ST_Blinds_Command_V2;
./snapshots/project_clean_state_2026_04_16/FB_Blinds_V2_Staging.st:15:    VO_Command_Shadow : ST_Blinds_Command_V2;
./snapshots/clean_build_2026_04_16/компилятор/logs/004_import_dut_v11.log:41:ST_Blinds_Command_V2.dut: STRUCT ST_Blinds_Command_V2 fields=1
./snapshots/clean_build_2026_04_16/компилятор/logs/004_import_dut_v11.log:108:STRUCT ST_Blinds_Command_V2: total=1 with_initializer=0 without_initializer=1 array_initializer=0 unsupported_initializer=0
./snapshots/clean_build_2026_04_16/компилятор/out/RESULT_methods_clean.xml:811:      <dataType name="ST_Blinds_Command_V2">
./snapshots/clean_build_2026_04_16/компилятор/out/RESULT_methods_clean.xml:5977:                <derived name="ST_Blinds_Command_V2" />
./snapshots/clean_build_2026_04_16/компилятор/out/RESULT_methods_clean.xml:15909:                <derived name="ST_Blinds_Command_V2" />
./snapshots/clean_build_2026_04_16/компилятор/out/RESULT_methods_clean.xml:20129:            <Object Name="ST_Blinds_Command_V2" ObjectId="4412ef8f-17f7-4fa7-a489-d987acdfb35c" />
./диагностика/file_access_audit.log:188:ST_Blinds_Command_V2.dut	file	yes	yes	yes	0o666
./диагностика/file_access_audit.log:796:snapshots/clean_build_20260414_0820/ST_Blinds_Command_V2.dut	file	yes	yes	yes	0o666
./диагностика/file_access_audit.log:1158:snapshots/clean_build_20260414_0820/workspace/dut_rebuild/blinds_v2/ST_Blinds_Command_V2.dut	file	yes	yes	yes	0o666
./диагностика/file_access_audit.log:1676:snapshots/clean_build_2026_04_14/ST_Blinds_Command_V2.dut	file	yes	yes	yes	0o666
./диагностика/file_access_audit.log:2039:snapshots/clean_build_2026_04_14/workspace/dut_rebuild/blinds_v2/ST_Blinds_Command_V2.dut	file	yes	yes	yes	0o666
./диагностика/file_access_audit.log:2540:snapshots/clean_build_2026_04_15/ST_Blinds_Command_V2.dut	file	yes	yes	yes	0o666
./диагностика/file_access_audit.log:2914:snapshots/clean_build_2026_04_15/workspace/dut_rebuild/blinds_v2/ST_Blinds_Command_V2.dut	file	yes	yes	yes	0o666
./диагностика/file_access_audit.log:3326:workspace/dut_rebuild/blinds_v2/ST_Blinds_Command_V2.dut	file	yes	yes	yes	0o666
./workspace/export_forensics/sandbox/XML_INTERFACE_PREVIEW.txt:382:  <variable name="L_Blinds_V2_Command_Shadow"><type><derived name="ST_Blinds_Command_V2"/></type></variable>
./workspace/export_forensics/sandbox/XML_INTERFACE_PREVIEW_CLEAN.txt:373:  <variable name="L_Blinds_V2_Command_Shadow"><type><derived name="ST_Blinds_Command_V2"/></type></variable>
./workspace/export_forensics/sandbox/XML_INTERFACE_PREVIEW_CLEAN_V2.txt:879:    <type><derived name="ST_Blinds_Command_V2"/></type>
./workspace/export_forensics/sandbox/INTERFACE_PREVIEW.txt:333:L_Blinds_V2_Command_Shadow : derived(ST_Blinds_Command_V2)
./workspace/draft_v2_inventory_2026-04-12.md:26:- ST_Blinds_Command_V2
./workspace/dut_rebuild/blinds_v2/ST_Blinds_Command_V2.dut:1:TYPE ST_Blinds_Command_V2 :
./workspace/dut_rebuild/blinds_v2/extraction/FB_Blinds_Command_Extractor_DRAFT.st:7:    VO_Command : ST_Blinds_Command_V2;
./workspace/dut_rebuild/blinds_v2/v2_core/FB_Blinds_V2_Core_DRAFT.st:3:    VI_Command : ST_Blinds_Command_V2;
./workspace/dut_rebuild/blinds_v2/v2_core/FB_Blinds_V2_Core_DRAFT.st:7:    VO_Command_Out : ST_Blinds_Command_V2;
./workspace/dut_rebuild/blinds_v2/staging/FB_Blinds_V2_Staging_DRAFT.st:16:    VO_Command_Shadow : ST_Blinds_Command_V2;
./workspace/dut_rebuild/blinds_v2/staging/FB_Blinds_V2_Staging_DRAFT.st:23:    L_Command_V2 : ST_Blinds_Command_V2;
./workspace/dut_rebuild/blinds_v2/compatibility/FB_Blinds_Legacy_To_V2_Command_Adapter_DRAFT.st:11:    VO_Command_V2 : ST_Blinds_Command_V2;

--- ST_Blinds_State_V2 ---
./steps/MASTER_PIPELINE/005_RESULT.xml:5918:          <derived name="ST_Blinds_State_V2" />
./steps/MASTER_PIPELINE/004_RESULT.xml:3944:                <derived name="ST_Blinds_State_V2" />
./steps/MASTER_PIPELINE/003_GVL_BASELINE_INPUT.xml:7295:          <derived name="ST_Blinds_State_V2" />
./steps/MASTER_PIPELINE/out/004_RESULT.xml:3944:                <derived name="ST_Blinds_State_V2" />
./steps/MASTER_PIPELINE/out/003_RESULT.xml:5321:                <derived name="ST_Blinds_State_V2" />
./steps/MASTER_PIPELINE/002_BASE.xml:4681:                <derived name="ST_Blinds_State_V2" />
./steps/MASTER_PIPELINE/002_BASE.xml:9360:                <derived name="ST_Blinds_State_V2" />
./steps/MASTER_PIPELINE/003_RESULT.xml:5321:                <derived name="ST_Blinds_State_V2" />
./steps/MASTER_PIPELINE/archive_logs/003_GVL_XML_TEMPLATE_ANALYSIS.log:3513:          <derived name="ST_Blinds_State_V2" />
./steps/MASTER_PIPELINE/001_BASE.xml:7313:                <derived name="ST_Blinds_State_V2" />
./steps/2026-04-17_audit_zero_ref_v2_dut_leftovers/01_audit_zero_ref_v2_dut_leftovers.py:8:    "ST_Blinds_State_V2.dut",
./steps/2026-04-17_remove_lighting_blinds_manager_internal_scaffold/01_remove_lighting_blinds_manager_internal_scaffold.py:10:    "    L_Blinds_V2_State_Shadow : ST_Blinds_State_V2;\n",
./diagnostics/2026_04_16/step_10_git_commit_failure_debug.log:179:./ST_Blinds_State_V2.dut
./diagnostics/2026_04_16/step_08_flatten_unpacked_root.log:159:./ST_Blinds_State_V2.dut
./diagnostics/2026_04_16/step_13_full_project_snapshot.log:157:snapshots/project_clean_state_2026_04_16/ST_Blinds_State_V2.dut
./diagnostics/2026_04_16/step_11_project_structure.log:156:./ST_Blinds_State_V2.dut
./diagnostics/2026_04_16/step_11_project_structure.log:399:./ST_Blinds_State_V2.dut
./компилятор/logs/004_import_dut_v11.log:41:ST_Blinds_State_V2.dut: STRUCT ST_Blinds_State_V2 fields=1
./компилятор/logs/004_import_dut_v11.log:108:STRUCT ST_Blinds_State_V2: total=1 with_initializer=0 without_initializer=1 array_initializer=0 unsupported_initializer=0
./компилятор/out/RESULT_methods_clean.xml:827:      <dataType name="ST_Blinds_State_V2">
./компилятор/out/RESULT_methods_clean.xml:5985:                <derived name="ST_Blinds_State_V2" />
./компилятор/out/RESULT_methods_clean.xml:15917:                <derived name="ST_Blinds_State_V2" />
./компилятор/out/RESULT_methods_clean.xml:20123:            <Object Name="ST_Blinds_State_V2" ObjectId="2a77bc3d-d3b2-424b-aa7e-669a51a50e2f" />
./repo_logs/diagnostics/2026_04_16/constants_dut_usage.log:156:./ST_Blinds_State_V2.dut
./repo_logs/diagnostics/2026_04_16/constants_dut_usage.log:279:./workspace/dut_rebuild/blinds_v2/ST_Blinds_State_V2.dut
./repo_logs/assistant_bridge/2026_04_17/step_125_micro_audit_lighting_blinds_manager_internal_scaffold_cleanup/micro_audit_lighting_blinds_manager_internal_scaffold_cleanup.log:6:32:    L_Blinds_V2_State_Shadow : ST_Blinds_State_V2;
./repo_logs/assistant_bridge/2026_04_17/step_125_micro_audit_lighting_blinds_manager_internal_scaffold_cleanup/micro_audit_lighting_blinds_manager_internal_scaffold_cleanup.log:170:    L_Blinds_V2_State_Shadow : ST_Blinds_State_V2;
./repo_logs/assistant_bridge/2026_04_17/step_125_micro_audit_lighting_blinds_manager_internal_scaffold_cleanup/micro_audit_lighting_blinds_manager_internal_scaffold_cleanup.log:415:32:    L_Blinds_V2_State_Shadow : ST_Blinds_State_V2;
./repo_logs/assistant_bridge/2026_04_17/step_126_remove_lighting_blinds_manager_internal_scaffold/remove_lighting_blinds_manager_internal_scaffold.log:6:32:    L_Blinds_V2_State_Shadow : ST_Blinds_State_V2;
./repo_logs/assistant_bridge/2026_04_17/step_126_remove_lighting_blinds_manager_internal_scaffold/remove_lighting_blinds_manager_internal_scaffold.log:244:-    L_Blinds_V2_State_Shadow : ST_Blinds_State_V2;
./repo_logs/assistant_bridge/2026_04_17/step_113_post_cleanup_sanity_audit/post_cleanup_sanity_audit.log:274:32:    L_Blinds_V2_State_Shadow : ST_Blinds_State_V2;
./repo_logs/assistant_bridge/2026_04_17/step_133_audit_zero_ref_v2_dut_leftovers/audit_zero_ref_v2_dut_leftovers.log:18:--- ST_Blinds_State_V2.dut ---
./repo_logs/assistant_bridge/2026_04_17/step_133_audit_zero_ref_v2_dut_leftovers/audit_zero_ref_v2_dut_leftovers.log:105:ST_Blinds_State_V2.dut
./repo_logs/assistant_bridge/2026_04_17/step_82_remove_unused_blinds_v2_staging_var/remove_unused_blinds_v2_staging_var.log:27:     L_Blinds_V2_State_Shadow : ST_Blinds_State_V2;
./repo_logs/assistant_bridge/2026_04_17/step_131_control_final_root_audit_and_unused_inventory/control_final_root_audit_and_unused_inventory.log:197:ST_Blinds_State_V2.dut
./repo_logs/assistant_bridge/2026_04_17/step_131_control_final_root_audit_and_unused_inventory/control_final_root_audit_and_unused_inventory.log:1056:ST_Blinds_State_V2.dut | type=.dut | symbol=ST_Blinds_State_V2 | external_refs=13
./repo_logs/assistant_bridge/2026_04_17/step_131_control_final_root_audit_and_unused_inventory/control_final_root_audit_and_unused_inventory.log:1059:  snapshots/project_clean_state_2026_04_16/ST_Blinds_State_V2.dut
./repo_logs/assistant_bridge/2026_04_17/step_131_control_final_root_audit_and_unused_inventory/control_final_root_audit_and_unused_inventory.log:1060:  snapshots/project_clean_state_2026_04_16/workspace/dut_rebuild/blinds_v2/ST_Blinds_State_V2.dut
./repo_logs/assistant_bridge/2026_04_17/step_131_control_final_root_audit_and_unused_inventory/control_final_root_audit_and_unused_inventory.log:1065:  workspace/dut_rebuild/blinds_v2/ST_Blinds_State_V2.dut
./repo_logs/assistant_bridge/2026_04_17/step_132_root_unused_inventory_v2_live_only/root_unused_inventory_v2_live_only.log:151:ST_Blinds_State_V2.dut
./repo_logs/assistant_bridge/2026_04_17/step_132_root_unused_inventory_v2_live_only/root_unused_inventory_v2_live_only.log:612:ST_Blinds_State_V2.dut | type=.dut | symbol=ST_Blinds_State_V2 | external_refs=0
./repo_logs/assistant_bridge/2026_04_17/step_132_root_unused_inventory_v2_live_only/root_unused_inventory_v2_live_only.log:794:ST_Blinds_State_V2.dut | type=.dut | symbol=ST_Blinds_State_V2
./repo_logs/assistant_bridge/2026_04_17/step_110_audit_internal_shadow_scaffold_tails/audit_internal_shadow_scaffold_tails.log:454:32:    L_Blinds_V2_State_Shadow : ST_Blinds_State_V2;
./repo_logs/assistant_bridge/2026_04_17/step_110_audit_internal_shadow_scaffold_tails/audit_internal_shadow_scaffold_tails.log:564:    L_Blinds_V2_State_Shadow : ST_Blinds_State_V2;
./repo_logs/assistant_bridge/2026_04_17/step_110_audit_internal_shadow_scaffold_tails/audit_internal_shadow_scaffold_tails.log:1530:FB_Lighting_Blinds_Manager.st:32:    L_Blinds_V2_State_Shadow : ST_Blinds_State_V2;
grep: ./repo_logs/assistant_bridge/2026_04_17/step_134_remove_zero_ref_v2_dut_leftovers/remove_zero_ref_v2_dut_leftovers.log: input file is also the output
./repo_logs/assistant_bridge/2026_04_16/step_64_classify_root_transition_layers_fixed/classify_root_transition_layers_fixed.log:20:ST_Blinds_State_V2.dut
./repo_logs/assistant_bridge/2026_04_16/step_80_micro_audit_blinds_v2_staging/micro_audit_blinds_v2_staging.log:20:    VO_State_Shadow : ST_Blinds_State_V2;
./repo_logs/assistant_bridge/2026_04_16/step_80_micro_audit_blinds_v2_staging/micro_audit_blinds_v2_staging.log:60:    L_Blinds_V2_State_Shadow : ST_Blinds_State_V2;
./repo_logs/assistant_bridge/2026_04_16/step_80_micro_audit_blinds_v2_staging/micro_audit_blinds_v2_staging.log:170:    L_Blinds_V2_State_Shadow : ST_Blinds_State_V2;
./repo_logs/assistant_bridge/2026_04_16/step_80_micro_audit_blinds_v2_staging/micro_audit_blinds_v2_staging.log:259:TYPE ST_Blinds_State_V2 :
./repo_logs/assistant_bridge/2026_04_16/step_80_micro_audit_blinds_v2_staging/micro_audit_blinds_v2_staging.log:273:./FB_Blinds_V2_Staging.st:16:    VO_State_Shadow : ST_Blinds_State_V2;
./repo_logs/assistant_bridge/2026_04_16/step_80_micro_audit_blinds_v2_staging/micro_audit_blinds_v2_staging.log:274:./FB_Lighting_Blinds_Manager.st:33:    L_Blinds_V2_State_Shadow : ST_Blinds_State_V2;
./repo_logs/assistant_bridge/2026_04_16/step_80_micro_audit_blinds_v2_staging/micro_audit_blinds_v2_staging.log:275:./ST_Blinds_State_V2.dut:1:TYPE ST_Blinds_State_V2 :
./repo_logs/assistant_bridge/2026_04_16/step_01_repo_baseline/baseline.log:175:./ST_Blinds_State_V2.dut
./repo_logs/assistant_bridge/2026_04_16/step_01_repo_baseline/baseline.log:447:snapshots/project_clean_state_2026_04_16/ST_Blinds_State_V2.dut
./repo_logs/assistant_bridge/2026_04_16/step_66_micro_audit_lighting_v2_staging/micro_audit_lighting_v2_staging.log:62:    L_Blinds_V2_State_Shadow : ST_Blinds_State_V2;
./repo_logs/assistant_bridge/2026_04_16/step_66_micro_audit_lighting_v2_staging/micro_audit_lighting_v2_staging.log:162:    L_Blinds_V2_State_Shadow : ST_Blinds_State_V2;
./repo_logs/assistant_bridge/2026_04_16/step_63_root_only_transition_inventory/root_only_transition_inventory.log:157:ST_Blinds_State_V2.dut
./repo_logs/assistant_bridge/2026_04_16/step_63_root_only_transition_inventory/root_only_transition_inventory.log:232:ST_Blinds_State_V2.dut
./repo_logs/assistant_bridge/2026_04_16/step_63_root_only_transition_inventory/root_only_transition_inventory.log:312:--- FILE: ST_Blinds_State_V2.dut ---
./repo_logs/assistant_bridge/2026_04_16/step_63_root_only_transition_inventory/root_only_transition_inventory.log:313:SYMBOL BASE: ST_Blinds_State_V2
./repo_logs/assistant_bridge/2026_04_16/step_63_root_only_transition_inventory/root_only_transition_inventory.log:314:./FB_Blinds_V2_Staging.st:16:    VO_State_Shadow : ST_Blinds_State_V2;
./repo_logs/assistant_bridge/2026_04_16/step_63_root_only_transition_inventory/root_only_transition_inventory.log:315:./FB_Lighting_Blinds_Manager.st:33:    L_Blinds_V2_State_Shadow : ST_Blinds_State_V2;
./repo_logs/assistant_bridge/2026_04_16/step_63_root_only_transition_inventory/root_only_transition_inventory.log:316:./ST_Blinds_State_V2.dut:1:TYPE ST_Blinds_State_V2 :
./repo_logs/assistant_bridge/2026_04_16/step_45_scenario_layer_audit_fixed/scenario_layer_audit_fixed.log:156:./ST_Blinds_State_V2.dut
./repo_logs/assistant_bridge/2026_04_16/step_45_scenario_layer_audit_fixed/scenario_layer_audit_fixed.log:365:./snapshots/project_clean_state_2026_04_16/ST_Blinds_State_V2.dut
./repo_logs/assistant_bridge/2026_04_16/step_45_scenario_layer_audit_fixed/scenario_layer_audit_fixed.log:436:./snapshots/project_clean_state_2026_04_16/workspace/dut_rebuild/blinds_v2/ST_Blinds_State_V2.dut
./repo_logs/assistant_bridge/2026_04_16/step_45_scenario_layer_audit_fixed/scenario_layer_audit_fixed.log:531:./workspace/dut_rebuild/blinds_v2/ST_Blinds_State_V2.dut
./repo_logs/assistant_bridge/2026_04_16/step_65_prioritize_runtime_bridge_collapse/prioritize_runtime_bridge_collapse.log:13:ST_Blinds_State_V2.dut | keep_for_now | used by active bridge
./snapshots/project_clean_state_2026_04_16/steps/MASTER_PIPELINE/005_RESULT.xml:5918:          <derived name="ST_Blinds_State_V2" />
./snapshots/project_clean_state_2026_04_16/steps/MASTER_PIPELINE/004_RESULT.xml:3944:                <derived name="ST_Blinds_State_V2" />
./snapshots/project_clean_state_2026_04_16/steps/MASTER_PIPELINE/003_GVL_BASELINE_INPUT.xml:7295:          <derived name="ST_Blinds_State_V2" />
./snapshots/project_clean_state_2026_04_16/steps/MASTER_PIPELINE/out/004_RESULT.xml:3944:                <derived name="ST_Blinds_State_V2" />
./snapshots/project_clean_state_2026_04_16/steps/MASTER_PIPELINE/out/003_RESULT.xml:5321:                <derived name="ST_Blinds_State_V2" />
./snapshots/project_clean_state_2026_04_16/steps/MASTER_PIPELINE/002_BASE.xml:4681:                <derived name="ST_Blinds_State_V2" />
./snapshots/project_clean_state_2026_04_16/steps/MASTER_PIPELINE/002_BASE.xml:9360:                <derived name="ST_Blinds_State_V2" />
./snapshots/project_clean_state_2026_04_16/steps/MASTER_PIPELINE/003_RESULT.xml:5321:                <derived name="ST_Blinds_State_V2" />
./snapshots/project_clean_state_2026_04_16/steps/MASTER_PIPELINE/archive_logs/003_GVL_XML_TEMPLATE_ANALYSIS.log:3513:          <derived name="ST_Blinds_State_V2" />
./snapshots/project_clean_state_2026_04_16/steps/MASTER_PIPELINE/001_BASE.xml:7313:                <derived name="ST_Blinds_State_V2" />
./snapshots/project_clean_state_2026_04_16/FB_Lighting_Blinds_Manager.st:33:    L_Blinds_V2_State_Shadow : ST_Blinds_State_V2;
./snapshots/project_clean_state_2026_04_16/diagnostics/2026_04_16/step_10_git_commit_failure_debug.log:179:./ST_Blinds_State_V2.dut
./snapshots/project_clean_state_2026_04_16/diagnostics/2026_04_16/step_08_flatten_unpacked_root.log:159:./ST_Blinds_State_V2.dut
./snapshots/project_clean_state_2026_04_16/diagnostics/2026_04_16/step_11_project_structure.log:156:./ST_Blinds_State_V2.dut
./snapshots/project_clean_state_2026_04_16/diagnostics/2026_04_16/step_11_project_structure.log:399:./ST_Blinds_State_V2.dut
./snapshots/project_clean_state_2026_04_16/компилятор/logs/004_import_dut_v11.log:42:ST_Blinds_State_V2.dut: STRUCT ST_Blinds_State_V2 fields=1
./snapshots/project_clean_state_2026_04_16/компилятор/logs/004_import_dut_v11.log:109:STRUCT ST_Blinds_State_V2: total=1 with_initializer=0 without_initializer=1 array_initializer=0 unsupported_initializer=0
./snapshots/project_clean_state_2026_04_16/компилятор/out/RESULT_methods_clean.xml:827:      <dataType name="ST_Blinds_State_V2">
./snapshots/project_clean_state_2026_04_16/компилятор/out/RESULT_methods_clean.xml:5982:                <derived name="ST_Blinds_State_V2" />
./snapshots/project_clean_state_2026_04_16/компилятор/out/RESULT_methods_clean.xml:15914:                <derived name="ST_Blinds_State_V2" />
./snapshots/project_clean_state_2026_04_16/компилятор/out/RESULT_methods_clean.xml:20130:            <Object Name="ST_Blinds_State_V2" ObjectId="260e35f2-783d-4862-88aa-716fe94f640d" />
./snapshots/project_clean_state_2026_04_16/ST_Blinds_State_V2.dut:1:TYPE ST_Blinds_State_V2 :
./snapshots/project_clean_state_2026_04_16/диагностика/file_access_audit.log:189:ST_Blinds_State_V2.dut	file	yes	yes	yes	0o666
./snapshots/project_clean_state_2026_04_16/диагностика/file_access_audit.log:797:snapshots/clean_build_20260414_0820/ST_Blinds_State_V2.dut	file	yes	yes	yes	0o666
./snapshots/project_clean_state_2026_04_16/диагностика/file_access_audit.log:1159:snapshots/clean_build_20260414_0820/workspace/dut_rebuild/blinds_v2/ST_Blinds_State_V2.dut	file	yes	yes	yes	0o666
./snapshots/project_clean_state_2026_04_16/диагностика/file_access_audit.log:1677:snapshots/clean_build_2026_04_14/ST_Blinds_State_V2.dut	file	yes	yes	yes	0o666
./snapshots/project_clean_state_2026_04_16/диагностика/file_access_audit.log:2040:snapshots/clean_build_2026_04_14/workspace/dut_rebuild/blinds_v2/ST_Blinds_State_V2.dut	file	yes	yes	yes	0o666
./snapshots/project_clean_state_2026_04_16/диагностика/file_access_audit.log:2541:snapshots/clean_build_2026_04_15/ST_Blinds_State_V2.dut	file	yes	yes	yes	0o666
./snapshots/project_clean_state_2026_04_16/диагностика/file_access_audit.log:2915:snapshots/clean_build_2026_04_15/workspace/dut_rebuild/blinds_v2/ST_Blinds_State_V2.dut	file	yes	yes	yes	0o666
./snapshots/project_clean_state_2026_04_16/диагностика/file_access_audit.log:3327:workspace/dut_rebuild/blinds_v2/ST_Blinds_State_V2.dut	file	yes	yes	yes	0o666
./snapshots/project_clean_state_2026_04_16/workspace/export_forensics/sandbox/XML_INTERFACE_PREVIEW.txt:383:  <variable name="L_Blinds_V2_State_Shadow"><type><derived name="ST_Blinds_State_V2"/></type></variable>
./snapshots/project_clean_state_2026_04_16/workspace/export_forensics/sandbox/XML_INTERFACE_PREVIEW_CLEAN.txt:374:  <variable name="L_Blinds_V2_State_Shadow"><type><derived name="ST_Blinds_State_V2"/></type></variable>
./snapshots/project_clean_state_2026_04_16/workspace/export_forensics/sandbox/XML_INTERFACE_PREVIEW_CLEAN_V2.txt:882:    <type><derived name="ST_Blinds_State_V2"/></type>
./snapshots/project_clean_state_2026_04_16/workspace/export_forensics/sandbox/INTERFACE_PREVIEW.txt:334:L_Blinds_V2_State_Shadow : derived(ST_Blinds_State_V2)
./snapshots/project_clean_state_2026_04_16/workspace/draft_v2_inventory_2026-04-12.md:27:- ST_Blinds_State_V2
./snapshots/project_clean_state_2026_04_16/workspace/dut_rebuild/blinds_v2/extraction/FB_Blinds_State_Extractor_DRAFT.st:7:    VO_State : ST_Blinds_State_V2;
./snapshots/project_clean_state_2026_04_16/workspace/dut_rebuild/blinds_v2/v2_core/FB_Blinds_V2_Core_DRAFT.st:4:    VI_State_In : ST_Blinds_State_V2;
./snapshots/project_clean_state_2026_04_16/workspace/dut_rebuild/blinds_v2/v2_core/FB_Blinds_V2_Core_DRAFT.st:8:    VO_State_Out : ST_Blinds_State_V2;
./snapshots/project_clean_state_2026_04_16/workspace/dut_rebuild/blinds_v2/staging/FB_Blinds_V2_Staging_DRAFT.st:17:    VO_State_Shadow : ST_Blinds_State_V2;
./snapshots/project_clean_state_2026_04_16/workspace/dut_rebuild/blinds_v2/staging/FB_Blinds_V2_Staging_DRAFT.st:24:    L_State_V2 : ST_Blinds_State_V2;
./snapshots/project_clean_state_2026_04_16/workspace/dut_rebuild/blinds_v2/ST_Blinds_State_V2.dut:1:TYPE ST_Blinds_State_V2 :
./snapshots/project_clean_state_2026_04_16/workspace/dut_rebuild/blinds_v2/compatibility/FB_Blinds_Legacy_To_V2_State_Adapter_DRAFT.st:10:    VO_State_V2 : ST_Blinds_State_V2;
./snapshots/project_clean_state_2026_04_16/FB_Blinds_V2_Staging.st:16:    VO_State_Shadow : ST_Blinds_State_V2;
./snapshots/clean_build_2026_04_16/компилятор/logs/004_import_dut_v11.log:42:ST_Blinds_State_V2.dut: STRUCT ST_Blinds_State_V2 fields=1
./snapshots/clean_build_2026_04_16/компилятор/logs/004_import_dut_v11.log:109:STRUCT ST_Blinds_State_V2: total=1 with_initializer=0 without_initializer=1 array_initializer=0 unsupported_initializer=0
./snapshots/clean_build_2026_04_16/компилятор/out/RESULT_methods_clean.xml:827:      <dataType name="ST_Blinds_State_V2">
./snapshots/clean_build_2026_04_16/компилятор/out/RESULT_methods_clean.xml:5982:                <derived name="ST_Blinds_State_V2" />
./snapshots/clean_build_2026_04_16/компилятор/out/RESULT_methods_clean.xml:15914:                <derived name="ST_Blinds_State_V2" />
./snapshots/clean_build_2026_04_16/компилятор/out/RESULT_methods_clean.xml:20130:            <Object Name="ST_Blinds_State_V2" ObjectId="260e35f2-783d-4862-88aa-716fe94f640d" />
./диагностика/file_access_audit.log:189:ST_Blinds_State_V2.dut	file	yes	yes	yes	0o666
./диагностика/file_access_audit.log:797:snapshots/clean_build_20260414_0820/ST_Blinds_State_V2.dut	file	yes	yes	yes	0o666
./диагностика/file_access_audit.log:1159:snapshots/clean_build_20260414_0820/workspace/dut_rebuild/blinds_v2/ST_Blinds_State_V2.dut	file	yes	yes	yes	0o666
./диагностика/file_access_audit.log:1677:snapshots/clean_build_2026_04_14/ST_Blinds_State_V2.dut	file	yes	yes	yes	0o666
./диагностика/file_access_audit.log:2040:snapshots/clean_build_2026_04_14/workspace/dut_rebuild/blinds_v2/ST_Blinds_State_V2.dut	file	yes	yes	yes	0o666
./диагностика/file_access_audit.log:2541:snapshots/clean_build_2026_04_15/ST_Blinds_State_V2.dut	file	yes	yes	yes	0o666
./диагностика/file_access_audit.log:2915:snapshots/clean_build_2026_04_15/workspace/dut_rebuild/blinds_v2/ST_Blinds_State_V2.dut	file	yes	yes	yes	0o666
./диагностика/file_access_audit.log:3327:workspace/dut_rebuild/blinds_v2/ST_Blinds_State_V2.dut	file	yes	yes	yes	0o666
./workspace/export_forensics/sandbox/XML_INTERFACE_PREVIEW.txt:383:  <variable name="L_Blinds_V2_State_Shadow"><type><derived name="ST_Blinds_State_V2"/></type></variable>
./workspace/export_forensics/sandbox/XML_INTERFACE_PREVIEW_CLEAN.txt:374:  <variable name="L_Blinds_V2_State_Shadow"><type><derived name="ST_Blinds_State_V2"/></type></variable>
./workspace/export_forensics/sandbox/XML_INTERFACE_PREVIEW_CLEAN_V2.txt:882:    <type><derived name="ST_Blinds_State_V2"/></type>
./workspace/export_forensics/sandbox/INTERFACE_PREVIEW.txt:334:L_Blinds_V2_State_Shadow : derived(ST_Blinds_State_V2)
./workspace/draft_v2_inventory_2026-04-12.md:27:- ST_Blinds_State_V2
./workspace/dut_rebuild/blinds_v2/extraction/FB_Blinds_State_Extractor_DRAFT.st:7:    VO_State : ST_Blinds_State_V2;
./workspace/dut_rebuild/blinds_v2/v2_core/FB_Blinds_V2_Core_DRAFT.st:4:    VI_State_In : ST_Blinds_State_V2;
./workspace/dut_rebuild/blinds_v2/v2_core/FB_Blinds_V2_Core_DRAFT.st:8:    VO_State_Out : ST_Blinds_State_V2;
./workspace/dut_rebuild/blinds_v2/staging/FB_Blinds_V2_Staging_DRAFT.st:17:    VO_State_Shadow : ST_Blinds_State_V2;
./workspace/dut_rebuild/blinds_v2/staging/FB_Blinds_V2_Staging_DRAFT.st:24:    L_State_V2 : ST_Blinds_State_V2;
./workspace/dut_rebuild/blinds_v2/ST_Blinds_State_V2.dut:1:TYPE ST_Blinds_State_V2 :
./workspace/dut_rebuild/blinds_v2/compatibility/FB_Blinds_Legacy_To_V2_State_Adapter_DRAFT.st:10:    VO_State_V2 : ST_Blinds_State_V2;

--- ST_DHW_Command_V2 ---
./steps/MASTER_PIPELINE/005_RESULT.xml:3185:          <derived name="ST_DHW_Command_V2" />
./steps/MASTER_PIPELINE/004_RESULT.xml:4776:                <derived name="ST_DHW_Command_V2" />
./steps/MASTER_PIPELINE/003_GVL_BASELINE_INPUT.xml:4562:          <derived name="ST_DHW_Command_V2" />
./steps/MASTER_PIPELINE/out/004_RESULT.xml:4776:                <derived name="ST_DHW_Command_V2" />
./steps/MASTER_PIPELINE/out/003_RESULT.xml:6153:                <derived name="ST_DHW_Command_V2" />
./steps/MASTER_PIPELINE/002_BASE.xml:5387:                <derived name="ST_DHW_Command_V2" />
./steps/MASTER_PIPELINE/002_BASE.xml:5796:                <derived name="ST_DHW_Command_V2" />
./steps/MASTER_PIPELINE/003_RESULT.xml:6153:                <derived name="ST_DHW_Command_V2" />
./steps/MASTER_PIPELINE/archive_logs/003_GVL_XML_TEMPLATE_ANALYSIS.log:2501:          <derived name="ST_DHW_Command_V2" />
./steps/MASTER_PIPELINE/001_BASE.xml:4540:                <derived name="ST_DHW_Command_V2" />
./steps/2026-04-17_remove_dhw_manager_internal_scaffold/01_remove_dhw_manager_internal_scaffold.py:9:    "    L_DHW_V2_Command_V2 : ST_DHW_Command_V2;\n",
./steps/2026-04-17_audit_zero_ref_v2_dut_leftovers/01_audit_zero_ref_v2_dut_leftovers.py:9:    "ST_DHW_Command_V2.dut",
./diagnostics/2026_04_16/step_10_git_commit_failure_debug.log:182:./ST_DHW_Command_V2.dut
./diagnostics/2026_04_16/step_08_flatten_unpacked_root.log:162:./ST_DHW_Command_V2.dut
./diagnostics/2026_04_16/step_13_full_project_snapshot.log:160:snapshots/project_clean_state_2026_04_16/ST_DHW_Command_V2.dut
./diagnostics/2026_04_16/step_11_project_structure.log:159:./ST_DHW_Command_V2.dut
./diagnostics/2026_04_16/step_11_project_structure.log:402:./ST_DHW_Command_V2.dut
./компилятор/logs/004_import_dut_v11.log:44:ST_DHW_Command_V2.dut: STRUCT ST_DHW_Command_V2 fields=1
./компилятор/logs/004_import_dut_v11.log:111:STRUCT ST_DHW_Command_V2: total=1 with_initializer=0 without_initializer=1 array_initializer=0 unsupported_initializer=0
./компилятор/out/RESULT_methods_clean.xml:943:      <dataType name="ST_DHW_Command_V2">
./компилятор/out/RESULT_methods_clean.xml:13895:                <derived name="ST_DHW_Command_V2" />
./компилятор/out/RESULT_methods_clean.xml:16202:                <derived name="ST_DHW_Command_V2" />
./компилятор/out/RESULT_methods_clean.xml:20126:            <Object Name="ST_DHW_Command_V2" ObjectId="86f49496-731c-4c86-82c2-1aeca18149e6" />
./repo_logs/diagnostics/2026_04_16/constants_dut_usage.log:159:./ST_DHW_Command_V2.dut
./repo_logs/diagnostics/2026_04_16/constants_dut_usage.log:291:./workspace/dut_rebuild/dhw_v2/ST_DHW_Command_V2.dut
./repo_logs/assistant_bridge/2026_04_17/step_113_post_cleanup_sanity_audit/post_cleanup_sanity_audit.log:375:23:    L_DHW_V2_Command_V2 : ST_DHW_Command_V2;
./repo_logs/assistant_bridge/2026_04_17/step_133_audit_zero_ref_v2_dut_leftovers/audit_zero_ref_v2_dut_leftovers.log:25:--- ST_DHW_Command_V2.dut ---
./repo_logs/assistant_bridge/2026_04_17/step_133_audit_zero_ref_v2_dut_leftovers/audit_zero_ref_v2_dut_leftovers.log:106:ST_DHW_Command_V2.dut
./repo_logs/assistant_bridge/2026_04_17/step_122_remove_dhw_manager_internal_scaffold/remove_dhw_manager_internal_scaffold.log:5:23:    L_DHW_V2_Command_V2 : ST_DHW_Command_V2;
./repo_logs/assistant_bridge/2026_04_17/step_122_remove_dhw_manager_internal_scaffold/remove_dhw_manager_internal_scaffold.log:218:-    L_DHW_V2_Command_V2 : ST_DHW_Command_V2;
./repo_logs/assistant_bridge/2026_04_17/step_86_remove_unused_dhw_v2_staging_var/remove_unused_dhw_v2_staging_var.log:26:     L_DHW_V2_Command_V2 : ST_DHW_Command_V2;
./repo_logs/assistant_bridge/2026_04_17/step_131_control_final_root_audit_and_unused_inventory/control_final_root_audit_and_unused_inventory.log:200:ST_DHW_Command_V2.dut
./repo_logs/assistant_bridge/2026_04_17/step_131_control_final_root_audit_and_unused_inventory/control_final_root_audit_and_unused_inventory.log:1080:ST_DHW_Command_V2.dut | type=.dut | symbol=ST_DHW_Command_V2 | external_refs=13
./repo_logs/assistant_bridge/2026_04_17/step_131_control_final_root_audit_and_unused_inventory/control_final_root_audit_and_unused_inventory.log:1083:  snapshots/project_clean_state_2026_04_16/ST_DHW_Command_V2.dut
./repo_logs/assistant_bridge/2026_04_17/step_131_control_final_root_audit_and_unused_inventory/control_final_root_audit_and_unused_inventory.log:1084:  snapshots/project_clean_state_2026_04_16/workspace/dut_rebuild/dhw_v2/ST_DHW_Command_V2.dut
./repo_logs/assistant_bridge/2026_04_17/step_131_control_final_root_audit_and_unused_inventory/control_final_root_audit_and_unused_inventory.log:1089:  workspace/dut_rebuild/dhw_v2/ST_DHW_Command_V2.dut
./repo_logs/assistant_bridge/2026_04_17/step_121_micro_audit_dhw_manager_internal_scaffold_cleanup/micro_audit_dhw_manager_internal_scaffold_cleanup.log:5:23:    L_DHW_V2_Command_V2 : ST_DHW_Command_V2;
./repo_logs/assistant_bridge/2026_04_17/step_121_micro_audit_dhw_manager_internal_scaffold_cleanup/micro_audit_dhw_manager_internal_scaffold_cleanup.log:110:    L_DHW_V2_Command_V2 : ST_DHW_Command_V2;
./repo_logs/assistant_bridge/2026_04_17/step_132_root_unused_inventory_v2_live_only/root_unused_inventory_v2_live_only.log:154:ST_DHW_Command_V2.dut
./repo_logs/assistant_bridge/2026_04_17/step_132_root_unused_inventory_v2_live_only/root_unused_inventory_v2_live_only.log:618:ST_DHW_Command_V2.dut | type=.dut | symbol=ST_DHW_Command_V2 | external_refs=0
./repo_logs/assistant_bridge/2026_04_17/step_132_root_unused_inventory_v2_live_only/root_unused_inventory_v2_live_only.log:795:ST_DHW_Command_V2.dut | type=.dut | symbol=ST_DHW_Command_V2
./repo_logs/assistant_bridge/2026_04_17/step_110_audit_internal_shadow_scaffold_tails/audit_internal_shadow_scaffold_tails.log:1055:23:    L_DHW_V2_Command_V2 : ST_DHW_Command_V2;
./repo_logs/assistant_bridge/2026_04_17/step_110_audit_internal_shadow_scaffold_tails/audit_internal_shadow_scaffold_tails.log:1123:    L_DHW_V2_Command_V2 : ST_DHW_Command_V2;
./repo_logs/assistant_bridge/2026_04_17/step_110_audit_internal_shadow_scaffold_tails/audit_internal_shadow_scaffold_tails.log:1625:FB_DHW_Manager.st:23:    L_DHW_V2_Command_V2 : ST_DHW_Command_V2;
grep: ./repo_logs/assistant_bridge/2026_04_17/step_134_remove_zero_ref_v2_dut_leftovers/remove_zero_ref_v2_dut_leftovers.log: input file is also the output
./repo_logs/assistant_bridge/2026_04_17/step_83_micro_audit_dhw_v2_staging/micro_audit_dhw_v2_staging.log:20:    VO_Command_Shadow : ST_DHW_Command_V2;
./repo_logs/assistant_bridge/2026_04_17/step_83_micro_audit_dhw_v2_staging/micro_audit_dhw_v2_staging.log:55:    L_DHW_V2_Command_V2 : ST_DHW_Command_V2;
./repo_logs/assistant_bridge/2026_04_17/step_83_micro_audit_dhw_v2_staging/micro_audit_dhw_v2_staging.log:139:TYPE ST_DHW_Command_V2 :
./repo_logs/assistant_bridge/2026_04_17/step_83_micro_audit_dhw_v2_staging/micro_audit_dhw_v2_staging.log:154:./FB_DHW_Manager.st:24:    L_DHW_V2_Command_V2 : ST_DHW_Command_V2;
./repo_logs/assistant_bridge/2026_04_17/step_83_micro_audit_dhw_v2_staging/micro_audit_dhw_v2_staging.log:155:./FB_DHW_V2_Staging.st:16:    VO_Command_Shadow : ST_DHW_Command_V2;
./repo_logs/assistant_bridge/2026_04_17/step_83_micro_audit_dhw_v2_staging/micro_audit_dhw_v2_staging.log:156:./ST_DHW_Command_V2.dut:1:TYPE ST_DHW_Command_V2 :
./repo_logs/assistant_bridge/2026_04_16/step_64_classify_root_transition_layers_fixed/classify_root_transition_layers_fixed.log:11:ST_DHW_Command_V2.dut
./repo_logs/assistant_bridge/2026_04_16/step_01_repo_baseline/baseline.log:178:./ST_DHW_Command_V2.dut
./repo_logs/assistant_bridge/2026_04_16/step_01_repo_baseline/baseline.log:450:snapshots/project_clean_state_2026_04_16/ST_DHW_Command_V2.dut
./repo_logs/assistant_bridge/2026_04_16/step_63_root_only_transition_inventory/root_only_transition_inventory.log:160:ST_DHW_Command_V2.dut
./repo_logs/assistant_bridge/2026_04_16/step_63_root_only_transition_inventory/root_only_transition_inventory.log:245:ST_DHW_Command_V2.dut
./repo_logs/assistant_bridge/2026_04_16/step_63_root_only_transition_inventory/root_only_transition_inventory.log:386:--- FILE: ST_DHW_Command_V2.dut ---
./repo_logs/assistant_bridge/2026_04_16/step_63_root_only_transition_inventory/root_only_transition_inventory.log:387:SYMBOL BASE: ST_DHW_Command_V2
./repo_logs/assistant_bridge/2026_04_16/step_63_root_only_transition_inventory/root_only_transition_inventory.log:388:./FB_DHW_Manager.st:24:    L_DHW_V2_Command_V2 : ST_DHW_Command_V2;
./repo_logs/assistant_bridge/2026_04_16/step_63_root_only_transition_inventory/root_only_transition_inventory.log:389:./FB_DHW_V2_Staging.st:16:    VO_Command_Shadow : ST_DHW_Command_V2;
./repo_logs/assistant_bridge/2026_04_16/step_63_root_only_transition_inventory/root_only_transition_inventory.log:390:./ST_DHW_Command_V2.dut:1:TYPE ST_DHW_Command_V2 :
./repo_logs/assistant_bridge/2026_04_16/step_45_scenario_layer_audit_fixed/scenario_layer_audit_fixed.log:159:./ST_DHW_Command_V2.dut
./repo_logs/assistant_bridge/2026_04_16/step_45_scenario_layer_audit_fixed/scenario_layer_audit_fixed.log:368:./snapshots/project_clean_state_2026_04_16/ST_DHW_Command_V2.dut
./repo_logs/assistant_bridge/2026_04_16/step_45_scenario_layer_audit_fixed/scenario_layer_audit_fixed.log:443:./snapshots/project_clean_state_2026_04_16/workspace/dut_rebuild/dhw_v2/ST_DHW_Command_V2.dut
./repo_logs/assistant_bridge/2026_04_16/step_45_scenario_layer_audit_fixed/scenario_layer_audit_fixed.log:538:./workspace/dut_rebuild/dhw_v2/ST_DHW_Command_V2.dut
./repo_logs/assistant_bridge/2026_04_16/step_65_prioritize_runtime_bridge_collapse/prioritize_runtime_bridge_collapse.log:8:ST_DHW_Command_V2.dut | keep_for_now | used by active bridge
./snapshots/project_clean_state_2026_04_16/steps/MASTER_PIPELINE/005_RESULT.xml:3185:          <derived name="ST_DHW_Command_V2" />
./snapshots/project_clean_state_2026_04_16/steps/MASTER_PIPELINE/004_RESULT.xml:4776:                <derived name="ST_DHW_Command_V2" />
./snapshots/project_clean_state_2026_04_16/steps/MASTER_PIPELINE/003_GVL_BASELINE_INPUT.xml:4562:          <derived name="ST_DHW_Command_V2" />
./snapshots/project_clean_state_2026_04_16/steps/MASTER_PIPELINE/out/004_RESULT.xml:4776:                <derived name="ST_DHW_Command_V2" />
./snapshots/project_clean_state_2026_04_16/steps/MASTER_PIPELINE/out/003_RESULT.xml:6153:                <derived name="ST_DHW_Command_V2" />
./snapshots/project_clean_state_2026_04_16/steps/MASTER_PIPELINE/002_BASE.xml:5387:                <derived name="ST_DHW_Command_V2" />
./snapshots/project_clean_state_2026_04_16/steps/MASTER_PIPELINE/002_BASE.xml:5796:                <derived name="ST_DHW_Command_V2" />
./snapshots/project_clean_state_2026_04_16/steps/MASTER_PIPELINE/003_RESULT.xml:6153:                <derived name="ST_DHW_Command_V2" />
./snapshots/project_clean_state_2026_04_16/steps/MASTER_PIPELINE/archive_logs/003_GVL_XML_TEMPLATE_ANALYSIS.log:2501:          <derived name="ST_DHW_Command_V2" />
./snapshots/project_clean_state_2026_04_16/steps/MASTER_PIPELINE/001_BASE.xml:4540:                <derived name="ST_DHW_Command_V2" />
./snapshots/project_clean_state_2026_04_16/diagnostics/2026_04_16/step_10_git_commit_failure_debug.log:182:./ST_DHW_Command_V2.dut
./snapshots/project_clean_state_2026_04_16/diagnostics/2026_04_16/step_08_flatten_unpacked_root.log:162:./ST_DHW_Command_V2.dut
./snapshots/project_clean_state_2026_04_16/diagnostics/2026_04_16/step_11_project_structure.log:159:./ST_DHW_Command_V2.dut
./snapshots/project_clean_state_2026_04_16/diagnostics/2026_04_16/step_11_project_structure.log:402:./ST_DHW_Command_V2.dut
./snapshots/project_clean_state_2026_04_16/компилятор/logs/004_import_dut_v11.log:45:ST_DHW_Command_V2.dut: STRUCT ST_DHW_Command_V2 fields=1
./snapshots/project_clean_state_2026_04_16/компилятор/logs/004_import_dut_v11.log:112:STRUCT ST_DHW_Command_V2: total=1 with_initializer=0 without_initializer=1 array_initializer=0 unsupported_initializer=0
./snapshots/project_clean_state_2026_04_16/компилятор/out/RESULT_methods_clean.xml:943:      <dataType name="ST_DHW_Command_V2">
./snapshots/project_clean_state_2026_04_16/компилятор/out/RESULT_methods_clean.xml:13892:                <derived name="ST_DHW_Command_V2" />
./snapshots/project_clean_state_2026_04_16/компилятор/out/RESULT_methods_clean.xml:16199:                <derived name="ST_DHW_Command_V2" />
./snapshots/project_clean_state_2026_04_16/компилятор/out/RESULT_methods_clean.xml:20133:            <Object Name="ST_DHW_Command_V2" ObjectId="3cad971b-be16-4ff6-aed8-80feb8b95d8c" />
./snapshots/project_clean_state_2026_04_16/диагностика/file_access_audit.log:192:ST_DHW_Command_V2.dut	file	yes	yes	yes	0o666
./snapshots/project_clean_state_2026_04_16/диагностика/file_access_audit.log:800:snapshots/clean_build_20260414_0820/ST_DHW_Command_V2.dut	file	yes	yes	yes	0o666
./snapshots/project_clean_state_2026_04_16/диагностика/file_access_audit.log:1173:snapshots/clean_build_20260414_0820/workspace/dut_rebuild/dhw_v2/ST_DHW_Command_V2.dut	file	yes	yes	yes	0o666
./snapshots/project_clean_state_2026_04_16/диагностика/file_access_audit.log:1680:snapshots/clean_build_2026_04_14/ST_DHW_Command_V2.dut	file	yes	yes	yes	0o666
./snapshots/project_clean_state_2026_04_16/диагностика/file_access_audit.log:2054:snapshots/clean_build_2026_04_14/workspace/dut_rebuild/dhw_v2/ST_DHW_Command_V2.dut	file	yes	yes	yes	0o666
./snapshots/project_clean_state_2026_04_16/диагностика/file_access_audit.log:2544:snapshots/clean_build_2026_04_15/ST_DHW_Command_V2.dut	file	yes	yes	yes	0o666
./snapshots/project_clean_state_2026_04_16/диагностика/file_access_audit.log:2929:snapshots/clean_build_2026_04_15/workspace/dut_rebuild/dhw_v2/ST_DHW_Command_V2.dut	file	yes	yes	yes	0o666
./snapshots/project_clean_state_2026_04_16/диагностика/file_access_audit.log:3341:workspace/dut_rebuild/dhw_v2/ST_DHW_Command_V2.dut	file	yes	yes	yes	0o666
./snapshots/project_clean_state_2026_04_16/FB_DHW_V2_Staging.st:16:    VO_Command_Shadow : ST_DHW_Command_V2;
./snapshots/project_clean_state_2026_04_16/workspace/export_forensics/sandbox/XML_INTERFACE_PREVIEW.txt:483:  <variable name="L_DHW_V2_Command_Shadow"><type><derived name="ST_DHW_Command_V2"/></type></variable>
./snapshots/project_clean_state_2026_04_16/workspace/export_forensics/sandbox/XML_INTERFACE_PREVIEW_CLEAN.txt:470:  <variable name="L_DHW_V2_Command_Shadow"><type><derived name="ST_DHW_Command_V2"/></type></variable>
./snapshots/project_clean_state_2026_04_16/workspace/export_forensics/sandbox/XML_INTERFACE_PREVIEW_CLEAN_V2.txt:1131:    <type><derived name="ST_DHW_Command_V2"/></type>
./snapshots/project_clean_state_2026_04_16/workspace/export_forensics/sandbox/INTERFACE_PREVIEW.txt:426:L_DHW_V2_Command_Shadow : derived(ST_DHW_Command_V2)
./snapshots/project_clean_state_2026_04_16/workspace/draft_v2_inventory_2026-04-12.md:22:- ST_DHW_Command_V2
./snapshots/project_clean_state_2026_04_16/workspace/dut_rebuild/dhw_v2/extraction/FB_DHW_Command_Extractor_DRAFT.st:7:    VO_Command : ST_DHW_Command_V2;
./snapshots/project_clean_state_2026_04_16/workspace/dut_rebuild/dhw_v2/v2_core/FB_DHW_V2_Core_DRAFT.st:3:    VI_Command : ST_DHW_Command_V2;
./snapshots/project_clean_state_2026_04_16/workspace/dut_rebuild/dhw_v2/v2_core/FB_DHW_V2_Core_DRAFT.st:7:    VO_Command_Out : ST_DHW_Command_V2;
./snapshots/project_clean_state_2026_04_16/workspace/dut_rebuild/dhw_v2/staging/FB_DHW_V2_Staging_DRAFT.st:17:    VO_Command_Shadow : ST_DHW_Command_V2;
./snapshots/project_clean_state_2026_04_16/workspace/dut_rebuild/dhw_v2/staging/FB_DHW_V2_Staging_DRAFT.st:24:    L_Command_V2 : ST_DHW_Command_V2;
./snapshots/project_clean_state_2026_04_16/workspace/dut_rebuild/dhw_v2/compatibility/FB_DHW_Legacy_To_V2_Command_Adapter_DRAFT.st:10:    VO_Command_V2 : ST_DHW_Command_V2;
./snapshots/project_clean_state_2026_04_16/workspace/dut_rebuild/dhw_v2/ST_DHW_Command_V2.dut:1:TYPE ST_DHW_Command_V2 :
./snapshots/project_clean_state_2026_04_16/ST_DHW_Command_V2.dut:1:TYPE ST_DHW_Command_V2 :
./snapshots/project_clean_state_2026_04_16/FB_DHW_Manager.st:24:    L_DHW_V2_Command_V2 : ST_DHW_Command_V2;
./snapshots/clean_build_2026_04_16/компилятор/logs/004_import_dut_v11.log:45:ST_DHW_Command_V2.dut: STRUCT ST_DHW_Command_V2 fields=1
./snapshots/clean_build_2026_04_16/компилятор/logs/004_import_dut_v11.log:112:STRUCT ST_DHW_Command_V2: total=1 with_initializer=0 without_initializer=1 array_initializer=0 unsupported_initializer=0
./snapshots/clean_build_2026_04_16/компилятор/out/RESULT_methods_clean.xml:943:      <dataType name="ST_DHW_Command_V2">
./snapshots/clean_build_2026_04_16/компилятор/out/RESULT_methods_clean.xml:13892:                <derived name="ST_DHW_Command_V2" />
./snapshots/clean_build_2026_04_16/компилятор/out/RESULT_methods_clean.xml:16199:                <derived name="ST_DHW_Command_V2" />
./snapshots/clean_build_2026_04_16/компилятор/out/RESULT_methods_clean.xml:20133:            <Object Name="ST_DHW_Command_V2" ObjectId="3cad971b-be16-4ff6-aed8-80feb8b95d8c" />
./диагностика/file_access_audit.log:192:ST_DHW_Command_V2.dut	file	yes	yes	yes	0o666
./диагностика/file_access_audit.log:800:snapshots/clean_build_20260414_0820/ST_DHW_Command_V2.dut	file	yes	yes	yes	0o666
./диагностика/file_access_audit.log:1173:snapshots/clean_build_20260414_0820/workspace/dut_rebuild/dhw_v2/ST_DHW_Command_V2.dut	file	yes	yes	yes	0o666
./диагностика/file_access_audit.log:1680:snapshots/clean_build_2026_04_14/ST_DHW_Command_V2.dut	file	yes	yes	yes	0o666
./диагностика/file_access_audit.log:2054:snapshots/clean_build_2026_04_14/workspace/dut_rebuild/dhw_v2/ST_DHW_Command_V2.dut	file	yes	yes	yes	0o666
./диагностика/file_access_audit.log:2544:snapshots/clean_build_2026_04_15/ST_DHW_Command_V2.dut	file	yes	yes	yes	0o666
./диагностика/file_access_audit.log:2929:snapshots/clean_build_2026_04_15/workspace/dut_rebuild/dhw_v2/ST_DHW_Command_V2.dut	file	yes	yes	yes	0o666
./диагностика/file_access_audit.log:3341:workspace/dut_rebuild/dhw_v2/ST_DHW_Command_V2.dut	file	yes	yes	yes	0o666
./workspace/export_forensics/sandbox/XML_INTERFACE_PREVIEW.txt:483:  <variable name="L_DHW_V2_Command_Shadow"><type><derived name="ST_DHW_Command_V2"/></type></variable>
./workspace/export_forensics/sandbox/XML_INTERFACE_PREVIEW_CLEAN.txt:470:  <variable name="L_DHW_V2_Command_Shadow"><type><derived name="ST_DHW_Command_V2"/></type></variable>
./workspace/export_forensics/sandbox/XML_INTERFACE_PREVIEW_CLEAN_V2.txt:1131:    <type><derived name="ST_DHW_Command_V2"/></type>
./workspace/export_forensics/sandbox/INTERFACE_PREVIEW.txt:426:L_DHW_V2_Command_Shadow : derived(ST_DHW_Command_V2)
./workspace/draft_v2_inventory_2026-04-12.md:22:- ST_DHW_Command_V2
./workspace/dut_rebuild/dhw_v2/extraction/FB_DHW_Command_Extractor_DRAFT.st:7:    VO_Command : ST_DHW_Command_V2;
./workspace/dut_rebuild/dhw_v2/v2_core/FB_DHW_V2_Core_DRAFT.st:3:    VI_Command : ST_DHW_Command_V2;
./workspace/dut_rebuild/dhw_v2/v2_core/FB_DHW_V2_Core_DRAFT.st:7:    VO_Command_Out : ST_DHW_Command_V2;
./workspace/dut_rebuild/dhw_v2/staging/FB_DHW_V2_Staging_DRAFT.st:17:    VO_Command_Shadow : ST_DHW_Command_V2;
./workspace/dut_rebuild/dhw_v2/staging/FB_DHW_V2_Staging_DRAFT.st:24:    L_Command_V2 : ST_DHW_Command_V2;
./workspace/dut_rebuild/dhw_v2/compatibility/FB_DHW_Legacy_To_V2_Command_Adapter_DRAFT.st:10:    VO_Command_V2 : ST_DHW_Command_V2;
./workspace/dut_rebuild/dhw_v2/ST_DHW_Command_V2.dut:1:TYPE ST_DHW_Command_V2 :

--- ST_DHW_State_V2 ---
./steps/MASTER_PIPELINE/005_RESULT.xml:3190:          <derived name="ST_DHW_State_V2" />
./steps/MASTER_PIPELINE/004_RESULT.xml:4781:                <derived name="ST_DHW_State_V2" />
./steps/MASTER_PIPELINE/003_GVL_BASELINE_INPUT.xml:4567:          <derived name="ST_DHW_State_V2" />
./steps/MASTER_PIPELINE/out/004_RESULT.xml:4781:                <derived name="ST_DHW_State_V2" />
./steps/MASTER_PIPELINE/out/003_RESULT.xml:6158:                <derived name="ST_DHW_State_V2" />
./steps/MASTER_PIPELINE/002_BASE.xml:5392:                <derived name="ST_DHW_State_V2" />
./steps/MASTER_PIPELINE/002_BASE.xml:5801:                <derived name="ST_DHW_State_V2" />
./steps/MASTER_PIPELINE/003_RESULT.xml:6158:                <derived name="ST_DHW_State_V2" />
./steps/MASTER_PIPELINE/archive_logs/003_GVL_XML_TEMPLATE_ANALYSIS.log:2506:          <derived name="ST_DHW_State_V2" />
./steps/MASTER_PIPELINE/001_BASE.xml:4545:                <derived name="ST_DHW_State_V2" />
./steps/2026-04-17_remove_dhw_manager_internal_scaffold/01_remove_dhw_manager_internal_scaffold.py:10:    "    L_DHW_V2_State_V2 : ST_DHW_State_V2;\n",
./steps/2026-04-17_audit_zero_ref_v2_dut_leftovers/01_audit_zero_ref_v2_dut_leftovers.py:10:    "ST_DHW_State_V2.dut",
./diagnostics/2026_04_16/step_10_git_commit_failure_debug.log:184:./ST_DHW_State_V2.dut
./diagnostics/2026_04_16/step_08_flatten_unpacked_root.log:164:./ST_DHW_State_V2.dut
./diagnostics/2026_04_16/step_13_full_project_snapshot.log:162:snapshots/project_clean_state_2026_04_16/ST_DHW_State_V2.dut
./diagnostics/2026_04_16/step_11_project_structure.log:161:./ST_DHW_State_V2.dut
./diagnostics/2026_04_16/step_11_project_structure.log:404:./ST_DHW_State_V2.dut
./компилятор/logs/004_import_dut_v11.log:46:ST_DHW_State_V2.dut: STRUCT ST_DHW_State_V2 fields=2
./компилятор/logs/004_import_dut_v11.log:113:STRUCT ST_DHW_State_V2: total=2 with_initializer=0 without_initializer=2 array_initializer=0 unsupported_initializer=0
./компилятор/out/RESULT_methods_clean.xml:1042:      <dataType name="ST_DHW_State_V2">
./компилятор/out/RESULT_methods_clean.xml:13900:                <derived name="ST_DHW_State_V2" />
./компилятор/out/RESULT_methods_clean.xml:16207:                <derived name="ST_DHW_State_V2" />
./компилятор/out/RESULT_methods_clean.xml:20128:            <Object Name="ST_DHW_State_V2" ObjectId="d5a9623a-cbd8-466e-a2dd-b97a4c90dded" />
./repo_logs/diagnostics/2026_04_16/constants_dut_usage.log:161:./ST_DHW_State_V2.dut
./repo_logs/diagnostics/2026_04_16/constants_dut_usage.log:292:./workspace/dut_rebuild/dhw_v2/ST_DHW_State_V2.dut
./repo_logs/assistant_bridge/2026_04_17/step_113_post_cleanup_sanity_audit/post_cleanup_sanity_audit.log:376:24:    L_DHW_V2_State_V2 : ST_DHW_State_V2;
./repo_logs/assistant_bridge/2026_04_17/step_133_audit_zero_ref_v2_dut_leftovers/audit_zero_ref_v2_dut_leftovers.log:32:--- ST_DHW_State_V2.dut ---
./repo_logs/assistant_bridge/2026_04_17/step_133_audit_zero_ref_v2_dut_leftovers/audit_zero_ref_v2_dut_leftovers.log:107:ST_DHW_State_V2.dut
./repo_logs/assistant_bridge/2026_04_17/step_122_remove_dhw_manager_internal_scaffold/remove_dhw_manager_internal_scaffold.log:6:24:    L_DHW_V2_State_V2 : ST_DHW_State_V2;
./repo_logs/assistant_bridge/2026_04_17/step_122_remove_dhw_manager_internal_scaffold/remove_dhw_manager_internal_scaffold.log:219:-    L_DHW_V2_State_V2 : ST_DHW_State_V2;
./repo_logs/assistant_bridge/2026_04_17/step_86_remove_unused_dhw_v2_staging_var/remove_unused_dhw_v2_staging_var.log:27:     L_DHW_V2_State_V2 : ST_DHW_State_V2;
./repo_logs/assistant_bridge/2026_04_17/step_131_control_final_root_audit_and_unused_inventory/control_final_root_audit_and_unused_inventory.log:202:ST_DHW_State_V2.dut
./repo_logs/assistant_bridge/2026_04_17/step_131_control_final_root_audit_and_unused_inventory/control_final_root_audit_and_unused_inventory.log:1100:ST_DHW_State_V2.dut | type=.dut | symbol=ST_DHW_State_V2 | external_refs=13
./repo_logs/assistant_bridge/2026_04_17/step_131_control_final_root_audit_and_unused_inventory/control_final_root_audit_and_unused_inventory.log:1103:  snapshots/project_clean_state_2026_04_16/ST_DHW_State_V2.dut
./repo_logs/assistant_bridge/2026_04_17/step_131_control_final_root_audit_and_unused_inventory/control_final_root_audit_and_unused_inventory.log:1104:  snapshots/project_clean_state_2026_04_16/workspace/dut_rebuild/dhw_v2/ST_DHW_State_V2.dut
./repo_logs/assistant_bridge/2026_04_17/step_131_control_final_root_audit_and_unused_inventory/control_final_root_audit_and_unused_inventory.log:1109:  workspace/dut_rebuild/dhw_v2/ST_DHW_State_V2.dut
./repo_logs/assistant_bridge/2026_04_17/step_121_micro_audit_dhw_manager_internal_scaffold_cleanup/micro_audit_dhw_manager_internal_scaffold_cleanup.log:6:24:    L_DHW_V2_State_V2 : ST_DHW_State_V2;
./repo_logs/assistant_bridge/2026_04_17/step_121_micro_audit_dhw_manager_internal_scaffold_cleanup/micro_audit_dhw_manager_internal_scaffold_cleanup.log:111:    L_DHW_V2_State_V2 : ST_DHW_State_V2;
./repo_logs/assistant_bridge/2026_04_17/step_132_root_unused_inventory_v2_live_only/root_unused_inventory_v2_live_only.log:156:ST_DHW_State_V2.dut
./repo_logs/assistant_bridge/2026_04_17/step_132_root_unused_inventory_v2_live_only/root_unused_inventory_v2_live_only.log:622:ST_DHW_State_V2.dut | type=.dut | symbol=ST_DHW_State_V2 | external_refs=0
./repo_logs/assistant_bridge/2026_04_17/step_132_root_unused_inventory_v2_live_only/root_unused_inventory_v2_live_only.log:796:ST_DHW_State_V2.dut | type=.dut | symbol=ST_DHW_State_V2
./repo_logs/assistant_bridge/2026_04_17/step_110_audit_internal_shadow_scaffold_tails/audit_internal_shadow_scaffold_tails.log:1056:24:    L_DHW_V2_State_V2 : ST_DHW_State_V2;
./repo_logs/assistant_bridge/2026_04_17/step_110_audit_internal_shadow_scaffold_tails/audit_internal_shadow_scaffold_tails.log:1124:    L_DHW_V2_State_V2 : ST_DHW_State_V2;
./repo_logs/assistant_bridge/2026_04_17/step_110_audit_internal_shadow_scaffold_tails/audit_internal_shadow_scaffold_tails.log:1626:FB_DHW_Manager.st:24:    L_DHW_V2_State_V2 : ST_DHW_State_V2;
grep: ./repo_logs/assistant_bridge/2026_04_17/step_134_remove_zero_ref_v2_dut_leftovers/remove_zero_ref_v2_dut_leftovers.log: input file is also the output
./repo_logs/assistant_bridge/2026_04_17/step_83_micro_audit_dhw_v2_staging/micro_audit_dhw_v2_staging.log:21:    VO_State_Shadow : ST_DHW_State_V2;
./repo_logs/assistant_bridge/2026_04_17/step_83_micro_audit_dhw_v2_staging/micro_audit_dhw_v2_staging.log:56:    L_DHW_V2_State_V2 : ST_DHW_State_V2;
./repo_logs/assistant_bridge/2026_04_17/step_83_micro_audit_dhw_v2_staging/micro_audit_dhw_v2_staging.log:145:TYPE ST_DHW_State_V2 : STRUCT
./repo_logs/assistant_bridge/2026_04_17/step_83_micro_audit_dhw_v2_staging/micro_audit_dhw_v2_staging.log:158:./FB_DHW_Manager.st:25:    L_DHW_V2_State_V2 : ST_DHW_State_V2;
./repo_logs/assistant_bridge/2026_04_17/step_83_micro_audit_dhw_v2_staging/micro_audit_dhw_v2_staging.log:159:./FB_DHW_V2_Staging.st:17:    VO_State_Shadow : ST_DHW_State_V2;
./repo_logs/assistant_bridge/2026_04_17/step_83_micro_audit_dhw_v2_staging/micro_audit_dhw_v2_staging.log:160:./ST_DHW_State_V2.dut:1:TYPE ST_DHW_State_V2 : STRUCT
./repo_logs/assistant_bridge/2026_04_16/step_64_classify_root_transition_layers_fixed/classify_root_transition_layers_fixed.log:12:ST_DHW_State_V2.dut
./repo_logs/assistant_bridge/2026_04_16/step_01_repo_baseline/baseline.log:180:./ST_DHW_State_V2.dut
./repo_logs/assistant_bridge/2026_04_16/step_01_repo_baseline/baseline.log:452:snapshots/project_clean_state_2026_04_16/ST_DHW_State_V2.dut
./repo_logs/assistant_bridge/2026_04_16/step_63_root_only_transition_inventory/root_only_transition_inventory.log:162:ST_DHW_State_V2.dut
./repo_logs/assistant_bridge/2026_04_16/step_63_root_only_transition_inventory/root_only_transition_inventory.log:246:ST_DHW_State_V2.dut
./repo_logs/assistant_bridge/2026_04_16/step_63_root_only_transition_inventory/root_only_transition_inventory.log:392:--- FILE: ST_DHW_State_V2.dut ---
./repo_logs/assistant_bridge/2026_04_16/step_63_root_only_transition_inventory/root_only_transition_inventory.log:393:SYMBOL BASE: ST_DHW_State_V2
./repo_logs/assistant_bridge/2026_04_16/step_63_root_only_transition_inventory/root_only_transition_inventory.log:394:./FB_DHW_Manager.st:25:    L_DHW_V2_State_V2 : ST_DHW_State_V2;
./repo_logs/assistant_bridge/2026_04_16/step_63_root_only_transition_inventory/root_only_transition_inventory.log:395:./FB_DHW_V2_Staging.st:17:    VO_State_Shadow : ST_DHW_State_V2;
./repo_logs/assistant_bridge/2026_04_16/step_63_root_only_transition_inventory/root_only_transition_inventory.log:396:./ST_DHW_State_V2.dut:1:TYPE ST_DHW_State_V2 : STRUCT
./repo_logs/assistant_bridge/2026_04_16/step_45_scenario_layer_audit_fixed/scenario_layer_audit_fixed.log:161:./ST_DHW_State_V2.dut
./repo_logs/assistant_bridge/2026_04_16/step_45_scenario_layer_audit_fixed/scenario_layer_audit_fixed.log:370:./snapshots/project_clean_state_2026_04_16/ST_DHW_State_V2.dut
./repo_logs/assistant_bridge/2026_04_16/step_45_scenario_layer_audit_fixed/scenario_layer_audit_fixed.log:444:./snapshots/project_clean_state_2026_04_16/workspace/dut_rebuild/dhw_v2/ST_DHW_State_V2.dut
./repo_logs/assistant_bridge/2026_04_16/step_45_scenario_layer_audit_fixed/scenario_layer_audit_fixed.log:539:./workspace/dut_rebuild/dhw_v2/ST_DHW_State_V2.dut
./repo_logs/assistant_bridge/2026_04_16/step_65_prioritize_runtime_bridge_collapse/prioritize_runtime_bridge_collapse.log:9:ST_DHW_State_V2.dut | keep_for_now | used by active bridge
./snapshots/project_clean_state_2026_04_16/steps/MASTER_PIPELINE/005_RESULT.xml:3190:          <derived name="ST_DHW_State_V2" />
./snapshots/project_clean_state_2026_04_16/steps/MASTER_PIPELINE/004_RESULT.xml:4781:                <derived name="ST_DHW_State_V2" />
./snapshots/project_clean_state_2026_04_16/steps/MASTER_PIPELINE/003_GVL_BASELINE_INPUT.xml:4567:          <derived name="ST_DHW_State_V2" />
./snapshots/project_clean_state_2026_04_16/steps/MASTER_PIPELINE/out/004_RESULT.xml:4781:                <derived name="ST_DHW_State_V2" />
./snapshots/project_clean_state_2026_04_16/steps/MASTER_PIPELINE/out/003_RESULT.xml:6158:                <derived name="ST_DHW_State_V2" />
./snapshots/project_clean_state_2026_04_16/steps/MASTER_PIPELINE/002_BASE.xml:5392:                <derived name="ST_DHW_State_V2" />
./snapshots/project_clean_state_2026_04_16/steps/MASTER_PIPELINE/002_BASE.xml:5801:                <derived name="ST_DHW_State_V2" />
./snapshots/project_clean_state_2026_04_16/steps/MASTER_PIPELINE/003_RESULT.xml:6158:                <derived name="ST_DHW_State_V2" />
./snapshots/project_clean_state_2026_04_16/steps/MASTER_PIPELINE/archive_logs/003_GVL_XML_TEMPLATE_ANALYSIS.log:2506:          <derived name="ST_DHW_State_V2" />
./snapshots/project_clean_state_2026_04_16/steps/MASTER_PIPELINE/001_BASE.xml:4545:                <derived name="ST_DHW_State_V2" />
./snapshots/project_clean_state_2026_04_16/diagnostics/2026_04_16/step_10_git_commit_failure_debug.log:184:./ST_DHW_State_V2.dut
./snapshots/project_clean_state_2026_04_16/diagnostics/2026_04_16/step_08_flatten_unpacked_root.log:164:./ST_DHW_State_V2.dut
./snapshots/project_clean_state_2026_04_16/diagnostics/2026_04_16/step_11_project_structure.log:161:./ST_DHW_State_V2.dut
./snapshots/project_clean_state_2026_04_16/diagnostics/2026_04_16/step_11_project_structure.log:404:./ST_DHW_State_V2.dut
./snapshots/project_clean_state_2026_04_16/компилятор/logs/004_import_dut_v11.log:47:ST_DHW_State_V2.dut: STRUCT ST_DHW_State_V2 fields=2
./snapshots/project_clean_state_2026_04_16/компилятор/logs/004_import_dut_v11.log:114:STRUCT ST_DHW_State_V2: total=2 with_initializer=0 without_initializer=2 array_initializer=0 unsupported_initializer=0
./snapshots/project_clean_state_2026_04_16/компилятор/out/RESULT_methods_clean.xml:1042:      <dataType name="ST_DHW_State_V2">
./snapshots/project_clean_state_2026_04_16/компилятор/out/RESULT_methods_clean.xml:13897:                <derived name="ST_DHW_State_V2" />
./snapshots/project_clean_state_2026_04_16/компилятор/out/RESULT_methods_clean.xml:16204:                <derived name="ST_DHW_State_V2" />
./snapshots/project_clean_state_2026_04_16/компилятор/out/RESULT_methods_clean.xml:20135:            <Object Name="ST_DHW_State_V2" ObjectId="935cc1a0-55e4-4b9f-aa70-68e5046f7c84" />
./snapshots/project_clean_state_2026_04_16/диагностика/file_access_audit.log:194:ST_DHW_State_V2.dut	file	yes	yes	yes	0o666
./snapshots/project_clean_state_2026_04_16/диагностика/file_access_audit.log:802:snapshots/clean_build_20260414_0820/ST_DHW_State_V2.dut	file	yes	yes	yes	0o666
./snapshots/project_clean_state_2026_04_16/диагностика/file_access_audit.log:1174:snapshots/clean_build_20260414_0820/workspace/dut_rebuild/dhw_v2/ST_DHW_State_V2.dut	file	yes	yes	yes	0o666
./snapshots/project_clean_state_2026_04_16/диагностика/file_access_audit.log:1682:snapshots/clean_build_2026_04_14/ST_DHW_State_V2.dut	file	yes	yes	yes	0o666
./snapshots/project_clean_state_2026_04_16/диагностика/file_access_audit.log:2055:snapshots/clean_build_2026_04_14/workspace/dut_rebuild/dhw_v2/ST_DHW_State_V2.dut	file	yes	yes	yes	0o666
./snapshots/project_clean_state_2026_04_16/диагностика/file_access_audit.log:2546:snapshots/clean_build_2026_04_15/ST_DHW_State_V2.dut	file	yes	yes	yes	0o666
./snapshots/project_clean_state_2026_04_16/диагностика/file_access_audit.log:2930:snapshots/clean_build_2026_04_15/workspace/dut_rebuild/dhw_v2/ST_DHW_State_V2.dut	file	yes	yes	yes	0o666
./snapshots/project_clean_state_2026_04_16/диагностика/file_access_audit.log:3342:workspace/dut_rebuild/dhw_v2/ST_DHW_State_V2.dut	file	yes	yes	yes	0o666
./snapshots/project_clean_state_2026_04_16/FB_DHW_V2_Staging.st:17:    VO_State_Shadow : ST_DHW_State_V2;
./snapshots/project_clean_state_2026_04_16/workspace/export_forensics/sandbox/XML_INTERFACE_PREVIEW.txt:484:  <variable name="L_DHW_V2_State_Shadow"><type><derived name="ST_DHW_State_V2"/></type></variable>
./snapshots/project_clean_state_2026_04_16/workspace/export_forensics/sandbox/XML_INTERFACE_PREVIEW_CLEAN.txt:471:  <variable name="L_DHW_V2_State_Shadow"><type><derived name="ST_DHW_State_V2"/></type></variable>
./snapshots/project_clean_state_2026_04_16/workspace/export_forensics/sandbox/XML_INTERFACE_PREVIEW_CLEAN_V2.txt:1134:    <type><derived name="ST_DHW_State_V2"/></type>
./snapshots/project_clean_state_2026_04_16/workspace/export_forensics/sandbox/INTERFACE_PREVIEW.txt:427:L_DHW_V2_State_Shadow : derived(ST_DHW_State_V2)
./snapshots/project_clean_state_2026_04_16/workspace/draft_v2_inventory_2026-04-12.md:23:- ST_DHW_State_V2
./snapshots/project_clean_state_2026_04_16/workspace/dut_rebuild/dhw_v2/extraction/FB_DHW_State_Extractor_DRAFT.st:6:    VO_State : ST_DHW_State_V2;
./snapshots/project_clean_state_2026_04_16/workspace/dut_rebuild/dhw_v2/v2_core/FB_DHW_V2_Core_DRAFT.st:4:    VI_State_In : ST_DHW_State_V2;
./snapshots/project_clean_state_2026_04_16/workspace/dut_rebuild/dhw_v2/v2_core/FB_DHW_V2_Core_DRAFT.st:8:    VO_State_Out : ST_DHW_State_V2;
./snapshots/project_clean_state_2026_04_16/workspace/dut_rebuild/dhw_v2/staging/FB_DHW_V2_Staging_DRAFT.st:18:    VO_State_Shadow : ST_DHW_State_V2;
./snapshots/project_clean_state_2026_04_16/workspace/dut_rebuild/dhw_v2/staging/FB_DHW_V2_Staging_DRAFT.st:25:    L_State_V2 : ST_DHW_State_V2;
./snapshots/project_clean_state_2026_04_16/workspace/dut_rebuild/dhw_v2/compatibility/FB_DHW_Legacy_To_V2_State_Adapter_DRAFT.st:12:    VO_State_V2 : ST_DHW_State_V2;
./snapshots/project_clean_state_2026_04_16/workspace/dut_rebuild/dhw_v2/ST_DHW_State_V2.dut:1:TYPE ST_DHW_State_V2 :
./snapshots/project_clean_state_2026_04_16/ST_DHW_State_V2.dut:1:TYPE ST_DHW_State_V2 : STRUCT
./snapshots/project_clean_state_2026_04_16/FB_DHW_Manager.st:25:    L_DHW_V2_State_V2 : ST_DHW_State_V2;
./snapshots/clean_build_2026_04_16/компилятор/logs/004_import_dut_v11.log:47:ST_DHW_State_V2.dut: STRUCT ST_DHW_State_V2 fields=2
./snapshots/clean_build_2026_04_16/компилятор/logs/004_import_dut_v11.log:114:STRUCT ST_DHW_State_V2: total=2 with_initializer=0 without_initializer=2 array_initializer=0 unsupported_initializer=0
./snapshots/clean_build_2026_04_16/компилятор/out/RESULT_methods_clean.xml:1042:      <dataType name="ST_DHW_State_V2">
./snapshots/clean_build_2026_04_16/компилятор/out/RESULT_methods_clean.xml:13897:                <derived name="ST_DHW_State_V2" />
./snapshots/clean_build_2026_04_16/компилятор/out/RESULT_methods_clean.xml:16204:                <derived name="ST_DHW_State_V2" />
./snapshots/clean_build_2026_04_16/компилятор/out/RESULT_methods_clean.xml:20135:            <Object Name="ST_DHW_State_V2" ObjectId="935cc1a0-55e4-4b9f-aa70-68e5046f7c84" />
./диагностика/file_access_audit.log:194:ST_DHW_State_V2.dut	file	yes	yes	yes	0o666
./диагностика/file_access_audit.log:802:snapshots/clean_build_20260414_0820/ST_DHW_State_V2.dut	file	yes	yes	yes	0o666
./диагностика/file_access_audit.log:1174:snapshots/clean_build_20260414_0820/workspace/dut_rebuild/dhw_v2/ST_DHW_State_V2.dut	file	yes	yes	yes	0o666
./диагностика/file_access_audit.log:1682:snapshots/clean_build_2026_04_14/ST_DHW_State_V2.dut	file	yes	yes	yes	0o666
./диагностика/file_access_audit.log:2055:snapshots/clean_build_2026_04_14/workspace/dut_rebuild/dhw_v2/ST_DHW_State_V2.dut	file	yes	yes	yes	0o666
./диагностика/file_access_audit.log:2546:snapshots/clean_build_2026_04_15/ST_DHW_State_V2.dut	file	yes	yes	yes	0o666
./диагностика/file_access_audit.log:2930:snapshots/clean_build_2026_04_15/workspace/dut_rebuild/dhw_v2/ST_DHW_State_V2.dut	file	yes	yes	yes	0o666
./диагностика/file_access_audit.log:3342:workspace/dut_rebuild/dhw_v2/ST_DHW_State_V2.dut	file	yes	yes	yes	0o666
./workspace/export_forensics/sandbox/XML_INTERFACE_PREVIEW.txt:484:  <variable name="L_DHW_V2_State_Shadow"><type><derived name="ST_DHW_State_V2"/></type></variable>
./workspace/export_forensics/sandbox/XML_INTERFACE_PREVIEW_CLEAN.txt:471:  <variable name="L_DHW_V2_State_Shadow"><type><derived name="ST_DHW_State_V2"/></type></variable>
./workspace/export_forensics/sandbox/XML_INTERFACE_PREVIEW_CLEAN_V2.txt:1134:    <type><derived name="ST_DHW_State_V2"/></type>
./workspace/export_forensics/sandbox/INTERFACE_PREVIEW.txt:427:L_DHW_V2_State_Shadow : derived(ST_DHW_State_V2)
./workspace/draft_v2_inventory_2026-04-12.md:23:- ST_DHW_State_V2
./workspace/dut_rebuild/dhw_v2/extraction/FB_DHW_State_Extractor_DRAFT.st:6:    VO_State : ST_DHW_State_V2;
./workspace/dut_rebuild/dhw_v2/v2_core/FB_DHW_V2_Core_DRAFT.st:4:    VI_State_In : ST_DHW_State_V2;
./workspace/dut_rebuild/dhw_v2/v2_core/FB_DHW_V2_Core_DRAFT.st:8:    VO_State_Out : ST_DHW_State_V2;
./workspace/dut_rebuild/dhw_v2/staging/FB_DHW_V2_Staging_DRAFT.st:18:    VO_State_Shadow : ST_DHW_State_V2;
./workspace/dut_rebuild/dhw_v2/staging/FB_DHW_V2_Staging_DRAFT.st:25:    L_State_V2 : ST_DHW_State_V2;
./workspace/dut_rebuild/dhw_v2/compatibility/FB_DHW_Legacy_To_V2_State_Adapter_DRAFT.st:12:    VO_State_V2 : ST_DHW_State_V2;
./workspace/dut_rebuild/dhw_v2/ST_DHW_State_V2.dut:1:TYPE ST_DHW_State_V2 :

--- ST_Heating_Command_V2 ---
./steps/MASTER_PIPELINE/005_RESULT.xml:4783:          <derived name="ST_Heating_Command_V2" />
./steps/MASTER_PIPELINE/004_RESULT.xml:6495:                <derived name="ST_Heating_Command_V2" />
./steps/MASTER_PIPELINE/003_GVL_BASELINE_INPUT.xml:6160:          <derived name="ST_Heating_Command_V2" />
./steps/MASTER_PIPELINE/out/004_RESULT.xml:6495:                <derived name="ST_Heating_Command_V2" />
./steps/MASTER_PIPELINE/out/003_RESULT.xml:7872:                <derived name="ST_Heating_Command_V2" />
./steps/MASTER_PIPELINE/002_BASE.xml:8029:                <derived name="ST_Heating_Command_V2" />
./steps/MASTER_PIPELINE/002_BASE.xml:8989:                <derived name="ST_Heating_Command_V2" />
./steps/MASTER_PIPELINE/003_RESULT.xml:7872:                <derived name="ST_Heating_Command_V2" />
./steps/MASTER_PIPELINE/001_BASE.xml:6163:                <derived name="ST_Heating_Command_V2" />
./steps/2026-04-17_remove_heating_manager_internal_scaffold/01_remove_heating_manager_internal_scaffold.py:9:    "    L_Heating_V2_Command_V2 : ST_Heating_Command_V2;\n",
./steps/2026-04-17_audit_zero_ref_v2_dut_leftovers/01_audit_zero_ref_v2_dut_leftovers.py:11:    "ST_Heating_Command_V2.dut",
./diagnostics/2026_04_16/step_10_git_commit_failure_debug.log:197:./ST_Heating_Command_V2.dut
./diagnostics/2026_04_16/step_08_flatten_unpacked_root.log:177:./ST_Heating_Command_V2.dut
./diagnostics/2026_04_16/step_13_full_project_snapshot.log:175:snapshots/project_clean_state_2026_04_16/ST_Heating_Command_V2.dut
./diagnostics/2026_04_16/step_11_project_structure.log:174:./ST_Heating_Command_V2.dut
./diagnostics/2026_04_16/step_11_project_structure.log:417:./ST_Heating_Command_V2.dut
./компилятор/logs/004_import_dut_v11.log:59:ST_Heating_Command_V2.dut: STRUCT ST_Heating_Command_V2 fields=1
./компилятор/logs/004_import_dut_v11.log:126:STRUCT ST_Heating_Command_V2: total=1 with_initializer=0 without_initializer=1 array_initializer=0 unsupported_initializer=0
./компилятор/out/RESULT_methods_clean.xml:1755:      <dataType name="ST_Heating_Command_V2">
./компилятор/out/RESULT_methods_clean.xml:4342:                <derived name="ST_Heating_Command_V2" />
./компилятор/out/RESULT_methods_clean.xml:6683:                <derived name="ST_Heating_Command_V2" />
./компилятор/out/RESULT_methods_clean.xml:20141:            <Object Name="ST_Heating_Command_V2" ObjectId="d25874d4-6c86-464c-baf2-a44e577f2883" />
./repo_logs/diagnostics/2026_04_16/constants_dut_usage.log:174:./ST_Heating_Command_V2.dut
./repo_logs/diagnostics/2026_04_16/constants_dut_usage.log:304:./workspace/dut_rebuild/heating_v2/ST_Heating_Command_V2.dut
./repo_logs/assistant_bridge/2026_04_17/step_113_post_cleanup_sanity_audit/post_cleanup_sanity_audit.log:326:64:    L_Heating_V2_Command_V2 : ST_Heating_Command_V2;
./repo_logs/assistant_bridge/2026_04_17/step_127_micro_audit_heating_manager_internal_scaffold_cleanup/micro_audit_heating_manager_internal_scaffold_cleanup.log:5:64:    L_Heating_V2_Command_V2 : ST_Heating_Command_V2;
./repo_logs/assistant_bridge/2026_04_17/step_127_micro_audit_heating_manager_internal_scaffold_cleanup/micro_audit_heating_manager_internal_scaffold_cleanup.log:139:    L_Heating_V2_Command_V2 : ST_Heating_Command_V2;
./repo_logs/assistant_bridge/2026_04_17/step_133_audit_zero_ref_v2_dut_leftovers/audit_zero_ref_v2_dut_leftovers.log:39:--- ST_Heating_Command_V2.dut ---
./repo_logs/assistant_bridge/2026_04_17/step_133_audit_zero_ref_v2_dut_leftovers/audit_zero_ref_v2_dut_leftovers.log:108:ST_Heating_Command_V2.dut
./repo_logs/assistant_bridge/2026_04_17/step_128b_map_heating_scaffold_exact_tail/map_heating_scaffold_exact_tail.log:5:64:    L_Heating_V2_Command_V2 : ST_Heating_Command_V2;
./repo_logs/assistant_bridge/2026_04_17/step_131_control_final_root_audit_and_unused_inventory/control_final_root_audit_and_unused_inventory.log:215:ST_Heating_Command_V2.dut
./repo_logs/assistant_bridge/2026_04_17/step_131_control_final_root_audit_and_unused_inventory/control_final_root_audit_and_unused_inventory.log:1176:ST_Heating_Command_V2.dut | type=.dut | symbol=ST_Heating_Command_V2 | external_refs=13
./repo_logs/assistant_bridge/2026_04_17/step_131_control_final_root_audit_and_unused_inventory/control_final_root_audit_and_unused_inventory.log:1179:  snapshots/project_clean_state_2026_04_16/ST_Heating_Command_V2.dut
./repo_logs/assistant_bridge/2026_04_17/step_131_control_final_root_audit_and_unused_inventory/control_final_root_audit_and_unused_inventory.log:1180:  snapshots/project_clean_state_2026_04_16/workspace/dut_rebuild/heating_v2/ST_Heating_Command_V2.dut
./repo_logs/assistant_bridge/2026_04_17/step_131_control_final_root_audit_and_unused_inventory/control_final_root_audit_and_unused_inventory.log:1185:  workspace/dut_rebuild/heating_v2/ST_Heating_Command_V2.dut
./repo_logs/assistant_bridge/2026_04_17/step_128_remove_heating_manager_internal_scaffold/remove_heating_manager_internal_scaffold.log:5:64:    L_Heating_V2_Command_V2 : ST_Heating_Command_V2;
./repo_logs/assistant_bridge/2026_04_17/step_128_remove_heating_manager_internal_scaffold/remove_heating_manager_internal_scaffold.log:312:-    L_Heating_V2_Command_V2 : ST_Heating_Command_V2;
./repo_logs/assistant_bridge/2026_04_17/step_132_root_unused_inventory_v2_live_only/root_unused_inventory_v2_live_only.log:169:ST_Heating_Command_V2.dut
./repo_logs/assistant_bridge/2026_04_17/step_132_root_unused_inventory_v2_live_only/root_unused_inventory_v2_live_only.log:654:ST_Heating_Command_V2.dut | type=.dut | symbol=ST_Heating_Command_V2 | external_refs=0
./repo_logs/assistant_bridge/2026_04_17/step_132_root_unused_inventory_v2_live_only/root_unused_inventory_v2_live_only.log:799:ST_Heating_Command_V2.dut | type=.dut | symbol=ST_Heating_Command_V2
./repo_logs/assistant_bridge/2026_04_17/step_110_audit_internal_shadow_scaffold_tails/audit_internal_shadow_scaffold_tails.log:679:64:    L_Heating_V2_Command_V2 : ST_Heating_Command_V2;
./repo_logs/assistant_bridge/2026_04_17/step_110_audit_internal_shadow_scaffold_tails/audit_internal_shadow_scaffold_tails.log:789:    L_Heating_V2_Command_V2 : ST_Heating_Command_V2;
./repo_logs/assistant_bridge/2026_04_17/step_110_audit_internal_shadow_scaffold_tails/audit_internal_shadow_scaffold_tails.log:1580:FB_Heating_System_Manager.st:64:    L_Heating_V2_Command_V2 : ST_Heating_Command_V2;
grep: ./repo_logs/assistant_bridge/2026_04_17/step_134_remove_zero_ref_v2_dut_leftovers/remove_zero_ref_v2_dut_leftovers.log: input file is also the output
./repo_logs/assistant_bridge/2026_04_16/step_73_remove_unused_heating_v2_staging_var/remove_unused_heating_v2_staging_var.log:26:     L_Heating_V2_Command_V2 : ST_Heating_Command_V2;
./repo_logs/assistant_bridge/2026_04_16/step_64_classify_root_transition_layers_fixed/classify_root_transition_layers_fixed.log:13:ST_Heating_Command_V2.dut
./repo_logs/assistant_bridge/2026_04_16/step_69_micro_audit_heating_v2_staging/micro_audit_heating_v2_staging.log:20:    VO_Command_Shadow : ST_Heating_Command_V2;
./repo_logs/assistant_bridge/2026_04_16/step_69_micro_audit_heating_v2_staging/micro_audit_heating_v2_staging.log:94:    L_Heating_V2_Command_V2 : ST_Heating_Command_V2;
./repo_logs/assistant_bridge/2026_04_16/step_69_micro_audit_heating_v2_staging/micro_audit_heating_v2_staging.log:191:    L_Heating_V2_Command_V2 : ST_Heating_Command_V2;
./repo_logs/assistant_bridge/2026_04_16/step_69_micro_audit_heating_v2_staging/micro_audit_heating_v2_staging.log:275:TYPE ST_Heating_Command_V2 : STRUCT
./repo_logs/assistant_bridge/2026_04_16/step_69_micro_audit_heating_v2_staging/micro_audit_heating_v2_staging.log:288:./FB_Heating_System_Manager.st:65:    L_Heating_V2_Command_V2 : ST_Heating_Command_V2;
./repo_logs/assistant_bridge/2026_04_16/step_69_micro_audit_heating_v2_staging/micro_audit_heating_v2_staging.log:289:./FB_Heating_V2_Staging.st:16:    VO_Command_Shadow : ST_Heating_Command_V2;
./repo_logs/assistant_bridge/2026_04_16/step_69_micro_audit_heating_v2_staging/micro_audit_heating_v2_staging.log:290:./ST_Heating_Command_V2.dut:1:TYPE ST_Heating_Command_V2 : STRUCT
./repo_logs/assistant_bridge/2026_04_16/step_01_repo_baseline/baseline.log:193:./ST_Heating_Command_V2.dut
./repo_logs/assistant_bridge/2026_04_16/step_01_repo_baseline/baseline.log:465:snapshots/project_clean_state_2026_04_16/ST_Heating_Command_V2.dut
./repo_logs/assistant_bridge/2026_04_16/step_63_root_only_transition_inventory/root_only_transition_inventory.log:175:ST_Heating_Command_V2.dut
./repo_logs/assistant_bridge/2026_04_16/step_63_root_only_transition_inventory/root_only_transition_inventory.log:237:ST_Heating_Command_V2.dut
./repo_logs/assistant_bridge/2026_04_16/step_63_root_only_transition_inventory/root_only_transition_inventory.log:342:--- FILE: ST_Heating_Command_V2.dut ---
./repo_logs/assistant_bridge/2026_04_16/step_63_root_only_transition_inventory/root_only_transition_inventory.log:343:SYMBOL BASE: ST_Heating_Command_V2
./repo_logs/assistant_bridge/2026_04_16/step_63_root_only_transition_inventory/root_only_transition_inventory.log:344:./FB_Heating_System_Manager.st:65:    L_Heating_V2_Command_V2 : ST_Heating_Command_V2;
./repo_logs/assistant_bridge/2026_04_16/step_63_root_only_transition_inventory/root_only_transition_inventory.log:345:./FB_Heating_V2_Staging.st:16:    VO_Command_Shadow : ST_Heating_Command_V2;
./repo_logs/assistant_bridge/2026_04_16/step_63_root_only_transition_inventory/root_only_transition_inventory.log:346:./ST_Heating_Command_V2.dut:1:TYPE ST_Heating_Command_V2 : STRUCT
./repo_logs/assistant_bridge/2026_04_16/step_45_scenario_layer_audit_fixed/scenario_layer_audit_fixed.log:174:./ST_Heating_Command_V2.dut
./repo_logs/assistant_bridge/2026_04_16/step_45_scenario_layer_audit_fixed/scenario_layer_audit_fixed.log:383:./snapshots/project_clean_state_2026_04_16/ST_Heating_Command_V2.dut
./repo_logs/assistant_bridge/2026_04_16/step_45_scenario_layer_audit_fixed/scenario_layer_audit_fixed.log:451:./snapshots/project_clean_state_2026_04_16/workspace/dut_rebuild/heating_v2/ST_Heating_Command_V2.dut
./repo_logs/assistant_bridge/2026_04_16/step_45_scenario_layer_audit_fixed/scenario_layer_audit_fixed.log:546:./workspace/dut_rebuild/heating_v2/ST_Heating_Command_V2.dut
./repo_logs/assistant_bridge/2026_04_16/step_65_prioritize_runtime_bridge_collapse/prioritize_runtime_bridge_collapse.log:21:ST_Heating_Command_V2.dut | collapse_first | directly tied to heating staging bridge
./snapshots/project_clean_state_2026_04_16/FB_Heating_V2_Staging.st:16:    VO_Command_Shadow : ST_Heating_Command_V2;
./snapshots/project_clean_state_2026_04_16/steps/MASTER_PIPELINE/005_RESULT.xml:4783:          <derived name="ST_Heating_Command_V2" />
./snapshots/project_clean_state_2026_04_16/steps/MASTER_PIPELINE/004_RESULT.xml:6495:                <derived name="ST_Heating_Command_V2" />
./snapshots/project_clean_state_2026_04_16/steps/MASTER_PIPELINE/003_GVL_BASELINE_INPUT.xml:6160:          <derived name="ST_Heating_Command_V2" />
./snapshots/project_clean_state_2026_04_16/steps/MASTER_PIPELINE/out/004_RESULT.xml:6495:                <derived name="ST_Heating_Command_V2" />
./snapshots/project_clean_state_2026_04_16/steps/MASTER_PIPELINE/out/003_RESULT.xml:7872:                <derived name="ST_Heating_Command_V2" />
./snapshots/project_clean_state_2026_04_16/steps/MASTER_PIPELINE/002_BASE.xml:8029:                <derived name="ST_Heating_Command_V2" />
./snapshots/project_clean_state_2026_04_16/steps/MASTER_PIPELINE/002_BASE.xml:8989:                <derived name="ST_Heating_Command_V2" />
./snapshots/project_clean_state_2026_04_16/steps/MASTER_PIPELINE/003_RESULT.xml:7872:                <derived name="ST_Heating_Command_V2" />
./snapshots/project_clean_state_2026_04_16/steps/MASTER_PIPELINE/001_BASE.xml:6163:                <derived name="ST_Heating_Command_V2" />
./snapshots/project_clean_state_2026_04_16/diagnostics/2026_04_16/step_10_git_commit_failure_debug.log:197:./ST_Heating_Command_V2.dut
./snapshots/project_clean_state_2026_04_16/diagnostics/2026_04_16/step_08_flatten_unpacked_root.log:177:./ST_Heating_Command_V2.dut
./snapshots/project_clean_state_2026_04_16/diagnostics/2026_04_16/step_11_project_structure.log:174:./ST_Heating_Command_V2.dut
./snapshots/project_clean_state_2026_04_16/diagnostics/2026_04_16/step_11_project_structure.log:417:./ST_Heating_Command_V2.dut
./snapshots/project_clean_state_2026_04_16/FB_Heating_System_Manager.st:65:    L_Heating_V2_Command_V2 : ST_Heating_Command_V2;
./snapshots/project_clean_state_2026_04_16/компилятор/logs/004_import_dut_v11.log:60:ST_Heating_Command_V2.dut: STRUCT ST_Heating_Command_V2 fields=1
./snapshots/project_clean_state_2026_04_16/компилятор/logs/004_import_dut_v11.log:127:STRUCT ST_Heating_Command_V2: total=1 with_initializer=0 without_initializer=1 array_initializer=0 unsupported_initializer=0
./snapshots/project_clean_state_2026_04_16/компилятор/out/RESULT_methods_clean.xml:1755:      <dataType name="ST_Heating_Command_V2">
./snapshots/project_clean_state_2026_04_16/компилятор/out/RESULT_methods_clean.xml:4342:                <derived name="ST_Heating_Command_V2" />
./snapshots/project_clean_state_2026_04_16/компилятор/out/RESULT_methods_clean.xml:6680:                <derived name="ST_Heating_Command_V2" />
./snapshots/project_clean_state_2026_04_16/компилятор/out/RESULT_methods_clean.xml:20148:            <Object Name="ST_Heating_Command_V2" ObjectId="c2e70cbf-4cd3-42cf-b7e4-790170a4ba21" />
./snapshots/project_clean_state_2026_04_16/диагностика/file_access_audit.log:207:ST_Heating_Command_V2.dut	file	yes	yes	yes	0o666
./snapshots/project_clean_state_2026_04_16/диагностика/file_access_audit.log:814:snapshots/clean_build_20260414_0820/ST_Heating_Command_V2.dut	file	yes	yes	yes	0o666
./snapshots/project_clean_state_2026_04_16/диагностика/file_access_audit.log:1188:snapshots/clean_build_20260414_0820/workspace/dut_rebuild/heating_v2/ST_Heating_Command_V2.dut	file	yes	yes	yes	0o666
./snapshots/project_clean_state_2026_04_16/диагностика/file_access_audit.log:1694:snapshots/clean_build_2026_04_14/ST_Heating_Command_V2.dut	file	yes	yes	yes	0o666
./snapshots/project_clean_state_2026_04_16/диагностика/file_access_audit.log:2069:snapshots/clean_build_2026_04_14/workspace/dut_rebuild/heating_v2/ST_Heating_Command_V2.dut	file	yes	yes	yes	0o666
./snapshots/project_clean_state_2026_04_16/диагностика/file_access_audit.log:2558:snapshots/clean_build_2026_04_15/ST_Heating_Command_V2.dut	file	yes	yes	yes	0o666
./snapshots/project_clean_state_2026_04_16/диагностика/file_access_audit.log:2944:snapshots/clean_build_2026_04_15/workspace/dut_rebuild/heating_v2/ST_Heating_Command_V2.dut	file	yes	yes	yes	0o666
./snapshots/project_clean_state_2026_04_16/диагностика/file_access_audit.log:3356:workspace/dut_rebuild/heating_v2/ST_Heating_Command_V2.dut	file	yes	yes	yes	0o666
./snapshots/project_clean_state_2026_04_16/ST_Heating_Command_V2.dut:1:TYPE ST_Heating_Command_V2 : STRUCT
./snapshots/project_clean_state_2026_04_16/workspace/export_forensics/sandbox/XML_INTERFACE_PREVIEW.txt:704:  <variable name="L_Heating_V2_Command_Shadow"><type><derived name="ST_Heating_Command_V2"/></type></variable>
./snapshots/project_clean_state_2026_04_16/workspace/export_forensics/sandbox/XML_INTERFACE_PREVIEW_CLEAN.txt:677:  <variable name="L_Heating_V2_Command_Shadow"><type><derived name="ST_Heating_Command_V2"/></type></variable>
./snapshots/project_clean_state_2026_04_16/workspace/export_forensics/sandbox/XML_INTERFACE_PREVIEW_CLEAN_V2.txt:1665:    <type><derived name="ST_Heating_Command_V2"/></type>
./snapshots/project_clean_state_2026_04_16/workspace/export_forensics/sandbox/INTERFACE_PREVIEW.txt:629:L_Heating_V2_Command_Shadow : derived(ST_Heating_Command_V2)
./snapshots/project_clean_state_2026_04_16/workspace/draft_v2_inventory_2026-04-12.md:20:- ST_Heating_Command_V2
./snapshots/project_clean_state_2026_04_16/workspace/dut_rebuild/heating_v2/v2_core/FB_Heating_Command_Path_DRAFT.st:3:    VI_Command_In : ST_Heating_Command_V2;
./snapshots/project_clean_state_2026_04_16/workspace/dut_rebuild/heating_v2/v2_core/FB_Heating_Command_Path_DRAFT.st:6:    VO_Command_Out : ST_Heating_Command_V2;
./snapshots/project_clean_state_2026_04_16/workspace/dut_rebuild/heating_v2/v2_core/FB_Heating_V2_Core_DRAFT.st:3:    VI_Command : ST_Heating_Command_V2;
./snapshots/project_clean_state_2026_04_16/workspace/dut_rebuild/heating_v2/v2_core/FB_Heating_V2_Core_DRAFT.st:7:    VO_Command_Out : ST_Heating_Command_V2;
./snapshots/project_clean_state_2026_04_16/workspace/dut_rebuild/heating_v2/v2_core/FB_Heating_V2_Core_DRAFT.st:13:    L_Command_Mid : ST_Heating_Command_V2;
./snapshots/project_clean_state_2026_04_16/workspace/dut_rebuild/heating_v2/staging/FB_Heating_V2_Staging_DRAFT.st:17:    VO_Command_Shadow : ST_Heating_Command_V2;
./snapshots/project_clean_state_2026_04_16/workspace/dut_rebuild/heating_v2/staging/FB_Heating_V2_Staging_DRAFT.st:25:    L_Command_V2 : ST_Heating_Command_V2;
./snapshots/project_clean_state_2026_04_16/workspace/dut_rebuild/heating_v2/ST_Heating_Command_V2.dut:1:TYPE ST_Heating_Command_V2 :
./snapshots/project_clean_state_2026_04_16/workspace/dut_rebuild/heating_v2/compatibility/FB_Heating_Legacy_To_V2_Command_Adapter_DRAFT.st:10:    VO_Command_V2 : ST_Heating_Command_V2;
./snapshots/clean_build_2026_04_16/компилятор/logs/004_import_dut_v11.log:60:ST_Heating_Command_V2.dut: STRUCT ST_Heating_Command_V2 fields=1
./snapshots/clean_build_2026_04_16/компилятор/logs/004_import_dut_v11.log:127:STRUCT ST_Heating_Command_V2: total=1 with_initializer=0 without_initializer=1 array_initializer=0 unsupported_initializer=0
./snapshots/clean_build_2026_04_16/компилятор/out/RESULT_methods_clean.xml:1755:      <dataType name="ST_Heating_Command_V2">
./snapshots/clean_build_2026_04_16/компилятор/out/RESULT_methods_clean.xml:4342:                <derived name="ST_Heating_Command_V2" />
./snapshots/clean_build_2026_04_16/компилятор/out/RESULT_methods_clean.xml:6680:                <derived name="ST_Heating_Command_V2" />
./snapshots/clean_build_2026_04_16/компилятор/out/RESULT_methods_clean.xml:20148:            <Object Name="ST_Heating_Command_V2" ObjectId="c2e70cbf-4cd3-42cf-b7e4-790170a4ba21" />
./диагностика/file_access_audit.log:207:ST_Heating_Command_V2.dut	file	yes	yes	yes	0o666
./диагностика/file_access_audit.log:814:snapshots/clean_build_20260414_0820/ST_Heating_Command_V2.dut	file	yes	yes	yes	0o666
./диагностика/file_access_audit.log:1188:snapshots/clean_build_20260414_0820/workspace/dut_rebuild/heating_v2/ST_Heating_Command_V2.dut	file	yes	yes	yes	0o666
./диагностика/file_access_audit.log:1694:snapshots/clean_build_2026_04_14/ST_Heating_Command_V2.dut	file	yes	yes	yes	0o666
./диагностика/file_access_audit.log:2069:snapshots/clean_build_2026_04_14/workspace/dut_rebuild/heating_v2/ST_Heating_Command_V2.dut	file	yes	yes	yes	0o666
./диагностика/file_access_audit.log:2558:snapshots/clean_build_2026_04_15/ST_Heating_Command_V2.dut	file	yes	yes	yes	0o666
./диагностика/file_access_audit.log:2944:snapshots/clean_build_2026_04_15/workspace/dut_rebuild/heating_v2/ST_Heating_Command_V2.dut	file	yes	yes	yes	0o666
./диагностика/file_access_audit.log:3356:workspace/dut_rebuild/heating_v2/ST_Heating_Command_V2.dut	file	yes	yes	yes	0o666
./workspace/export_forensics/sandbox/XML_INTERFACE_PREVIEW.txt:704:  <variable name="L_Heating_V2_Command_Shadow"><type><derived name="ST_Heating_Command_V2"/></type></variable>
./workspace/export_forensics/sandbox/XML_INTERFACE_PREVIEW_CLEAN.txt:677:  <variable name="L_Heating_V2_Command_Shadow"><type><derived name="ST_Heating_Command_V2"/></type></variable>
./workspace/export_forensics/sandbox/XML_INTERFACE_PREVIEW_CLEAN_V2.txt:1665:    <type><derived name="ST_Heating_Command_V2"/></type>
./workspace/export_forensics/sandbox/INTERFACE_PREVIEW.txt:629:L_Heating_V2_Command_Shadow : derived(ST_Heating_Command_V2)
./workspace/draft_v2_inventory_2026-04-12.md:20:- ST_Heating_Command_V2
./workspace/dut_rebuild/heating_v2/v2_core/FB_Heating_Command_Path_DRAFT.st:3:    VI_Command_In : ST_Heating_Command_V2;
./workspace/dut_rebuild/heating_v2/v2_core/FB_Heating_Command_Path_DRAFT.st:6:    VO_Command_Out : ST_Heating_Command_V2;
./workspace/dut_rebuild/heating_v2/v2_core/FB_Heating_V2_Core_DRAFT.st:3:    VI_Command : ST_Heating_Command_V2;
./workspace/dut_rebuild/heating_v2/v2_core/FB_Heating_V2_Core_DRAFT.st:7:    VO_Command_Out : ST_Heating_Command_V2;
./workspace/dut_rebuild/heating_v2/v2_core/FB_Heating_V2_Core_DRAFT.st:13:    L_Command_Mid : ST_Heating_Command_V2;
./workspace/dut_rebuild/heating_v2/staging/FB_Heating_V2_Staging_DRAFT.st:17:    VO_Command_Shadow : ST_Heating_Command_V2;
./workspace/dut_rebuild/heating_v2/staging/FB_Heating_V2_Staging_DRAFT.st:25:    L_Command_V2 : ST_Heating_Command_V2;
./workspace/dut_rebuild/heating_v2/ST_Heating_Command_V2.dut:1:TYPE ST_Heating_Command_V2 :
./workspace/dut_rebuild/heating_v2/compatibility/FB_Heating_Legacy_To_V2_Command_Adapter_DRAFT.st:10:    VO_Command_V2 : ST_Heating_Command_V2;

--- ST_Heating_State_V2 ---
./steps/MASTER_PIPELINE/005_RESULT.xml:4788:          <derived name="ST_Heating_State_V2" />
./steps/MASTER_PIPELINE/004_RESULT.xml:6500:                <derived name="ST_Heating_State_V2" />
./steps/MASTER_PIPELINE/003_GVL_BASELINE_INPUT.xml:6165:          <derived name="ST_Heating_State_V2" />
./steps/MASTER_PIPELINE/out/004_RESULT.xml:6500:                <derived name="ST_Heating_State_V2" />
./steps/MASTER_PIPELINE/out/003_RESULT.xml:7877:                <derived name="ST_Heating_State_V2" />
./steps/MASTER_PIPELINE/002_BASE.xml:8034:                <derived name="ST_Heating_State_V2" />
./steps/MASTER_PIPELINE/002_BASE.xml:8994:                <derived name="ST_Heating_State_V2" />
./steps/MASTER_PIPELINE/003_RESULT.xml:7877:                <derived name="ST_Heating_State_V2" />
./steps/MASTER_PIPELINE/001_BASE.xml:6168:                <derived name="ST_Heating_State_V2" />
./steps/2026-04-17_remove_heating_manager_internal_scaffold/01_remove_heating_manager_internal_scaffold.py:10:    "    L_Heating_V2_State_V2 : ST_Heating_State_V2;\n",
./steps/2026-04-17_audit_zero_ref_v2_dut_leftovers/01_audit_zero_ref_v2_dut_leftovers.py:12:    "ST_Heating_State_V2.dut",
./diagnostics/2026_04_16/step_10_git_commit_failure_debug.log:199:./ST_Heating_State_V2.dut
./diagnostics/2026_04_16/step_08_flatten_unpacked_root.log:179:./ST_Heating_State_V2.dut
./diagnostics/2026_04_16/step_13_full_project_snapshot.log:177:snapshots/project_clean_state_2026_04_16/ST_Heating_State_V2.dut
./diagnostics/2026_04_16/step_11_project_structure.log:176:./ST_Heating_State_V2.dut
./diagnostics/2026_04_16/step_11_project_structure.log:419:./ST_Heating_State_V2.dut
./компилятор/logs/004_import_dut_v11.log:61:ST_Heating_State_V2.dut: STRUCT ST_Heating_State_V2 fields=2
./компилятор/logs/004_import_dut_v11.log:128:STRUCT ST_Heating_State_V2: total=2 with_initializer=0 without_initializer=2 array_initializer=0 unsupported_initializer=0
./компилятор/out/RESULT_methods_clean.xml:1846:      <dataType name="ST_Heating_State_V2">
./компилятор/out/RESULT_methods_clean.xml:4347:                <derived name="ST_Heating_State_V2" />
./компилятор/out/RESULT_methods_clean.xml:6688:                <derived name="ST_Heating_State_V2" />
./компилятор/out/RESULT_methods_clean.xml:20143:            <Object Name="ST_Heating_State_V2" ObjectId="fbf816ed-1abc-419d-9615-9e342f2910c4" />
./repo_logs/diagnostics/2026_04_16/constants_dut_usage.log:176:./ST_Heating_State_V2.dut
./repo_logs/diagnostics/2026_04_16/constants_dut_usage.log:305:./workspace/dut_rebuild/heating_v2/ST_Heating_State_V2.dut
./repo_logs/assistant_bridge/2026_04_17/step_113_post_cleanup_sanity_audit/post_cleanup_sanity_audit.log:327:65:    L_Heating_V2_State_V2 : ST_Heating_State_V2;
./repo_logs/assistant_bridge/2026_04_17/step_127_micro_audit_heating_manager_internal_scaffold_cleanup/micro_audit_heating_manager_internal_scaffold_cleanup.log:6:65:    L_Heating_V2_State_V2 : ST_Heating_State_V2;
./repo_logs/assistant_bridge/2026_04_17/step_127_micro_audit_heating_manager_internal_scaffold_cleanup/micro_audit_heating_manager_internal_scaffold_cleanup.log:140:    L_Heating_V2_State_V2 : ST_Heating_State_V2;
./repo_logs/assistant_bridge/2026_04_17/step_133_audit_zero_ref_v2_dut_leftovers/audit_zero_ref_v2_dut_leftovers.log:46:--- ST_Heating_State_V2.dut ---
./repo_logs/assistant_bridge/2026_04_17/step_133_audit_zero_ref_v2_dut_leftovers/audit_zero_ref_v2_dut_leftovers.log:109:ST_Heating_State_V2.dut
./repo_logs/assistant_bridge/2026_04_17/step_128b_map_heating_scaffold_exact_tail/map_heating_scaffold_exact_tail.log:6:65:    L_Heating_V2_State_V2 : ST_Heating_State_V2;
./repo_logs/assistant_bridge/2026_04_17/step_131_control_final_root_audit_and_unused_inventory/control_final_root_audit_and_unused_inventory.log:217:ST_Heating_State_V2.dut
./repo_logs/assistant_bridge/2026_04_17/step_131_control_final_root_audit_and_unused_inventory/control_final_root_audit_and_unused_inventory.log:1196:ST_Heating_State_V2.dut | type=.dut | symbol=ST_Heating_State_V2 | external_refs=13
./repo_logs/assistant_bridge/2026_04_17/step_131_control_final_root_audit_and_unused_inventory/control_final_root_audit_and_unused_inventory.log:1199:  snapshots/project_clean_state_2026_04_16/ST_Heating_State_V2.dut
./repo_logs/assistant_bridge/2026_04_17/step_131_control_final_root_audit_and_unused_inventory/control_final_root_audit_and_unused_inventory.log:1200:  snapshots/project_clean_state_2026_04_16/workspace/dut_rebuild/heating_v2/ST_Heating_State_V2.dut
./repo_logs/assistant_bridge/2026_04_17/step_131_control_final_root_audit_and_unused_inventory/control_final_root_audit_and_unused_inventory.log:1205:  workspace/dut_rebuild/heating_v2/ST_Heating_State_V2.dut
./repo_logs/assistant_bridge/2026_04_17/step_128_remove_heating_manager_internal_scaffold/remove_heating_manager_internal_scaffold.log:6:65:    L_Heating_V2_State_V2 : ST_Heating_State_V2;
./repo_logs/assistant_bridge/2026_04_17/step_128_remove_heating_manager_internal_scaffold/remove_heating_manager_internal_scaffold.log:313:-    L_Heating_V2_State_V2 : ST_Heating_State_V2;
./repo_logs/assistant_bridge/2026_04_17/step_132_root_unused_inventory_v2_live_only/root_unused_inventory_v2_live_only.log:171:ST_Heating_State_V2.dut
./repo_logs/assistant_bridge/2026_04_17/step_132_root_unused_inventory_v2_live_only/root_unused_inventory_v2_live_only.log:658:ST_Heating_State_V2.dut | type=.dut | symbol=ST_Heating_State_V2 | external_refs=0
./repo_logs/assistant_bridge/2026_04_17/step_132_root_unused_inventory_v2_live_only/root_unused_inventory_v2_live_only.log:800:ST_Heating_State_V2.dut | type=.dut | symbol=ST_Heating_State_V2
./repo_logs/assistant_bridge/2026_04_17/step_110_audit_internal_shadow_scaffold_tails/audit_internal_shadow_scaffold_tails.log:680:65:    L_Heating_V2_State_V2 : ST_Heating_State_V2;
./repo_logs/assistant_bridge/2026_04_17/step_110_audit_internal_shadow_scaffold_tails/audit_internal_shadow_scaffold_tails.log:790:    L_Heating_V2_State_V2 : ST_Heating_State_V2;
./repo_logs/assistant_bridge/2026_04_17/step_110_audit_internal_shadow_scaffold_tails/audit_internal_shadow_scaffold_tails.log:1581:FB_Heating_System_Manager.st:65:    L_Heating_V2_State_V2 : ST_Heating_State_V2;
grep: ./repo_logs/assistant_bridge/2026_04_17/step_134_remove_zero_ref_v2_dut_leftovers/remove_zero_ref_v2_dut_leftovers.log: input file is also the output
./repo_logs/assistant_bridge/2026_04_16/step_73_remove_unused_heating_v2_staging_var/remove_unused_heating_v2_staging_var.log:27:     L_Heating_V2_State_V2 : ST_Heating_State_V2;
./repo_logs/assistant_bridge/2026_04_16/step_64_classify_root_transition_layers_fixed/classify_root_transition_layers_fixed.log:14:ST_Heating_State_V2.dut
./repo_logs/assistant_bridge/2026_04_16/step_69_micro_audit_heating_v2_staging/micro_audit_heating_v2_staging.log:21:    VO_State_Shadow : ST_Heating_State_V2;
./repo_logs/assistant_bridge/2026_04_16/step_69_micro_audit_heating_v2_staging/micro_audit_heating_v2_staging.log:95:    L_Heating_V2_State_V2 : ST_Heating_State_V2;
./repo_logs/assistant_bridge/2026_04_16/step_69_micro_audit_heating_v2_staging/micro_audit_heating_v2_staging.log:192:    L_Heating_V2_State_V2 : ST_Heating_State_V2;
./repo_logs/assistant_bridge/2026_04_16/step_69_micro_audit_heating_v2_staging/micro_audit_heating_v2_staging.log:279:TYPE ST_Heating_State_V2 : STRUCT
./repo_logs/assistant_bridge/2026_04_16/step_69_micro_audit_heating_v2_staging/micro_audit_heating_v2_staging.log:292:./FB_Heating_System_Manager.st:66:    L_Heating_V2_State_V2 : ST_Heating_State_V2;
./repo_logs/assistant_bridge/2026_04_16/step_69_micro_audit_heating_v2_staging/micro_audit_heating_v2_staging.log:293:./FB_Heating_V2_Staging.st:17:    VO_State_Shadow : ST_Heating_State_V2;
./repo_logs/assistant_bridge/2026_04_16/step_69_micro_audit_heating_v2_staging/micro_audit_heating_v2_staging.log:294:./ST_Heating_State_V2.dut:1:TYPE ST_Heating_State_V2 : STRUCT
./repo_logs/assistant_bridge/2026_04_16/step_01_repo_baseline/baseline.log:195:./ST_Heating_State_V2.dut
./repo_logs/assistant_bridge/2026_04_16/step_01_repo_baseline/baseline.log:467:snapshots/project_clean_state_2026_04_16/ST_Heating_State_V2.dut
./repo_logs/assistant_bridge/2026_04_16/step_63_root_only_transition_inventory/root_only_transition_inventory.log:177:ST_Heating_State_V2.dut
./repo_logs/assistant_bridge/2026_04_16/step_63_root_only_transition_inventory/root_only_transition_inventory.log:234:ST_Heating_State_V2.dut
./repo_logs/assistant_bridge/2026_04_16/step_63_root_only_transition_inventory/root_only_transition_inventory.log:324:--- FILE: ST_Heating_State_V2.dut ---
./repo_logs/assistant_bridge/2026_04_16/step_63_root_only_transition_inventory/root_only_transition_inventory.log:325:SYMBOL BASE: ST_Heating_State_V2
./repo_logs/assistant_bridge/2026_04_16/step_63_root_only_transition_inventory/root_only_transition_inventory.log:326:./FB_Heating_System_Manager.st:66:    L_Heating_V2_State_V2 : ST_Heating_State_V2;
./repo_logs/assistant_bridge/2026_04_16/step_63_root_only_transition_inventory/root_only_transition_inventory.log:327:./FB_Heating_V2_Staging.st:17:    VO_State_Shadow : ST_Heating_State_V2;
./repo_logs/assistant_bridge/2026_04_16/step_63_root_only_transition_inventory/root_only_transition_inventory.log:328:./ST_Heating_State_V2.dut:1:TYPE ST_Heating_State_V2 : STRUCT
./repo_logs/assistant_bridge/2026_04_16/step_45_scenario_layer_audit_fixed/scenario_layer_audit_fixed.log:176:./ST_Heating_State_V2.dut
./repo_logs/assistant_bridge/2026_04_16/step_45_scenario_layer_audit_fixed/scenario_layer_audit_fixed.log:385:./snapshots/project_clean_state_2026_04_16/ST_Heating_State_V2.dut
./repo_logs/assistant_bridge/2026_04_16/step_45_scenario_layer_audit_fixed/scenario_layer_audit_fixed.log:452:./snapshots/project_clean_state_2026_04_16/workspace/dut_rebuild/heating_v2/ST_Heating_State_V2.dut
./repo_logs/assistant_bridge/2026_04_16/step_45_scenario_layer_audit_fixed/scenario_layer_audit_fixed.log:547:./workspace/dut_rebuild/heating_v2/ST_Heating_State_V2.dut
./repo_logs/assistant_bridge/2026_04_16/step_65_prioritize_runtime_bridge_collapse/prioritize_runtime_bridge_collapse.log:22:ST_Heating_State_V2.dut | collapse_first | directly tied to heating staging bridge
./snapshots/project_clean_state_2026_04_16/FB_Heating_V2_Staging.st:17:    VO_State_Shadow : ST_Heating_State_V2;
./snapshots/project_clean_state_2026_04_16/steps/MASTER_PIPELINE/005_RESULT.xml:4788:          <derived name="ST_Heating_State_V2" />
./snapshots/project_clean_state_2026_04_16/steps/MASTER_PIPELINE/004_RESULT.xml:6500:                <derived name="ST_Heating_State_V2" />
./snapshots/project_clean_state_2026_04_16/steps/MASTER_PIPELINE/003_GVL_BASELINE_INPUT.xml:6165:          <derived name="ST_Heating_State_V2" />
./snapshots/project_clean_state_2026_04_16/steps/MASTER_PIPELINE/out/004_RESULT.xml:6500:                <derived name="ST_Heating_State_V2" />
./snapshots/project_clean_state_2026_04_16/steps/MASTER_PIPELINE/out/003_RESULT.xml:7877:                <derived name="ST_Heating_State_V2" />
./snapshots/project_clean_state_2026_04_16/steps/MASTER_PIPELINE/002_BASE.xml:8034:                <derived name="ST_Heating_State_V2" />
./snapshots/project_clean_state_2026_04_16/steps/MASTER_PIPELINE/002_BASE.xml:8994:                <derived name="ST_Heating_State_V2" />
./snapshots/project_clean_state_2026_04_16/steps/MASTER_PIPELINE/003_RESULT.xml:7877:                <derived name="ST_Heating_State_V2" />
./snapshots/project_clean_state_2026_04_16/steps/MASTER_PIPELINE/001_BASE.xml:6168:                <derived name="ST_Heating_State_V2" />
./snapshots/project_clean_state_2026_04_16/diagnostics/2026_04_16/step_10_git_commit_failure_debug.log:199:./ST_Heating_State_V2.dut
./snapshots/project_clean_state_2026_04_16/diagnostics/2026_04_16/step_08_flatten_unpacked_root.log:179:./ST_Heating_State_V2.dut
./snapshots/project_clean_state_2026_04_16/diagnostics/2026_04_16/step_11_project_structure.log:176:./ST_Heating_State_V2.dut
./snapshots/project_clean_state_2026_04_16/diagnostics/2026_04_16/step_11_project_structure.log:419:./ST_Heating_State_V2.dut
./snapshots/project_clean_state_2026_04_16/FB_Heating_System_Manager.st:66:    L_Heating_V2_State_V2 : ST_Heating_State_V2;
./snapshots/project_clean_state_2026_04_16/компилятор/logs/004_import_dut_v11.log:62:ST_Heating_State_V2.dut: STRUCT ST_Heating_State_V2 fields=2
./snapshots/project_clean_state_2026_04_16/компилятор/logs/004_import_dut_v11.log:129:STRUCT ST_Heating_State_V2: total=2 with_initializer=0 without_initializer=2 array_initializer=0 unsupported_initializer=0
./snapshots/project_clean_state_2026_04_16/компилятор/out/RESULT_methods_clean.xml:1846:      <dataType name="ST_Heating_State_V2">
./snapshots/project_clean_state_2026_04_16/компилятор/out/RESULT_methods_clean.xml:4347:                <derived name="ST_Heating_State_V2" />
./snapshots/project_clean_state_2026_04_16/компилятор/out/RESULT_methods_clean.xml:6685:                <derived name="ST_Heating_State_V2" />
./snapshots/project_clean_state_2026_04_16/компилятор/out/RESULT_methods_clean.xml:20150:            <Object Name="ST_Heating_State_V2" ObjectId="4ed66081-4c22-4ff3-822d-16b9af4b71fa" />
./snapshots/project_clean_state_2026_04_16/ST_Heating_State_V2.dut:1:TYPE ST_Heating_State_V2 : STRUCT
./snapshots/project_clean_state_2026_04_16/диагностика/file_access_audit.log:209:ST_Heating_State_V2.dut	file	yes	yes	yes	0o666
./snapshots/project_clean_state_2026_04_16/диагностика/file_access_audit.log:816:snapshots/clean_build_20260414_0820/ST_Heating_State_V2.dut	file	yes	yes	yes	0o666
./snapshots/project_clean_state_2026_04_16/диагностика/file_access_audit.log:1189:snapshots/clean_build_20260414_0820/workspace/dut_rebuild/heating_v2/ST_Heating_State_V2.dut	file	yes	yes	yes	0o666
./snapshots/project_clean_state_2026_04_16/диагностика/file_access_audit.log:1696:snapshots/clean_build_2026_04_14/ST_Heating_State_V2.dut	file	yes	yes	yes	0o666
./snapshots/project_clean_state_2026_04_16/диагностика/file_access_audit.log:2070:snapshots/clean_build_2026_04_14/workspace/dut_rebuild/heating_v2/ST_Heating_State_V2.dut	file	yes	yes	yes	0o666
./snapshots/project_clean_state_2026_04_16/диагностика/file_access_audit.log:2560:snapshots/clean_build_2026_04_15/ST_Heating_State_V2.dut	file	yes	yes	yes	0o666
./snapshots/project_clean_state_2026_04_16/диагностика/file_access_audit.log:2945:snapshots/clean_build_2026_04_15/workspace/dut_rebuild/heating_v2/ST_Heating_State_V2.dut	file	yes	yes	yes	0o666
./snapshots/project_clean_state_2026_04_16/диагностика/file_access_audit.log:3357:workspace/dut_rebuild/heating_v2/ST_Heating_State_V2.dut	file	yes	yes	yes	0o666
./snapshots/project_clean_state_2026_04_16/workspace/export_forensics/sandbox/XML_INTERFACE_PREVIEW.txt:705:  <variable name="L_Heating_V2_State_Shadow"><type><derived name="ST_Heating_State_V2"/></type></variable>
./snapshots/project_clean_state_2026_04_16/workspace/export_forensics/sandbox/XML_INTERFACE_PREVIEW_CLEAN.txt:678:  <variable name="L_Heating_V2_State_Shadow"><type><derived name="ST_Heating_State_V2"/></type></variable>
./snapshots/project_clean_state_2026_04_16/workspace/export_forensics/sandbox/XML_INTERFACE_PREVIEW_CLEAN_V2.txt:1668:    <type><derived name="ST_Heating_State_V2"/></type>
./snapshots/project_clean_state_2026_04_16/workspace/export_forensics/sandbox/INTERFACE_PREVIEW.txt:630:L_Heating_V2_State_Shadow : derived(ST_Heating_State_V2)
./snapshots/project_clean_state_2026_04_16/workspace/draft_v2_inventory_2026-04-12.md:21:- ST_Heating_State_V2
./snapshots/project_clean_state_2026_04_16/workspace/dut_rebuild/heating_v2/v2_core/FB_Heating_V2_Core_DRAFT.st:4:    VI_State_In : ST_Heating_State_V2;
./snapshots/project_clean_state_2026_04_16/workspace/dut_rebuild/heating_v2/v2_core/FB_Heating_V2_Core_DRAFT.st:8:    VO_State_Out : ST_Heating_State_V2;
./snapshots/project_clean_state_2026_04_16/workspace/dut_rebuild/heating_v2/v2_core/FB_Heating_State_Path_DRAFT.st:3:    VI_State_In : ST_Heating_State_V2;
./snapshots/project_clean_state_2026_04_16/workspace/dut_rebuild/heating_v2/v2_core/FB_Heating_State_Path_DRAFT.st:6:    VO_State_Out : ST_Heating_State_V2;
./snapshots/project_clean_state_2026_04_16/workspace/dut_rebuild/heating_v2/staging/FB_Heating_V2_Staging_DRAFT.st:18:    VO_State_Shadow : ST_Heating_State_V2;
./snapshots/project_clean_state_2026_04_16/workspace/dut_rebuild/heating_v2/staging/FB_Heating_V2_Staging_DRAFT.st:26:    L_State_V2 : ST_Heating_State_V2;
./snapshots/project_clean_state_2026_04_16/workspace/dut_rebuild/heating_v2/ST_Heating_State_V2.dut:1:TYPE ST_Heating_State_V2 :
./snapshots/project_clean_state_2026_04_16/workspace/dut_rebuild/heating_v2/compatibility/FB_Heating_Legacy_To_V2_State_Adapter_DRAFT.st:12:    VO_State_V2 : ST_Heating_State_V2;
./snapshots/clean_build_2026_04_16/компилятор/logs/004_import_dut_v11.log:62:ST_Heating_State_V2.dut: STRUCT ST_Heating_State_V2 fields=2
./snapshots/clean_build_2026_04_16/компилятор/logs/004_import_dut_v11.log:129:STRUCT ST_Heating_State_V2: total=2 with_initializer=0 without_initializer=2 array_initializer=0 unsupported_initializer=0
./snapshots/clean_build_2026_04_16/компилятор/out/RESULT_methods_clean.xml:1846:      <dataType name="ST_Heating_State_V2">
./snapshots/clean_build_2026_04_16/компилятор/out/RESULT_methods_clean.xml:4347:                <derived name="ST_Heating_State_V2" />
./snapshots/clean_build_2026_04_16/компилятор/out/RESULT_methods_clean.xml:6685:                <derived name="ST_Heating_State_V2" />
./snapshots/clean_build_2026_04_16/компилятор/out/RESULT_methods_clean.xml:20150:            <Object Name="ST_Heating_State_V2" ObjectId="4ed66081-4c22-4ff3-822d-16b9af4b71fa" />
./диагностика/file_access_audit.log:209:ST_Heating_State_V2.dut	file	yes	yes	yes	0o666
./диагностика/file_access_audit.log:816:snapshots/clean_build_20260414_0820/ST_Heating_State_V2.dut	file	yes	yes	yes	0o666
./диагностика/file_access_audit.log:1189:snapshots/clean_build_20260414_0820/workspace/dut_rebuild/heating_v2/ST_Heating_State_V2.dut	file	yes	yes	yes	0o666
./диагностика/file_access_audit.log:1696:snapshots/clean_build_2026_04_14/ST_Heating_State_V2.dut	file	yes	yes	yes	0o666
./диагностика/file_access_audit.log:2070:snapshots/clean_build_2026_04_14/workspace/dut_rebuild/heating_v2/ST_Heating_State_V2.dut	file	yes	yes	yes	0o666
./диагностика/file_access_audit.log:2560:snapshots/clean_build_2026_04_15/ST_Heating_State_V2.dut	file	yes	yes	yes	0o666
./диагностика/file_access_audit.log:2945:snapshots/clean_build_2026_04_15/workspace/dut_rebuild/heating_v2/ST_Heating_State_V2.dut	file	yes	yes	yes	0o666
./диагностика/file_access_audit.log:3357:workspace/dut_rebuild/heating_v2/ST_Heating_State_V2.dut	file	yes	yes	yes	0o666
./workspace/export_forensics/sandbox/XML_INTERFACE_PREVIEW.txt:705:  <variable name="L_Heating_V2_State_Shadow"><type><derived name="ST_Heating_State_V2"/></type></variable>
./workspace/export_forensics/sandbox/XML_INTERFACE_PREVIEW_CLEAN.txt:678:  <variable name="L_Heating_V2_State_Shadow"><type><derived name="ST_Heating_State_V2"/></type></variable>
./workspace/export_forensics/sandbox/XML_INTERFACE_PREVIEW_CLEAN_V2.txt:1668:    <type><derived name="ST_Heating_State_V2"/></type>
./workspace/export_forensics/sandbox/INTERFACE_PREVIEW.txt:630:L_Heating_V2_State_Shadow : derived(ST_Heating_State_V2)
./workspace/draft_v2_inventory_2026-04-12.md:21:- ST_Heating_State_V2
./workspace/dut_rebuild/heating_v2/v2_core/FB_Heating_V2_Core_DRAFT.st:4:    VI_State_In : ST_Heating_State_V2;
./workspace/dut_rebuild/heating_v2/v2_core/FB_Heating_V2_Core_DRAFT.st:8:    VO_State_Out : ST_Heating_State_V2;
./workspace/dut_rebuild/heating_v2/v2_core/FB_Heating_State_Path_DRAFT.st:3:    VI_State_In : ST_Heating_State_V2;
./workspace/dut_rebuild/heating_v2/v2_core/FB_Heating_State_Path_DRAFT.st:6:    VO_State_Out : ST_Heating_State_V2;
./workspace/dut_rebuild/heating_v2/staging/FB_Heating_V2_Staging_DRAFT.st:18:    VO_State_Shadow : ST_Heating_State_V2;
./workspace/dut_rebuild/heating_v2/staging/FB_Heating_V2_Staging_DRAFT.st:26:    L_State_V2 : ST_Heating_State_V2;
./workspace/dut_rebuild/heating_v2/ST_Heating_State_V2.dut:1:TYPE ST_Heating_State_V2 :
./workspace/dut_rebuild/heating_v2/compatibility/FB_Heating_Legacy_To_V2_State_Adapter_DRAFT.st:12:    VO_State_V2 : ST_Heating_State_V2;

--- ST_History_Event_V2 ---
./steps/MASTER_PIPELINE/005_RESULT.xml:2359:          <derived name="ARRAY[1..GVL_CONSTANTS.C_MAX_HISTORY_RECORDS] OF ST_History_Event_V2" />
./steps/MASTER_PIPELINE/004_RESULT.xml:5421:                <derived name="ARRAY[1..GVL_CONSTANTS.C_MAX_HISTORY_RECORDS] OF ST_History_Event_V2" />
./steps/MASTER_PIPELINE/003_GVL_BASELINE_INPUT.xml:3736:          <derived name="ARRAY[1..GVL_CONSTANTS.C_MAX_HISTORY_RECORDS] OF ST_History_Event_V2" />
./steps/MASTER_PIPELINE/out/004_RESULT.xml:5421:                <derived name="ARRAY[1..GVL_CONSTANTS.C_MAX_HISTORY_RECORDS] OF ST_History_Event_V2" />
./steps/MASTER_PIPELINE/out/003_RESULT.xml:6798:                <derived name="ARRAY[1..GVL_CONSTANTS.C_MAX_HISTORY_RECORDS] OF ST_History_Event_V2" />
./steps/MASTER_PIPELINE/002_BASE.xml:3728:                <derived name="ARRAY[1..GVL_CONSTANTS.C_MAX_HISTORY_RECORDS] OF ST_History_Event_V2" />
./steps/MASTER_PIPELINE/002_BASE.xml:9094:                <derived name="ARRAY[1..GVL_CONSTANTS.C_MAX_HISTORY_RECORDS] OF ST_History_Event_V2" />
./steps/MASTER_PIPELINE/003_RESULT.xml:6798:                <derived name="ARRAY[1..GVL_CONSTANTS.C_MAX_HISTORY_RECORDS] OF ST_History_Event_V2" />
./steps/MASTER_PIPELINE/archive_logs/003_GVL_XML_TEMPLATE_ANALYSIS.log:5617:          <derived name="ARRAY[1..GVL_CONSTANTS.C_MAX_HISTORY_RECORDS] OF ST_History_Event_V2" />
./steps/MASTER_PIPELINE/001_BASE.xml:3694:                <derived name="ARRAY[1..GVL_CONSTANTS.C_MAX_HISTORY_RECORDS] OF ST_History_Event_V2" />
./steps/2026-04-17_repair_alarm_manager_structure_after_bad_cleanup/01_repair_alarm_manager_structure_after_bad_cleanup.py:12:    "L_History_V2_Buffer_Shadow : ARRAY[1..GVL_CONSTANTS.C_MAX_HISTORY_RECORDS] OF ST_History_Event_V2;END_VAR\n"
./steps/2026-04-17_repair_alarm_manager_structure_after_bad_cleanup/01_repair_alarm_manager_structure_after_bad_cleanup.py:91:    "    L_History_V2_Buffer_Shadow : ARRAY[1..GVL_CONSTANTS.C_MAX_HISTORY_RECORDS] OF ST_History_Event_V2;\n",
./steps/2026-04-17_audit_zero_ref_v2_dut_leftovers/01_audit_zero_ref_v2_dut_leftovers.py:13:    "ST_History_Event_V2.dut",
./diagnostics/2026_04_16/step_10_git_commit_failure_debug.log:200:./ST_History_Event_V2.dut
./diagnostics/2026_04_16/step_08_flatten_unpacked_root.log:180:./ST_History_Event_V2.dut
./diagnostics/2026_04_16/step_13_full_project_snapshot.log:178:snapshots/project_clean_state_2026_04_16/ST_History_Event_V2.dut
./diagnostics/2026_04_16/step_11_project_structure.log:177:./ST_History_Event_V2.dut
./diagnostics/2026_04_16/step_11_project_structure.log:420:./ST_History_Event_V2.dut
./компилятор/logs/004_import_dut_v11.log:62:ST_History_Event_V2.dut: STRUCT ST_History_Event_V2 fields=2
./компилятор/logs/004_import_dut_v11.log:129:STRUCT ST_History_Event_V2: total=2 with_initializer=0 without_initializer=2 array_initializer=0 unsupported_initializer=0
./компилятор/out/RESULT_methods_clean.xml:1867:      <dataType name="ST_History_Event_V2">
./компилятор/out/RESULT_methods_clean.xml:10753:                <derived name="ARRAY[1..GVL_CONSTANTS.C_MAX_HISTORY_RECORDS] OF ST_History_Event_V2" />
./компилятор/out/RESULT_methods_clean.xml:12100:                <derived name="ARRAY[1..GVL_CONSTANTS.C_MAX_HISTORY_RECORDS] OF ST_History_Event_V2" />
./компилятор/out/RESULT_methods_clean.xml:20144:            <Object Name="ST_History_Event_V2" ObjectId="275f8449-b836-4232-8301-0093b601db71" />
./repo_logs/diagnostics/2026_04_16/constants_dut_usage.log:177:./ST_History_Event_V2.dut
./repo_logs/diagnostics/2026_04_16/constants_dut_usage.log:319:./workspace/dut_rebuild/history_blackbox/ST_History_Event_V2.dut
./repo_logs/diagnostics/2026_04_16/constants_dut_usage.log:322:./workspace/dut_rebuild/history_blackbox_v2/ST_History_Event_V2.dut
./repo_logs/diagnostics/2026_04_16/constants_dut_usage.log:672:./FB_History_V2_Core.st:9:    VIO_History_Buffer : ARRAY[1..GVL_CONSTANTS.C_MAX_HISTORY_RECORDS] OF ST_History_Event_V2;
./repo_logs/diagnostics/2026_04_16/constants_dut_usage.log:703:./FB_Alarm_Manager.st:77:    L_History_V2_Buffer_Shadow : ARRAY[1..GVL_CONSTANTS.C_MAX_HISTORY_RECORDS] OF ST_History_Event_V2;
./repo_logs/diagnostics/2026_04_16/constants_dut_usage.log:799:./workspace/export_forensics/sandbox/SMART_HOME_SANDBOX_V7.xml:6160:    L_History_V2_Buffer_Shadow : ARRAY[1..GVL_CONSTANTS.C_MAX_HISTORY_RECORDS] OF ST_History_Event_V2;
./repo_logs/diagnostics/2026_04_16/constants_dut_usage.log:861:./workspace/export_forensics/sandbox/SMART_HOME_SANDBOX_V6.xml:11000:    L_History_V2_Buffer_Shadow : ARRAY[1..GVL_CONSTANTS.C_MAX_HISTORY_RECORDS] OF ST_History_Event_V2;
./repo_logs/diagnostics/2026_04_16/constants_dut_usage.log:1022:./workspace/export_forensics/sandbox/SMART_HOME_SANDBOX_V3.xml:12372:    L_History_V2_Buffer_Shadow : ARRAY[1..GVL_CONSTANTS.C_MAX_HISTORY_RECORDS] OF ST_History_Event_V2;
./repo_logs/diagnostics/2026_04_16/constants_dut_usage.log:1388:./workspace/export_forensics/sandbox/SMART_HOME_SANDBOX_V8.xml:12424:    L_History_V2_Buffer_Shadow : ARRAY[1..GVL_CONSTANTS.C_MAX_HISTORY_RECORDS] OF ST_History_Event_V2;
./repo_logs/diagnostics/2026_04_16/constants_dut_usage.log:1501:./workspace/export_forensics/sandbox/SMART_HOME_SANDBOX_V5.xml:12304:    L_History_V2_Buffer_Shadow : ARRAY[1..GVL_CONSTANTS.C_MAX_HISTORY_RECORDS] OF ST_History_Event_V2;
./repo_logs/diagnostics/2026_04_16/constants_dut_usage.log:1518:./workspace/dut_rebuild/history_blackbox_v2/v2_core/FB_History_V2_Core_DRAFT.st:9:    VIO_History_Buffer : ARRAY[1..GVL_CONSTANTS.C_MAX_HISTORY_RECORDS] OF ST_History_Event_V2;
./repo_logs/assistant_bridge/2026_04_17/step_92_audit_root_compatibility_core_tails/audit_root_compatibility_core_tails.log:12:ST_History_Event_V2.dut
./repo_logs/assistant_bridge/2026_04_17/step_92_audit_root_compatibility_core_tails/audit_root_compatibility_core_tails.log:37:--- ST_History_Event_V2 ---
./repo_logs/assistant_bridge/2026_04_17/step_92_audit_root_compatibility_core_tails/audit_root_compatibility_core_tails.log:38:./FB_Alarm_Manager.st:77:    L_History_V2_Buffer_Shadow : ARRAY[1..GVL_CONSTANTS.C_MAX_HISTORY_RECORDS] OF ST_History_Event_V2;
./repo_logs/assistant_bridge/2026_04_17/step_92_audit_root_compatibility_core_tails/audit_root_compatibility_core_tails.log:39:./FB_History_V2_Core.st:9:    VIO_History_Buffer : ARRAY[1..GVL_CONSTANTS.C_MAX_HISTORY_RECORDS] OF ST_History_Event_V2;
./repo_logs/assistant_bridge/2026_04_17/step_92_audit_root_compatibility_core_tails/audit_root_compatibility_core_tails.log:40:./ST_History_Event_V2.dut:1:TYPE ST_History_Event_V2 : STRUCT
./repo_logs/assistant_bridge/2026_04_17/step_92_audit_root_compatibility_core_tails/audit_root_compatibility_core_tails.log:137:    L_History_V2_Buffer_Shadow : ARRAY[1..GVL_CONSTANTS.C_MAX_HISTORY_RECORDS] OF ST_History_Event_V2;
./repo_logs/assistant_bridge/2026_04_17/step_92_audit_root_compatibility_core_tails/audit_root_compatibility_core_tails.log:406:    VIO_History_Buffer : ARRAY[1..GVL_CONSTANTS.C_MAX_HISTORY_RECORDS] OF ST_History_Event_V2;
./repo_logs/assistant_bridge/2026_04_17/step_92_audit_root_compatibility_core_tails/audit_root_compatibility_core_tails.log:439:TYPE ST_History_Event_V2 : STRUCT
./repo_logs/assistant_bridge/2026_04_17/step_113_post_cleanup_sanity_audit/post_cleanup_sanity_audit.log:5:61:    L_Alarm_First_Warning_Latched : BOOL;    L_Alarm_Shadow_First_Mismatch : INT;    L_Alarm_Using_Legacy_Fallback : BOOL;    L_History_V2_Buffer_Shadow : ARRAY[1..GVL_CONSTANTS.C_MAX_HISTORY_RECORDS] OF ST_History_Event_V2;END_VAR
./repo_logs/assistant_bridge/2026_04_17/step_133_audit_zero_ref_v2_dut_leftovers/audit_zero_ref_v2_dut_leftovers.log:53:--- ST_History_Event_V2.dut ---
./repo_logs/assistant_bridge/2026_04_17/step_133_audit_zero_ref_v2_dut_leftovers/audit_zero_ref_v2_dut_leftovers.log:110:ST_History_Event_V2.dut
./repo_logs/assistant_bridge/2026_04_17/step_112_remove_alarm_manager_v2_scaffold/remove_alarm_manager_v2_scaffold.log:105:-    L_History_V2_Buffer_Shadow : ARRAY[1..GVL_CONSTANTS.C_MAX_HISTORY_RECORDS] OF ST_History_Event_V2;
./repo_logs/assistant_bridge/2026_04_17/step_112_remove_alarm_manager_v2_scaffold/remove_alarm_manager_v2_scaffold.log:116:+    L_Alarm_First_Warning_Latched : BOOL;    L_Alarm_Shadow_First_Mismatch : INT;    L_Alarm_Using_Legacy_Fallback : BOOL;    L_History_V2_Buffer_Shadow : ARRAY[1..GVL_CONSTANTS.C_MAX_HISTORY_RECORDS] OF ST_History_Event_V2;END_VAR
./repo_logs/assistant_bridge/2026_04_17/step_97_micro_audit_alarm_manager_v2_core_tails/micro_audit_alarm_manager_v2_core_tails.log:14:76:    L_History_V2_Buffer_Shadow : ARRAY[1..GVL_CONSTANTS.C_MAX_HISTORY_RECORDS] OF ST_History_Event_V2;
./repo_logs/assistant_bridge/2026_04_17/step_97_micro_audit_alarm_manager_v2_core_tails/micro_audit_alarm_manager_v2_core_tails.log:152:    L_History_V2_Buffer_Shadow : ARRAY[1..GVL_CONSTANTS.C_MAX_HISTORY_RECORDS] OF ST_History_Event_V2;
./repo_logs/assistant_bridge/2026_04_17/step_97_micro_audit_alarm_manager_v2_core_tails/micro_audit_alarm_manager_v2_core_tails.log:406:    VIO_History_Buffer : ARRAY[1..GVL_CONSTANTS.C_MAX_HISTORY_RECORDS] OF ST_History_Event_V2;
./repo_logs/assistant_bridge/2026_04_17/step_97_micro_audit_alarm_manager_v2_core_tails/micro_audit_alarm_manager_v2_core_tails.log:440:TYPE ST_History_Event_V2 : STRUCT
./repo_logs/assistant_bridge/2026_04_17/step_97_micro_audit_alarm_manager_v2_core_tails/micro_audit_alarm_manager_v2_core_tails.log:466:--- ST_History_Event_V2 ---
./repo_logs/assistant_bridge/2026_04_17/step_97_micro_audit_alarm_manager_v2_core_tails/micro_audit_alarm_manager_v2_core_tails.log:467:./FB_Alarm_Manager.st:76:    L_History_V2_Buffer_Shadow : ARRAY[1..GVL_CONSTANTS.C_MAX_HISTORY_RECORDS] OF ST_History_Event_V2;
./repo_logs/assistant_bridge/2026_04_17/step_97_micro_audit_alarm_manager_v2_core_tails/micro_audit_alarm_manager_v2_core_tails.log:468:./FB_History_V2_Core.st:9:    VIO_History_Buffer : ARRAY[1..GVL_CONSTANTS.C_MAX_HISTORY_RECORDS] OF ST_History_Event_V2;
./repo_logs/assistant_bridge/2026_04_17/step_97_micro_audit_alarm_manager_v2_core_tails/micro_audit_alarm_manager_v2_core_tails.log:469:./ST_History_Event_V2.dut:1:TYPE ST_History_Event_V2 : STRUCT
./repo_logs/assistant_bridge/2026_04_17/step_131_control_final_root_audit_and_unused_inventory/control_final_root_audit_and_unused_inventory.log:218:ST_History_Event_V2.dut
./repo_logs/assistant_bridge/2026_04_17/step_131_control_final_root_audit_and_unused_inventory/control_final_root_audit_and_unused_inventory.log:272:  snapshots/project_clean_state_2026_04_16/workspace/dut_rebuild/history_blackbox/ST_History_Event_V2.dut
./repo_logs/assistant_bridge/2026_04_17/step_131_control_final_root_audit_and_unused_inventory/control_final_root_audit_and_unused_inventory.log:273:  snapshots/project_clean_state_2026_04_16/workspace/dut_rebuild/history_blackbox_v2/ST_History_Event_V2.dut
./repo_logs/assistant_bridge/2026_04_17/step_131_control_final_root_audit_and_unused_inventory/control_final_root_audit_and_unused_inventory.log:277:  workspace/dut_rebuild/history_blackbox/ST_History_Event_V2.dut
./repo_logs/assistant_bridge/2026_04_17/step_131_control_final_root_audit_and_unused_inventory/control_final_root_audit_and_unused_inventory.log:278:  workspace/dut_rebuild/history_blackbox_v2/ST_History_Event_V2.dut
./repo_logs/assistant_bridge/2026_04_17/step_131_control_final_root_audit_and_unused_inventory/control_final_root_audit_and_unused_inventory.log:1210:ST_History_Event_V2.dut | type=.dut | symbol=ST_History_Event_V2 | external_refs=11
./repo_logs/assistant_bridge/2026_04_17/step_131_control_final_root_audit_and_unused_inventory/control_final_root_audit_and_unused_inventory.log:1213:  snapshots/project_clean_state_2026_04_16/ST_History_Event_V2.dut
./repo_logs/assistant_bridge/2026_04_17/step_131_control_final_root_audit_and_unused_inventory/control_final_root_audit_and_unused_inventory.log:1214:  snapshots/project_clean_state_2026_04_16/workspace/dut_rebuild/history_blackbox/ST_History_Event_V2.dut
./repo_logs/assistant_bridge/2026_04_17/step_131_control_final_root_audit_and_unused_inventory/control_final_root_audit_and_unused_inventory.log:1215:  snapshots/project_clean_state_2026_04_16/workspace/dut_rebuild/history_blackbox_v2/ST_History_Event_V2.dut
./repo_logs/assistant_bridge/2026_04_17/step_131_control_final_root_audit_and_unused_inventory/control_final_root_audit_and_unused_inventory.log:1218:  workspace/dut_rebuild/history_blackbox/ST_History_Event_V2.dut
./repo_logs/assistant_bridge/2026_04_17/step_131_control_final_root_audit_and_unused_inventory/control_final_root_audit_and_unused_inventory.log:1219:  workspace/dut_rebuild/history_blackbox_v2/ST_History_Event_V2.dut
./repo_logs/assistant_bridge/2026_04_17/step_132_root_unused_inventory_v2_live_only/root_unused_inventory_v2_live_only.log:172:ST_History_Event_V2.dut
./repo_logs/assistant_bridge/2026_04_17/step_132_root_unused_inventory_v2_live_only/root_unused_inventory_v2_live_only.log:659:ST_History_Event_V2.dut | type=.dut | symbol=ST_History_Event_V2 | external_refs=0
./repo_logs/assistant_bridge/2026_04_17/step_132_root_unused_inventory_v2_live_only/root_unused_inventory_v2_live_only.log:801:ST_History_Event_V2.dut | type=.dut | symbol=ST_History_Event_V2
./repo_logs/assistant_bridge/2026_04_17/step_110_audit_internal_shadow_scaffold_tails/audit_internal_shadow_scaffold_tails.log:28:73:    L_History_V2_Buffer_Shadow : ARRAY[1..GVL_CONSTANTS.C_MAX_HISTORY_RECORDS] OF ST_History_Event_V2;
./repo_logs/assistant_bridge/2026_04_17/step_110_audit_internal_shadow_scaffold_tails/audit_internal_shadow_scaffold_tails.log:201:    L_History_V2_Buffer_Shadow : ARRAY[1..GVL_CONSTANTS.C_MAX_HISTORY_RECORDS] OF ST_History_Event_V2;
./repo_logs/assistant_bridge/2026_04_17/step_110_audit_internal_shadow_scaffold_tails/audit_internal_shadow_scaffold_tails.log:1444:FB_Alarm_Manager.st:73:    L_History_V2_Buffer_Shadow : ARRAY[1..GVL_CONSTANTS.C_MAX_HISTORY_RECORDS] OF ST_History_Event_V2;
grep: ./repo_logs/assistant_bridge/2026_04_17/step_134_remove_zero_ref_v2_dut_leftovers/remove_zero_ref_v2_dut_leftovers.log: input file is also the output
./repo_logs/assistant_bridge/2026_04_17/step_114_repair_alarm_manager_structure_after_bad_cleanup/repair_alarm_manager_structure_after_bad_cleanup.log:6:61:    L_Alarm_First_Warning_Latched : BOOL;    L_Alarm_Shadow_First_Mismatch : INT;    L_Alarm_Using_Legacy_Fallback : BOOL;    L_History_V2_Buffer_Shadow : ARRAY[1..GVL_CONSTANTS.C_MAX_HISTORY_RECORDS] OF ST_History_Event_V2;END_VAR
./repo_logs/assistant_bridge/2026_04_17/step_114_repair_alarm_manager_structure_after_bad_cleanup/repair_alarm_manager_structure_after_bad_cleanup.log:362:-    L_Alarm_First_Warning_Latched : BOOL;    L_Alarm_Shadow_First_Mismatch : INT;    L_Alarm_Using_Legacy_Fallback : BOOL;    L_History_V2_Buffer_Shadow : ARRAY[1..GVL_CONSTANTS.C_MAX_HISTORY_RECORDS] OF ST_History_Event_V2;END_VAR
./repo_logs/assistant_bridge/2026_04_17/step_111_micro_audit_alarm_manager_internal_scaffold_cleanup/micro_audit_alarm_manager_internal_scaffold_cleanup.log:15:73:    L_History_V2_Buffer_Shadow : ARRAY[1..GVL_CONSTANTS.C_MAX_HISTORY_RECORDS] OF ST_History_Event_V2;
./repo_logs/assistant_bridge/2026_04_16/step_64_classify_root_transition_layers_fixed/classify_root_transition_layers_fixed.log:30:ST_History_Event_V2.dut
./repo_logs/assistant_bridge/2026_04_16/step_01_repo_baseline/baseline.log:196:./ST_History_Event_V2.dut
./repo_logs/assistant_bridge/2026_04_16/step_01_repo_baseline/baseline.log:468:snapshots/project_clean_state_2026_04_16/ST_History_Event_V2.dut
./repo_logs/assistant_bridge/2026_04_16/step_36_gateway_interface_audit/gateway_interface_audit.log:3676:./repo_logs/diagnostics/2026_04_16/constants_dut_usage.log:319:./workspace/dut_rebuild/history_blackbox/ST_History_Event_V2.dut
./repo_logs/assistant_bridge/2026_04_16/step_36_gateway_interface_audit/gateway_interface_audit.log:3679:./repo_logs/diagnostics/2026_04_16/constants_dut_usage.log:322:./workspace/dut_rebuild/history_blackbox_v2/ST_History_Event_V2.dut
./repo_logs/assistant_bridge/2026_04_16/step_36_gateway_interface_audit/gateway_interface_audit.log:3722:./repo_logs/diagnostics/2026_04_16/constants_dut_usage.log:1518:./workspace/dut_rebuild/history_blackbox_v2/v2_core/FB_History_V2_Core_DRAFT.st:9:    VIO_History_Buffer : ARRAY[1..GVL_CONSTANTS.C_MAX_HISTORY_RECORDS] OF ST_History_Event_V2;
./repo_logs/assistant_bridge/2026_04_16/step_36_gateway_interface_audit/gateway_interface_audit.log:6289:./snapshots/project_clean_state_2026_04_16/диагностика/file_access_audit.log:1206:snapshots/clean_build_20260414_0820/workspace/dut_rebuild/history_blackbox/ST_History_Event_V2.dut	file	yes	yes	yes	0o666
./repo_logs/assistant_bridge/2026_04_16/step_36_gateway_interface_audit/gateway_interface_audit.log:6292:./snapshots/project_clean_state_2026_04_16/диагностика/file_access_audit.log:1209:snapshots/clean_build_20260414_0820/workspace/dut_rebuild/history_blackbox_v2/ST_History_Event_V2.dut	file	yes	yes	yes	0o666
./repo_logs/assistant_bridge/2026_04_16/step_36_gateway_interface_audit/gateway_interface_audit.log:6338:./snapshots/project_clean_state_2026_04_16/диагностика/file_access_audit.log:2087:snapshots/clean_build_2026_04_14/workspace/dut_rebuild/history_blackbox/ST_History_Event_V2.dut	file	yes	yes	yes	0o666
./repo_logs/assistant_bridge/2026_04_16/step_36_gateway_interface_audit/gateway_interface_audit.log:6341:./snapshots/project_clean_state_2026_04_16/диагностика/file_access_audit.log:2090:snapshots/clean_build_2026_04_14/workspace/dut_rebuild/history_blackbox_v2/ST_History_Event_V2.dut	file	yes	yes	yes	0o666
./repo_logs/assistant_bridge/2026_04_16/step_36_gateway_interface_audit/gateway_interface_audit.log:6388:./snapshots/project_clean_state_2026_04_16/диагностика/file_access_audit.log:2962:snapshots/clean_build_2026_04_15/workspace/dut_rebuild/history_blackbox/ST_History_Event_V2.dut	file	yes	yes	yes	0o666
./repo_logs/assistant_bridge/2026_04_16/step_36_gateway_interface_audit/gateway_interface_audit.log:6391:./snapshots/project_clean_state_2026_04_16/диагностика/file_access_audit.log:2965:snapshots/clean_build_2026_04_15/workspace/dut_rebuild/history_blackbox_v2/ST_History_Event_V2.dut	file	yes	yes	yes	0o666
./repo_logs/assistant_bridge/2026_04_16/step_36_gateway_interface_audit/gateway_interface_audit.log:6416:./snapshots/project_clean_state_2026_04_16/диагностика/file_access_audit.log:3374:workspace/dut_rebuild/history_blackbox/ST_History_Event_V2.dut	file	yes	yes	yes	0o666
./repo_logs/assistant_bridge/2026_04_16/step_36_gateway_interface_audit/gateway_interface_audit.log:6419:./snapshots/project_clean_state_2026_04_16/диагностика/file_access_audit.log:3377:workspace/dut_rebuild/history_blackbox_v2/ST_History_Event_V2.dut	file	yes	yes	yes	0o666
./repo_logs/assistant_bridge/2026_04_16/step_36_gateway_interface_audit/gateway_interface_audit.log:8599:./диагностика/file_access_audit.log:1206:snapshots/clean_build_20260414_0820/workspace/dut_rebuild/history_blackbox/ST_History_Event_V2.dut	file	yes	yes	yes	0o666
./repo_logs/assistant_bridge/2026_04_16/step_36_gateway_interface_audit/gateway_interface_audit.log:8602:./диагностика/file_access_audit.log:1209:snapshots/clean_build_20260414_0820/workspace/dut_rebuild/history_blackbox_v2/ST_History_Event_V2.dut	file	yes	yes	yes	0o666
./repo_logs/assistant_bridge/2026_04_16/step_36_gateway_interface_audit/gateway_interface_audit.log:8648:./диагностика/file_access_audit.log:2087:snapshots/clean_build_2026_04_14/workspace/dut_rebuild/history_blackbox/ST_History_Event_V2.dut	file	yes	yes	yes	0o666
./repo_logs/assistant_bridge/2026_04_16/step_36_gateway_interface_audit/gateway_interface_audit.log:8651:./диагностика/file_access_audit.log:2090:snapshots/clean_build_2026_04_14/workspace/dut_rebuild/history_blackbox_v2/ST_History_Event_V2.dut	file	yes	yes	yes	0o666
./repo_logs/assistant_bridge/2026_04_16/step_36_gateway_interface_audit/gateway_interface_audit.log:8698:./диагностика/file_access_audit.log:2962:snapshots/clean_build_2026_04_15/workspace/dut_rebuild/history_blackbox/ST_History_Event_V2.dut	file	yes	yes	yes	0o666
./repo_logs/assistant_bridge/2026_04_16/step_36_gateway_interface_audit/gateway_interface_audit.log:8701:./диагностика/file_access_audit.log:2965:snapshots/clean_build_2026_04_15/workspace/dut_rebuild/history_blackbox_v2/ST_History_Event_V2.dut	file	yes	yes	yes	0o666
./repo_logs/assistant_bridge/2026_04_16/step_36_gateway_interface_audit/gateway_interface_audit.log:8726:./диагностика/file_access_audit.log:3374:workspace/dut_rebuild/history_blackbox/ST_History_Event_V2.dut	file	yes	yes	yes	0o666
./repo_logs/assistant_bridge/2026_04_16/step_36_gateway_interface_audit/gateway_interface_audit.log:8729:./диагностика/file_access_audit.log:3377:workspace/dut_rebuild/history_blackbox_v2/ST_History_Event_V2.dut	file	yes	yes	yes	0o666
./repo_logs/assistant_bridge/2026_04_16/step_63_root_only_transition_inventory/root_only_transition_inventory.log:178:ST_History_Event_V2.dut
./repo_logs/assistant_bridge/2026_04_16/step_63_root_only_transition_inventory/root_only_transition_inventory.log:244:ST_History_Event_V2.dut
./repo_logs/assistant_bridge/2026_04_16/step_63_root_only_transition_inventory/root_only_transition_inventory.log:380:--- FILE: ST_History_Event_V2.dut ---
./repo_logs/assistant_bridge/2026_04_16/step_63_root_only_transition_inventory/root_only_transition_inventory.log:381:SYMBOL BASE: ST_History_Event_V2
./repo_logs/assistant_bridge/2026_04_16/step_63_root_only_transition_inventory/root_only_transition_inventory.log:382:./FB_Alarm_Manager.st:77:    L_History_V2_Buffer_Shadow : ARRAY[1..GVL_CONSTANTS.C_MAX_HISTORY_RECORDS] OF ST_History_Event_V2;
./repo_logs/assistant_bridge/2026_04_16/step_63_root_only_transition_inventory/root_only_transition_inventory.log:383:./FB_History_V2_Core.st:9:    VIO_History_Buffer : ARRAY[1..GVL_CONSTANTS.C_MAX_HISTORY_RECORDS] OF ST_History_Event_V2;
./repo_logs/assistant_bridge/2026_04_16/step_63_root_only_transition_inventory/root_only_transition_inventory.log:384:./ST_History_Event_V2.dut:1:TYPE ST_History_Event_V2 : STRUCT
./repo_logs/assistant_bridge/2026_04_16/step_45_scenario_layer_audit_fixed/scenario_layer_audit_fixed.log:177:./ST_History_Event_V2.dut
./repo_logs/assistant_bridge/2026_04_16/step_45_scenario_layer_audit_fixed/scenario_layer_audit_fixed.log:386:./snapshots/project_clean_state_2026_04_16/ST_History_Event_V2.dut
./repo_logs/assistant_bridge/2026_04_16/step_45_scenario_layer_audit_fixed/scenario_layer_audit_fixed.log:460:./snapshots/project_clean_state_2026_04_16/workspace/dut_rebuild/history_blackbox/ST_History_Event_V2.dut
./repo_logs/assistant_bridge/2026_04_16/step_45_scenario_layer_audit_fixed/scenario_layer_audit_fixed.log:462:./snapshots/project_clean_state_2026_04_16/workspace/dut_rebuild/history_blackbox_v2/ST_History_Event_V2.dut
./repo_logs/assistant_bridge/2026_04_16/step_45_scenario_layer_audit_fixed/scenario_layer_audit_fixed.log:555:./workspace/dut_rebuild/history_blackbox/ST_History_Event_V2.dut
./repo_logs/assistant_bridge/2026_04_16/step_45_scenario_layer_audit_fixed/scenario_layer_audit_fixed.log:557:./workspace/dut_rebuild/history_blackbox_v2/ST_History_Event_V2.dut
./snapshots/project_clean_state_2026_04_16/steps/MASTER_PIPELINE/005_RESULT.xml:2359:          <derived name="ARRAY[1..GVL_CONSTANTS.C_MAX_HISTORY_RECORDS] OF ST_History_Event_V2" />
./snapshots/project_clean_state_2026_04_16/steps/MASTER_PIPELINE/004_RESULT.xml:5421:                <derived name="ARRAY[1..GVL_CONSTANTS.C_MAX_HISTORY_RECORDS] OF ST_History_Event_V2" />
./snapshots/project_clean_state_2026_04_16/steps/MASTER_PIPELINE/003_GVL_BASELINE_INPUT.xml:3736:          <derived name="ARRAY[1..GVL_CONSTANTS.C_MAX_HISTORY_RECORDS] OF ST_History_Event_V2" />
./snapshots/project_clean_state_2026_04_16/steps/MASTER_PIPELINE/out/004_RESULT.xml:5421:                <derived name="ARRAY[1..GVL_CONSTANTS.C_MAX_HISTORY_RECORDS] OF ST_History_Event_V2" />
./snapshots/project_clean_state_2026_04_16/steps/MASTER_PIPELINE/out/003_RESULT.xml:6798:                <derived name="ARRAY[1..GVL_CONSTANTS.C_MAX_HISTORY_RECORDS] OF ST_History_Event_V2" />
./snapshots/project_clean_state_2026_04_16/steps/MASTER_PIPELINE/002_BASE.xml:3728:                <derived name="ARRAY[1..GVL_CONSTANTS.C_MAX_HISTORY_RECORDS] OF ST_History_Event_V2" />
./snapshots/project_clean_state_2026_04_16/steps/MASTER_PIPELINE/002_BASE.xml:9094:                <derived name="ARRAY[1..GVL_CONSTANTS.C_MAX_HISTORY_RECORDS] OF ST_History_Event_V2" />
./snapshots/project_clean_state_2026_04_16/steps/MASTER_PIPELINE/003_RESULT.xml:6798:                <derived name="ARRAY[1..GVL_CONSTANTS.C_MAX_HISTORY_RECORDS] OF ST_History_Event_V2" />
./snapshots/project_clean_state_2026_04_16/steps/MASTER_PIPELINE/archive_logs/003_GVL_XML_TEMPLATE_ANALYSIS.log:5617:          <derived name="ARRAY[1..GVL_CONSTANTS.C_MAX_HISTORY_RECORDS] OF ST_History_Event_V2" />
./snapshots/project_clean_state_2026_04_16/steps/MASTER_PIPELINE/001_BASE.xml:3694:                <derived name="ARRAY[1..GVL_CONSTANTS.C_MAX_HISTORY_RECORDS] OF ST_History_Event_V2" />
./snapshots/project_clean_state_2026_04_16/diagnostics/2026_04_16/step_10_git_commit_failure_debug.log:200:./ST_History_Event_V2.dut
./snapshots/project_clean_state_2026_04_16/diagnostics/2026_04_16/step_08_flatten_unpacked_root.log:180:./ST_History_Event_V2.dut
./snapshots/project_clean_state_2026_04_16/diagnostics/2026_04_16/step_11_project_structure.log:177:./ST_History_Event_V2.dut
./snapshots/project_clean_state_2026_04_16/diagnostics/2026_04_16/step_11_project_structure.log:420:./ST_History_Event_V2.dut
./snapshots/project_clean_state_2026_04_16/компилятор/logs/004_import_dut_v11.log:63:ST_History_Event_V2.dut: STRUCT ST_History_Event_V2 fields=2
./snapshots/project_clean_state_2026_04_16/компилятор/logs/004_import_dut_v11.log:130:STRUCT ST_History_Event_V2: total=2 with_initializer=0 without_initializer=2 array_initializer=0 unsupported_initializer=0
./snapshots/project_clean_state_2026_04_16/компилятор/out/RESULT_methods_clean.xml:1867:      <dataType name="ST_History_Event_V2">
./snapshots/project_clean_state_2026_04_16/компилятор/out/RESULT_methods_clean.xml:10750:                <derived name="ARRAY[1..GVL_CONSTANTS.C_MAX_HISTORY_RECORDS] OF ST_History_Event_V2" />
./snapshots/project_clean_state_2026_04_16/компилятор/out/RESULT_methods_clean.xml:12097:                <derived name="ARRAY[1..GVL_CONSTANTS.C_MAX_HISTORY_RECORDS] OF ST_History_Event_V2" />
./snapshots/project_clean_state_2026_04_16/компилятор/out/RESULT_methods_clean.xml:20151:            <Object Name="ST_History_Event_V2" ObjectId="234213db-b09a-4109-9df9-02dd7ba06568" />
./snapshots/project_clean_state_2026_04_16/FB_History_V2_Core.st:9:    VIO_History_Buffer : ARRAY[1..GVL_CONSTANTS.C_MAX_HISTORY_RECORDS] OF ST_History_Event_V2;
./snapshots/project_clean_state_2026_04_16/диагностика/file_access_audit.log:210:ST_History_Event_V2.dut	file	yes	yes	yes	0o666
./snapshots/project_clean_state_2026_04_16/диагностика/file_access_audit.log:817:snapshots/clean_build_20260414_0820/ST_History_Event_V2.dut	file	yes	yes	yes	0o666
./snapshots/project_clean_state_2026_04_16/диагностика/file_access_audit.log:1206:snapshots/clean_build_20260414_0820/workspace/dut_rebuild/history_blackbox/ST_History_Event_V2.dut	file	yes	yes	yes	0o666
./snapshots/project_clean_state_2026_04_16/диагностика/file_access_audit.log:1209:snapshots/clean_build_20260414_0820/workspace/dut_rebuild/history_blackbox_v2/ST_History_Event_V2.dut	file	yes	yes	yes	0o666
./snapshots/project_clean_state_2026_04_16/диагностика/file_access_audit.log:1697:snapshots/clean_build_2026_04_14/ST_History_Event_V2.dut	file	yes	yes	yes	0o666
./snapshots/project_clean_state_2026_04_16/диагностика/file_access_audit.log:2087:snapshots/clean_build_2026_04_14/workspace/dut_rebuild/history_blackbox/ST_History_Event_V2.dut	file	yes	yes	yes	0o666
./snapshots/project_clean_state_2026_04_16/диагностика/file_access_audit.log:2090:snapshots/clean_build_2026_04_14/workspace/dut_rebuild/history_blackbox_v2/ST_History_Event_V2.dut	file	yes	yes	yes	0o666
./snapshots/project_clean_state_2026_04_16/диагностика/file_access_audit.log:2561:snapshots/clean_build_2026_04_15/ST_History_Event_V2.dut	file	yes	yes	yes	0o666
./snapshots/project_clean_state_2026_04_16/диагностика/file_access_audit.log:2962:snapshots/clean_build_2026_04_15/workspace/dut_rebuild/history_blackbox/ST_History_Event_V2.dut	file	yes	yes	yes	0o666
./snapshots/project_clean_state_2026_04_16/диагностика/file_access_audit.log:2965:snapshots/clean_build_2026_04_15/workspace/dut_rebuild/history_blackbox_v2/ST_History_Event_V2.dut	file	yes	yes	yes	0o666
./snapshots/project_clean_state_2026_04_16/диагностика/file_access_audit.log:3374:workspace/dut_rebuild/history_blackbox/ST_History_Event_V2.dut	file	yes	yes	yes	0o666
./snapshots/project_clean_state_2026_04_16/диагностика/file_access_audit.log:3377:workspace/dut_rebuild/history_blackbox_v2/ST_History_Event_V2.dut	file	yes	yes	yes	0o666
./snapshots/project_clean_state_2026_04_16/FB_Alarm_Manager.st:77:    L_History_V2_Buffer_Shadow : ARRAY[1..GVL_CONSTANTS.C_MAX_HISTORY_RECORDS] OF ST_History_Event_V2;
./snapshots/project_clean_state_2026_04_16/workspace/export_forensics/sandbox/SMART_HOME_SANDBOX_V7.xml:6160:    L_History_V2_Buffer_Shadow : ARRAY[1..GVL_CONSTANTS.C_MAX_HISTORY_RECORDS] OF ST_History_Event_V2;
./snapshots/project_clean_state_2026_04_16/workspace/export_forensics/sandbox/SMART_HOME_SANDBOX_V6.xml:11000:    L_History_V2_Buffer_Shadow : ARRAY[1..GVL_CONSTANTS.C_MAX_HISTORY_RECORDS] OF ST_History_Event_V2;
./snapshots/project_clean_state_2026_04_16/workspace/export_forensics/sandbox/SMART_HOME_SANDBOX_V3.xml:12372:    L_History_V2_Buffer_Shadow : ARRAY[1..GVL_CONSTANTS.C_MAX_HISTORY_RECORDS] OF ST_History_Event_V2;
./snapshots/project_clean_state_2026_04_16/workspace/export_forensics/sandbox/SMART_HOME_SANDBOX_V8.xml:12424:    L_History_V2_Buffer_Shadow : ARRAY[1..GVL_CONSTANTS.C_MAX_HISTORY_RECORDS] OF ST_History_Event_V2;
./snapshots/project_clean_state_2026_04_16/workspace/export_forensics/sandbox/SMART_HOME_SANDBOX_V5.xml:12304:    L_History_V2_Buffer_Shadow : ARRAY[1..GVL_CONSTANTS.C_MAX_HISTORY_RECORDS] OF ST_History_Event_V2;
./snapshots/project_clean_state_2026_04_16/workspace/draft_v2_inventory_2026-04-12.md:32:- ST_History_Event_V2
./snapshots/project_clean_state_2026_04_16/workspace/dut_rebuild/history_blackbox/01_history_blackbox_rebuild_plan.md:8:- ST_History_Event_V2
./snapshots/project_clean_state_2026_04_16/workspace/dut_rebuild/history_blackbox/ST_History_Event_V2.dut:1:TYPE ST_History_Event_V2 :
./snapshots/project_clean_state_2026_04_16/workspace/dut_rebuild/history_blackbox_v2/v2_core/FB_History_V2_Core_DRAFT.st:9:    VIO_History_Buffer : ARRAY[1..GVL_CONSTANTS.C_MAX_HISTORY_RECORDS] OF ST_History_Event_V2;
./snapshots/project_clean_state_2026_04_16/workspace/dut_rebuild/history_blackbox_v2/ST_History_Event_V2.dut:1:TYPE ST_History_Event_V2 :
./snapshots/project_clean_state_2026_04_16/workspace/dut_rebuild/history_blackbox_v2/compatibility/FB_History_Legacy_To_V2_Adapter_DRAFT.st:6:    VO_History_V2 : ST_History_Event_V2;
./snapshots/project_clean_state_2026_04_16/workspace/dut_rebuild/history_blackbox_v2/compatibility/01_history_blackbox_compatibility_plan.md:7:- ST_History_Record -> ST_History_Event_V2
./snapshots/project_clean_state_2026_04_16/workspace/dut_rebuild/reports/01_old_to_new_mapping.md:11:- ST_History_Record.dut -> ST_History_Event_V2.dut
./snapshots/project_clean_state_2026_04_16/workspace/dut_rebuild/reports/03_workspace_review.md:20:- ST_History_Event_V2
./snapshots/project_clean_state_2026_04_16/ST_History_Event_V2.dut:1:TYPE ST_History_Event_V2 : STRUCT
./snapshots/clean_build_2026_04_16/компилятор/logs/004_import_dut_v11.log:63:ST_History_Event_V2.dut: STRUCT ST_History_Event_V2 fields=2
./snapshots/clean_build_2026_04_16/компилятор/logs/004_import_dut_v11.log:130:STRUCT ST_History_Event_V2: total=2 with_initializer=0 without_initializer=2 array_initializer=0 unsupported_initializer=0
./snapshots/clean_build_2026_04_16/компилятор/out/RESULT_methods_clean.xml:1867:      <dataType name="ST_History_Event_V2">
./snapshots/clean_build_2026_04_16/компилятор/out/RESULT_methods_clean.xml:10750:                <derived name="ARRAY[1..GVL_CONSTANTS.C_MAX_HISTORY_RECORDS] OF ST_History_Event_V2" />
./snapshots/clean_build_2026_04_16/компилятор/out/RESULT_methods_clean.xml:12097:                <derived name="ARRAY[1..GVL_CONSTANTS.C_MAX_HISTORY_RECORDS] OF ST_History_Event_V2" />
./snapshots/clean_build_2026_04_16/компилятор/out/RESULT_methods_clean.xml:20151:            <Object Name="ST_History_Event_V2" ObjectId="234213db-b09a-4109-9df9-02dd7ba06568" />
./диагностика/file_access_audit.log:210:ST_History_Event_V2.dut	file	yes	yes	yes	0o666
./диагностика/file_access_audit.log:817:snapshots/clean_build_20260414_0820/ST_History_Event_V2.dut	file	yes	yes	yes	0o666
./диагностика/file_access_audit.log:1206:snapshots/clean_build_20260414_0820/workspace/dut_rebuild/history_blackbox/ST_History_Event_V2.dut	file	yes	yes	yes	0o666
./диагностика/file_access_audit.log:1209:snapshots/clean_build_20260414_0820/workspace/dut_rebuild/history_blackbox_v2/ST_History_Event_V2.dut	file	yes	yes	yes	0o666
./диагностика/file_access_audit.log:1697:snapshots/clean_build_2026_04_14/ST_History_Event_V2.dut	file	yes	yes	yes	0o666
./диагностика/file_access_audit.log:2087:snapshots/clean_build_2026_04_14/workspace/dut_rebuild/history_blackbox/ST_History_Event_V2.dut	file	yes	yes	yes	0o666
./диагностика/file_access_audit.log:2090:snapshots/clean_build_2026_04_14/workspace/dut_rebuild/history_blackbox_v2/ST_History_Event_V2.dut	file	yes	yes	yes	0o666
./диагностика/file_access_audit.log:2561:snapshots/clean_build_2026_04_15/ST_History_Event_V2.dut	file	yes	yes	yes	0o666
./диагностика/file_access_audit.log:2962:snapshots/clean_build_2026_04_15/workspace/dut_rebuild/history_blackbox/ST_History_Event_V2.dut	file	yes	yes	yes	0o666
./диагностика/file_access_audit.log:2965:snapshots/clean_build_2026_04_15/workspace/dut_rebuild/history_blackbox_v2/ST_History_Event_V2.dut	file	yes	yes	yes	0o666
./диагностика/file_access_audit.log:3374:workspace/dut_rebuild/history_blackbox/ST_History_Event_V2.dut	file	yes	yes	yes	0o666
./диагностика/file_access_audit.log:3377:workspace/dut_rebuild/history_blackbox_v2/ST_History_Event_V2.dut	file	yes	yes	yes	0o666
./workspace/export_forensics/sandbox/SMART_HOME_SANDBOX_V7.xml:6160:    L_History_V2_Buffer_Shadow : ARRAY[1..GVL_CONSTANTS.C_MAX_HISTORY_RECORDS] OF ST_History_Event_V2;
./workspace/export_forensics/sandbox/SMART_HOME_SANDBOX_V6.xml:11000:    L_History_V2_Buffer_Shadow : ARRAY[1..GVL_CONSTANTS.C_MAX_HISTORY_RECORDS] OF ST_History_Event_V2;
./workspace/export_forensics/sandbox/SMART_HOME_SANDBOX_V3.xml:12372:    L_History_V2_Buffer_Shadow : ARRAY[1..GVL_CONSTANTS.C_MAX_HISTORY_RECORDS] OF ST_History_Event_V2;
./workspace/export_forensics/sandbox/SMART_HOME_SANDBOX_V8.xml:12424:    L_History_V2_Buffer_Shadow : ARRAY[1..GVL_CONSTANTS.C_MAX_HISTORY_RECORDS] OF ST_History_Event_V2;
./workspace/export_forensics/sandbox/SMART_HOME_SANDBOX_V5.xml:12304:    L_History_V2_Buffer_Shadow : ARRAY[1..GVL_CONSTANTS.C_MAX_HISTORY_RECORDS] OF ST_History_Event_V2;
./workspace/draft_v2_inventory_2026-04-12.md:32:- ST_History_Event_V2
./workspace/dut_rebuild/history_blackbox/01_history_blackbox_rebuild_plan.md:8:- ST_History_Event_V2
./workspace/dut_rebuild/history_blackbox/ST_History_Event_V2.dut:1:TYPE ST_History_Event_V2 :
./workspace/dut_rebuild/history_blackbox_v2/v2_core/FB_History_V2_Core_DRAFT.st:9:    VIO_History_Buffer : ARRAY[1..GVL_CONSTANTS.C_MAX_HISTORY_RECORDS] OF ST_History_Event_V2;
./workspace/dut_rebuild/history_blackbox_v2/ST_History_Event_V2.dut:1:TYPE ST_History_Event_V2 :
./workspace/dut_rebuild/history_blackbox_v2/compatibility/FB_History_Legacy_To_V2_Adapter_DRAFT.st:6:    VO_History_V2 : ST_History_Event_V2;
./workspace/dut_rebuild/history_blackbox_v2/compatibility/01_history_blackbox_compatibility_plan.md:7:- ST_History_Record -> ST_History_Event_V2
./workspace/dut_rebuild/reports/01_old_to_new_mapping.md:11:- ST_History_Record.dut -> ST_History_Event_V2.dut
./workspace/dut_rebuild/reports/03_workspace_review.md:20:- ST_History_Event_V2

--- ST_Lighting_Command_V2 ---
./steps/MASTER_PIPELINE/005_RESULT.xml:5948:          <derived name="ST_Lighting_Command_V2" />
./steps/MASTER_PIPELINE/004_RESULT.xml:3974:                <derived name="ST_Lighting_Command_V2" />
./steps/MASTER_PIPELINE/003_GVL_BASELINE_INPUT.xml:7325:          <derived name="ST_Lighting_Command_V2" />
./steps/MASTER_PIPELINE/out/004_RESULT.xml:3974:                <derived name="ST_Lighting_Command_V2" />
./steps/MASTER_PIPELINE/out/003_RESULT.xml:5351:                <derived name="ST_Lighting_Command_V2" />
./steps/MASTER_PIPELINE/002_BASE.xml:9390:                <derived name="ST_Lighting_Command_V2" />
./steps/MASTER_PIPELINE/002_BASE.xml:9899:                <derived name="ST_Lighting_Command_V2" />
./steps/MASTER_PIPELINE/003_RESULT.xml:5351:                <derived name="ST_Lighting_Command_V2" />
./steps/MASTER_PIPELINE/archive_logs/003_GVL_XML_TEMPLATE_ANALYSIS.log:3543:          <derived name="ST_Lighting_Command_V2" />
./steps/MASTER_PIPELINE/001_BASE.xml:7343:                <derived name="ST_Lighting_Command_V2" />
./steps/2026-04-17_audit_zero_ref_v2_dut_leftovers/01_audit_zero_ref_v2_dut_leftovers.py:14:    "ST_Lighting_Command_V2.dut",
./steps/2026-04-17_remove_lighting_blinds_manager_internal_scaffold/01_remove_lighting_blinds_manager_internal_scaffold.py:15:    "    L_Lighting_V2_Command_Shadow : ST_Lighting_Command_V2;\n",
./diagnostics/2026_04_16/step_10_git_commit_failure_debug.log:203:./ST_Lighting_Command_V2.dut
./diagnostics/2026_04_16/step_08_flatten_unpacked_root.log:183:./ST_Lighting_Command_V2.dut
./diagnostics/2026_04_16/step_13_full_project_snapshot.log:181:snapshots/project_clean_state_2026_04_16/ST_Lighting_Command_V2.dut
./diagnostics/2026_04_16/step_11_project_structure.log:180:./ST_Lighting_Command_V2.dut
./diagnostics/2026_04_16/step_11_project_structure.log:423:./ST_Lighting_Command_V2.dut
./компилятор/logs/004_import_dut_v11.log:65:ST_Lighting_Command_V2.dut: STRUCT ST_Lighting_Command_V2 fields=1
./компилятор/logs/004_import_dut_v11.log:132:STRUCT ST_Lighting_Command_V2: total=1 with_initializer=0 without_initializer=1 array_initializer=0 unsupported_initializer=0
./компилятор/out/RESULT_methods_clean.xml:2001:      <dataType name="ST_Lighting_Command_V2">
./компилятор/out/RESULT_methods_clean.xml:6015:                <derived name="ST_Lighting_Command_V2" />
./компилятор/out/RESULT_methods_clean.xml:14918:                <derived name="ST_Lighting_Command_V2" />
./компилятор/out/RESULT_methods_clean.xml:20147:            <Object Name="ST_Lighting_Command_V2" ObjectId="6d727efd-ccd9-47d3-9c42-82b89b0773c7" />
./repo_logs/diagnostics/2026_04_16/constants_dut_usage.log:180:./ST_Lighting_Command_V2.dut
./repo_logs/diagnostics/2026_04_16/constants_dut_usage.log:356:./workspace/dut_rebuild/lighting_v2/ST_Lighting_Command_V2.dut
./repo_logs/assistant_bridge/2026_04_17/step_125_micro_audit_lighting_blinds_manager_internal_scaffold_cleanup/micro_audit_lighting_blinds_manager_internal_scaffold_cleanup.log:11:38:    L_Lighting_V2_Command_Shadow : ST_Lighting_Command_V2;
./repo_logs/assistant_bridge/2026_04_17/step_125_micro_audit_lighting_blinds_manager_internal_scaffold_cleanup/micro_audit_lighting_blinds_manager_internal_scaffold_cleanup.log:176:    L_Lighting_V2_Command_Shadow : ST_Lighting_Command_V2;
./repo_logs/assistant_bridge/2026_04_17/step_126_remove_lighting_blinds_manager_internal_scaffold/remove_lighting_blinds_manager_internal_scaffold.log:11:38:    L_Lighting_V2_Command_Shadow : ST_Lighting_Command_V2;
./repo_logs/assistant_bridge/2026_04_17/step_126_remove_lighting_blinds_manager_internal_scaffold/remove_lighting_blinds_manager_internal_scaffold.log:250:-    L_Lighting_V2_Command_Shadow : ST_Lighting_Command_V2;
./repo_logs/assistant_bridge/2026_04_17/step_113_post_cleanup_sanity_audit/post_cleanup_sanity_audit.log:279:38:    L_Lighting_V2_Command_Shadow : ST_Lighting_Command_V2;
./repo_logs/assistant_bridge/2026_04_17/step_133_audit_zero_ref_v2_dut_leftovers/audit_zero_ref_v2_dut_leftovers.log:60:--- ST_Lighting_Command_V2.dut ---
./repo_logs/assistant_bridge/2026_04_17/step_133_audit_zero_ref_v2_dut_leftovers/audit_zero_ref_v2_dut_leftovers.log:111:ST_Lighting_Command_V2.dut
./repo_logs/assistant_bridge/2026_04_17/step_131_control_final_root_audit_and_unused_inventory/control_final_root_audit_and_unused_inventory.log:221:ST_Lighting_Command_V2.dut
./repo_logs/assistant_bridge/2026_04_17/step_131_control_final_root_audit_and_unused_inventory/control_final_root_audit_and_unused_inventory.log:1234:ST_Lighting_Command_V2.dut | type=.dut | symbol=ST_Lighting_Command_V2 | external_refs=13
./repo_logs/assistant_bridge/2026_04_17/step_131_control_final_root_audit_and_unused_inventory/control_final_root_audit_and_unused_inventory.log:1237:  snapshots/project_clean_state_2026_04_16/ST_Lighting_Command_V2.dut
./repo_logs/assistant_bridge/2026_04_17/step_131_control_final_root_audit_and_unused_inventory/control_final_root_audit_and_unused_inventory.log:1238:  snapshots/project_clean_state_2026_04_16/workspace/dut_rebuild/lighting_v2/ST_Lighting_Command_V2.dut
./repo_logs/assistant_bridge/2026_04_17/step_131_control_final_root_audit_and_unused_inventory/control_final_root_audit_and_unused_inventory.log:1243:  workspace/dut_rebuild/lighting_v2/ST_Lighting_Command_V2.dut
./repo_logs/assistant_bridge/2026_04_17/step_132_root_unused_inventory_v2_live_only/root_unused_inventory_v2_live_only.log:175:ST_Lighting_Command_V2.dut
./repo_logs/assistant_bridge/2026_04_17/step_132_root_unused_inventory_v2_live_only/root_unused_inventory_v2_live_only.log:665:ST_Lighting_Command_V2.dut | type=.dut | symbol=ST_Lighting_Command_V2 | external_refs=0
./repo_logs/assistant_bridge/2026_04_17/step_132_root_unused_inventory_v2_live_only/root_unused_inventory_v2_live_only.log:803:ST_Lighting_Command_V2.dut | type=.dut | symbol=ST_Lighting_Command_V2
./repo_logs/assistant_bridge/2026_04_17/step_110_audit_internal_shadow_scaffold_tails/audit_internal_shadow_scaffold_tails.log:459:38:    L_Lighting_V2_Command_Shadow : ST_Lighting_Command_V2;
./repo_logs/assistant_bridge/2026_04_17/step_110_audit_internal_shadow_scaffold_tails/audit_internal_shadow_scaffold_tails.log:570:    L_Lighting_V2_Command_Shadow : ST_Lighting_Command_V2;
./repo_logs/assistant_bridge/2026_04_17/step_110_audit_internal_shadow_scaffold_tails/audit_internal_shadow_scaffold_tails.log:1535:FB_Lighting_Blinds_Manager.st:38:    L_Lighting_V2_Command_Shadow : ST_Lighting_Command_V2;
grep: ./repo_logs/assistant_bridge/2026_04_17/step_134_remove_zero_ref_v2_dut_leftovers/remove_zero_ref_v2_dut_leftovers.log: input file is also the output
./repo_logs/assistant_bridge/2026_04_16/step_64_classify_root_transition_layers_fixed/classify_root_transition_layers_fixed.log:17:ST_Lighting_Command_V2.dut
./repo_logs/assistant_bridge/2026_04_16/step_68_remove_unused_lighting_v2_staging_var/remove_unused_lighting_v2_staging_var.log:26:     L_Lighting_V2_Command_Shadow : ST_Lighting_Command_V2;
./repo_logs/assistant_bridge/2026_04_16/step_80_micro_audit_blinds_v2_staging/micro_audit_blinds_v2_staging.log:66:    L_Lighting_V2_Command_Shadow : ST_Lighting_Command_V2;
./repo_logs/assistant_bridge/2026_04_16/step_80_micro_audit_blinds_v2_staging/micro_audit_blinds_v2_staging.log:176:    L_Lighting_V2_Command_Shadow : ST_Lighting_Command_V2;
./repo_logs/assistant_bridge/2026_04_16/step_01_repo_baseline/baseline.log:199:./ST_Lighting_Command_V2.dut
./repo_logs/assistant_bridge/2026_04_16/step_01_repo_baseline/baseline.log:471:snapshots/project_clean_state_2026_04_16/ST_Lighting_Command_V2.dut
./repo_logs/assistant_bridge/2026_04_16/step_66_micro_audit_lighting_v2_staging/micro_audit_lighting_v2_staging.log:20:    VO_Command_Shadow : ST_Lighting_Command_V2;
./repo_logs/assistant_bridge/2026_04_16/step_66_micro_audit_lighting_v2_staging/micro_audit_lighting_v2_staging.log:69:    L_Lighting_V2_Command_Shadow : ST_Lighting_Command_V2;
./repo_logs/assistant_bridge/2026_04_16/step_66_micro_audit_lighting_v2_staging/micro_audit_lighting_v2_staging.log:169:    L_Lighting_V2_Command_Shadow : ST_Lighting_Command_V2;
./repo_logs/assistant_bridge/2026_04_16/step_66_micro_audit_lighting_v2_staging/micro_audit_lighting_v2_staging.log:235:TYPE ST_Lighting_Command_V2 : STRUCT
./repo_logs/assistant_bridge/2026_04_16/step_66_micro_audit_lighting_v2_staging/micro_audit_lighting_v2_staging.log:249:./FB_Lighting_Blinds_Manager.st:40:    L_Lighting_V2_Command_Shadow : ST_Lighting_Command_V2;
./repo_logs/assistant_bridge/2026_04_16/step_66_micro_audit_lighting_v2_staging/micro_audit_lighting_v2_staging.log:250:./FB_Lighting_V2_Staging.st:16:    VO_Command_Shadow : ST_Lighting_Command_V2;
./repo_logs/assistant_bridge/2026_04_16/step_66_micro_audit_lighting_v2_staging/micro_audit_lighting_v2_staging.log:251:./ST_Lighting_Command_V2.dut:1:TYPE ST_Lighting_Command_V2 : STRUCT
./repo_logs/assistant_bridge/2026_04_16/step_63_root_only_transition_inventory/root_only_transition_inventory.log:181:ST_Lighting_Command_V2.dut
./repo_logs/assistant_bridge/2026_04_16/step_63_root_only_transition_inventory/root_only_transition_inventory.log:230:ST_Lighting_Command_V2.dut
./repo_logs/assistant_bridge/2026_04_16/step_63_root_only_transition_inventory/root_only_transition_inventory.log:301:--- FILE: ST_Lighting_Command_V2.dut ---
./repo_logs/assistant_bridge/2026_04_16/step_63_root_only_transition_inventory/root_only_transition_inventory.log:302:SYMBOL BASE: ST_Lighting_Command_V2
./repo_logs/assistant_bridge/2026_04_16/step_63_root_only_transition_inventory/root_only_transition_inventory.log:303:./FB_Lighting_Blinds_Manager.st:40:    L_Lighting_V2_Command_Shadow : ST_Lighting_Command_V2;
./repo_logs/assistant_bridge/2026_04_16/step_63_root_only_transition_inventory/root_only_transition_inventory.log:304:./FB_Lighting_V2_Staging.st:16:    VO_Command_Shadow : ST_Lighting_Command_V2;
./repo_logs/assistant_bridge/2026_04_16/step_63_root_only_transition_inventory/root_only_transition_inventory.log:305:./ST_Lighting_Command_V2.dut:1:TYPE ST_Lighting_Command_V2 : STRUCT
./repo_logs/assistant_bridge/2026_04_16/step_45_scenario_layer_audit_fixed/scenario_layer_audit_fixed.log:180:./ST_Lighting_Command_V2.dut
./repo_logs/assistant_bridge/2026_04_16/step_45_scenario_layer_audit_fixed/scenario_layer_audit_fixed.log:389:./snapshots/project_clean_state_2026_04_16/ST_Lighting_Command_V2.dut
./repo_logs/assistant_bridge/2026_04_16/step_45_scenario_layer_audit_fixed/scenario_layer_audit_fixed.log:471:./snapshots/project_clean_state_2026_04_16/workspace/dut_rebuild/lighting_v2/ST_Lighting_Command_V2.dut
./repo_logs/assistant_bridge/2026_04_16/step_45_scenario_layer_audit_fixed/scenario_layer_audit_fixed.log:566:./workspace/dut_rebuild/lighting_v2/ST_Lighting_Command_V2.dut
./repo_logs/assistant_bridge/2026_04_16/step_65_prioritize_runtime_bridge_collapse/prioritize_runtime_bridge_collapse.log:19:ST_Lighting_Command_V2.dut | collapse_first | directly tied to lighting staging bridge
./snapshots/project_clean_state_2026_04_16/steps/MASTER_PIPELINE/005_RESULT.xml:5948:          <derived name="ST_Lighting_Command_V2" />
./snapshots/project_clean_state_2026_04_16/steps/MASTER_PIPELINE/004_RESULT.xml:3974:                <derived name="ST_Lighting_Command_V2" />
./snapshots/project_clean_state_2026_04_16/steps/MASTER_PIPELINE/003_GVL_BASELINE_INPUT.xml:7325:          <derived name="ST_Lighting_Command_V2" />
./snapshots/project_clean_state_2026_04_16/steps/MASTER_PIPELINE/out/004_RESULT.xml:3974:                <derived name="ST_Lighting_Command_V2" />
./snapshots/project_clean_state_2026_04_16/steps/MASTER_PIPELINE/out/003_RESULT.xml:5351:                <derived name="ST_Lighting_Command_V2" />
./snapshots/project_clean_state_2026_04_16/steps/MASTER_PIPELINE/002_BASE.xml:9390:                <derived name="ST_Lighting_Command_V2" />
./snapshots/project_clean_state_2026_04_16/steps/MASTER_PIPELINE/002_BASE.xml:9899:                <derived name="ST_Lighting_Command_V2" />
./snapshots/project_clean_state_2026_04_16/steps/MASTER_PIPELINE/003_RESULT.xml:5351:                <derived name="ST_Lighting_Command_V2" />
./snapshots/project_clean_state_2026_04_16/steps/MASTER_PIPELINE/archive_logs/003_GVL_XML_TEMPLATE_ANALYSIS.log:3543:          <derived name="ST_Lighting_Command_V2" />
./snapshots/project_clean_state_2026_04_16/steps/MASTER_PIPELINE/001_BASE.xml:7343:                <derived name="ST_Lighting_Command_V2" />
./snapshots/project_clean_state_2026_04_16/FB_Lighting_Blinds_Manager.st:40:    L_Lighting_V2_Command_Shadow : ST_Lighting_Command_V2;
./snapshots/project_clean_state_2026_04_16/diagnostics/2026_04_16/step_10_git_commit_failure_debug.log:203:./ST_Lighting_Command_V2.dut
./snapshots/project_clean_state_2026_04_16/diagnostics/2026_04_16/step_08_flatten_unpacked_root.log:183:./ST_Lighting_Command_V2.dut
./snapshots/project_clean_state_2026_04_16/diagnostics/2026_04_16/step_11_project_structure.log:180:./ST_Lighting_Command_V2.dut
./snapshots/project_clean_state_2026_04_16/diagnostics/2026_04_16/step_11_project_structure.log:423:./ST_Lighting_Command_V2.dut
./snapshots/project_clean_state_2026_04_16/компилятор/logs/004_import_dut_v11.log:66:ST_Lighting_Command_V2.dut: STRUCT ST_Lighting_Command_V2 fields=1
./snapshots/project_clean_state_2026_04_16/компилятор/logs/004_import_dut_v11.log:133:STRUCT ST_Lighting_Command_V2: total=1 with_initializer=0 without_initializer=1 array_initializer=0 unsupported_initializer=0
./snapshots/project_clean_state_2026_04_16/компилятор/out/RESULT_methods_clean.xml:2001:      <dataType name="ST_Lighting_Command_V2">
./snapshots/project_clean_state_2026_04_16/компилятор/out/RESULT_methods_clean.xml:6012:                <derived name="ST_Lighting_Command_V2" />
./snapshots/project_clean_state_2026_04_16/компилятор/out/RESULT_methods_clean.xml:14915:                <derived name="ST_Lighting_Command_V2" />
./snapshots/project_clean_state_2026_04_16/компилятор/out/RESULT_methods_clean.xml:20154:            <Object Name="ST_Lighting_Command_V2" ObjectId="1c22a801-ce36-4a86-b59f-f8a2a75bb16e" />
./snapshots/project_clean_state_2026_04_16/ST_Lighting_Command_V2.dut:1:TYPE ST_Lighting_Command_V2 : STRUCT
./snapshots/project_clean_state_2026_04_16/диагностика/file_access_audit.log:213:ST_Lighting_Command_V2.dut	file	yes	yes	yes	0o666
./snapshots/project_clean_state_2026_04_16/диагностика/file_access_audit.log:820:snapshots/clean_build_20260414_0820/ST_Lighting_Command_V2.dut	file	yes	yes	yes	0o666
./snapshots/project_clean_state_2026_04_16/диагностика/file_access_audit.log:1249:snapshots/clean_build_20260414_0820/workspace/dut_rebuild/lighting_v2/ST_Lighting_Command_V2.dut	file	yes	yes	yes	0o666
./snapshots/project_clean_state_2026_04_16/диагностика/file_access_audit.log:1700:snapshots/clean_build_2026_04_14/ST_Lighting_Command_V2.dut	file	yes	yes	yes	0o666
./snapshots/project_clean_state_2026_04_16/диагностика/file_access_audit.log:2130:snapshots/clean_build_2026_04_14/workspace/dut_rebuild/lighting_v2/ST_Lighting_Command_V2.dut	file	yes	yes	yes	0o666
./snapshots/project_clean_state_2026_04_16/диагностика/file_access_audit.log:2564:snapshots/clean_build_2026_04_15/ST_Lighting_Command_V2.dut	file	yes	yes	yes	0o666
./snapshots/project_clean_state_2026_04_16/диагностика/file_access_audit.log:3005:snapshots/clean_build_2026_04_15/workspace/dut_rebuild/lighting_v2/ST_Lighting_Command_V2.dut	file	yes	yes	yes	0o666
./snapshots/project_clean_state_2026_04_16/диагностика/file_access_audit.log:3417:workspace/dut_rebuild/lighting_v2/ST_Lighting_Command_V2.dut	file	yes	yes	yes	0o666
./snapshots/project_clean_state_2026_04_16/workspace/export_forensics/sandbox/XML_INTERFACE_PREVIEW.txt:389:  <variable name="L_Lighting_V2_Command_Shadow"><type><derived name="ST_Lighting_Command_V2"/></type></variable>
./snapshots/project_clean_state_2026_04_16/workspace/export_forensics/sandbox/XML_INTERFACE_PREVIEW_CLEAN.txt:380:  <variable name="L_Lighting_V2_Command_Shadow"><type><derived name="ST_Lighting_Command_V2"/></type></variable>
./snapshots/project_clean_state_2026_04_16/workspace/export_forensics/sandbox/XML_INTERFACE_PREVIEW_CLEAN_V2.txt:900:    <type><derived name="ST_Lighting_Command_V2"/></type>
./snapshots/project_clean_state_2026_04_16/workspace/export_forensics/sandbox/INTERFACE_PREVIEW.txt:340:L_Lighting_V2_Command_Shadow : derived(ST_Lighting_Command_V2)
./snapshots/project_clean_state_2026_04_16/workspace/draft_v2_inventory_2026-04-12.md:28:- ST_Lighting_Command_V2
./snapshots/project_clean_state_2026_04_16/workspace/dut_rebuild/lighting_v2/extraction/FB_Lighting_Command_Extractor_DRAFT.st:7:    VO_Command : ST_Lighting_Command_V2;
./snapshots/project_clean_state_2026_04_16/workspace/dut_rebuild/lighting_v2/v2_core/FB_Lighting_V2_Core_DRAFT.st:3:    VI_Command : ST_Lighting_Command_V2;
./snapshots/project_clean_state_2026_04_16/workspace/dut_rebuild/lighting_v2/v2_core/FB_Lighting_V2_Core_DRAFT.st:7:    VO_Command_Out : ST_Lighting_Command_V2;
./snapshots/project_clean_state_2026_04_16/workspace/dut_rebuild/lighting_v2/ST_Lighting_Command_V2.dut:1:TYPE ST_Lighting_Command_V2 :
./snapshots/project_clean_state_2026_04_16/workspace/dut_rebuild/lighting_v2/staging/FB_Lighting_V2_Staging_DRAFT.st:17:    VO_Command_Shadow : ST_Lighting_Command_V2;
./snapshots/project_clean_state_2026_04_16/workspace/dut_rebuild/lighting_v2/staging/FB_Lighting_V2_Staging_DRAFT.st:24:    L_Command_V2 : ST_Lighting_Command_V2;
./snapshots/project_clean_state_2026_04_16/workspace/dut_rebuild/lighting_v2/compatibility/FB_Lighting_Legacy_To_V2_Command_Adapter_DRAFT.st:11:    VO_Command_V2 : ST_Lighting_Command_V2;
./snapshots/project_clean_state_2026_04_16/FB_Lighting_V2_Staging.st:16:    VO_Command_Shadow : ST_Lighting_Command_V2;
./snapshots/clean_build_2026_04_16/компилятор/logs/004_import_dut_v11.log:66:ST_Lighting_Command_V2.dut: STRUCT ST_Lighting_Command_V2 fields=1
./snapshots/clean_build_2026_04_16/компилятор/logs/004_import_dut_v11.log:133:STRUCT ST_Lighting_Command_V2: total=1 with_initializer=0 without_initializer=1 array_initializer=0 unsupported_initializer=0
./snapshots/clean_build_2026_04_16/компилятор/out/RESULT_methods_clean.xml:2001:      <dataType name="ST_Lighting_Command_V2">
./snapshots/clean_build_2026_04_16/компилятор/out/RESULT_methods_clean.xml:6012:                <derived name="ST_Lighting_Command_V2" />
./snapshots/clean_build_2026_04_16/компилятор/out/RESULT_methods_clean.xml:14915:                <derived name="ST_Lighting_Command_V2" />
./snapshots/clean_build_2026_04_16/компилятор/out/RESULT_methods_clean.xml:20154:            <Object Name="ST_Lighting_Command_V2" ObjectId="1c22a801-ce36-4a86-b59f-f8a2a75bb16e" />
./диагностика/file_access_audit.log:213:ST_Lighting_Command_V2.dut	file	yes	yes	yes	0o666
./диагностика/file_access_audit.log:820:snapshots/clean_build_20260414_0820/ST_Lighting_Command_V2.dut	file	yes	yes	yes	0o666
./диагностика/file_access_audit.log:1249:snapshots/clean_build_20260414_0820/workspace/dut_rebuild/lighting_v2/ST_Lighting_Command_V2.dut	file	yes	yes	yes	0o666
./диагностика/file_access_audit.log:1700:snapshots/clean_build_2026_04_14/ST_Lighting_Command_V2.dut	file	yes	yes	yes	0o666
./диагностика/file_access_audit.log:2130:snapshots/clean_build_2026_04_14/workspace/dut_rebuild/lighting_v2/ST_Lighting_Command_V2.dut	file	yes	yes	yes	0o666
./диагностика/file_access_audit.log:2564:snapshots/clean_build_2026_04_15/ST_Lighting_Command_V2.dut	file	yes	yes	yes	0o666
./диагностика/file_access_audit.log:3005:snapshots/clean_build_2026_04_15/workspace/dut_rebuild/lighting_v2/ST_Lighting_Command_V2.dut	file	yes	yes	yes	0o666
./диагностика/file_access_audit.log:3417:workspace/dut_rebuild/lighting_v2/ST_Lighting_Command_V2.dut	file	yes	yes	yes	0o666
./workspace/export_forensics/sandbox/XML_INTERFACE_PREVIEW.txt:389:  <variable name="L_Lighting_V2_Command_Shadow"><type><derived name="ST_Lighting_Command_V2"/></type></variable>
./workspace/export_forensics/sandbox/XML_INTERFACE_PREVIEW_CLEAN.txt:380:  <variable name="L_Lighting_V2_Command_Shadow"><type><derived name="ST_Lighting_Command_V2"/></type></variable>
./workspace/export_forensics/sandbox/XML_INTERFACE_PREVIEW_CLEAN_V2.txt:900:    <type><derived name="ST_Lighting_Command_V2"/></type>
./workspace/export_forensics/sandbox/INTERFACE_PREVIEW.txt:340:L_Lighting_V2_Command_Shadow : derived(ST_Lighting_Command_V2)
./workspace/draft_v2_inventory_2026-04-12.md:28:- ST_Lighting_Command_V2
./workspace/dut_rebuild/lighting_v2/extraction/FB_Lighting_Command_Extractor_DRAFT.st:7:    VO_Command : ST_Lighting_Command_V2;
./workspace/dut_rebuild/lighting_v2/v2_core/FB_Lighting_V2_Core_DRAFT.st:3:    VI_Command : ST_Lighting_Command_V2;
./workspace/dut_rebuild/lighting_v2/v2_core/FB_Lighting_V2_Core_DRAFT.st:7:    VO_Command_Out : ST_Lighting_Command_V2;
./workspace/dut_rebuild/lighting_v2/ST_Lighting_Command_V2.dut:1:TYPE ST_Lighting_Command_V2 :
./workspace/dut_rebuild/lighting_v2/staging/FB_Lighting_V2_Staging_DRAFT.st:17:    VO_Command_Shadow : ST_Lighting_Command_V2;
./workspace/dut_rebuild/lighting_v2/staging/FB_Lighting_V2_Staging_DRAFT.st:24:    L_Command_V2 : ST_Lighting_Command_V2;
./workspace/dut_rebuild/lighting_v2/compatibility/FB_Lighting_Legacy_To_V2_Command_Adapter_DRAFT.st:11:    VO_Command_V2 : ST_Lighting_Command_V2;

--- ST_Lighting_State_V2 ---
./steps/MASTER_PIPELINE/005_RESULT.xml:5953:          <derived name="ST_Lighting_State_V2" />
./steps/MASTER_PIPELINE/004_RESULT.xml:3979:                <derived name="ST_Lighting_State_V2" />
./steps/MASTER_PIPELINE/003_GVL_BASELINE_INPUT.xml:7330:          <derived name="ST_Lighting_State_V2" />
./steps/MASTER_PIPELINE/out/004_RESULT.xml:3979:                <derived name="ST_Lighting_State_V2" />
./steps/MASTER_PIPELINE/out/003_RESULT.xml:5356:                <derived name="ST_Lighting_State_V2" />
./steps/MASTER_PIPELINE/002_BASE.xml:9395:                <derived name="ST_Lighting_State_V2" />
./steps/MASTER_PIPELINE/002_BASE.xml:9904:                <derived name="ST_Lighting_State_V2" />
./steps/MASTER_PIPELINE/003_RESULT.xml:5356:                <derived name="ST_Lighting_State_V2" />
./steps/MASTER_PIPELINE/archive_logs/003_GVL_XML_TEMPLATE_ANALYSIS.log:3548:          <derived name="ST_Lighting_State_V2" />
./steps/MASTER_PIPELINE/001_BASE.xml:7348:                <derived name="ST_Lighting_State_V2" />
./steps/2026-04-17_audit_zero_ref_v2_dut_leftovers/01_audit_zero_ref_v2_dut_leftovers.py:15:    "ST_Lighting_State_V2.dut",
./steps/2026-04-17_remove_lighting_blinds_manager_internal_scaffold/01_remove_lighting_blinds_manager_internal_scaffold.py:16:    "    L_Lighting_V2_State_Shadow : ST_Lighting_State_V2;\n",
./diagnostics/2026_04_16/step_10_git_commit_failure_debug.log:204:./ST_Lighting_State_V2.dut
./diagnostics/2026_04_16/step_08_flatten_unpacked_root.log:184:./ST_Lighting_State_V2.dut
./diagnostics/2026_04_16/step_13_full_project_snapshot.log:182:snapshots/project_clean_state_2026_04_16/ST_Lighting_State_V2.dut
./diagnostics/2026_04_16/step_11_project_structure.log:181:./ST_Lighting_State_V2.dut
./diagnostics/2026_04_16/step_11_project_structure.log:424:./ST_Lighting_State_V2.dut
./компилятор/logs/004_import_dut_v11.log:66:ST_Lighting_State_V2.dut: STRUCT ST_Lighting_State_V2 fields=2
./компилятор/logs/004_import_dut_v11.log:133:STRUCT ST_Lighting_State_V2: total=2 with_initializer=0 without_initializer=2 array_initializer=0 unsupported_initializer=0
./компилятор/out/RESULT_methods_clean.xml:2017:      <dataType name="ST_Lighting_State_V2">
./компилятор/out/RESULT_methods_clean.xml:6020:                <derived name="ST_Lighting_State_V2" />
./компилятор/out/RESULT_methods_clean.xml:14923:                <derived name="ST_Lighting_State_V2" />
./компилятор/out/RESULT_methods_clean.xml:20148:            <Object Name="ST_Lighting_State_V2" ObjectId="36642433-710b-4e84-9a77-cc43331f176e" />
./repo_logs/diagnostics/2026_04_16/constants_dut_usage.log:181:./ST_Lighting_State_V2.dut
./repo_logs/diagnostics/2026_04_16/constants_dut_usage.log:357:./workspace/dut_rebuild/lighting_v2/ST_Lighting_State_V2.dut
./repo_logs/assistant_bridge/2026_04_17/step_125_micro_audit_lighting_blinds_manager_internal_scaffold_cleanup/micro_audit_lighting_blinds_manager_internal_scaffold_cleanup.log:12:39:    L_Lighting_V2_State_Shadow : ST_Lighting_State_V2;
./repo_logs/assistant_bridge/2026_04_17/step_125_micro_audit_lighting_blinds_manager_internal_scaffold_cleanup/micro_audit_lighting_blinds_manager_internal_scaffold_cleanup.log:177:    L_Lighting_V2_State_Shadow : ST_Lighting_State_V2;
./repo_logs/assistant_bridge/2026_04_17/step_126_remove_lighting_blinds_manager_internal_scaffold/remove_lighting_blinds_manager_internal_scaffold.log:12:39:    L_Lighting_V2_State_Shadow : ST_Lighting_State_V2;
./repo_logs/assistant_bridge/2026_04_17/step_126_remove_lighting_blinds_manager_internal_scaffold/remove_lighting_blinds_manager_internal_scaffold.log:251:-    L_Lighting_V2_State_Shadow : ST_Lighting_State_V2;
./repo_logs/assistant_bridge/2026_04_17/step_113_post_cleanup_sanity_audit/post_cleanup_sanity_audit.log:280:39:    L_Lighting_V2_State_Shadow : ST_Lighting_State_V2;
./repo_logs/assistant_bridge/2026_04_17/step_133_audit_zero_ref_v2_dut_leftovers/audit_zero_ref_v2_dut_leftovers.log:67:--- ST_Lighting_State_V2.dut ---
./repo_logs/assistant_bridge/2026_04_17/step_133_audit_zero_ref_v2_dut_leftovers/audit_zero_ref_v2_dut_leftovers.log:112:ST_Lighting_State_V2.dut
./repo_logs/assistant_bridge/2026_04_17/step_131_control_final_root_audit_and_unused_inventory/control_final_root_audit_and_unused_inventory.log:222:ST_Lighting_State_V2.dut
./repo_logs/assistant_bridge/2026_04_17/step_131_control_final_root_audit_and_unused_inventory/control_final_root_audit_and_unused_inventory.log:1248:ST_Lighting_State_V2.dut | type=.dut | symbol=ST_Lighting_State_V2 | external_refs=13
./repo_logs/assistant_bridge/2026_04_17/step_131_control_final_root_audit_and_unused_inventory/control_final_root_audit_and_unused_inventory.log:1251:  snapshots/project_clean_state_2026_04_16/ST_Lighting_State_V2.dut
./repo_logs/assistant_bridge/2026_04_17/step_131_control_final_root_audit_and_unused_inventory/control_final_root_audit_and_unused_inventory.log:1252:  snapshots/project_clean_state_2026_04_16/workspace/dut_rebuild/lighting_v2/ST_Lighting_State_V2.dut
./repo_logs/assistant_bridge/2026_04_17/step_131_control_final_root_audit_and_unused_inventory/control_final_root_audit_and_unused_inventory.log:1257:  workspace/dut_rebuild/lighting_v2/ST_Lighting_State_V2.dut
./repo_logs/assistant_bridge/2026_04_17/step_132_root_unused_inventory_v2_live_only/root_unused_inventory_v2_live_only.log:176:ST_Lighting_State_V2.dut
./repo_logs/assistant_bridge/2026_04_17/step_132_root_unused_inventory_v2_live_only/root_unused_inventory_v2_live_only.log:666:ST_Lighting_State_V2.dut | type=.dut | symbol=ST_Lighting_State_V2 | external_refs=0
./repo_logs/assistant_bridge/2026_04_17/step_132_root_unused_inventory_v2_live_only/root_unused_inventory_v2_live_only.log:804:ST_Lighting_State_V2.dut | type=.dut | symbol=ST_Lighting_State_V2
./repo_logs/assistant_bridge/2026_04_17/step_110_audit_internal_shadow_scaffold_tails/audit_internal_shadow_scaffold_tails.log:460:39:    L_Lighting_V2_State_Shadow : ST_Lighting_State_V2;
./repo_logs/assistant_bridge/2026_04_17/step_110_audit_internal_shadow_scaffold_tails/audit_internal_shadow_scaffold_tails.log:571:    L_Lighting_V2_State_Shadow : ST_Lighting_State_V2;
./repo_logs/assistant_bridge/2026_04_17/step_110_audit_internal_shadow_scaffold_tails/audit_internal_shadow_scaffold_tails.log:1536:FB_Lighting_Blinds_Manager.st:39:    L_Lighting_V2_State_Shadow : ST_Lighting_State_V2;
grep: ./repo_logs/assistant_bridge/2026_04_17/step_134_remove_zero_ref_v2_dut_leftovers/remove_zero_ref_v2_dut_leftovers.log: input file is also the output
./repo_logs/assistant_bridge/2026_04_16/step_64_classify_root_transition_layers_fixed/classify_root_transition_layers_fixed.log:18:ST_Lighting_State_V2.dut
./repo_logs/assistant_bridge/2026_04_16/step_68_remove_unused_lighting_v2_staging_var/remove_unused_lighting_v2_staging_var.log:27:     L_Lighting_V2_State_Shadow : ST_Lighting_State_V2;
./repo_logs/assistant_bridge/2026_04_16/step_80_micro_audit_blinds_v2_staging/micro_audit_blinds_v2_staging.log:67:    L_Lighting_V2_State_Shadow : ST_Lighting_State_V2;
./repo_logs/assistant_bridge/2026_04_16/step_80_micro_audit_blinds_v2_staging/micro_audit_blinds_v2_staging.log:177:    L_Lighting_V2_State_Shadow : ST_Lighting_State_V2;
./repo_logs/assistant_bridge/2026_04_16/step_01_repo_baseline/baseline.log:200:./ST_Lighting_State_V2.dut
./repo_logs/assistant_bridge/2026_04_16/step_01_repo_baseline/baseline.log:472:snapshots/project_clean_state_2026_04_16/ST_Lighting_State_V2.dut
./repo_logs/assistant_bridge/2026_04_16/step_66_micro_audit_lighting_v2_staging/micro_audit_lighting_v2_staging.log:21:    VO_State_Shadow : ST_Lighting_State_V2;
./repo_logs/assistant_bridge/2026_04_16/step_66_micro_audit_lighting_v2_staging/micro_audit_lighting_v2_staging.log:70:    L_Lighting_V2_State_Shadow : ST_Lighting_State_V2;
./repo_logs/assistant_bridge/2026_04_16/step_66_micro_audit_lighting_v2_staging/micro_audit_lighting_v2_staging.log:170:    L_Lighting_V2_State_Shadow : ST_Lighting_State_V2;
./repo_logs/assistant_bridge/2026_04_16/step_66_micro_audit_lighting_v2_staging/micro_audit_lighting_v2_staging.log:240:TYPE ST_Lighting_State_V2 : STRUCT
./repo_logs/assistant_bridge/2026_04_16/step_66_micro_audit_lighting_v2_staging/micro_audit_lighting_v2_staging.log:253:./FB_Lighting_Blinds_Manager.st:41:    L_Lighting_V2_State_Shadow : ST_Lighting_State_V2;
./repo_logs/assistant_bridge/2026_04_16/step_66_micro_audit_lighting_v2_staging/micro_audit_lighting_v2_staging.log:254:./FB_Lighting_V2_Staging.st:17:    VO_State_Shadow : ST_Lighting_State_V2;
./repo_logs/assistant_bridge/2026_04_16/step_66_micro_audit_lighting_v2_staging/micro_audit_lighting_v2_staging.log:255:./ST_Lighting_State_V2.dut:1:TYPE ST_Lighting_State_V2 : STRUCT
./repo_logs/assistant_bridge/2026_04_16/step_63_root_only_transition_inventory/root_only_transition_inventory.log:182:ST_Lighting_State_V2.dut
./repo_logs/assistant_bridge/2026_04_16/step_63_root_only_transition_inventory/root_only_transition_inventory.log:247:ST_Lighting_State_V2.dut
./repo_logs/assistant_bridge/2026_04_16/step_63_root_only_transition_inventory/root_only_transition_inventory.log:398:--- FILE: ST_Lighting_State_V2.dut ---
./repo_logs/assistant_bridge/2026_04_16/step_63_root_only_transition_inventory/root_only_transition_inventory.log:399:SYMBOL BASE: ST_Lighting_State_V2
./repo_logs/assistant_bridge/2026_04_16/step_63_root_only_transition_inventory/root_only_transition_inventory.log:400:./FB_Lighting_Blinds_Manager.st:41:    L_Lighting_V2_State_Shadow : ST_Lighting_State_V2;
./repo_logs/assistant_bridge/2026_04_16/step_63_root_only_transition_inventory/root_only_transition_inventory.log:401:./FB_Lighting_V2_Staging.st:17:    VO_State_Shadow : ST_Lighting_State_V2;
./repo_logs/assistant_bridge/2026_04_16/step_63_root_only_transition_inventory/root_only_transition_inventory.log:402:./ST_Lighting_State_V2.dut:1:TYPE ST_Lighting_State_V2 : STRUCT
./repo_logs/assistant_bridge/2026_04_16/step_45_scenario_layer_audit_fixed/scenario_layer_audit_fixed.log:181:./ST_Lighting_State_V2.dut
./repo_logs/assistant_bridge/2026_04_16/step_45_scenario_layer_audit_fixed/scenario_layer_audit_fixed.log:390:./snapshots/project_clean_state_2026_04_16/ST_Lighting_State_V2.dut
./repo_logs/assistant_bridge/2026_04_16/step_45_scenario_layer_audit_fixed/scenario_layer_audit_fixed.log:472:./snapshots/project_clean_state_2026_04_16/workspace/dut_rebuild/lighting_v2/ST_Lighting_State_V2.dut
./repo_logs/assistant_bridge/2026_04_16/step_45_scenario_layer_audit_fixed/scenario_layer_audit_fixed.log:567:./workspace/dut_rebuild/lighting_v2/ST_Lighting_State_V2.dut
./repo_logs/assistant_bridge/2026_04_16/step_65_prioritize_runtime_bridge_collapse/prioritize_runtime_bridge_collapse.log:20:ST_Lighting_State_V2.dut | collapse_first | directly tied to lighting staging bridge
./snapshots/project_clean_state_2026_04_16/steps/MASTER_PIPELINE/005_RESULT.xml:5953:          <derived name="ST_Lighting_State_V2" />
./snapshots/project_clean_state_2026_04_16/steps/MASTER_PIPELINE/004_RESULT.xml:3979:                <derived name="ST_Lighting_State_V2" />
./snapshots/project_clean_state_2026_04_16/steps/MASTER_PIPELINE/003_GVL_BASELINE_INPUT.xml:7330:          <derived name="ST_Lighting_State_V2" />
./snapshots/project_clean_state_2026_04_16/steps/MASTER_PIPELINE/out/004_RESULT.xml:3979:                <derived name="ST_Lighting_State_V2" />
./snapshots/project_clean_state_2026_04_16/steps/MASTER_PIPELINE/out/003_RESULT.xml:5356:                <derived name="ST_Lighting_State_V2" />
./snapshots/project_clean_state_2026_04_16/steps/MASTER_PIPELINE/002_BASE.xml:9395:                <derived name="ST_Lighting_State_V2" />
./snapshots/project_clean_state_2026_04_16/steps/MASTER_PIPELINE/002_BASE.xml:9904:                <derived name="ST_Lighting_State_V2" />
./snapshots/project_clean_state_2026_04_16/steps/MASTER_PIPELINE/003_RESULT.xml:5356:                <derived name="ST_Lighting_State_V2" />
./snapshots/project_clean_state_2026_04_16/steps/MASTER_PIPELINE/archive_logs/003_GVL_XML_TEMPLATE_ANALYSIS.log:3548:          <derived name="ST_Lighting_State_V2" />
./snapshots/project_clean_state_2026_04_16/steps/MASTER_PIPELINE/001_BASE.xml:7348:                <derived name="ST_Lighting_State_V2" />
./snapshots/project_clean_state_2026_04_16/FB_Lighting_Blinds_Manager.st:41:    L_Lighting_V2_State_Shadow : ST_Lighting_State_V2;
./snapshots/project_clean_state_2026_04_16/diagnostics/2026_04_16/step_10_git_commit_failure_debug.log:204:./ST_Lighting_State_V2.dut
./snapshots/project_clean_state_2026_04_16/diagnostics/2026_04_16/step_08_flatten_unpacked_root.log:184:./ST_Lighting_State_V2.dut
./snapshots/project_clean_state_2026_04_16/diagnostics/2026_04_16/step_11_project_structure.log:181:./ST_Lighting_State_V2.dut
./snapshots/project_clean_state_2026_04_16/diagnostics/2026_04_16/step_11_project_structure.log:424:./ST_Lighting_State_V2.dut
./snapshots/project_clean_state_2026_04_16/компилятор/logs/004_import_dut_v11.log:67:ST_Lighting_State_V2.dut: STRUCT ST_Lighting_State_V2 fields=2
./snapshots/project_clean_state_2026_04_16/компилятор/logs/004_import_dut_v11.log:134:STRUCT ST_Lighting_State_V2: total=2 with_initializer=0 without_initializer=2 array_initializer=0 unsupported_initializer=0
./snapshots/project_clean_state_2026_04_16/компилятор/out/RESULT_methods_clean.xml:2017:      <dataType name="ST_Lighting_State_V2">
./snapshots/project_clean_state_2026_04_16/компилятор/out/RESULT_methods_clean.xml:6017:                <derived name="ST_Lighting_State_V2" />
./snapshots/project_clean_state_2026_04_16/компилятор/out/RESULT_methods_clean.xml:14920:                <derived name="ST_Lighting_State_V2" />
./snapshots/project_clean_state_2026_04_16/компилятор/out/RESULT_methods_clean.xml:20155:            <Object Name="ST_Lighting_State_V2" ObjectId="cab15a77-d601-4e5f-8d2e-0ede85690d26" />
./snapshots/project_clean_state_2026_04_16/диагностика/file_access_audit.log:214:ST_Lighting_State_V2.dut	file	yes	yes	yes	0o666
./snapshots/project_clean_state_2026_04_16/диагностика/file_access_audit.log:821:snapshots/clean_build_20260414_0820/ST_Lighting_State_V2.dut	file	yes	yes	yes	0o666
./snapshots/project_clean_state_2026_04_16/диагностика/file_access_audit.log:1250:snapshots/clean_build_20260414_0820/workspace/dut_rebuild/lighting_v2/ST_Lighting_State_V2.dut	file	yes	yes	yes	0o666
./snapshots/project_clean_state_2026_04_16/диагностика/file_access_audit.log:1701:snapshots/clean_build_2026_04_14/ST_Lighting_State_V2.dut	file	yes	yes	yes	0o666
./snapshots/project_clean_state_2026_04_16/диагностика/file_access_audit.log:2131:snapshots/clean_build_2026_04_14/workspace/dut_rebuild/lighting_v2/ST_Lighting_State_V2.dut	file	yes	yes	yes	0o666
./snapshots/project_clean_state_2026_04_16/диагностика/file_access_audit.log:2565:snapshots/clean_build_2026_04_15/ST_Lighting_State_V2.dut	file	yes	yes	yes	0o666
./snapshots/project_clean_state_2026_04_16/диагностика/file_access_audit.log:3006:snapshots/clean_build_2026_04_15/workspace/dut_rebuild/lighting_v2/ST_Lighting_State_V2.dut	file	yes	yes	yes	0o666
./snapshots/project_clean_state_2026_04_16/диагностика/file_access_audit.log:3418:workspace/dut_rebuild/lighting_v2/ST_Lighting_State_V2.dut	file	yes	yes	yes	0o666
./snapshots/project_clean_state_2026_04_16/workspace/export_forensics/sandbox/XML_INTERFACE_PREVIEW.txt:390:  <variable name="L_Lighting_V2_State_Shadow"><type><derived name="ST_Lighting_State_V2"/></type></variable>
./snapshots/project_clean_state_2026_04_16/workspace/export_forensics/sandbox/XML_INTERFACE_PREVIEW_CLEAN.txt:381:  <variable name="L_Lighting_V2_State_Shadow"><type><derived name="ST_Lighting_State_V2"/></type></variable>
./snapshots/project_clean_state_2026_04_16/workspace/export_forensics/sandbox/XML_INTERFACE_PREVIEW_CLEAN_V2.txt:903:    <type><derived name="ST_Lighting_State_V2"/></type>
./snapshots/project_clean_state_2026_04_16/workspace/export_forensics/sandbox/INTERFACE_PREVIEW.txt:341:L_Lighting_V2_State_Shadow : derived(ST_Lighting_State_V2)
./snapshots/project_clean_state_2026_04_16/workspace/draft_v2_inventory_2026-04-12.md:29:- ST_Lighting_State_V2
./snapshots/project_clean_state_2026_04_16/workspace/dut_rebuild/lighting_v2/extraction/FB_Lighting_State_Extractor_DRAFT.st:6:    VO_State : ST_Lighting_State_V2;
./snapshots/project_clean_state_2026_04_16/workspace/dut_rebuild/lighting_v2/v2_core/FB_Lighting_V2_Core_DRAFT.st:4:    VI_State_In : ST_Lighting_State_V2;
./snapshots/project_clean_state_2026_04_16/workspace/dut_rebuild/lighting_v2/v2_core/FB_Lighting_V2_Core_DRAFT.st:8:    VO_State_Out : ST_Lighting_State_V2;
./snapshots/project_clean_state_2026_04_16/workspace/dut_rebuild/lighting_v2/staging/FB_Lighting_V2_Staging_DRAFT.st:18:    VO_State_Shadow : ST_Lighting_State_V2;
./snapshots/project_clean_state_2026_04_16/workspace/dut_rebuild/lighting_v2/staging/FB_Lighting_V2_Staging_DRAFT.st:25:    L_State_V2 : ST_Lighting_State_V2;
./snapshots/project_clean_state_2026_04_16/workspace/dut_rebuild/lighting_v2/compatibility/FB_Lighting_Legacy_To_V2_State_Adapter_DRAFT.st:11:    VO_State_V2 : ST_Lighting_State_V2;
./snapshots/project_clean_state_2026_04_16/workspace/dut_rebuild/lighting_v2/ST_Lighting_State_V2.dut:1:TYPE ST_Lighting_State_V2 :
./snapshots/project_clean_state_2026_04_16/FB_Lighting_V2_Staging.st:17:    VO_State_Shadow : ST_Lighting_State_V2;
./snapshots/project_clean_state_2026_04_16/ST_Lighting_State_V2.dut:1:TYPE ST_Lighting_State_V2 : STRUCT
./snapshots/clean_build_2026_04_16/компилятор/logs/004_import_dut_v11.log:67:ST_Lighting_State_V2.dut: STRUCT ST_Lighting_State_V2 fields=2
./snapshots/clean_build_2026_04_16/компилятор/logs/004_import_dut_v11.log:134:STRUCT ST_Lighting_State_V2: total=2 with_initializer=0 without_initializer=2 array_initializer=0 unsupported_initializer=0
./snapshots/clean_build_2026_04_16/компилятор/out/RESULT_methods_clean.xml:2017:      <dataType name="ST_Lighting_State_V2">
./snapshots/clean_build_2026_04_16/компилятор/out/RESULT_methods_clean.xml:6017:                <derived name="ST_Lighting_State_V2" />
./snapshots/clean_build_2026_04_16/компилятор/out/RESULT_methods_clean.xml:14920:                <derived name="ST_Lighting_State_V2" />
./snapshots/clean_build_2026_04_16/компилятор/out/RESULT_methods_clean.xml:20155:            <Object Name="ST_Lighting_State_V2" ObjectId="cab15a77-d601-4e5f-8d2e-0ede85690d26" />
./диагностика/file_access_audit.log:214:ST_Lighting_State_V2.dut	file	yes	yes	yes	0o666
./диагностика/file_access_audit.log:821:snapshots/clean_build_20260414_0820/ST_Lighting_State_V2.dut	file	yes	yes	yes	0o666
./диагностика/file_access_audit.log:1250:snapshots/clean_build_20260414_0820/workspace/dut_rebuild/lighting_v2/ST_Lighting_State_V2.dut	file	yes	yes	yes	0o666
./диагностика/file_access_audit.log:1701:snapshots/clean_build_2026_04_14/ST_Lighting_State_V2.dut	file	yes	yes	yes	0o666
./диагностика/file_access_audit.log:2131:snapshots/clean_build_2026_04_14/workspace/dut_rebuild/lighting_v2/ST_Lighting_State_V2.dut	file	yes	yes	yes	0o666
./диагностика/file_access_audit.log:2565:snapshots/clean_build_2026_04_15/ST_Lighting_State_V2.dut	file	yes	yes	yes	0o666
./диагностика/file_access_audit.log:3006:snapshots/clean_build_2026_04_15/workspace/dut_rebuild/lighting_v2/ST_Lighting_State_V2.dut	file	yes	yes	yes	0o666
./диагностика/file_access_audit.log:3418:workspace/dut_rebuild/lighting_v2/ST_Lighting_State_V2.dut	file	yes	yes	yes	0o666
./workspace/export_forensics/sandbox/XML_INTERFACE_PREVIEW.txt:390:  <variable name="L_Lighting_V2_State_Shadow"><type><derived name="ST_Lighting_State_V2"/></type></variable>
./workspace/export_forensics/sandbox/XML_INTERFACE_PREVIEW_CLEAN.txt:381:  <variable name="L_Lighting_V2_State_Shadow"><type><derived name="ST_Lighting_State_V2"/></type></variable>
./workspace/export_forensics/sandbox/XML_INTERFACE_PREVIEW_CLEAN_V2.txt:903:    <type><derived name="ST_Lighting_State_V2"/></type>
./workspace/export_forensics/sandbox/INTERFACE_PREVIEW.txt:341:L_Lighting_V2_State_Shadow : derived(ST_Lighting_State_V2)
./workspace/draft_v2_inventory_2026-04-12.md:29:- ST_Lighting_State_V2
./workspace/dut_rebuild/lighting_v2/extraction/FB_Lighting_State_Extractor_DRAFT.st:6:    VO_State : ST_Lighting_State_V2;
./workspace/dut_rebuild/lighting_v2/v2_core/FB_Lighting_V2_Core_DRAFT.st:4:    VI_State_In : ST_Lighting_State_V2;
./workspace/dut_rebuild/lighting_v2/v2_core/FB_Lighting_V2_Core_DRAFT.st:8:    VO_State_Out : ST_Lighting_State_V2;
./workspace/dut_rebuild/lighting_v2/staging/FB_Lighting_V2_Staging_DRAFT.st:18:    VO_State_Shadow : ST_Lighting_State_V2;
./workspace/dut_rebuild/lighting_v2/staging/FB_Lighting_V2_Staging_DRAFT.st:25:    L_State_V2 : ST_Lighting_State_V2;
./workspace/dut_rebuild/lighting_v2/compatibility/FB_Lighting_Legacy_To_V2_State_Adapter_DRAFT.st:11:    VO_State_V2 : ST_Lighting_State_V2;
./workspace/dut_rebuild/lighting_v2/ST_Lighting_State_V2.dut:1:TYPE ST_Lighting_State_V2 :

--- ST_Socket_Command_V2 ---
./steps/2026-04-17_remove_socket_manager_internal_scaffold/01_remove_socket_manager_internal_scaffold.py:9:    "    L_Socket_V2_Command_Shadow : ST_Socket_Command_V2;\n",
./steps/MASTER_PIPELINE/005_RESULT.xml:7874:          <derived name="ST_Socket_Command_V2" />
./steps/MASTER_PIPELINE/004_RESULT.xml:1934:                <derived name="ST_Socket_Command_V2" />
./steps/MASTER_PIPELINE/003_GVL_BASELINE_INPUT.xml:9251:          <derived name="ST_Socket_Command_V2" />
./steps/MASTER_PIPELINE/out/004_RESULT.xml:1934:                <derived name="ST_Socket_Command_V2" />
./steps/MASTER_PIPELINE/out/003_RESULT.xml:3311:                <derived name="ST_Socket_Command_V2" />
./steps/MASTER_PIPELINE/002_BASE.xml:12952:                <derived name="ST_Socket_Command_V2" />
./steps/MASTER_PIPELINE/002_BASE.xml:13202:                <derived name="ST_Socket_Command_V2" />
./steps/MASTER_PIPELINE/003_RESULT.xml:3311:                <derived name="ST_Socket_Command_V2" />
./steps/MASTER_PIPELINE/archive_logs/003_GVL_XML_TEMPLATE_ANALYSIS.log:4444:          <derived name="ST_Socket_Command_V2" />
./steps/MASTER_PIPELINE/001_BASE.xml:9314:                <derived name="ST_Socket_Command_V2" />
./steps/2026-04-17_audit_zero_ref_v2_dut_leftovers/01_audit_zero_ref_v2_dut_leftovers.py:16:    "ST_Socket_Command_V2.dut",
./diagnostics/2026_04_16/step_10_git_commit_failure_debug.log:217:./ST_Socket_Command_V2.dut
./diagnostics/2026_04_16/step_08_flatten_unpacked_root.log:197:./ST_Socket_Command_V2.dut
./diagnostics/2026_04_16/step_13_full_project_snapshot.log:195:snapshots/project_clean_state_2026_04_16/ST_Socket_Command_V2.dut
./diagnostics/2026_04_16/step_11_project_structure.log:194:./ST_Socket_Command_V2.dut
./diagnostics/2026_04_16/step_11_project_structure.log:437:./ST_Socket_Command_V2.dut
./компилятор/logs/004_import_dut_v11.log:79:ST_Socket_Command_V2.dut: STRUCT ST_Socket_Command_V2 fields=1
./компилятор/logs/004_import_dut_v11.log:146:STRUCT ST_Socket_Command_V2: total=1 with_initializer=0 without_initializer=1 array_initializer=0 unsupported_initializer=0
./компилятор/out/RESULT_methods_clean.xml:2671:      <dataType name="ST_Socket_Command_V2">
./компилятор/out/RESULT_methods_clean.xml:13999:                <derived name="ST_Socket_Command_V2" />
./компилятор/out/RESULT_methods_clean.xml:17208:                <derived name="ST_Socket_Command_V2" />
./компилятор/out/RESULT_methods_clean.xml:20161:            <Object Name="ST_Socket_Command_V2" ObjectId="e929926d-ca62-493a-aa9e-fc6693f1884a" />
./repo_logs/diagnostics/2026_04_16/constants_dut_usage.log:194:./ST_Socket_Command_V2.dut
./repo_logs/diagnostics/2026_04_16/constants_dut_usage.log:379:./workspace/dut_rebuild/socket_v2/ST_Socket_Command_V2.dut
./repo_logs/assistant_bridge/2026_04_17/step_113_post_cleanup_sanity_audit/post_cleanup_sanity_audit.log:405:24:    L_Socket_V2_Command_Shadow : ST_Socket_Command_V2;
./repo_logs/assistant_bridge/2026_04_17/step_133_audit_zero_ref_v2_dut_leftovers/audit_zero_ref_v2_dut_leftovers.log:74:--- ST_Socket_Command_V2.dut ---
./repo_logs/assistant_bridge/2026_04_17/step_133_audit_zero_ref_v2_dut_leftovers/audit_zero_ref_v2_dut_leftovers.log:113:ST_Socket_Command_V2.dut
./repo_logs/assistant_bridge/2026_04_17/step_120_remove_socket_manager_internal_scaffold/remove_socket_manager_internal_scaffold.log:5:24:    L_Socket_V2_Command_Shadow : ST_Socket_Command_V2;
./repo_logs/assistant_bridge/2026_04_17/step_120_remove_socket_manager_internal_scaffold/remove_socket_manager_internal_scaffold.log:160:-    L_Socket_V2_Command_Shadow : ST_Socket_Command_V2;
./repo_logs/assistant_bridge/2026_04_17/step_89_remove_unused_socket_v2_staging_var/remove_unused_socket_v2_staging_var.log:26:     L_Socket_V2_Command_Shadow : ST_Socket_Command_V2;
./repo_logs/assistant_bridge/2026_04_17/step_87_micro_audit_socket_v2_staging/micro_audit_socket_v2_staging.log:19:    VO_Command_Shadow : ST_Socket_Command_V2;
./repo_logs/assistant_bridge/2026_04_17/step_87_micro_audit_socket_v2_staging/micro_audit_socket_v2_staging.log:53:    L_Socket_V2_Command_Shadow : ST_Socket_Command_V2;
./repo_logs/assistant_bridge/2026_04_17/step_87_micro_audit_socket_v2_staging/micro_audit_socket_v2_staging.log:190:    L_Socket_V2_Command_Shadow : ST_Socket_Command_V2;
./repo_logs/assistant_bridge/2026_04_17/step_87_micro_audit_socket_v2_staging/micro_audit_socket_v2_staging.log:274:TYPE ST_Socket_Command_V2 : STRUCT
./repo_logs/assistant_bridge/2026_04_17/step_87_micro_audit_socket_v2_staging/micro_audit_socket_v2_staging.log:289:./FB_Socket_Manager.st:25:    L_Socket_V2_Command_Shadow : ST_Socket_Command_V2;
./repo_logs/assistant_bridge/2026_04_17/step_87_micro_audit_socket_v2_staging/micro_audit_socket_v2_staging.log:290:./FB_Socket_V2_Staging.st:15:    VO_Command_Shadow : ST_Socket_Command_V2;
./repo_logs/assistant_bridge/2026_04_17/step_87_micro_audit_socket_v2_staging/micro_audit_socket_v2_staging.log:291:./ST_Socket_Command_V2.dut:1:TYPE ST_Socket_Command_V2 : STRUCT
./repo_logs/assistant_bridge/2026_04_17/step_119_micro_audit_socket_manager_internal_scaffold_cleanup/micro_audit_socket_manager_internal_scaffold_cleanup.log:5:24:    L_Socket_V2_Command_Shadow : ST_Socket_Command_V2;
./repo_logs/assistant_bridge/2026_04_17/step_119_micro_audit_socket_manager_internal_scaffold_cleanup/micro_audit_socket_manager_internal_scaffold_cleanup.log:108:    L_Socket_V2_Command_Shadow : ST_Socket_Command_V2;
./repo_logs/assistant_bridge/2026_04_17/step_131_control_final_root_audit_and_unused_inventory/control_final_root_audit_and_unused_inventory.log:235:ST_Socket_Command_V2.dut
./repo_logs/assistant_bridge/2026_04_17/step_131_control_final_root_audit_and_unused_inventory/control_final_root_audit_and_unused_inventory.log:1331:ST_Socket_Command_V2.dut | type=.dut | symbol=ST_Socket_Command_V2 | external_refs=13
./repo_logs/assistant_bridge/2026_04_17/step_131_control_final_root_audit_and_unused_inventory/control_final_root_audit_and_unused_inventory.log:1334:  snapshots/project_clean_state_2026_04_16/ST_Socket_Command_V2.dut
./repo_logs/assistant_bridge/2026_04_17/step_131_control_final_root_audit_and_unused_inventory/control_final_root_audit_and_unused_inventory.log:1335:  snapshots/project_clean_state_2026_04_16/workspace/dut_rebuild/socket_v2/ST_Socket_Command_V2.dut
./repo_logs/assistant_bridge/2026_04_17/step_131_control_final_root_audit_and_unused_inventory/control_final_root_audit_and_unused_inventory.log:1340:  workspace/dut_rebuild/socket_v2/ST_Socket_Command_V2.dut
./repo_logs/assistant_bridge/2026_04_17/step_132_root_unused_inventory_v2_live_only/root_unused_inventory_v2_live_only.log:189:ST_Socket_Command_V2.dut
./repo_logs/assistant_bridge/2026_04_17/step_132_root_unused_inventory_v2_live_only/root_unused_inventory_v2_live_only.log:700:ST_Socket_Command_V2.dut | type=.dut | symbol=ST_Socket_Command_V2 | external_refs=0
./repo_logs/assistant_bridge/2026_04_17/step_132_root_unused_inventory_v2_live_only/root_unused_inventory_v2_live_only.log:809:ST_Socket_Command_V2.dut | type=.dut | symbol=ST_Socket_Command_V2
./repo_logs/assistant_bridge/2026_04_17/step_110_audit_internal_shadow_scaffold_tails/audit_internal_shadow_scaffold_tails.log:1247:24:    L_Socket_V2_Command_Shadow : ST_Socket_Command_V2;
./repo_logs/assistant_bridge/2026_04_17/step_110_audit_internal_shadow_scaffold_tails/audit_internal_shadow_scaffold_tails.log:1315:    L_Socket_V2_Command_Shadow : ST_Socket_Command_V2;
./repo_logs/assistant_bridge/2026_04_17/step_110_audit_internal_shadow_scaffold_tails/audit_internal_shadow_scaffold_tails.log:1653:FB_Socket_Manager.st:24:    L_Socket_V2_Command_Shadow : ST_Socket_Command_V2;
grep: ./repo_logs/assistant_bridge/2026_04_17/step_134_remove_zero_ref_v2_dut_leftovers/remove_zero_ref_v2_dut_leftovers.log: input file is also the output
./repo_logs/assistant_bridge/2026_04_16/step_64_classify_root_transition_layers_fixed/classify_root_transition_layers_fixed.log:21:ST_Socket_Command_V2.dut
./repo_logs/assistant_bridge/2026_04_16/step_45_scenario_layer_audit/scenario_layer_audit.log:5662:./snapshots/project_clean_state_2026_04_16/workspace/dut_rebuild/socket_v2/ST_Socket_Command_V2.dut:8:    Scenario_ID : INT;
./repo_logs/assistant_bridge/2026_04_16/step_45_scenario_layer_audit/scenario_layer_audit.log:7258:./workspace/dut_rebuild/socket_v2/ST_Socket_Command_V2.dut:8:    Scenario_ID : INT;
./repo_logs/assistant_bridge/2026_04_16/step_01_repo_baseline/baseline.log:213:./ST_Socket_Command_V2.dut
./repo_logs/assistant_bridge/2026_04_16/step_01_repo_baseline/baseline.log:485:snapshots/project_clean_state_2026_04_16/ST_Socket_Command_V2.dut
./repo_logs/assistant_bridge/2026_04_16/step_63_root_only_transition_inventory/root_only_transition_inventory.log:195:ST_Socket_Command_V2.dut
./repo_logs/assistant_bridge/2026_04_16/step_63_root_only_transition_inventory/root_only_transition_inventory.log:242:ST_Socket_Command_V2.dut
./repo_logs/assistant_bridge/2026_04_16/step_63_root_only_transition_inventory/root_only_transition_inventory.log:369:--- FILE: ST_Socket_Command_V2.dut ---
./repo_logs/assistant_bridge/2026_04_16/step_63_root_only_transition_inventory/root_only_transition_inventory.log:370:SYMBOL BASE: ST_Socket_Command_V2
./repo_logs/assistant_bridge/2026_04_16/step_63_root_only_transition_inventory/root_only_transition_inventory.log:371:./FB_Socket_Manager.st:25:    L_Socket_V2_Command_Shadow : ST_Socket_Command_V2;
./repo_logs/assistant_bridge/2026_04_16/step_63_root_only_transition_inventory/root_only_transition_inventory.log:372:./FB_Socket_V2_Staging.st:15:    VO_Command_Shadow : ST_Socket_Command_V2;
./repo_logs/assistant_bridge/2026_04_16/step_63_root_only_transition_inventory/root_only_transition_inventory.log:373:./ST_Socket_Command_V2.dut:1:TYPE ST_Socket_Command_V2 : STRUCT
./repo_logs/assistant_bridge/2026_04_16/step_45_scenario_layer_audit_fixed/scenario_layer_audit_fixed.log:194:./ST_Socket_Command_V2.dut
./repo_logs/assistant_bridge/2026_04_16/step_45_scenario_layer_audit_fixed/scenario_layer_audit_fixed.log:403:./snapshots/project_clean_state_2026_04_16/ST_Socket_Command_V2.dut
./repo_logs/assistant_bridge/2026_04_16/step_45_scenario_layer_audit_fixed/scenario_layer_audit_fixed.log:485:./snapshots/project_clean_state_2026_04_16/workspace/dut_rebuild/socket_v2/ST_Socket_Command_V2.dut
./repo_logs/assistant_bridge/2026_04_16/step_45_scenario_layer_audit_fixed/scenario_layer_audit_fixed.log:580:./workspace/dut_rebuild/socket_v2/ST_Socket_Command_V2.dut
./repo_logs/assistant_bridge/2026_04_16/step_45_scenario_layer_audit_fixed/scenario_layer_audit_fixed.log:888:./snapshots/project_clean_state_2026_04_16/workspace/dut_rebuild/socket_v2/ST_Socket_Command_V2.dut:8:    Scenario_ID : INT;
./repo_logs/assistant_bridge/2026_04_16/step_45_scenario_layer_audit_fixed/scenario_layer_audit_fixed.log:1018:./workspace/dut_rebuild/socket_v2/ST_Socket_Command_V2.dut:8:    Scenario_ID : INT;
./repo_logs/assistant_bridge/2026_04_16/step_65_prioritize_runtime_bridge_collapse/prioritize_runtime_bridge_collapse.log:10:ST_Socket_Command_V2.dut | keep_for_now | used by active bridge
./snapshots/project_clean_state_2026_04_16/steps/MASTER_PIPELINE/005_RESULT.xml:7874:          <derived name="ST_Socket_Command_V2" />
./snapshots/project_clean_state_2026_04_16/steps/MASTER_PIPELINE/004_RESULT.xml:1934:                <derived name="ST_Socket_Command_V2" />
./snapshots/project_clean_state_2026_04_16/steps/MASTER_PIPELINE/003_GVL_BASELINE_INPUT.xml:9251:          <derived name="ST_Socket_Command_V2" />
./snapshots/project_clean_state_2026_04_16/steps/MASTER_PIPELINE/out/004_RESULT.xml:1934:                <derived name="ST_Socket_Command_V2" />
./snapshots/project_clean_state_2026_04_16/steps/MASTER_PIPELINE/out/003_RESULT.xml:3311:                <derived name="ST_Socket_Command_V2" />
./snapshots/project_clean_state_2026_04_16/steps/MASTER_PIPELINE/002_BASE.xml:12952:                <derived name="ST_Socket_Command_V2" />
./snapshots/project_clean_state_2026_04_16/steps/MASTER_PIPELINE/002_BASE.xml:13202:                <derived name="ST_Socket_Command_V2" />
./snapshots/project_clean_state_2026_04_16/steps/MASTER_PIPELINE/003_RESULT.xml:3311:                <derived name="ST_Socket_Command_V2" />
./snapshots/project_clean_state_2026_04_16/steps/MASTER_PIPELINE/archive_logs/003_GVL_XML_TEMPLATE_ANALYSIS.log:4444:          <derived name="ST_Socket_Command_V2" />
./snapshots/project_clean_state_2026_04_16/steps/MASTER_PIPELINE/001_BASE.xml:9314:                <derived name="ST_Socket_Command_V2" />
./snapshots/project_clean_state_2026_04_16/diagnostics/2026_04_16/step_10_git_commit_failure_debug.log:217:./ST_Socket_Command_V2.dut
./snapshots/project_clean_state_2026_04_16/diagnostics/2026_04_16/step_08_flatten_unpacked_root.log:197:./ST_Socket_Command_V2.dut
./snapshots/project_clean_state_2026_04_16/diagnostics/2026_04_16/step_11_project_structure.log:194:./ST_Socket_Command_V2.dut
./snapshots/project_clean_state_2026_04_16/diagnostics/2026_04_16/step_11_project_structure.log:437:./ST_Socket_Command_V2.dut
./snapshots/project_clean_state_2026_04_16/компилятор/logs/004_import_dut_v11.log:80:ST_Socket_Command_V2.dut: STRUCT ST_Socket_Command_V2 fields=1
./snapshots/project_clean_state_2026_04_16/компилятор/logs/004_import_dut_v11.log:147:STRUCT ST_Socket_Command_V2: total=1 with_initializer=0 without_initializer=1 array_initializer=0 unsupported_initializer=0
./snapshots/project_clean_state_2026_04_16/компилятор/out/RESULT_methods_clean.xml:2671:      <dataType name="ST_Socket_Command_V2">
./snapshots/project_clean_state_2026_04_16/компилятор/out/RESULT_methods_clean.xml:13996:                <derived name="ST_Socket_Command_V2" />
./snapshots/project_clean_state_2026_04_16/компилятор/out/RESULT_methods_clean.xml:17205:                <derived name="ST_Socket_Command_V2" />
./snapshots/project_clean_state_2026_04_16/компилятор/out/RESULT_methods_clean.xml:20168:            <Object Name="ST_Socket_Command_V2" ObjectId="2a2eec14-f0d2-4655-8341-01c010bed3d0" />
./snapshots/project_clean_state_2026_04_16/диагностика/file_access_audit.log:227:ST_Socket_Command_V2.dut	file	yes	yes	yes	0o666
./snapshots/project_clean_state_2026_04_16/диагностика/file_access_audit.log:834:snapshots/clean_build_20260414_0820/ST_Socket_Command_V2.dut	file	yes	yes	yes	0o666
./snapshots/project_clean_state_2026_04_16/диагностика/file_access_audit.log:1276:snapshots/clean_build_20260414_0820/workspace/dut_rebuild/socket_v2/ST_Socket_Command_V2.dut	file	yes	yes	yes	0o666
./snapshots/project_clean_state_2026_04_16/диагностика/file_access_audit.log:1714:snapshots/clean_build_2026_04_14/ST_Socket_Command_V2.dut	file	yes	yes	yes	0o666
./snapshots/project_clean_state_2026_04_16/диагностика/file_access_audit.log:2157:snapshots/clean_build_2026_04_14/workspace/dut_rebuild/socket_v2/ST_Socket_Command_V2.dut	file	yes	yes	yes	0o666
./snapshots/project_clean_state_2026_04_16/диагностика/file_access_audit.log:2578:snapshots/clean_build_2026_04_15/ST_Socket_Command_V2.dut	file	yes	yes	yes	0o666
./snapshots/project_clean_state_2026_04_16/диагностика/file_access_audit.log:3032:snapshots/clean_build_2026_04_15/workspace/dut_rebuild/socket_v2/ST_Socket_Command_V2.dut	file	yes	yes	yes	0o666
./snapshots/project_clean_state_2026_04_16/диагностика/file_access_audit.log:3444:workspace/dut_rebuild/socket_v2/ST_Socket_Command_V2.dut	file	yes	yes	yes	0o666
./snapshots/project_clean_state_2026_04_16/FB_Socket_Manager.st:25:    L_Socket_V2_Command_Shadow : ST_Socket_Command_V2;
./snapshots/project_clean_state_2026_04_16/ST_Socket_Command_V2.dut:1:TYPE ST_Socket_Command_V2 : STRUCT
./snapshots/project_clean_state_2026_04_16/workspace/export_forensics/sandbox/XML_INTERFACE_PREVIEW.txt:69:  <variable name="L_Socket_V2_Command_Shadow"><type><derived name="ST_Socket_Command_V2"/></type></variable>
./snapshots/project_clean_state_2026_04_16/workspace/export_forensics/sandbox/SMART_HOME_SANDBOX_V7.xml:7183:    L_Socket_V2_Command_Shadow : ST_Socket_Command_V2;
./snapshots/project_clean_state_2026_04_16/workspace/export_forensics/sandbox/SMART_HOME_SANDBOX_V6.xml:12431:    L_Socket_V2_Command_Shadow : ST_Socket_Command_V2;
./snapshots/project_clean_state_2026_04_16/workspace/export_forensics/sandbox/XML_INTERFACE_PREVIEW_CLEAN.txt:66:  <variable name="L_Socket_V2_Command_Shadow"><type><derived name="ST_Socket_Command_V2"/></type></variable>
./snapshots/project_clean_state_2026_04_16/workspace/export_forensics/sandbox/SMART_HOME_SANDBOX_V8.xml:13855:    L_Socket_V2_Command_Shadow : ST_Socket_Command_V2;
./snapshots/project_clean_state_2026_04_16/workspace/export_forensics/sandbox/XML_INTERFACE_PREVIEW_CLEAN_V2.txt:138:    <type><derived name="ST_Socket_Command_V2"/></type>
./snapshots/project_clean_state_2026_04_16/workspace/export_forensics/sandbox/INTERFACE_PREVIEW.txt:58:L_Socket_V2_Command_Shadow : derived(ST_Socket_Command_V2)
./snapshots/project_clean_state_2026_04_16/workspace/export_forensics/sandbox/SMART_HOME_SANDBOX_V5.xml:11249:    L_Socket_V2_Command_Shadow : ST_Socket_Command_V2;
./snapshots/project_clean_state_2026_04_16/workspace/draft_v2_inventory_2026-04-12.md:30:- ST_Socket_Command_V2
./snapshots/project_clean_state_2026_04_16/workspace/dut_rebuild/socket_v2/extraction/FB_Socket_Command_Extractor_DRAFT.st:7:    VO_Command : ST_Socket_Command_V2;
./snapshots/project_clean_state_2026_04_16/workspace/dut_rebuild/socket_v2/v2_core/FB_Socket_V2_Core_DRAFT.st:3:    VI_Command : ST_Socket_Command_V2;
./snapshots/project_clean_state_2026_04_16/workspace/dut_rebuild/socket_v2/v2_core/FB_Socket_V2_Core_DRAFT.st:7:    VO_Command_Out : ST_Socket_Command_V2;
./snapshots/project_clean_state_2026_04_16/workspace/dut_rebuild/socket_v2/staging/FB_Socket_V2_Staging_DRAFT.st:16:    VO_Command_Shadow : ST_Socket_Command_V2;
./snapshots/project_clean_state_2026_04_16/workspace/dut_rebuild/socket_v2/staging/FB_Socket_V2_Staging_DRAFT.st:23:    L_Command_V2 : ST_Socket_Command_V2;
./snapshots/project_clean_state_2026_04_16/workspace/dut_rebuild/socket_v2/ST_Socket_Command_V2.dut:1:TYPE ST_Socket_Command_V2 :
./snapshots/project_clean_state_2026_04_16/workspace/dut_rebuild/socket_v2/compatibility/FB_Socket_Legacy_To_V2_Command_Adapter_DRAFT.st:11:    VO_Command_V2 : ST_Socket_Command_V2;
./snapshots/project_clean_state_2026_04_16/FB_Socket_V2_Staging.st:15:    VO_Command_Shadow : ST_Socket_Command_V2;
./snapshots/clean_build_2026_04_16/компилятор/logs/004_import_dut_v11.log:80:ST_Socket_Command_V2.dut: STRUCT ST_Socket_Command_V2 fields=1
./snapshots/clean_build_2026_04_16/компилятор/logs/004_import_dut_v11.log:147:STRUCT ST_Socket_Command_V2: total=1 with_initializer=0 without_initializer=1 array_initializer=0 unsupported_initializer=0
./snapshots/clean_build_2026_04_16/компилятор/out/RESULT_methods_clean.xml:2671:      <dataType name="ST_Socket_Command_V2">
./snapshots/clean_build_2026_04_16/компилятор/out/RESULT_methods_clean.xml:13996:                <derived name="ST_Socket_Command_V2" />
./snapshots/clean_build_2026_04_16/компилятор/out/RESULT_methods_clean.xml:17205:                <derived name="ST_Socket_Command_V2" />
./snapshots/clean_build_2026_04_16/компилятор/out/RESULT_methods_clean.xml:20168:            <Object Name="ST_Socket_Command_V2" ObjectId="2a2eec14-f0d2-4655-8341-01c010bed3d0" />
./диагностика/file_access_audit.log:227:ST_Socket_Command_V2.dut	file	yes	yes	yes	0o666
./диагностика/file_access_audit.log:834:snapshots/clean_build_20260414_0820/ST_Socket_Command_V2.dut	file	yes	yes	yes	0o666
./диагностика/file_access_audit.log:1276:snapshots/clean_build_20260414_0820/workspace/dut_rebuild/socket_v2/ST_Socket_Command_V2.dut	file	yes	yes	yes	0o666
./диагностика/file_access_audit.log:1714:snapshots/clean_build_2026_04_14/ST_Socket_Command_V2.dut	file	yes	yes	yes	0o666
./диагностика/file_access_audit.log:2157:snapshots/clean_build_2026_04_14/workspace/dut_rebuild/socket_v2/ST_Socket_Command_V2.dut	file	yes	yes	yes	0o666
./диагностика/file_access_audit.log:2578:snapshots/clean_build_2026_04_15/ST_Socket_Command_V2.dut	file	yes	yes	yes	0o666
./диагностика/file_access_audit.log:3032:snapshots/clean_build_2026_04_15/workspace/dut_rebuild/socket_v2/ST_Socket_Command_V2.dut	file	yes	yes	yes	0o666
./диагностика/file_access_audit.log:3444:workspace/dut_rebuild/socket_v2/ST_Socket_Command_V2.dut	file	yes	yes	yes	0o666
./workspace/export_forensics/sandbox/XML_INTERFACE_PREVIEW.txt:69:  <variable name="L_Socket_V2_Command_Shadow"><type><derived name="ST_Socket_Command_V2"/></type></variable>
./workspace/export_forensics/sandbox/SMART_HOME_SANDBOX_V7.xml:7183:    L_Socket_V2_Command_Shadow : ST_Socket_Command_V2;
./workspace/export_forensics/sandbox/SMART_HOME_SANDBOX_V6.xml:12431:    L_Socket_V2_Command_Shadow : ST_Socket_Command_V2;
./workspace/export_forensics/sandbox/XML_INTERFACE_PREVIEW_CLEAN.txt:66:  <variable name="L_Socket_V2_Command_Shadow"><type><derived name="ST_Socket_Command_V2"/></type></variable>
./workspace/export_forensics/sandbox/SMART_HOME_SANDBOX_V8.xml:13855:    L_Socket_V2_Command_Shadow : ST_Socket_Command_V2;
./workspace/export_forensics/sandbox/XML_INTERFACE_PREVIEW_CLEAN_V2.txt:138:    <type><derived name="ST_Socket_Command_V2"/></type>
./workspace/export_forensics/sandbox/INTERFACE_PREVIEW.txt:58:L_Socket_V2_Command_Shadow : derived(ST_Socket_Command_V2)
./workspace/export_forensics/sandbox/SMART_HOME_SANDBOX_V5.xml:11249:    L_Socket_V2_Command_Shadow : ST_Socket_Command_V2;
./workspace/draft_v2_inventory_2026-04-12.md:30:- ST_Socket_Command_V2
./workspace/dut_rebuild/socket_v2/extraction/FB_Socket_Command_Extractor_DRAFT.st:7:    VO_Command : ST_Socket_Command_V2;
./workspace/dut_rebuild/socket_v2/v2_core/FB_Socket_V2_Core_DRAFT.st:3:    VI_Command : ST_Socket_Command_V2;
./workspace/dut_rebuild/socket_v2/v2_core/FB_Socket_V2_Core_DRAFT.st:7:    VO_Command_Out : ST_Socket_Command_V2;
./workspace/dut_rebuild/socket_v2/staging/FB_Socket_V2_Staging_DRAFT.st:16:    VO_Command_Shadow : ST_Socket_Command_V2;
./workspace/dut_rebuild/socket_v2/staging/FB_Socket_V2_Staging_DRAFT.st:23:    L_Command_V2 : ST_Socket_Command_V2;
./workspace/dut_rebuild/socket_v2/ST_Socket_Command_V2.dut:1:TYPE ST_Socket_Command_V2 :
./workspace/dut_rebuild/socket_v2/compatibility/FB_Socket_Legacy_To_V2_Command_Adapter_DRAFT.st:11:    VO_Command_V2 : ST_Socket_Command_V2;

--- ST_Socket_State_V2 ---
./steps/2026-04-17_remove_socket_manager_internal_scaffold/01_remove_socket_manager_internal_scaffold.py:10:    "    L_Socket_V2_State_Shadow : ST_Socket_State_V2;\n",
./steps/MASTER_PIPELINE/005_RESULT.xml:7879:          <derived name="ST_Socket_State_V2" />
./steps/MASTER_PIPELINE/004_RESULT.xml:1939:                <derived name="ST_Socket_State_V2" />
./steps/MASTER_PIPELINE/003_GVL_BASELINE_INPUT.xml:9256:          <derived name="ST_Socket_State_V2" />
./steps/MASTER_PIPELINE/out/004_RESULT.xml:1939:                <derived name="ST_Socket_State_V2" />
./steps/MASTER_PIPELINE/out/003_RESULT.xml:3316:                <derived name="ST_Socket_State_V2" />
./steps/MASTER_PIPELINE/002_BASE.xml:12957:                <derived name="ST_Socket_State_V2" />
./steps/MASTER_PIPELINE/002_BASE.xml:13207:                <derived name="ST_Socket_State_V2" />
./steps/MASTER_PIPELINE/003_RESULT.xml:3316:                <derived name="ST_Socket_State_V2" />
./steps/MASTER_PIPELINE/archive_logs/003_GVL_XML_TEMPLATE_ANALYSIS.log:4449:          <derived name="ST_Socket_State_V2" />
./steps/MASTER_PIPELINE/001_BASE.xml:9319:                <derived name="ST_Socket_State_V2" />
./steps/2026-04-17_audit_zero_ref_v2_dut_leftovers/01_audit_zero_ref_v2_dut_leftovers.py:17:    "ST_Socket_State_V2.dut",
./diagnostics/2026_04_16/step_10_git_commit_failure_debug.log:218:./ST_Socket_State_V2.dut
./diagnostics/2026_04_16/step_08_flatten_unpacked_root.log:198:./ST_Socket_State_V2.dut
./diagnostics/2026_04_16/step_13_full_project_snapshot.log:196:snapshots/project_clean_state_2026_04_16/ST_Socket_State_V2.dut
./diagnostics/2026_04_16/step_11_project_structure.log:195:./ST_Socket_State_V2.dut
./diagnostics/2026_04_16/step_11_project_structure.log:438:./ST_Socket_State_V2.dut
./компилятор/logs/004_import_dut_v11.log:80:ST_Socket_State_V2.dut: STRUCT ST_Socket_State_V2 fields=2
./компилятор/logs/004_import_dut_v11.log:147:STRUCT ST_Socket_State_V2: total=2 with_initializer=0 without_initializer=2 array_initializer=0 unsupported_initializer=0
./компилятор/out/RESULT_methods_clean.xml:2687:      <dataType name="ST_Socket_State_V2">
./компилятор/out/RESULT_methods_clean.xml:14004:                <derived name="ST_Socket_State_V2" />
./компилятор/out/RESULT_methods_clean.xml:17213:                <derived name="ST_Socket_State_V2" />
./компилятор/out/RESULT_methods_clean.xml:20162:            <Object Name="ST_Socket_State_V2" ObjectId="5db02004-be23-413c-9806-066d5cc8568b" />
./repo_logs/diagnostics/2026_04_16/constants_dut_usage.log:195:./ST_Socket_State_V2.dut
./repo_logs/diagnostics/2026_04_16/constants_dut_usage.log:380:./workspace/dut_rebuild/socket_v2/ST_Socket_State_V2.dut
./repo_logs/assistant_bridge/2026_04_17/step_113_post_cleanup_sanity_audit/post_cleanup_sanity_audit.log:406:25:    L_Socket_V2_State_Shadow : ST_Socket_State_V2;
./repo_logs/assistant_bridge/2026_04_17/step_133_audit_zero_ref_v2_dut_leftovers/audit_zero_ref_v2_dut_leftovers.log:81:--- ST_Socket_State_V2.dut ---
./repo_logs/assistant_bridge/2026_04_17/step_133_audit_zero_ref_v2_dut_leftovers/audit_zero_ref_v2_dut_leftovers.log:114:ST_Socket_State_V2.dut
./repo_logs/assistant_bridge/2026_04_17/step_120_remove_socket_manager_internal_scaffold/remove_socket_manager_internal_scaffold.log:6:25:    L_Socket_V2_State_Shadow : ST_Socket_State_V2;
./repo_logs/assistant_bridge/2026_04_17/step_120_remove_socket_manager_internal_scaffold/remove_socket_manager_internal_scaffold.log:161:-    L_Socket_V2_State_Shadow : ST_Socket_State_V2;
./repo_logs/assistant_bridge/2026_04_17/step_89_remove_unused_socket_v2_staging_var/remove_unused_socket_v2_staging_var.log:27:     L_Socket_V2_State_Shadow : ST_Socket_State_V2;
./repo_logs/assistant_bridge/2026_04_17/step_87_micro_audit_socket_v2_staging/micro_audit_socket_v2_staging.log:20:    VO_State_Shadow : ST_Socket_State_V2;
./repo_logs/assistant_bridge/2026_04_17/step_87_micro_audit_socket_v2_staging/micro_audit_socket_v2_staging.log:54:    L_Socket_V2_State_Shadow : ST_Socket_State_V2;
./repo_logs/assistant_bridge/2026_04_17/step_87_micro_audit_socket_v2_staging/micro_audit_socket_v2_staging.log:191:    L_Socket_V2_State_Shadow : ST_Socket_State_V2;
./repo_logs/assistant_bridge/2026_04_17/step_87_micro_audit_socket_v2_staging/micro_audit_socket_v2_staging.log:279:TYPE ST_Socket_State_V2 : STRUCT
./repo_logs/assistant_bridge/2026_04_17/step_87_micro_audit_socket_v2_staging/micro_audit_socket_v2_staging.log:293:./FB_Socket_Manager.st:26:    L_Socket_V2_State_Shadow : ST_Socket_State_V2;
./repo_logs/assistant_bridge/2026_04_17/step_87_micro_audit_socket_v2_staging/micro_audit_socket_v2_staging.log:294:./FB_Socket_V2_Staging.st:16:    VO_State_Shadow : ST_Socket_State_V2;
./repo_logs/assistant_bridge/2026_04_17/step_87_micro_audit_socket_v2_staging/micro_audit_socket_v2_staging.log:295:./ST_Socket_State_V2.dut:1:TYPE ST_Socket_State_V2 : STRUCT
./repo_logs/assistant_bridge/2026_04_17/step_119_micro_audit_socket_manager_internal_scaffold_cleanup/micro_audit_socket_manager_internal_scaffold_cleanup.log:6:25:    L_Socket_V2_State_Shadow : ST_Socket_State_V2;
./repo_logs/assistant_bridge/2026_04_17/step_119_micro_audit_socket_manager_internal_scaffold_cleanup/micro_audit_socket_manager_internal_scaffold_cleanup.log:109:    L_Socket_V2_State_Shadow : ST_Socket_State_V2;
./repo_logs/assistant_bridge/2026_04_17/step_131_control_final_root_audit_and_unused_inventory/control_final_root_audit_and_unused_inventory.log:236:ST_Socket_State_V2.dut
./repo_logs/assistant_bridge/2026_04_17/step_131_control_final_root_audit_and_unused_inventory/control_final_root_audit_and_unused_inventory.log:1345:ST_Socket_State_V2.dut | type=.dut | symbol=ST_Socket_State_V2 | external_refs=13
./repo_logs/assistant_bridge/2026_04_17/step_131_control_final_root_audit_and_unused_inventory/control_final_root_audit_and_unused_inventory.log:1348:  snapshots/project_clean_state_2026_04_16/ST_Socket_State_V2.dut
./repo_logs/assistant_bridge/2026_04_17/step_131_control_final_root_audit_and_unused_inventory/control_final_root_audit_and_unused_inventory.log:1349:  snapshots/project_clean_state_2026_04_16/workspace/dut_rebuild/socket_v2/ST_Socket_State_V2.dut
./repo_logs/assistant_bridge/2026_04_17/step_131_control_final_root_audit_and_unused_inventory/control_final_root_audit_and_unused_inventory.log:1354:  workspace/dut_rebuild/socket_v2/ST_Socket_State_V2.dut
./repo_logs/assistant_bridge/2026_04_17/step_132_root_unused_inventory_v2_live_only/root_unused_inventory_v2_live_only.log:190:ST_Socket_State_V2.dut
./repo_logs/assistant_bridge/2026_04_17/step_132_root_unused_inventory_v2_live_only/root_unused_inventory_v2_live_only.log:701:ST_Socket_State_V2.dut | type=.dut | symbol=ST_Socket_State_V2 | external_refs=0
./repo_logs/assistant_bridge/2026_04_17/step_132_root_unused_inventory_v2_live_only/root_unused_inventory_v2_live_only.log:810:ST_Socket_State_V2.dut | type=.dut | symbol=ST_Socket_State_V2
./repo_logs/assistant_bridge/2026_04_17/step_110_audit_internal_shadow_scaffold_tails/audit_internal_shadow_scaffold_tails.log:1248:25:    L_Socket_V2_State_Shadow : ST_Socket_State_V2;
./repo_logs/assistant_bridge/2026_04_17/step_110_audit_internal_shadow_scaffold_tails/audit_internal_shadow_scaffold_tails.log:1316:    L_Socket_V2_State_Shadow : ST_Socket_State_V2;
./repo_logs/assistant_bridge/2026_04_17/step_110_audit_internal_shadow_scaffold_tails/audit_internal_shadow_scaffold_tails.log:1654:FB_Socket_Manager.st:25:    L_Socket_V2_State_Shadow : ST_Socket_State_V2;
grep: ./repo_logs/assistant_bridge/2026_04_17/step_134_remove_zero_ref_v2_dut_leftovers/remove_zero_ref_v2_dut_leftovers.log: input file is also the output
./repo_logs/assistant_bridge/2026_04_16/step_64_classify_root_transition_layers_fixed/classify_root_transition_layers_fixed.log:22:ST_Socket_State_V2.dut
./repo_logs/assistant_bridge/2026_04_16/step_01_repo_baseline/baseline.log:214:./ST_Socket_State_V2.dut
./repo_logs/assistant_bridge/2026_04_16/step_01_repo_baseline/baseline.log:486:snapshots/project_clean_state_2026_04_16/ST_Socket_State_V2.dut
./repo_logs/assistant_bridge/2026_04_16/step_63_root_only_transition_inventory/root_only_transition_inventory.log:196:ST_Socket_State_V2.dut
./repo_logs/assistant_bridge/2026_04_16/step_63_root_only_transition_inventory/root_only_transition_inventory.log:239:ST_Socket_State_V2.dut
./repo_logs/assistant_bridge/2026_04_16/step_63_root_only_transition_inventory/root_only_transition_inventory.log:353:--- FILE: ST_Socket_State_V2.dut ---
./repo_logs/assistant_bridge/2026_04_16/step_63_root_only_transition_inventory/root_only_transition_inventory.log:354:SYMBOL BASE: ST_Socket_State_V2
./repo_logs/assistant_bridge/2026_04_16/step_63_root_only_transition_inventory/root_only_transition_inventory.log:355:./FB_Socket_Manager.st:26:    L_Socket_V2_State_Shadow : ST_Socket_State_V2;
./repo_logs/assistant_bridge/2026_04_16/step_63_root_only_transition_inventory/root_only_transition_inventory.log:356:./FB_Socket_V2_Staging.st:16:    VO_State_Shadow : ST_Socket_State_V2;
./repo_logs/assistant_bridge/2026_04_16/step_63_root_only_transition_inventory/root_only_transition_inventory.log:357:./ST_Socket_State_V2.dut:1:TYPE ST_Socket_State_V2 : STRUCT
./repo_logs/assistant_bridge/2026_04_16/step_45_scenario_layer_audit_fixed/scenario_layer_audit_fixed.log:195:./ST_Socket_State_V2.dut
./repo_logs/assistant_bridge/2026_04_16/step_45_scenario_layer_audit_fixed/scenario_layer_audit_fixed.log:404:./snapshots/project_clean_state_2026_04_16/ST_Socket_State_V2.dut
./repo_logs/assistant_bridge/2026_04_16/step_45_scenario_layer_audit_fixed/scenario_layer_audit_fixed.log:486:./snapshots/project_clean_state_2026_04_16/workspace/dut_rebuild/socket_v2/ST_Socket_State_V2.dut
./repo_logs/assistant_bridge/2026_04_16/step_45_scenario_layer_audit_fixed/scenario_layer_audit_fixed.log:581:./workspace/dut_rebuild/socket_v2/ST_Socket_State_V2.dut
./repo_logs/assistant_bridge/2026_04_16/step_65_prioritize_runtime_bridge_collapse/prioritize_runtime_bridge_collapse.log:11:ST_Socket_State_V2.dut | keep_for_now | used by active bridge
./snapshots/project_clean_state_2026_04_16/steps/MASTER_PIPELINE/005_RESULT.xml:7879:          <derived name="ST_Socket_State_V2" />
./snapshots/project_clean_state_2026_04_16/steps/MASTER_PIPELINE/004_RESULT.xml:1939:                <derived name="ST_Socket_State_V2" />
./snapshots/project_clean_state_2026_04_16/steps/MASTER_PIPELINE/003_GVL_BASELINE_INPUT.xml:9256:          <derived name="ST_Socket_State_V2" />
./snapshots/project_clean_state_2026_04_16/steps/MASTER_PIPELINE/out/004_RESULT.xml:1939:                <derived name="ST_Socket_State_V2" />
./snapshots/project_clean_state_2026_04_16/steps/MASTER_PIPELINE/out/003_RESULT.xml:3316:                <derived name="ST_Socket_State_V2" />
./snapshots/project_clean_state_2026_04_16/steps/MASTER_PIPELINE/002_BASE.xml:12957:                <derived name="ST_Socket_State_V2" />
./snapshots/project_clean_state_2026_04_16/steps/MASTER_PIPELINE/002_BASE.xml:13207:                <derived name="ST_Socket_State_V2" />
./snapshots/project_clean_state_2026_04_16/steps/MASTER_PIPELINE/003_RESULT.xml:3316:                <derived name="ST_Socket_State_V2" />
./snapshots/project_clean_state_2026_04_16/steps/MASTER_PIPELINE/archive_logs/003_GVL_XML_TEMPLATE_ANALYSIS.log:4449:          <derived name="ST_Socket_State_V2" />
./snapshots/project_clean_state_2026_04_16/steps/MASTER_PIPELINE/001_BASE.xml:9319:                <derived name="ST_Socket_State_V2" />
./snapshots/project_clean_state_2026_04_16/diagnostics/2026_04_16/step_10_git_commit_failure_debug.log:218:./ST_Socket_State_V2.dut
./snapshots/project_clean_state_2026_04_16/diagnostics/2026_04_16/step_08_flatten_unpacked_root.log:198:./ST_Socket_State_V2.dut
./snapshots/project_clean_state_2026_04_16/diagnostics/2026_04_16/step_11_project_structure.log:195:./ST_Socket_State_V2.dut
./snapshots/project_clean_state_2026_04_16/diagnostics/2026_04_16/step_11_project_structure.log:438:./ST_Socket_State_V2.dut
./snapshots/project_clean_state_2026_04_16/компилятор/logs/004_import_dut_v11.log:81:ST_Socket_State_V2.dut: STRUCT ST_Socket_State_V2 fields=2
./snapshots/project_clean_state_2026_04_16/компилятор/logs/004_import_dut_v11.log:148:STRUCT ST_Socket_State_V2: total=2 with_initializer=0 without_initializer=2 array_initializer=0 unsupported_initializer=0
./snapshots/project_clean_state_2026_04_16/компилятор/out/RESULT_methods_clean.xml:2687:      <dataType name="ST_Socket_State_V2">
./snapshots/project_clean_state_2026_04_16/компилятор/out/RESULT_methods_clean.xml:14001:                <derived name="ST_Socket_State_V2" />
./snapshots/project_clean_state_2026_04_16/компилятор/out/RESULT_methods_clean.xml:17210:                <derived name="ST_Socket_State_V2" />
./snapshots/project_clean_state_2026_04_16/компилятор/out/RESULT_methods_clean.xml:20169:            <Object Name="ST_Socket_State_V2" ObjectId="d4d44004-2d60-44a8-8c2a-1287acc6635d" />
./snapshots/project_clean_state_2026_04_16/диагностика/file_access_audit.log:228:ST_Socket_State_V2.dut	file	yes	yes	yes	0o666
./snapshots/project_clean_state_2026_04_16/диагностика/file_access_audit.log:835:snapshots/clean_build_20260414_0820/ST_Socket_State_V2.dut	file	yes	yes	yes	0o666
./snapshots/project_clean_state_2026_04_16/диагностика/file_access_audit.log:1277:snapshots/clean_build_20260414_0820/workspace/dut_rebuild/socket_v2/ST_Socket_State_V2.dut	file	yes	yes	yes	0o666
./snapshots/project_clean_state_2026_04_16/диагностика/file_access_audit.log:1715:snapshots/clean_build_2026_04_14/ST_Socket_State_V2.dut	file	yes	yes	yes	0o666
./snapshots/project_clean_state_2026_04_16/диагностика/file_access_audit.log:2158:snapshots/clean_build_2026_04_14/workspace/dut_rebuild/socket_v2/ST_Socket_State_V2.dut	file	yes	yes	yes	0o666
./snapshots/project_clean_state_2026_04_16/диагностика/file_access_audit.log:2579:snapshots/clean_build_2026_04_15/ST_Socket_State_V2.dut	file	yes	yes	yes	0o666
./snapshots/project_clean_state_2026_04_16/диагностика/file_access_audit.log:3033:snapshots/clean_build_2026_04_15/workspace/dut_rebuild/socket_v2/ST_Socket_State_V2.dut	file	yes	yes	yes	0o666
./snapshots/project_clean_state_2026_04_16/диагностика/file_access_audit.log:3445:workspace/dut_rebuild/socket_v2/ST_Socket_State_V2.dut	file	yes	yes	yes	0o666
./snapshots/project_clean_state_2026_04_16/ST_Socket_State_V2.dut:1:TYPE ST_Socket_State_V2 : STRUCT
./snapshots/project_clean_state_2026_04_16/FB_Socket_Manager.st:26:    L_Socket_V2_State_Shadow : ST_Socket_State_V2;
./snapshots/project_clean_state_2026_04_16/workspace/export_forensics/sandbox/XML_INTERFACE_PREVIEW.txt:70:  <variable name="L_Socket_V2_State_Shadow"><type><derived name="ST_Socket_State_V2"/></type></variable>
./snapshots/project_clean_state_2026_04_16/workspace/export_forensics/sandbox/SMART_HOME_SANDBOX_V7.xml:7184:    L_Socket_V2_State_Shadow : ST_Socket_State_V2;
./snapshots/project_clean_state_2026_04_16/workspace/export_forensics/sandbox/SMART_HOME_SANDBOX_V6.xml:12432:    L_Socket_V2_State_Shadow : ST_Socket_State_V2;
./snapshots/project_clean_state_2026_04_16/workspace/export_forensics/sandbox/XML_INTERFACE_PREVIEW_CLEAN.txt:67:  <variable name="L_Socket_V2_State_Shadow"><type><derived name="ST_Socket_State_V2"/></type></variable>
./snapshots/project_clean_state_2026_04_16/workspace/export_forensics/sandbox/SMART_HOME_SANDBOX_V8.xml:13856:    L_Socket_V2_State_Shadow : ST_Socket_State_V2;
./snapshots/project_clean_state_2026_04_16/workspace/export_forensics/sandbox/XML_INTERFACE_PREVIEW_CLEAN_V2.txt:141:    <type><derived name="ST_Socket_State_V2"/></type>
./snapshots/project_clean_state_2026_04_16/workspace/export_forensics/sandbox/INTERFACE_PREVIEW.txt:59:L_Socket_V2_State_Shadow : derived(ST_Socket_State_V2)
./snapshots/project_clean_state_2026_04_16/workspace/export_forensics/sandbox/SMART_HOME_SANDBOX_V5.xml:11250:    L_Socket_V2_State_Shadow : ST_Socket_State_V2;
./snapshots/project_clean_state_2026_04_16/workspace/draft_v2_inventory_2026-04-12.md:31:- ST_Socket_State_V2
./snapshots/project_clean_state_2026_04_16/workspace/dut_rebuild/socket_v2/extraction/FB_Socket_State_Extractor_DRAFT.st:7:    VO_State : ST_Socket_State_V2;
./snapshots/project_clean_state_2026_04_16/workspace/dut_rebuild/socket_v2/v2_core/FB_Socket_V2_Core_DRAFT.st:4:    VI_State_In : ST_Socket_State_V2;
./snapshots/project_clean_state_2026_04_16/workspace/dut_rebuild/socket_v2/v2_core/FB_Socket_V2_Core_DRAFT.st:8:    VO_State_Out : ST_Socket_State_V2;
./snapshots/project_clean_state_2026_04_16/workspace/dut_rebuild/socket_v2/staging/FB_Socket_V2_Staging_DRAFT.st:17:    VO_State_Shadow : ST_Socket_State_V2;
./snapshots/project_clean_state_2026_04_16/workspace/dut_rebuild/socket_v2/staging/FB_Socket_V2_Staging_DRAFT.st:24:    L_State_V2 : ST_Socket_State_V2;
./snapshots/project_clean_state_2026_04_16/workspace/dut_rebuild/socket_v2/ST_Socket_State_V2.dut:1:TYPE ST_Socket_State_V2 :
./snapshots/project_clean_state_2026_04_16/workspace/dut_rebuild/socket_v2/compatibility/FB_Socket_Legacy_To_V2_State_Adapter_DRAFT.st:10:    VO_State_V2 : ST_Socket_State_V2;
./snapshots/project_clean_state_2026_04_16/FB_Socket_V2_Staging.st:16:    VO_State_Shadow : ST_Socket_State_V2;
./snapshots/clean_build_2026_04_16/компилятор/logs/004_import_dut_v11.log:81:ST_Socket_State_V2.dut: STRUCT ST_Socket_State_V2 fields=2
./snapshots/clean_build_2026_04_16/компилятор/logs/004_import_dut_v11.log:148:STRUCT ST_Socket_State_V2: total=2 with_initializer=0 without_initializer=2 array_initializer=0 unsupported_initializer=0
./snapshots/clean_build_2026_04_16/компилятор/out/RESULT_methods_clean.xml:2687:      <dataType name="ST_Socket_State_V2">
./snapshots/clean_build_2026_04_16/компилятор/out/RESULT_methods_clean.xml:14001:                <derived name="ST_Socket_State_V2" />
./snapshots/clean_build_2026_04_16/компилятор/out/RESULT_methods_clean.xml:17210:                <derived name="ST_Socket_State_V2" />
./snapshots/clean_build_2026_04_16/компилятор/out/RESULT_methods_clean.xml:20169:            <Object Name="ST_Socket_State_V2" ObjectId="d4d44004-2d60-44a8-8c2a-1287acc6635d" />
./диагностика/file_access_audit.log:228:ST_Socket_State_V2.dut	file	yes	yes	yes	0o666
./диагностика/file_access_audit.log:835:snapshots/clean_build_20260414_0820/ST_Socket_State_V2.dut	file	yes	yes	yes	0o666
./диагностика/file_access_audit.log:1277:snapshots/clean_build_20260414_0820/workspace/dut_rebuild/socket_v2/ST_Socket_State_V2.dut	file	yes	yes	yes	0o666
./диагностика/file_access_audit.log:1715:snapshots/clean_build_2026_04_14/ST_Socket_State_V2.dut	file	yes	yes	yes	0o666
./диагностика/file_access_audit.log:2158:snapshots/clean_build_2026_04_14/workspace/dut_rebuild/socket_v2/ST_Socket_State_V2.dut	file	yes	yes	yes	0o666
./диагностика/file_access_audit.log:2579:snapshots/clean_build_2026_04_15/ST_Socket_State_V2.dut	file	yes	yes	yes	0o666
./диагностика/file_access_audit.log:3033:snapshots/clean_build_2026_04_15/workspace/dut_rebuild/socket_v2/ST_Socket_State_V2.dut	file	yes	yes	yes	0o666
./диагностика/file_access_audit.log:3445:workspace/dut_rebuild/socket_v2/ST_Socket_State_V2.dut	file	yes	yes	yes	0o666
./workspace/export_forensics/sandbox/XML_INTERFACE_PREVIEW.txt:70:  <variable name="L_Socket_V2_State_Shadow"><type><derived name="ST_Socket_State_V2"/></type></variable>
./workspace/export_forensics/sandbox/SMART_HOME_SANDBOX_V7.xml:7184:    L_Socket_V2_State_Shadow : ST_Socket_State_V2;
./workspace/export_forensics/sandbox/SMART_HOME_SANDBOX_V6.xml:12432:    L_Socket_V2_State_Shadow : ST_Socket_State_V2;
./workspace/export_forensics/sandbox/XML_INTERFACE_PREVIEW_CLEAN.txt:67:  <variable name="L_Socket_V2_State_Shadow"><type><derived name="ST_Socket_State_V2"/></type></variable>
./workspace/export_forensics/sandbox/SMART_HOME_SANDBOX_V8.xml:13856:    L_Socket_V2_State_Shadow : ST_Socket_State_V2;
./workspace/export_forensics/sandbox/XML_INTERFACE_PREVIEW_CLEAN_V2.txt:141:    <type><derived name="ST_Socket_State_V2"/></type>
./workspace/export_forensics/sandbox/INTERFACE_PREVIEW.txt:59:L_Socket_V2_State_Shadow : derived(ST_Socket_State_V2)
./workspace/export_forensics/sandbox/SMART_HOME_SANDBOX_V5.xml:11250:    L_Socket_V2_State_Shadow : ST_Socket_State_V2;
./workspace/draft_v2_inventory_2026-04-12.md:31:- ST_Socket_State_V2
./workspace/dut_rebuild/socket_v2/extraction/FB_Socket_State_Extractor_DRAFT.st:7:    VO_State : ST_Socket_State_V2;
./workspace/dut_rebuild/socket_v2/v2_core/FB_Socket_V2_Core_DRAFT.st:4:    VI_State_In : ST_Socket_State_V2;
./workspace/dut_rebuild/socket_v2/v2_core/FB_Socket_V2_Core_DRAFT.st:8:    VO_State_Out : ST_Socket_State_V2;
./workspace/dut_rebuild/socket_v2/staging/FB_Socket_V2_Staging_DRAFT.st:17:    VO_State_Shadow : ST_Socket_State_V2;
./workspace/dut_rebuild/socket_v2/staging/FB_Socket_V2_Staging_DRAFT.st:24:    L_State_V2 : ST_Socket_State_V2;
./workspace/dut_rebuild/socket_v2/ST_Socket_State_V2.dut:1:TYPE ST_Socket_State_V2 :
./workspace/dut_rebuild/socket_v2/compatibility/FB_Socket_Legacy_To_V2_State_Adapter_DRAFT.st:10:    VO_State_V2 : ST_Socket_State_V2;

--- ST_Ventilation_Command_V2 ---
./steps/MASTER_PIPELINE/005_RESULT.xml:8638:          <derived name="ST_Ventilation_Command_V2" />
./steps/MASTER_PIPELINE/004_RESULT.xml:2939:                <derived name="ST_Ventilation_Command_V2" />
./steps/MASTER_PIPELINE/003_GVL_BASELINE_INPUT.xml:10015:          <derived name="ST_Ventilation_Command_V2" />
./steps/MASTER_PIPELINE/out/004_RESULT.xml:2939:                <derived name="ST_Ventilation_Command_V2" />
./steps/MASTER_PIPELINE/out/003_RESULT.xml:4316:                <derived name="ST_Ventilation_Command_V2" />
./steps/MASTER_PIPELINE/002_BASE.xml:15051:                <derived name="ST_Ventilation_Command_V2" />
./steps/MASTER_PIPELINE/002_BASE.xml:15378:                <derived name="ST_Ventilation_Command_V2" />
./steps/MASTER_PIPELINE/003_RESULT.xml:4316:                <derived name="ST_Ventilation_Command_V2" />
./steps/MASTER_PIPELINE/archive_logs/003_GVL_XML_TEMPLATE_ANALYSIS.log:4767:          <derived name="ST_Ventilation_Command_V2" />
./steps/MASTER_PIPELINE/001_BASE.xml:10098:                <derived name="ST_Ventilation_Command_V2" />
./steps/2026-04-17_audit_zero_ref_v2_dut_leftovers/01_audit_zero_ref_v2_dut_leftovers.py:18:    "ST_Ventilation_Command_V2.dut",
./steps/2026-04-17_remove_ventilation_manager_internal_scaffold/01_remove_ventilation_manager_internal_scaffold.py:9:    "    L_Vent_Command_Shadow : ST_Ventilation_Command_V2;\n",
./diagnostics/2026_04_16/step_10_git_commit_failure_debug.log:232:./ST_Ventilation_Command_V2.dut
./diagnostics/2026_04_16/step_08_flatten_unpacked_root.log:212:./ST_Ventilation_Command_V2.dut
./diagnostics/2026_04_16/step_13_full_project_snapshot.log:210:snapshots/project_clean_state_2026_04_16/ST_Ventilation_Command_V2.dut
./diagnostics/2026_04_16/step_11_project_structure.log:209:./ST_Ventilation_Command_V2.dut
./diagnostics/2026_04_16/step_11_project_structure.log:452:./ST_Ventilation_Command_V2.dut
./компилятор/logs/004_import_dut_v11.log:94:ST_Ventilation_Command_V2.dut: STRUCT ST_Ventilation_Command_V2 fields=1
./компилятор/logs/004_import_dut_v11.log:161:STRUCT ST_Ventilation_Command_V2: total=1 with_initializer=0 without_initializer=1 array_initializer=0 unsupported_initializer=0
./компилятор/out/RESULT_methods_clean.xml:3785:      <dataType name="ST_Ventilation_Command_V2">
./компилятор/out/RESULT_methods_clean.xml:5011:                <derived name="ST_Ventilation_Command_V2" />
./компилятор/out/RESULT_methods_clean.xml:15512:                <derived name="ST_Ventilation_Command_V2" />
./компилятор/out/RESULT_methods_clean.xml:20176:            <Object Name="ST_Ventilation_Command_V2" ObjectId="82404096-0492-4910-847d-1bd090f6446a" />
./repo_logs/diagnostics/2026_04_16/constants_dut_usage.log:209:./ST_Ventilation_Command_V2.dut
./repo_logs/diagnostics/2026_04_16/constants_dut_usage.log:392:./workspace/dut_rebuild/ventilation_v2/ST_Ventilation_Command_V2.dut
./repo_logs/assistant_bridge/2026_04_17/step_133_audit_zero_ref_v2_dut_leftovers/audit_zero_ref_v2_dut_leftovers.log:88:--- ST_Ventilation_Command_V2.dut ---
./repo_logs/assistant_bridge/2026_04_17/step_133_audit_zero_ref_v2_dut_leftovers/audit_zero_ref_v2_dut_leftovers.log:115:ST_Ventilation_Command_V2.dut
./repo_logs/assistant_bridge/2026_04_17/step_124_remove_ventilation_manager_internal_scaffold/remove_ventilation_manager_internal_scaffold.log:5:45:    L_Vent_Command_Shadow : ST_Ventilation_Command_V2;
./repo_logs/assistant_bridge/2026_04_17/step_124_remove_ventilation_manager_internal_scaffold/remove_ventilation_manager_internal_scaffold.log:213:-    L_Vent_Command_Shadow : ST_Ventilation_Command_V2;
./repo_logs/assistant_bridge/2026_04_17/step_123_micro_audit_ventilation_manager_internal_scaffold_cleanup/micro_audit_ventilation_manager_internal_scaffold_cleanup.log:5:45:    L_Vent_Command_Shadow : ST_Ventilation_Command_V2;
./repo_logs/assistant_bridge/2026_04_17/step_123_micro_audit_ventilation_manager_internal_scaffold_cleanup/micro_audit_ventilation_manager_internal_scaffold_cleanup.log:112:    L_Vent_Command_Shadow : ST_Ventilation_Command_V2;
./repo_logs/assistant_bridge/2026_04_17/step_131_control_final_root_audit_and_unused_inventory/control_final_root_audit_and_unused_inventory.log:250:ST_Ventilation_Command_V2.dut
./repo_logs/assistant_bridge/2026_04_17/step_131_control_final_root_audit_and_unused_inventory/control_final_root_audit_and_unused_inventory.log:1430:ST_Ventilation_Command_V2.dut | type=.dut | symbol=ST_Ventilation_Command_V2 | external_refs=13
./repo_logs/assistant_bridge/2026_04_17/step_131_control_final_root_audit_and_unused_inventory/control_final_root_audit_and_unused_inventory.log:1433:  snapshots/project_clean_state_2026_04_16/ST_Ventilation_Command_V2.dut
./repo_logs/assistant_bridge/2026_04_17/step_131_control_final_root_audit_and_unused_inventory/control_final_root_audit_and_unused_inventory.log:1434:  snapshots/project_clean_state_2026_04_16/workspace/dut_rebuild/ventilation_v2/ST_Ventilation_Command_V2.dut
./repo_logs/assistant_bridge/2026_04_17/step_131_control_final_root_audit_and_unused_inventory/control_final_root_audit_and_unused_inventory.log:1439:  workspace/dut_rebuild/ventilation_v2/ST_Ventilation_Command_V2.dut
./repo_logs/assistant_bridge/2026_04_17/step_132_root_unused_inventory_v2_live_only/root_unused_inventory_v2_live_only.log:204:ST_Ventilation_Command_V2.dut
./repo_logs/assistant_bridge/2026_04_17/step_132_root_unused_inventory_v2_live_only/root_unused_inventory_v2_live_only.log:733:ST_Ventilation_Command_V2.dut | type=.dut | symbol=ST_Ventilation_Command_V2 | external_refs=0
./repo_logs/assistant_bridge/2026_04_17/step_132_root_unused_inventory_v2_live_only/root_unused_inventory_v2_live_only.log:815:ST_Ventilation_Command_V2.dut | type=.dut | symbol=ST_Ventilation_Command_V2
./repo_logs/assistant_bridge/2026_04_17/step_110_audit_internal_shadow_scaffold_tails/audit_internal_shadow_scaffold_tails.log:953:    L_Vent_Command_Shadow : ST_Ventilation_Command_V2;
grep: ./repo_logs/assistant_bridge/2026_04_17/step_134_remove_zero_ref_v2_dut_leftovers/remove_zero_ref_v2_dut_leftovers.log: input file is also the output
./repo_logs/assistant_bridge/2026_04_16/step_64_classify_root_transition_layers_fixed/classify_root_transition_layers_fixed.log:15:ST_Ventilation_Command_V2.dut
./repo_logs/assistant_bridge/2026_04_16/step_74_micro_audit_ventilation_v2_staging/micro_audit_ventilation_v2_staging.log:20:    VO_Command_Shadow : ST_Ventilation_Command_V2;
./repo_logs/assistant_bridge/2026_04_16/step_74_micro_audit_ventilation_v2_staging/micro_audit_ventilation_v2_staging.log:74:    L_Vent_Command_Shadow : ST_Ventilation_Command_V2;
./repo_logs/assistant_bridge/2026_04_16/step_74_micro_audit_ventilation_v2_staging/micro_audit_ventilation_v2_staging.log:190:    L_Vent_Command_Shadow : ST_Ventilation_Command_V2;
./repo_logs/assistant_bridge/2026_04_16/step_74_micro_audit_ventilation_v2_staging/micro_audit_ventilation_v2_staging.log:274:TYPE ST_Ventilation_Command_V2 : STRUCT
./repo_logs/assistant_bridge/2026_04_16/step_74_micro_audit_ventilation_v2_staging/micro_audit_ventilation_v2_staging.log:287:./FB_Ventilation_System_Manager.st:46:    L_Vent_Command_Shadow : ST_Ventilation_Command_V2;
./repo_logs/assistant_bridge/2026_04_16/step_74_micro_audit_ventilation_v2_staging/micro_audit_ventilation_v2_staging.log:288:./FB_Ventilation_V2_Staging.st:16:    VO_Command_Shadow : ST_Ventilation_Command_V2;
./repo_logs/assistant_bridge/2026_04_16/step_74_micro_audit_ventilation_v2_staging/micro_audit_ventilation_v2_staging.log:289:./ST_Ventilation_Command_V2.dut:1:TYPE ST_Ventilation_Command_V2 : STRUCT
./repo_logs/assistant_bridge/2026_04_16/step_01_repo_baseline/baseline.log:228:./ST_Ventilation_Command_V2.dut
./repo_logs/assistant_bridge/2026_04_16/step_01_repo_baseline/baseline.log:500:snapshots/project_clean_state_2026_04_16/ST_Ventilation_Command_V2.dut
./repo_logs/assistant_bridge/2026_04_16/step_76_remove_unused_ventilation_v2_staging_var/remove_unused_ventilation_v2_staging_var.log:26:     L_Vent_Command_Shadow : ST_Ventilation_Command_V2;
./repo_logs/assistant_bridge/2026_04_16/step_63_root_only_transition_inventory/root_only_transition_inventory.log:210:ST_Ventilation_Command_V2.dut
./repo_logs/assistant_bridge/2026_04_16/step_63_root_only_transition_inventory/root_only_transition_inventory.log:226:ST_Ventilation_Command_V2.dut
./repo_logs/assistant_bridge/2026_04_16/step_63_root_only_transition_inventory/root_only_transition_inventory.log:279:--- FILE: ST_Ventilation_Command_V2.dut ---
./repo_logs/assistant_bridge/2026_04_16/step_63_root_only_transition_inventory/root_only_transition_inventory.log:280:SYMBOL BASE: ST_Ventilation_Command_V2
./repo_logs/assistant_bridge/2026_04_16/step_63_root_only_transition_inventory/root_only_transition_inventory.log:281:./FB_Ventilation_System_Manager.st:46:    L_Vent_Command_Shadow : ST_Ventilation_Command_V2;
./repo_logs/assistant_bridge/2026_04_16/step_63_root_only_transition_inventory/root_only_transition_inventory.log:282:./FB_Ventilation_V2_Staging.st:16:    VO_Command_Shadow : ST_Ventilation_Command_V2;
./repo_logs/assistant_bridge/2026_04_16/step_63_root_only_transition_inventory/root_only_transition_inventory.log:283:./ST_Ventilation_Command_V2.dut:1:TYPE ST_Ventilation_Command_V2 : STRUCT
./repo_logs/assistant_bridge/2026_04_16/step_45_scenario_layer_audit_fixed/scenario_layer_audit_fixed.log:209:./ST_Ventilation_Command_V2.dut
./repo_logs/assistant_bridge/2026_04_16/step_45_scenario_layer_audit_fixed/scenario_layer_audit_fixed.log:418:./snapshots/project_clean_state_2026_04_16/ST_Ventilation_Command_V2.dut
./repo_logs/assistant_bridge/2026_04_16/step_45_scenario_layer_audit_fixed/scenario_layer_audit_fixed.log:493:./snapshots/project_clean_state_2026_04_16/workspace/dut_rebuild/ventilation_v2/ST_Ventilation_Command_V2.dut
./repo_logs/assistant_bridge/2026_04_16/step_45_scenario_layer_audit_fixed/scenario_layer_audit_fixed.log:588:./workspace/dut_rebuild/ventilation_v2/ST_Ventilation_Command_V2.dut
./repo_logs/assistant_bridge/2026_04_16/step_65_prioritize_runtime_bridge_collapse/prioritize_runtime_bridge_collapse.log:23:ST_Ventilation_Command_V2.dut | collapse_first | directly tied to ventilation staging bridge
./snapshots/project_clean_state_2026_04_16/FB_Ventilation_V2_Staging.st:16:    VO_Command_Shadow : ST_Ventilation_Command_V2;
./snapshots/project_clean_state_2026_04_16/steps/MASTER_PIPELINE/005_RESULT.xml:8638:          <derived name="ST_Ventilation_Command_V2" />
./snapshots/project_clean_state_2026_04_16/steps/MASTER_PIPELINE/004_RESULT.xml:2939:                <derived name="ST_Ventilation_Command_V2" />
./snapshots/project_clean_state_2026_04_16/steps/MASTER_PIPELINE/003_GVL_BASELINE_INPUT.xml:10015:          <derived name="ST_Ventilation_Command_V2" />
./snapshots/project_clean_state_2026_04_16/steps/MASTER_PIPELINE/out/004_RESULT.xml:2939:                <derived name="ST_Ventilation_Command_V2" />
./snapshots/project_clean_state_2026_04_16/steps/MASTER_PIPELINE/out/003_RESULT.xml:4316:                <derived name="ST_Ventilation_Command_V2" />
./snapshots/project_clean_state_2026_04_16/steps/MASTER_PIPELINE/002_BASE.xml:15051:                <derived name="ST_Ventilation_Command_V2" />
./snapshots/project_clean_state_2026_04_16/steps/MASTER_PIPELINE/002_BASE.xml:15378:                <derived name="ST_Ventilation_Command_V2" />
./snapshots/project_clean_state_2026_04_16/steps/MASTER_PIPELINE/003_RESULT.xml:4316:                <derived name="ST_Ventilation_Command_V2" />
./snapshots/project_clean_state_2026_04_16/steps/MASTER_PIPELINE/archive_logs/003_GVL_XML_TEMPLATE_ANALYSIS.log:4767:          <derived name="ST_Ventilation_Command_V2" />
./snapshots/project_clean_state_2026_04_16/steps/MASTER_PIPELINE/001_BASE.xml:10098:                <derived name="ST_Ventilation_Command_V2" />
./snapshots/project_clean_state_2026_04_16/diagnostics/2026_04_16/step_10_git_commit_failure_debug.log:232:./ST_Ventilation_Command_V2.dut
./snapshots/project_clean_state_2026_04_16/diagnostics/2026_04_16/step_08_flatten_unpacked_root.log:212:./ST_Ventilation_Command_V2.dut
./snapshots/project_clean_state_2026_04_16/diagnostics/2026_04_16/step_11_project_structure.log:209:./ST_Ventilation_Command_V2.dut
./snapshots/project_clean_state_2026_04_16/diagnostics/2026_04_16/step_11_project_structure.log:452:./ST_Ventilation_Command_V2.dut
./snapshots/project_clean_state_2026_04_16/компилятор/logs/004_import_dut_v11.log:95:ST_Ventilation_Command_V2.dut: STRUCT ST_Ventilation_Command_V2 fields=1
./snapshots/project_clean_state_2026_04_16/компилятор/logs/004_import_dut_v11.log:162:STRUCT ST_Ventilation_Command_V2: total=1 with_initializer=0 without_initializer=1 array_initializer=0 unsupported_initializer=0
./snapshots/project_clean_state_2026_04_16/компилятор/out/RESULT_methods_clean.xml:3785:      <dataType name="ST_Ventilation_Command_V2">
./snapshots/project_clean_state_2026_04_16/компилятор/out/RESULT_methods_clean.xml:5011:                <derived name="ST_Ventilation_Command_V2" />
./snapshots/project_clean_state_2026_04_16/компилятор/out/RESULT_methods_clean.xml:15509:                <derived name="ST_Ventilation_Command_V2" />
./snapshots/project_clean_state_2026_04_16/компилятор/out/RESULT_methods_clean.xml:20183:            <Object Name="ST_Ventilation_Command_V2" ObjectId="15f76676-f476-4c97-b0b4-a2c61c340fbc" />
./snapshots/project_clean_state_2026_04_16/ST_Ventilation_Command_V2.dut:1:TYPE ST_Ventilation_Command_V2 : STRUCT
./snapshots/project_clean_state_2026_04_16/диагностика/file_access_audit.log:242:ST_Ventilation_Command_V2.dut	file	yes	yes	yes	0o666
./snapshots/project_clean_state_2026_04_16/диагностика/file_access_audit.log:849:snapshots/clean_build_20260414_0820/ST_Ventilation_Command_V2.dut	file	yes	yes	yes	0o666
./snapshots/project_clean_state_2026_04_16/диагностика/file_access_audit.log:1291:snapshots/clean_build_20260414_0820/workspace/dut_rebuild/ventilation_v2/ST_Ventilation_Command_V2.dut	file	yes	yes	yes	0o666
./snapshots/project_clean_state_2026_04_16/диагностика/file_access_audit.log:1729:snapshots/clean_build_2026_04_14/ST_Ventilation_Command_V2.dut	file	yes	yes	yes	0o666
./snapshots/project_clean_state_2026_04_16/диагностика/file_access_audit.log:2172:snapshots/clean_build_2026_04_14/workspace/dut_rebuild/ventilation_v2/ST_Ventilation_Command_V2.dut	file	yes	yes	yes	0o666
./snapshots/project_clean_state_2026_04_16/диагностика/file_access_audit.log:2593:snapshots/clean_build_2026_04_15/ST_Ventilation_Command_V2.dut	file	yes	yes	yes	0o666
./snapshots/project_clean_state_2026_04_16/диагностика/file_access_audit.log:3047:snapshots/clean_build_2026_04_15/workspace/dut_rebuild/ventilation_v2/ST_Ventilation_Command_V2.dut	file	yes	yes	yes	0o666
./snapshots/project_clean_state_2026_04_16/диагностика/file_access_audit.log:3459:workspace/dut_rebuild/ventilation_v2/ST_Ventilation_Command_V2.dut	file	yes	yes	yes	0o666
./snapshots/project_clean_state_2026_04_16/workspace/export_forensics/sandbox/XML_INTERFACE_PREVIEW.txt:230:  <variable name="L_Vent_Command_Shadow"><type><derived name="ST_Ventilation_Command_V2"/></type></variable>
./snapshots/project_clean_state_2026_04_16/workspace/export_forensics/sandbox/XML_INTERFACE_PREVIEW_CLEAN.txt:221:  <variable name="L_Vent_Command_Shadow"><type><derived name="ST_Ventilation_Command_V2"/></type></variable>
./snapshots/project_clean_state_2026_04_16/workspace/export_forensics/sandbox/XML_INTERFACE_PREVIEW_CLEAN_V2.txt:533:    <type><derived name="ST_Ventilation_Command_V2"/></type>
./snapshots/project_clean_state_2026_04_16/workspace/export_forensics/sandbox/INTERFACE_PREVIEW.txt:204:L_Vent_Command_Shadow : derived(ST_Ventilation_Command_V2)
./snapshots/project_clean_state_2026_04_16/workspace/draft_v2_inventory_2026-04-12.md:24:- ST_Ventilation_Command_V2
./snapshots/project_clean_state_2026_04_16/workspace/dut_rebuild/ventilation_v2/v2_core/FB_Ventilation_Command_Path_DRAFT.st:3:    VI_Command_In : ST_Ventilation_Command_V2;
./snapshots/project_clean_state_2026_04_16/workspace/dut_rebuild/ventilation_v2/v2_core/FB_Ventilation_Command_Path_DRAFT.st:6:    VO_Command_Out : ST_Ventilation_Command_V2;
./snapshots/project_clean_state_2026_04_16/workspace/dut_rebuild/ventilation_v2/v2_core/FB_Ventilation_V2_Core_DRAFT.st:3:    VI_Command : ST_Ventilation_Command_V2;
./snapshots/project_clean_state_2026_04_16/workspace/dut_rebuild/ventilation_v2/v2_core/FB_Ventilation_V2_Core_DRAFT.st:7:    VO_Command_Out : ST_Ventilation_Command_V2;
./snapshots/project_clean_state_2026_04_16/workspace/dut_rebuild/ventilation_v2/v2_core/FB_Ventilation_V2_Core_DRAFT.st:13:    L_Command_Mid : ST_Ventilation_Command_V2;
./snapshots/project_clean_state_2026_04_16/workspace/dut_rebuild/ventilation_v2/ST_Ventilation_Command_V2.dut:1:TYPE ST_Ventilation_Command_V2 :
./snapshots/project_clean_state_2026_04_16/workspace/dut_rebuild/ventilation_v2/staging/FB_Ventilation_V2_Staging_DRAFT.st:17:    VO_Command_Shadow : ST_Ventilation_Command_V2;
./snapshots/project_clean_state_2026_04_16/workspace/dut_rebuild/ventilation_v2/staging/FB_Ventilation_V2_Staging_DRAFT.st:25:    L_Command_V2 : ST_Ventilation_Command_V2;
./snapshots/project_clean_state_2026_04_16/workspace/dut_rebuild/ventilation_v2/compatibility/FB_Ventilation_Legacy_To_V2_Command_Adapter_DRAFT.st:10:    VO_Command_V2 : ST_Ventilation_Command_V2;
./snapshots/project_clean_state_2026_04_16/FB_Ventilation_System_Manager.st:46:    L_Vent_Command_Shadow : ST_Ventilation_Command_V2;
./snapshots/clean_build_2026_04_16/компилятор/logs/004_import_dut_v11.log:95:ST_Ventilation_Command_V2.dut: STRUCT ST_Ventilation_Command_V2 fields=1
./snapshots/clean_build_2026_04_16/компилятор/logs/004_import_dut_v11.log:162:STRUCT ST_Ventilation_Command_V2: total=1 with_initializer=0 without_initializer=1 array_initializer=0 unsupported_initializer=0
./snapshots/clean_build_2026_04_16/компилятор/out/RESULT_methods_clean.xml:3785:      <dataType name="ST_Ventilation_Command_V2">
./snapshots/clean_build_2026_04_16/компилятор/out/RESULT_methods_clean.xml:5011:                <derived name="ST_Ventilation_Command_V2" />
./snapshots/clean_build_2026_04_16/компилятор/out/RESULT_methods_clean.xml:15509:                <derived name="ST_Ventilation_Command_V2" />
./snapshots/clean_build_2026_04_16/компилятор/out/RESULT_methods_clean.xml:20183:            <Object Name="ST_Ventilation_Command_V2" ObjectId="15f76676-f476-4c97-b0b4-a2c61c340fbc" />
./диагностика/file_access_audit.log:242:ST_Ventilation_Command_V2.dut	file	yes	yes	yes	0o666
./диагностика/file_access_audit.log:849:snapshots/clean_build_20260414_0820/ST_Ventilation_Command_V2.dut	file	yes	yes	yes	0o666
./диагностика/file_access_audit.log:1291:snapshots/clean_build_20260414_0820/workspace/dut_rebuild/ventilation_v2/ST_Ventilation_Command_V2.dut	file	yes	yes	yes	0o666
./диагностика/file_access_audit.log:1729:snapshots/clean_build_2026_04_14/ST_Ventilation_Command_V2.dut	file	yes	yes	yes	0o666
./диагностика/file_access_audit.log:2172:snapshots/clean_build_2026_04_14/workspace/dut_rebuild/ventilation_v2/ST_Ventilation_Command_V2.dut	file	yes	yes	yes	0o666
./диагностика/file_access_audit.log:2593:snapshots/clean_build_2026_04_15/ST_Ventilation_Command_V2.dut	file	yes	yes	yes	0o666
./диагностика/file_access_audit.log:3047:snapshots/clean_build_2026_04_15/workspace/dut_rebuild/ventilation_v2/ST_Ventilation_Command_V2.dut	file	yes	yes	yes	0o666
./диагностика/file_access_audit.log:3459:workspace/dut_rebuild/ventilation_v2/ST_Ventilation_Command_V2.dut	file	yes	yes	yes	0o666
./workspace/export_forensics/sandbox/XML_INTERFACE_PREVIEW.txt:230:  <variable name="L_Vent_Command_Shadow"><type><derived name="ST_Ventilation_Command_V2"/></type></variable>
./workspace/export_forensics/sandbox/XML_INTERFACE_PREVIEW_CLEAN.txt:221:  <variable name="L_Vent_Command_Shadow"><type><derived name="ST_Ventilation_Command_V2"/></type></variable>
./workspace/export_forensics/sandbox/XML_INTERFACE_PREVIEW_CLEAN_V2.txt:533:    <type><derived name="ST_Ventilation_Command_V2"/></type>
./workspace/export_forensics/sandbox/INTERFACE_PREVIEW.txt:204:L_Vent_Command_Shadow : derived(ST_Ventilation_Command_V2)
./workspace/draft_v2_inventory_2026-04-12.md:24:- ST_Ventilation_Command_V2
./workspace/dut_rebuild/ventilation_v2/v2_core/FB_Ventilation_Command_Path_DRAFT.st:3:    VI_Command_In : ST_Ventilation_Command_V2;
./workspace/dut_rebuild/ventilation_v2/v2_core/FB_Ventilation_Command_Path_DRAFT.st:6:    VO_Command_Out : ST_Ventilation_Command_V2;
./workspace/dut_rebuild/ventilation_v2/v2_core/FB_Ventilation_V2_Core_DRAFT.st:3:    VI_Command : ST_Ventilation_Command_V2;
./workspace/dut_rebuild/ventilation_v2/v2_core/FB_Ventilation_V2_Core_DRAFT.st:7:    VO_Command_Out : ST_Ventilation_Command_V2;
./workspace/dut_rebuild/ventilation_v2/v2_core/FB_Ventilation_V2_Core_DRAFT.st:13:    L_Command_Mid : ST_Ventilation_Command_V2;
./workspace/dut_rebuild/ventilation_v2/ST_Ventilation_Command_V2.dut:1:TYPE ST_Ventilation_Command_V2 :
./workspace/dut_rebuild/ventilation_v2/staging/FB_Ventilation_V2_Staging_DRAFT.st:17:    VO_Command_Shadow : ST_Ventilation_Command_V2;
./workspace/dut_rebuild/ventilation_v2/staging/FB_Ventilation_V2_Staging_DRAFT.st:25:    L_Command_V2 : ST_Ventilation_Command_V2;
./workspace/dut_rebuild/ventilation_v2/compatibility/FB_Ventilation_Legacy_To_V2_Command_Adapter_DRAFT.st:10:    VO_Command_V2 : ST_Ventilation_Command_V2;

--- ST_Ventilation_State_V2 ---
./steps/MASTER_PIPELINE/005_RESULT.xml:8643:          <derived name="ST_Ventilation_State_V2" />
./steps/MASTER_PIPELINE/004_RESULT.xml:2944:                <derived name="ST_Ventilation_State_V2" />
./steps/MASTER_PIPELINE/003_GVL_BASELINE_INPUT.xml:10020:          <derived name="ST_Ventilation_State_V2" />
./steps/MASTER_PIPELINE/out/004_RESULT.xml:2944:                <derived name="ST_Ventilation_State_V2" />
./steps/MASTER_PIPELINE/out/003_RESULT.xml:4321:                <derived name="ST_Ventilation_State_V2" />
./steps/MASTER_PIPELINE/002_BASE.xml:15056:                <derived name="ST_Ventilation_State_V2" />
./steps/MASTER_PIPELINE/002_BASE.xml:15383:                <derived name="ST_Ventilation_State_V2" />
./steps/MASTER_PIPELINE/003_RESULT.xml:4321:                <derived name="ST_Ventilation_State_V2" />
./steps/MASTER_PIPELINE/archive_logs/003_GVL_XML_TEMPLATE_ANALYSIS.log:4772:          <derived name="ST_Ventilation_State_V2" />
./steps/MASTER_PIPELINE/001_BASE.xml:10103:                <derived name="ST_Ventilation_State_V2" />
./steps/2026-04-17_audit_zero_ref_v2_dut_leftovers/01_audit_zero_ref_v2_dut_leftovers.py:19:    "ST_Ventilation_State_V2.dut",
./steps/2026-04-17_remove_ventilation_manager_internal_scaffold/01_remove_ventilation_manager_internal_scaffold.py:10:    "    L_Vent_State_Shadow : ST_Ventilation_State_V2;\n",
./diagnostics/2026_04_16/step_10_git_commit_failure_debug.log:236:./ST_Ventilation_State_V2.dut
./diagnostics/2026_04_16/step_08_flatten_unpacked_root.log:216:./ST_Ventilation_State_V2.dut
./diagnostics/2026_04_16/step_13_full_project_snapshot.log:214:snapshots/project_clean_state_2026_04_16/ST_Ventilation_State_V2.dut
./diagnostics/2026_04_16/step_11_project_structure.log:213:./ST_Ventilation_State_V2.dut
./diagnostics/2026_04_16/step_11_project_structure.log:456:./ST_Ventilation_State_V2.dut
./компилятор/logs/004_import_dut_v11.log:98:ST_Ventilation_State_V2.dut: STRUCT ST_Ventilation_State_V2 fields=1
./компилятор/logs/004_import_dut_v11.log:165:STRUCT ST_Ventilation_State_V2: total=1 with_initializer=0 without_initializer=1 array_initializer=0 unsupported_initializer=0
./компилятор/out/RESULT_methods_clean.xml:3991:      <dataType name="ST_Ventilation_State_V2">
./компилятор/out/RESULT_methods_clean.xml:5016:                <derived name="ST_Ventilation_State_V2" />
./компилятор/out/RESULT_methods_clean.xml:15517:                <derived name="ST_Ventilation_State_V2" />
./компилятор/out/RESULT_methods_clean.xml:20180:            <Object Name="ST_Ventilation_State_V2" ObjectId="173e6e22-d848-4c53-b4a3-e4f2a1937912" />
./repo_logs/diagnostics/2026_04_16/constants_dut_usage.log:213:./ST_Ventilation_State_V2.dut
./repo_logs/diagnostics/2026_04_16/constants_dut_usage.log:393:./workspace/dut_rebuild/ventilation_v2/ST_Ventilation_State_V2.dut
./repo_logs/assistant_bridge/2026_04_17/step_133_audit_zero_ref_v2_dut_leftovers/audit_zero_ref_v2_dut_leftovers.log:95:--- ST_Ventilation_State_V2.dut ---
./repo_logs/assistant_bridge/2026_04_17/step_133_audit_zero_ref_v2_dut_leftovers/audit_zero_ref_v2_dut_leftovers.log:116:ST_Ventilation_State_V2.dut
./repo_logs/assistant_bridge/2026_04_17/step_124_remove_ventilation_manager_internal_scaffold/remove_ventilation_manager_internal_scaffold.log:6:46:    L_Vent_State_Shadow : ST_Ventilation_State_V2;
./repo_logs/assistant_bridge/2026_04_17/step_124_remove_ventilation_manager_internal_scaffold/remove_ventilation_manager_internal_scaffold.log:214:-    L_Vent_State_Shadow : ST_Ventilation_State_V2;
./repo_logs/assistant_bridge/2026_04_17/step_123_micro_audit_ventilation_manager_internal_scaffold_cleanup/micro_audit_ventilation_manager_internal_scaffold_cleanup.log:6:46:    L_Vent_State_Shadow : ST_Ventilation_State_V2;
./repo_logs/assistant_bridge/2026_04_17/step_123_micro_audit_ventilation_manager_internal_scaffold_cleanup/micro_audit_ventilation_manager_internal_scaffold_cleanup.log:113:    L_Vent_State_Shadow : ST_Ventilation_State_V2;
./repo_logs/assistant_bridge/2026_04_17/step_131_control_final_root_audit_and_unused_inventory/control_final_root_audit_and_unused_inventory.log:254:ST_Ventilation_State_V2.dut
./repo_logs/assistant_bridge/2026_04_17/step_131_control_final_root_audit_and_unused_inventory/control_final_root_audit_and_unused_inventory.log:1458:ST_Ventilation_State_V2.dut | type=.dut | symbol=ST_Ventilation_State_V2 | external_refs=13
./repo_logs/assistant_bridge/2026_04_17/step_131_control_final_root_audit_and_unused_inventory/control_final_root_audit_and_unused_inventory.log:1461:  snapshots/project_clean_state_2026_04_16/ST_Ventilation_State_V2.dut
./repo_logs/assistant_bridge/2026_04_17/step_131_control_final_root_audit_and_unused_inventory/control_final_root_audit_and_unused_inventory.log:1462:  snapshots/project_clean_state_2026_04_16/workspace/dut_rebuild/ventilation_v2/ST_Ventilation_State_V2.dut
./repo_logs/assistant_bridge/2026_04_17/step_131_control_final_root_audit_and_unused_inventory/control_final_root_audit_and_unused_inventory.log:1467:  workspace/dut_rebuild/ventilation_v2/ST_Ventilation_State_V2.dut
./repo_logs/assistant_bridge/2026_04_17/step_132_root_unused_inventory_v2_live_only/root_unused_inventory_v2_live_only.log:208:ST_Ventilation_State_V2.dut
./repo_logs/assistant_bridge/2026_04_17/step_132_root_unused_inventory_v2_live_only/root_unused_inventory_v2_live_only.log:741:ST_Ventilation_State_V2.dut | type=.dut | symbol=ST_Ventilation_State_V2 | external_refs=0
./repo_logs/assistant_bridge/2026_04_17/step_132_root_unused_inventory_v2_live_only/root_unused_inventory_v2_live_only.log:816:ST_Ventilation_State_V2.dut | type=.dut | symbol=ST_Ventilation_State_V2
./repo_logs/assistant_bridge/2026_04_17/step_110_audit_internal_shadow_scaffold_tails/audit_internal_shadow_scaffold_tails.log:954:    L_Vent_State_Shadow : ST_Ventilation_State_V2;
grep: ./repo_logs/assistant_bridge/2026_04_17/step_134_remove_zero_ref_v2_dut_leftovers/remove_zero_ref_v2_dut_leftovers.log: input file is also the output
./repo_logs/assistant_bridge/2026_04_16/step_64_classify_root_transition_layers_fixed/classify_root_transition_layers_fixed.log:16:ST_Ventilation_State_V2.dut
./repo_logs/assistant_bridge/2026_04_16/step_74_micro_audit_ventilation_v2_staging/micro_audit_ventilation_v2_staging.log:21:    VO_State_Shadow : ST_Ventilation_State_V2;
./repo_logs/assistant_bridge/2026_04_16/step_74_micro_audit_ventilation_v2_staging/micro_audit_ventilation_v2_staging.log:75:    L_Vent_State_Shadow : ST_Ventilation_State_V2;
./repo_logs/assistant_bridge/2026_04_16/step_74_micro_audit_ventilation_v2_staging/micro_audit_ventilation_v2_staging.log:191:    L_Vent_State_Shadow : ST_Ventilation_State_V2;
./repo_logs/assistant_bridge/2026_04_16/step_74_micro_audit_ventilation_v2_staging/micro_audit_ventilation_v2_staging.log:278:TYPE ST_Ventilation_State_V2 : STRUCT
./repo_logs/assistant_bridge/2026_04_16/step_74_micro_audit_ventilation_v2_staging/micro_audit_ventilation_v2_staging.log:291:./FB_Ventilation_System_Manager.st:47:    L_Vent_State_Shadow : ST_Ventilation_State_V2;
./repo_logs/assistant_bridge/2026_04_16/step_74_micro_audit_ventilation_v2_staging/micro_audit_ventilation_v2_staging.log:292:./FB_Ventilation_V2_Staging.st:17:    VO_State_Shadow : ST_Ventilation_State_V2;
./repo_logs/assistant_bridge/2026_04_16/step_74_micro_audit_ventilation_v2_staging/micro_audit_ventilation_v2_staging.log:293:./ST_Ventilation_State_V2.dut:1:TYPE ST_Ventilation_State_V2 : STRUCT
./repo_logs/assistant_bridge/2026_04_16/step_01_repo_baseline/baseline.log:232:./ST_Ventilation_State_V2.dut
./repo_logs/assistant_bridge/2026_04_16/step_01_repo_baseline/baseline.log:504:snapshots/project_clean_state_2026_04_16/ST_Ventilation_State_V2.dut
./repo_logs/assistant_bridge/2026_04_16/step_76_remove_unused_ventilation_v2_staging_var/remove_unused_ventilation_v2_staging_var.log:27:     L_Vent_State_Shadow : ST_Ventilation_State_V2;
./repo_logs/assistant_bridge/2026_04_16/step_63_root_only_transition_inventory/root_only_transition_inventory.log:214:ST_Ventilation_State_V2.dut
./repo_logs/assistant_bridge/2026_04_16/step_63_root_only_transition_inventory/root_only_transition_inventory.log:236:ST_Ventilation_State_V2.dut
./repo_logs/assistant_bridge/2026_04_16/step_63_root_only_transition_inventory/root_only_transition_inventory.log:336:--- FILE: ST_Ventilation_State_V2.dut ---
./repo_logs/assistant_bridge/2026_04_16/step_63_root_only_transition_inventory/root_only_transition_inventory.log:337:SYMBOL BASE: ST_Ventilation_State_V2
./repo_logs/assistant_bridge/2026_04_16/step_63_root_only_transition_inventory/root_only_transition_inventory.log:338:./FB_Ventilation_System_Manager.st:47:    L_Vent_State_Shadow : ST_Ventilation_State_V2;
./repo_logs/assistant_bridge/2026_04_16/step_63_root_only_transition_inventory/root_only_transition_inventory.log:339:./FB_Ventilation_V2_Staging.st:17:    VO_State_Shadow : ST_Ventilation_State_V2;
./repo_logs/assistant_bridge/2026_04_16/step_63_root_only_transition_inventory/root_only_transition_inventory.log:340:./ST_Ventilation_State_V2.dut:1:TYPE ST_Ventilation_State_V2 : STRUCT
./repo_logs/assistant_bridge/2026_04_16/step_45_scenario_layer_audit_fixed/scenario_layer_audit_fixed.log:213:./ST_Ventilation_State_V2.dut
./repo_logs/assistant_bridge/2026_04_16/step_45_scenario_layer_audit_fixed/scenario_layer_audit_fixed.log:422:./snapshots/project_clean_state_2026_04_16/ST_Ventilation_State_V2.dut
./repo_logs/assistant_bridge/2026_04_16/step_45_scenario_layer_audit_fixed/scenario_layer_audit_fixed.log:494:./snapshots/project_clean_state_2026_04_16/workspace/dut_rebuild/ventilation_v2/ST_Ventilation_State_V2.dut
./repo_logs/assistant_bridge/2026_04_16/step_45_scenario_layer_audit_fixed/scenario_layer_audit_fixed.log:589:./workspace/dut_rebuild/ventilation_v2/ST_Ventilation_State_V2.dut
./repo_logs/assistant_bridge/2026_04_16/step_65_prioritize_runtime_bridge_collapse/prioritize_runtime_bridge_collapse.log:24:ST_Ventilation_State_V2.dut | collapse_first | directly tied to ventilation staging bridge
./snapshots/project_clean_state_2026_04_16/FB_Ventilation_V2_Staging.st:17:    VO_State_Shadow : ST_Ventilation_State_V2;
./snapshots/project_clean_state_2026_04_16/steps/MASTER_PIPELINE/005_RESULT.xml:8643:          <derived name="ST_Ventilation_State_V2" />
./snapshots/project_clean_state_2026_04_16/steps/MASTER_PIPELINE/004_RESULT.xml:2944:                <derived name="ST_Ventilation_State_V2" />
./snapshots/project_clean_state_2026_04_16/steps/MASTER_PIPELINE/003_GVL_BASELINE_INPUT.xml:10020:          <derived name="ST_Ventilation_State_V2" />
./snapshots/project_clean_state_2026_04_16/steps/MASTER_PIPELINE/out/004_RESULT.xml:2944:                <derived name="ST_Ventilation_State_V2" />
./snapshots/project_clean_state_2026_04_16/steps/MASTER_PIPELINE/out/003_RESULT.xml:4321:                <derived name="ST_Ventilation_State_V2" />
./snapshots/project_clean_state_2026_04_16/steps/MASTER_PIPELINE/002_BASE.xml:15056:                <derived name="ST_Ventilation_State_V2" />
./snapshots/project_clean_state_2026_04_16/steps/MASTER_PIPELINE/002_BASE.xml:15383:                <derived name="ST_Ventilation_State_V2" />
./snapshots/project_clean_state_2026_04_16/steps/MASTER_PIPELINE/003_RESULT.xml:4321:                <derived name="ST_Ventilation_State_V2" />
./snapshots/project_clean_state_2026_04_16/steps/MASTER_PIPELINE/archive_logs/003_GVL_XML_TEMPLATE_ANALYSIS.log:4772:          <derived name="ST_Ventilation_State_V2" />
./snapshots/project_clean_state_2026_04_16/steps/MASTER_PIPELINE/001_BASE.xml:10103:                <derived name="ST_Ventilation_State_V2" />
./snapshots/project_clean_state_2026_04_16/diagnostics/2026_04_16/step_10_git_commit_failure_debug.log:236:./ST_Ventilation_State_V2.dut
./snapshots/project_clean_state_2026_04_16/diagnostics/2026_04_16/step_08_flatten_unpacked_root.log:216:./ST_Ventilation_State_V2.dut
./snapshots/project_clean_state_2026_04_16/diagnostics/2026_04_16/step_11_project_structure.log:213:./ST_Ventilation_State_V2.dut
./snapshots/project_clean_state_2026_04_16/diagnostics/2026_04_16/step_11_project_structure.log:456:./ST_Ventilation_State_V2.dut
./snapshots/project_clean_state_2026_04_16/компилятор/logs/004_import_dut_v11.log:99:ST_Ventilation_State_V2.dut: STRUCT ST_Ventilation_State_V2 fields=1
./snapshots/project_clean_state_2026_04_16/компилятор/logs/004_import_dut_v11.log:166:STRUCT ST_Ventilation_State_V2: total=1 with_initializer=0 without_initializer=1 array_initializer=0 unsupported_initializer=0
./snapshots/project_clean_state_2026_04_16/компилятор/out/RESULT_methods_clean.xml:3991:      <dataType name="ST_Ventilation_State_V2">
./snapshots/project_clean_state_2026_04_16/компилятор/out/RESULT_methods_clean.xml:5016:                <derived name="ST_Ventilation_State_V2" />
./snapshots/project_clean_state_2026_04_16/компилятор/out/RESULT_methods_clean.xml:15514:                <derived name="ST_Ventilation_State_V2" />
./snapshots/project_clean_state_2026_04_16/компилятор/out/RESULT_methods_clean.xml:20187:            <Object Name="ST_Ventilation_State_V2" ObjectId="bb2bdc7e-14cb-4cc7-99ba-1abe4b4327a1" />
./snapshots/project_clean_state_2026_04_16/диагностика/file_access_audit.log:246:ST_Ventilation_State_V2.dut	file	yes	yes	yes	0o666
./snapshots/project_clean_state_2026_04_16/диагностика/file_access_audit.log:853:snapshots/clean_build_20260414_0820/ST_Ventilation_State_V2.dut	file	yes	yes	yes	0o666
./snapshots/project_clean_state_2026_04_16/диагностика/file_access_audit.log:1292:snapshots/clean_build_20260414_0820/workspace/dut_rebuild/ventilation_v2/ST_Ventilation_State_V2.dut	file	yes	yes	yes	0o666
./snapshots/project_clean_state_2026_04_16/диагностика/file_access_audit.log:1733:snapshots/clean_build_2026_04_14/ST_Ventilation_State_V2.dut	file	yes	yes	yes	0o666
./snapshots/project_clean_state_2026_04_16/диагностика/file_access_audit.log:2173:snapshots/clean_build_2026_04_14/workspace/dut_rebuild/ventilation_v2/ST_Ventilation_State_V2.dut	file	yes	yes	yes	0o666
./snapshots/project_clean_state_2026_04_16/диагностика/file_access_audit.log:2597:snapshots/clean_build_2026_04_15/ST_Ventilation_State_V2.dut	file	yes	yes	yes	0o666
./snapshots/project_clean_state_2026_04_16/диагностика/file_access_audit.log:3048:snapshots/clean_build_2026_04_15/workspace/dut_rebuild/ventilation_v2/ST_Ventilation_State_V2.dut	file	yes	yes	yes	0o666
./snapshots/project_clean_state_2026_04_16/диагностика/file_access_audit.log:3460:workspace/dut_rebuild/ventilation_v2/ST_Ventilation_State_V2.dut	file	yes	yes	yes	0o666
./snapshots/project_clean_state_2026_04_16/ST_Ventilation_State_V2.dut:1:TYPE ST_Ventilation_State_V2 : STRUCT
./snapshots/project_clean_state_2026_04_16/workspace/export_forensics/sandbox/XML_INTERFACE_PREVIEW.txt:231:  <variable name="L_Vent_State_Shadow"><type><derived name="ST_Ventilation_State_V2"/></type></variable>
./snapshots/project_clean_state_2026_04_16/workspace/export_forensics/sandbox/XML_INTERFACE_PREVIEW_CLEAN.txt:222:  <variable name="L_Vent_State_Shadow"><type><derived name="ST_Ventilation_State_V2"/></type></variable>
./snapshots/project_clean_state_2026_04_16/workspace/export_forensics/sandbox/XML_INTERFACE_PREVIEW_CLEAN_V2.txt:536:    <type><derived name="ST_Ventilation_State_V2"/></type>
./snapshots/project_clean_state_2026_04_16/workspace/export_forensics/sandbox/INTERFACE_PREVIEW.txt:205:L_Vent_State_Shadow : derived(ST_Ventilation_State_V2)
./snapshots/project_clean_state_2026_04_16/workspace/draft_v2_inventory_2026-04-12.md:25:- ST_Ventilation_State_V2
./snapshots/project_clean_state_2026_04_16/workspace/dut_rebuild/ventilation_v2/v2_core/FB_Ventilation_State_Path_DRAFT.st:3:    VI_State_In : ST_Ventilation_State_V2;
./snapshots/project_clean_state_2026_04_16/workspace/dut_rebuild/ventilation_v2/v2_core/FB_Ventilation_State_Path_DRAFT.st:6:    VO_State_Out : ST_Ventilation_State_V2;
./snapshots/project_clean_state_2026_04_16/workspace/dut_rebuild/ventilation_v2/v2_core/FB_Ventilation_V2_Core_DRAFT.st:4:    VI_State_In : ST_Ventilation_State_V2;
./snapshots/project_clean_state_2026_04_16/workspace/dut_rebuild/ventilation_v2/v2_core/FB_Ventilation_V2_Core_DRAFT.st:8:    VO_State_Out : ST_Ventilation_State_V2;
./snapshots/project_clean_state_2026_04_16/workspace/dut_rebuild/ventilation_v2/staging/FB_Ventilation_V2_Staging_DRAFT.st:18:    VO_State_Shadow : ST_Ventilation_State_V2;
./snapshots/project_clean_state_2026_04_16/workspace/dut_rebuild/ventilation_v2/staging/FB_Ventilation_V2_Staging_DRAFT.st:26:    L_State_V2 : ST_Ventilation_State_V2;
./snapshots/project_clean_state_2026_04_16/workspace/dut_rebuild/ventilation_v2/ST_Ventilation_State_V2.dut:1:TYPE ST_Ventilation_State_V2 :
./snapshots/project_clean_state_2026_04_16/workspace/dut_rebuild/ventilation_v2/compatibility/FB_Ventilation_Legacy_To_V2_State_Adapter_DRAFT.st:12:    VO_State_V2 : ST_Ventilation_State_V2;
./snapshots/project_clean_state_2026_04_16/FB_Ventilation_System_Manager.st:47:    L_Vent_State_Shadow : ST_Ventilation_State_V2;
./snapshots/clean_build_2026_04_16/компилятор/logs/004_import_dut_v11.log:99:ST_Ventilation_State_V2.dut: STRUCT ST_Ventilation_State_V2 fields=1
./snapshots/clean_build_2026_04_16/компилятор/logs/004_import_dut_v11.log:166:STRUCT ST_Ventilation_State_V2: total=1 with_initializer=0 without_initializer=1 array_initializer=0 unsupported_initializer=0
./snapshots/clean_build_2026_04_16/компилятор/out/RESULT_methods_clean.xml:3991:      <dataType name="ST_Ventilation_State_V2">
./snapshots/clean_build_2026_04_16/компилятор/out/RESULT_methods_clean.xml:5016:                <derived name="ST_Ventilation_State_V2" />
./snapshots/clean_build_2026_04_16/компилятор/out/RESULT_methods_clean.xml:15514:                <derived name="ST_Ventilation_State_V2" />
./snapshots/clean_build_2026_04_16/компилятор/out/RESULT_methods_clean.xml:20187:            <Object Name="ST_Ventilation_State_V2" ObjectId="bb2bdc7e-14cb-4cc7-99ba-1abe4b4327a1" />
./диагностика/file_access_audit.log:246:ST_Ventilation_State_V2.dut	file	yes	yes	yes	0o666
./диагностика/file_access_audit.log:853:snapshots/clean_build_20260414_0820/ST_Ventilation_State_V2.dut	file	yes	yes	yes	0o666
./диагностика/file_access_audit.log:1292:snapshots/clean_build_20260414_0820/workspace/dut_rebuild/ventilation_v2/ST_Ventilation_State_V2.dut	file	yes	yes	yes	0o666
./диагностика/file_access_audit.log:1733:snapshots/clean_build_2026_04_14/ST_Ventilation_State_V2.dut	file	yes	yes	yes	0o666
./диагностика/file_access_audit.log:2173:snapshots/clean_build_2026_04_14/workspace/dut_rebuild/ventilation_v2/ST_Ventilation_State_V2.dut	file	yes	yes	yes	0o666
./диагностика/file_access_audit.log:2597:snapshots/clean_build_2026_04_15/ST_Ventilation_State_V2.dut	file	yes	yes	yes	0o666
./диагностика/file_access_audit.log:3048:snapshots/clean_build_2026_04_15/workspace/dut_rebuild/ventilation_v2/ST_Ventilation_State_V2.dut	file	yes	yes	yes	0o666
./диагностика/file_access_audit.log:3460:workspace/dut_rebuild/ventilation_v2/ST_Ventilation_State_V2.dut	file	yes	yes	yes	0o666
./workspace/export_forensics/sandbox/XML_INTERFACE_PREVIEW.txt:231:  <variable name="L_Vent_State_Shadow"><type><derived name="ST_Ventilation_State_V2"/></type></variable>
./workspace/export_forensics/sandbox/XML_INTERFACE_PREVIEW_CLEAN.txt:222:  <variable name="L_Vent_State_Shadow"><type><derived name="ST_Ventilation_State_V2"/></type></variable>
./workspace/export_forensics/sandbox/XML_INTERFACE_PREVIEW_CLEAN_V2.txt:536:    <type><derived name="ST_Ventilation_State_V2"/></type>
./workspace/export_forensics/sandbox/INTERFACE_PREVIEW.txt:205:L_Vent_State_Shadow : derived(ST_Ventilation_State_V2)
./workspace/draft_v2_inventory_2026-04-12.md:25:- ST_Ventilation_State_V2
./workspace/dut_rebuild/ventilation_v2/v2_core/FB_Ventilation_State_Path_DRAFT.st:3:    VI_State_In : ST_Ventilation_State_V2;
./workspace/dut_rebuild/ventilation_v2/v2_core/FB_Ventilation_State_Path_DRAFT.st:6:    VO_State_Out : ST_Ventilation_State_V2;
./workspace/dut_rebuild/ventilation_v2/v2_core/FB_Ventilation_V2_Core_DRAFT.st:4:    VI_State_In : ST_Ventilation_State_V2;
./workspace/dut_rebuild/ventilation_v2/v2_core/FB_Ventilation_V2_Core_DRAFT.st:8:    VO_State_Out : ST_Ventilation_State_V2;
./workspace/dut_rebuild/ventilation_v2/staging/FB_Ventilation_V2_Staging_DRAFT.st:18:    VO_State_Shadow : ST_Ventilation_State_V2;
./workspace/dut_rebuild/ventilation_v2/staging/FB_Ventilation_V2_Staging_DRAFT.st:26:    L_State_V2 : ST_Ventilation_State_V2;
./workspace/dut_rebuild/ventilation_v2/ST_Ventilation_State_V2.dut:1:TYPE ST_Ventilation_State_V2 :
./workspace/dut_rebuild/ventilation_v2/compatibility/FB_Ventilation_Legacy_To_V2_State_Adapter_DRAFT.st:12:    VO_State_V2 : ST_Ventilation_State_V2;

=== END STEP 134 ===
