=== STEP 003 GVL XML TEMPLATE ANALYSIS ===
XML_FILE=steps/MASTER_PIPELINE/003_GVL_BASELINE_INPUT.xml
XML_SIZE=406635
GVL_NAME_COUNT=12

=== GLOBAL PATTERN COUNTS ===
PATTERN=globalVars COUNT=21
PATTERN=GlobalVars COUNT=21
PATTERN=GVL_ COUNT=480
PATTERN=VAR_GLOBAL COUNT=0
PATTERN=qualified_only COUNT=22
PATTERN=<pou\b COUNT=33
PATTERN=<object\b COUNT=110
PATTERN=<xhtml\b COUNT=121
PATTERN=projectstructure COUNT=3
PATTERN=folder COUNT=10

=== GVL NAME HITS IN XML ===
NAME=GVL_ALARM HITS=0

NAME=GVL_BlackBox HITS=2
--- GVL_BlackBox HIT 1 START=348450 END=348462 ---
rent_Scenario
);
</xhtml>
          </ST>
        </body>
        <addData>
          <data name="http://www.3s-software.com/plcopenxml/objectid" handleUnknown="discard">
            <ObjectId>c79324c7-3e74-43aa-9468-9db08f11b239</ObjectId>
          </data>
        </addData>
      </pou>
    </pous>
  </types>
  <instances>
    <configurations />
  </instances>
  <addData>
    <data name="http://www.3s-software.com/plcopenxml/globalvars" handleUnknown="implementation">
      <globalVars name="GVL_BlackBox">
        <variable name="G_BlackBox_Buffer">
          <type>
            <array>
              <dimension lower="0" upper="99" />
              <baseType>
                <derived name="ST_BlackBox_Record" />
              </baseType>
            </array>
          </type>
          <documentation>
            <xhtml xmlns="http://www.w3.org/1999/xhtml"> Буфер на 100 записей (при опросе 100мс это 10 секунд истории)</xhtml>
          </documentation>
        </variable>
        <variable name="G_BlackBox_Frozen">
          <type>
            <BOOL />
          </type>
        </variable>
        <variable name="G_BlackBox_LastIndex">
          <type>
            <INT />
          </type>
        </variable>
        <addData>
          <data name="http://www.3s-software.com/plcopenxml/attributes" handleUnknown="implementation">
            <Attributes>
              <Attribute Name="qualified_only" Value="" />
            </Attributes>
          </data>
          <data name="http://www.3s-software.com/plcopenxml/objectid" handleUnknown="discard">
            <ObjectId>576a3cd2-531b-462f-a7f4-87e96f876363</ObjectId>
          </data>
        </addData>
      </globalVars>
    </dat
--- END GVL_BlackBox HIT 1 ---
--- GVL_BlackBox HIT 2 START=390624 END=390636 ---
-b7f2-4a2a-bdbb-c63582ae1760" />
            <Object Name="ST_Trend_Config" ObjectId="4ab343c1-bf54-4fe5-b429-82213f1dbdc9" />
            <Object Name="ST_Trend_Data" ObjectId="1c4ff2f8-9a63-4da1-a106-d38e4ce52e3a" />
            <Object Name="ST_Astro_Time" ObjectId="b138b9b3-9029-4c24-aa22-e02161e527d1" />
            <Object Name="ST_Owen_Analog_Value" ObjectId="f2f0d220-1358-44a3-8d9b-121f48fd39df" />
          </Folder>
        </Folder>
        <Folder Name="GVL">
          <Object Name="GVL_BlackBox" ObjectId="576a3cd2-531b-462f-a7f4-87e96f876363" />
          <Object Name="GVL_Vars" ObjectId="0c1bcc0a-e1fd-451c-bd14-c80f3daf5b1d" />
          <Object Name="GVL_Constants" ObjectId="0f61acce-932b-48fb-ae67-674c363f5710" />
          <Object Name="GVL_Diagnostics" ObjectId="6ac29d52-1f0d-4068-aac3-934d1b6eb056" />
          <Object Name="GVL_Global_Variables" ObjectId="845a2243-b948-47e1-8c64-3164112118a4" />
          <Object Name="GVL_HMI_Config" ObjectId="666b119e-853a-4d32-9d3a-5e95b0587feb" />
          <Object Name="GVL_IO" ObjectId="ebf2e03c-1213-4bc5-aa31-b0ba19d04314" />
        </Folder>
        <Object Name="IValveController" ObjectId="d8885f34-784c-44e3-9258-b7e3e0f4e642">
          <Object Name="OpenValve" ObjectId="8e7b463d-0d01-48ad-a038-084603123c47" />
          <Object Name="CloseValve" ObjectId="0d84c0c0-bdd6-4613-8f35-c85a64383ae7" />
          <Object Name="GetStatus" ObjectId="85557a7d-bf3c-4cd0-a487-e3e12b609ba3" />
        </Object>
        <Object Name="PRG_PLC_A" ObjectId="13f32e36-d6f4-4cc2-a983-f0b3b470eea9" />
        <Object Name="PRG_PLC_B" ObjectId="c1bbad73-9e60-4bea-8428-219c6b22bd5e" />
        <Folder Name="POUs">
          <Object Name="FB_A
--- END GVL_BlackBox HIT 2 ---

NAME=GVL_COMMAND HITS=0

NAME=GVL_CONFIG HITS=14
--- GVL_CONFIG HIT 1 START=148015 END=148025 ---
T_MARKER_001 &lt;&lt;&lt;


IF NOT VI_IsActivePLC THEN RETURN; END_IF;

L_DHW_V2_Shadow_Diff_Found := FALSE;
L_DHW_V2_Switch_Enabled := TRUE;
L_DHW_V2_Path_Ready := FALSE;
L_DHW_Using_Legacy_Fallback := TRUE;

GVL_STATE.G_DHW_IO_Fault := FALSE;
GVL_STATE.G_DHW_Sensor_Fault := FALSE;
GVL_STATE.G_DHW_Subsystem_Degraded := FALSE;

IF VI_Emergency_Stop THEN
    VO_Heating_Pump := FALSE;
    VO_Circ_Pump := FALSE;
    VO_Status.Warning := FALSE;
    VO_Status.Error := TRUE;
    VO_Status.Error_ID := GVL_CONFIG.ERR_DHW_IO_OFFLINE; // временно используем общий аварийный код до детализации safety-кодов
    VO_Status.Heating_Pump_On := FALSE;
    VO_Status.Circ_Pump_On := FALSE;
    RETURN;
END_IF;

// Фиксация текущего времени
L_Current_TOD := VI_Current_TOD;

// ========================================
// DHW POLICY LAYER
// ========================================
L_Policy_Safe_Stop := (VI_System_Mode = E_System_Operating_Mode.MODE_SAFE_STOP);
L_Policy_Freeze_Protection := (VI_System_Mode = E_System_Operating_Mode.MODE_FREEZE_PROTECTION);
L_Policy_Degraded := (VI_System_Mode = E_System_Operating_Mode.MODE_DEGRADED);
L_Target_Temp_Adjusted := VI_Config.Target_Temp;
IF L_Policy_Degraded THEN
    L_Target_Temp_Adjusted := VI_Config.Target_Temp - VI_Config.Degraded_Target_Delta;
END_IF;

// ========================================
// DHW POLICY OVERRIDE
// ========================================
IF L_Policy_Safe_Stop THEN
    VO_Heating_Pump := FALSE;
    VO_Circ_Pump := FALSE;
    RETURN;
END_IF;

IF L_Policy_Freeze_Protection THEN
    VO_Heating_Pump := FALSE;
    VO_Circ_Pump := FALSE;
    RETURN;
END_IF;

// Сброс признака выполнения термодезинфекции при смене дня.
IF L_Last_Legionella_
--- END GVL_CONFIG HIT 1 ---
--- GVL_CONFIG HIT 2 START=149941 END=149951 ---
ские ошибки ниже могут зафиксироваться и завершить выполнение через RETURN.
VO_Status.Warning := FALSE;
VO_Status.Error := FALSE;
VO_Status.Error_ID := 0;

// Сброс ошибок
IF VI_Reset_Errors THEN
    L_Error_Latched := FALSE;
    L_Error_ID_Latched := 0;
END_IF;

// Проверка связи с модулями ввода-вывода
FOR L_i := 1 TO GVL_CONSTANTS.C_MAX_MODULES DO
    IF NOT VI_IO_Modules_Online[L_i] THEN
        L_Error_Latched := TRUE;
        GVL_STATE.G_DHW_IO_Fault := TRUE;
        L_Error_ID_Latched := GVL_CONFIG.ERR_DHW_IO_OFFLINE; // Потеря связи с модулями ввода-вывода
    END_IF;
END_FOR;

// 1. Обработка неисправностей датчиков и сервисных режимов (ТЗ 7.0)
fbTempValidator(
    VI_Value := VI_Temp,
    VI_Min_Valid := 0.0,
    VI_Max_Valid := 100.0,
    VI_Fallback_Mode := 0,
    VI_Default_Value := 55.0
);

fbPressValidator(
    VI_Value := VI_Pressure,
    VI_Min_Valid := 0.0,
    VI_Max_Valid := 10.0,
    VI_Fallback_Mode := 0
);

VO_Status.Temp := fbTempValidator.VO_Value;
VO_Status.Pressure := fbPressValidator.VO_Value;

// Сохраняем последнее достоверное значение температуры ГВС.
// Используется только для диагностики/сервиса, не для fallback-управления.
IF NOT fbTempValidator.VO_Error THEN
    L_Last_Good_Temp := VO_Status.Temp;
END_IF;

IF fbTempValidator.VO_Error THEN
    GVL_STATE.G_DHW_Sensor_Fault := TRUE;
    L_Error_Latched := TRUE;
    L_Error_ID_Latched := GVL_CONFIG.ERR_DHW_TEMP_SENSOR_FAULT; // Критическая ошибка датчика температуры
ELSIF (VO_Status.Pressure &lt; 1.0 OR VO_Status.Pressure &gt; 4.0) AND NOT fbPressValidator.VO_Error THEN
    L_Error_Latched := TRUE;
    L_Error_ID_Latched := GVL_CONFIG.ERR_DHW_PRESSURE_OUT_OF_RANGE; // Давление вне нормы
END_IF;

IF L_
--- END GVL_CONFIG HIT 2 ---
--- GVL_CONFIG HIT 3 START=150832 END=150842 ---
 VI_Max_Valid := 10.0,
    VI_Fallback_Mode := 0
);

VO_Status.Temp := fbTempValidator.VO_Value;
VO_Status.Pressure := fbPressValidator.VO_Value;

// Сохраняем последнее достоверное значение температуры ГВС.
// Используется только для диагностики/сервиса, не для fallback-управления.
IF NOT fbTempValidator.VO_Error THEN
    L_Last_Good_Temp := VO_Status.Temp;
END_IF;

IF fbTempValidator.VO_Error THEN
    GVL_STATE.G_DHW_Sensor_Fault := TRUE;
    L_Error_Latched := TRUE;
    L_Error_ID_Latched := GVL_CONFIG.ERR_DHW_TEMP_SENSOR_FAULT; // Критическая ошибка датчика температуры
ELSIF (VO_Status.Pressure &lt; 1.0 OR VO_Status.Pressure &gt; 4.0) AND NOT fbPressValidator.VO_Error THEN
    L_Error_Latched := TRUE;
    L_Error_ID_Latched := GVL_CONFIG.ERR_DHW_PRESSURE_OUT_OF_RANGE; // Давление вне нормы
END_IF;

IF L_Error_Latched THEN
    // Критическая ошибка: переход в безопасное состояние с полной остановкой насосов.
    VO_Heating_Pump := FALSE;
    VO_Circ_Pump := FALSE;
    VO_Status.Warning := FALSE;
    VO_Status.Error := TRUE;
    VO_Status.Error_ID := L_Error_ID_Latched;
    VO_Status.Heating_Pump_On := FALSE;
    VO_Status.Circ_Pump_On := FALSE;
    RETURN;
END_IF;

// Ошибка датчика давления не останавливает ГВС,
// но переводит подсистему в режим предупреждения (degraded mode).
IF fbPressValidator.VO_Error THEN
    GVL_STATE.G_DHW_Sensor_Fault := TRUE;
    GVL_STATE.G_DHW_Subsystem_Degraded := TRUE;
    VO_Status.Warning := TRUE;
    VO_Status.Error := FALSE;
    VO_Status.Error_ID := GVL_CONFIG.ERR_DHW_PRESSURE_SENSOR_FAULT;
END_IF;

// 2. Логика поддержания температуры воды в бойлере (Нагрев)
// На этом этапе FB уже выполняется только на активном ПЛК.
    
// Термическая дези
--- END GVL_CONFIG HIT 3 ---
--- GVL_CONFIG HIT 4 START=151073 END=151083 ---
стики/сервиса, не для fallback-управления.
IF NOT fbTempValidator.VO_Error THEN
    L_Last_Good_Temp := VO_Status.Temp;
END_IF;

IF fbTempValidator.VO_Error THEN
    GVL_STATE.G_DHW_Sensor_Fault := TRUE;
    L_Error_Latched := TRUE;
    L_Error_ID_Latched := GVL_CONFIG.ERR_DHW_TEMP_SENSOR_FAULT; // Критическая ошибка датчика температуры
ELSIF (VO_Status.Pressure &lt; 1.0 OR VO_Status.Pressure &gt; 4.0) AND NOT fbPressValidator.VO_Error THEN
    L_Error_Latched := TRUE;
    L_Error_ID_Latched := GVL_CONFIG.ERR_DHW_PRESSURE_OUT_OF_RANGE; // Давление вне нормы
END_IF;

IF L_Error_Latched THEN
    // Критическая ошибка: переход в безопасное состояние с полной остановкой насосов.
    VO_Heating_Pump := FALSE;
    VO_Circ_Pump := FALSE;
    VO_Status.Warning := FALSE;
    VO_Status.Error := TRUE;
    VO_Status.Error_ID := L_Error_ID_Latched;
    VO_Status.Heating_Pump_On := FALSE;
    VO_Status.Circ_Pump_On := FALSE;
    RETURN;
END_IF;

// Ошибка датчика давления не останавливает ГВС,
// но переводит подсистему в режим предупреждения (degraded mode).
IF fbPressValidator.VO_Error THEN
    GVL_STATE.G_DHW_Sensor_Fault := TRUE;
    GVL_STATE.G_DHW_Subsystem_Degraded := TRUE;
    VO_Status.Warning := TRUE;
    VO_Status.Error := FALSE;
    VO_Status.Error_ID := GVL_CONFIG.ERR_DHW_PRESSURE_SENSOR_FAULT;
END_IF;

// 2. Логика поддержания температуры воды в бойлере (Нагрев)
// На этом этапе FB уже выполняется только на активном ПЛК.
    
// Термическая дезинфекция (Легионелла)
IF VI_Config.Anti_Legionella_Enabled
   AND (VI_Current_Day_Of_Week = VI_Config.Anti_Legionella_Day)
   AND (L_Current_TOD &gt;= TOD#02:00)
   AND (L_Current_TOD &lt;= TOD#04:00)
   AND NOT L_Legionella_Done_Today THEN
 
--- END GVL_CONFIG HIT 4 ---
--- GVL_CONFIG HIT 5 START=151846 END=151856 ---
    VO_Status.Error := TRUE;
    VO_Status.Error_ID := L_Error_ID_Latched;
    VO_Status.Heating_Pump_On := FALSE;
    VO_Status.Circ_Pump_On := FALSE;
    RETURN;
END_IF;

// Ошибка датчика давления не останавливает ГВС,
// но переводит подсистему в режим предупреждения (degraded mode).
IF fbPressValidator.VO_Error THEN
    GVL_STATE.G_DHW_Sensor_Fault := TRUE;
    GVL_STATE.G_DHW_Subsystem_Degraded := TRUE;
    VO_Status.Warning := TRUE;
    VO_Status.Error := FALSE;
    VO_Status.Error_ID := GVL_CONFIG.ERR_DHW_PRESSURE_SENSOR_FAULT;
END_IF;

// 2. Логика поддержания температуры воды в бойлере (Нагрев)
// На этом этапе FB уже выполняется только на активном ПЛК.
    
// Термическая дезинфекция (Легионелла)
IF VI_Config.Anti_Legionella_Enabled
   AND (VI_Current_Day_Of_Week = VI_Config.Anti_Legionella_Day)
   AND (L_Current_TOD &gt;= TOD#02:00)
   AND (L_Current_TOD &lt;= TOD#04:00)
   AND NOT L_Legionella_Done_Today THEN
    L_Legionella_Active := TRUE;
ELSE
    L_Legionella_Active := FALSE;
END_IF;

L_Legionella_Timer(IN := L_Legionella_Active AND VO_Status.Temp &gt;= 70.0, PT := T#30m, VI_System_Time_MS := VI_System_Time_MS);
IF L_Legionella_Timer.Q THEN
    L_Legionella_Active := FALSE; // Дезинфекция завершена
    L_Legionella_Done_Today := TRUE; // Повторно в те же сутки не запускать
END_IF;

// Двухпозиционное регулирование с гистерезисом
IF L_Legionella_Active THEN
    IF VO_Status.Temp &lt; 70.0 THEN
        VO_Heating_Pump := TRUE;
    ELSIF VO_Status.Temp &gt; 72.0 THEN
        VO_Heating_Pump := FALSE;
    END_IF;
ELSE
    IF VO_Status.Temp &lt; (L_Target_Temp_Adjusted - VI_Config.Hysteresis) THEN
        VO_Heating_Pump := TRUE;
    ELSIF VO_Status.Temp &gt; (L_Target_
--- END GVL_CONFIG HIT 5 ---

NAME=GVL_CONSTANTS HITS=264
--- GVL_CONSTANTS HIT 1 START=100742 END=100755 ---
VI_Code_To_Check">
        <type>
          <derived name="STRING(4)" />
        </type>
      </variable>
      <variable name="VI_RFID_To_Check">
        <type>
          <derived name="STRING(20)" />
        </type>
      </variable>
    </inputVars>
    <outputVars>
      <variable name="VO_Code_Valid">
        <type>
          <BOOL />
        </type>
      </variable>
    </outputVars>
    <inOutVars>
      <variable name="VI_Access_Codes">
        <type>
          <derived name="ARRAY[1..GVL_CONSTANTS.C_MAX_ACCESS_CODES] OF DWORD" />
        </type>
      </variable>
      <variable name="VI_RFID_Tags">
        <type>
          <derived name="ARRAY[1..GVL_CONSTANTS.C_MAX_ACCESS_CODES] OF STRING(20)" />
        </type>
      </variable>
    </inOutVars>
    <localVars>
      <variable name="L_i">
        <type>
          <INT />
        </type>
      </variable>
      <variable name="pCode">
        <type>
          <derived name="POINTER TO BYTE" />
        </type>
      </variable>
      <variable name="L_CRC_Calc">
        <type>
          <derived name="FB_CRC32_Calculator" />
        </type>
      </variable>
      <variable name="L_Input_Hash">
        <type>
          <DWORD />
        </type>
      </variable>
    </localVars>
  </interface>
  <body>
    <ST>
      <xhtml xmlns="http://www.w3.org/1999/xhtml">VO_Code_Valid := FALSE;

// Вычисляем хэш введенного кода
IF LEN(VI_Code_To_Check) &gt; 0 THEN
    pCode := ADR(VI_Code_To_Check);
    L_Input_Hash := L_CRC_Calc.Calculate(VI_DataRef := pCode^, VI_Size := TO_UDINT(LEN(VI_Code_To_Check)));
    FOR L_i := 1 TO GVL_CONSTANTS.C_MAX_ACCESS_CODES DO
        IF VI_Access_Codes[L_i] &lt;&gt; 0 AND VI_Access_Codes[L_i] = L_In
--- END GVL_CONSTANTS HIT 1 ---
--- GVL_CONSTANTS HIT 2 START=100909 END=100922 ---
      <derived name="STRING(20)" />
        </type>
      </variable>
    </inputVars>
    <outputVars>
      <variable name="VO_Code_Valid">
        <type>
          <BOOL />
        </type>
      </variable>
    </outputVars>
    <inOutVars>
      <variable name="VI_Access_Codes">
        <type>
          <derived name="ARRAY[1..GVL_CONSTANTS.C_MAX_ACCESS_CODES] OF DWORD" />
        </type>
      </variable>
      <variable name="VI_RFID_Tags">
        <type>
          <derived name="ARRAY[1..GVL_CONSTANTS.C_MAX_ACCESS_CODES] OF STRING(20)" />
        </type>
      </variable>
    </inOutVars>
    <localVars>
      <variable name="L_i">
        <type>
          <INT />
        </type>
      </variable>
      <variable name="pCode">
        <type>
          <derived name="POINTER TO BYTE" />
        </type>
      </variable>
      <variable name="L_CRC_Calc">
        <type>
          <derived name="FB_CRC32_Calculator" />
        </type>
      </variable>
      <variable name="L_Input_Hash">
        <type>
          <DWORD />
        </type>
      </variable>
    </localVars>
  </interface>
  <body>
    <ST>
      <xhtml xmlns="http://www.w3.org/1999/xhtml">VO_Code_Valid := FALSE;

// Вычисляем хэш введенного кода
IF LEN(VI_Code_To_Check) &gt; 0 THEN
    pCode := ADR(VI_Code_To_Check);
    L_Input_Hash := L_CRC_Calc.Calculate(VI_DataRef := pCode^, VI_Size := TO_UDINT(LEN(VI_Code_To_Check)));
    FOR L_i := 1 TO GVL_CONSTANTS.C_MAX_ACCESS_CODES DO
        IF VI_Access_Codes[L_i] &lt;&gt; 0 AND VI_Access_Codes[L_i] = L_Input_Hash THEN
            VO_Code_Valid := TRUE;
            RETURN;
        END_IF;
    END_FOR;
END_IF;

// Проверяем RFID метку
IF LEN(VI_RFID_To_Check) &gt; 0 THEN
--- END GVL_CONSTANTS HIT 2 ---
--- GVL_CONSTANTS HIT 3 START=101845 END=101858 ---

        </type>
      </variable>
      <variable name="L_Input_Hash">
        <type>
          <DWORD />
        </type>
      </variable>
    </localVars>
  </interface>
  <body>
    <ST>
      <xhtml xmlns="http://www.w3.org/1999/xhtml">VO_Code_Valid := FALSE;

// Вычисляем хэш введенного кода
IF LEN(VI_Code_To_Check) &gt; 0 THEN
    pCode := ADR(VI_Code_To_Check);
    L_Input_Hash := L_CRC_Calc.Calculate(VI_DataRef := pCode^, VI_Size := TO_UDINT(LEN(VI_Code_To_Check)));
    FOR L_i := 1 TO GVL_CONSTANTS.C_MAX_ACCESS_CODES DO
        IF VI_Access_Codes[L_i] &lt;&gt; 0 AND VI_Access_Codes[L_i] = L_Input_Hash THEN
            VO_Code_Valid := TRUE;
            RETURN;
        END_IF;
    END_FOR;
END_IF;

// Проверяем RFID метку
IF LEN(VI_RFID_To_Check) &gt; 0 THEN
    FOR L_i := 1 TO GVL_CONSTANTS.C_MAX_ACCESS_CODES DO
        IF VI_RFID_Tags[L_i] &lt;&gt; '' AND VI_RFID_Tags[L_i] = VI_RFID_To_Check THEN
            VO_Code_Valid := TRUE;
            RETURN;
        END_IF;
    END_FOR;
END_IF;
// &gt;&gt;&gt; BULK_SYNC_ANCHOR: FB_AccessCode_Manager &lt;&lt;&lt;</xhtml>
    </ST>
  </body>
</pou>
<pou name="FB_Access_Control" pouType="functionBlock">
  <interface>
    <inputVars>
      <variable name="VI_System_Time_MS">
        <type>
          <UDINT />
        </type>
      </variable>
      <variable name="VI_IsActivePLC">
        <type>
          <BOOL />
        </type>
      </variable>
      <variable name="VI_Armed">
        <type>
          <BOOL />
        </type>
      </variable>
      <variable name="VI_System_Mode">
        <type>
          <derived name="E_System_Operating_Mode" />
        </type>
      </variable>
      <variable name="VI_Gate_Open_Req">
        <t
--- END GVL_CONSTANTS HIT 3 ---
--- GVL_CONSTANTS HIT 4 START=102143 END=102156 ---

IF LEN(VI_Code_To_Check) &gt; 0 THEN
    pCode := ADR(VI_Code_To_Check);
    L_Input_Hash := L_CRC_Calc.Calculate(VI_DataRef := pCode^, VI_Size := TO_UDINT(LEN(VI_Code_To_Check)));
    FOR L_i := 1 TO GVL_CONSTANTS.C_MAX_ACCESS_CODES DO
        IF VI_Access_Codes[L_i] &lt;&gt; 0 AND VI_Access_Codes[L_i] = L_Input_Hash THEN
            VO_Code_Valid := TRUE;
            RETURN;
        END_IF;
    END_FOR;
END_IF;

// Проверяем RFID метку
IF LEN(VI_RFID_To_Check) &gt; 0 THEN
    FOR L_i := 1 TO GVL_CONSTANTS.C_MAX_ACCESS_CODES DO
        IF VI_RFID_Tags[L_i] &lt;&gt; '' AND VI_RFID_Tags[L_i] = VI_RFID_To_Check THEN
            VO_Code_Valid := TRUE;
            RETURN;
        END_IF;
    END_FOR;
END_IF;
// &gt;&gt;&gt; BULK_SYNC_ANCHOR: FB_AccessCode_Manager &lt;&lt;&lt;</xhtml>
    </ST>
  </body>
</pou>
<pou name="FB_Access_Control" pouType="functionBlock">
  <interface>
    <inputVars>
      <variable name="VI_System_Time_MS">
        <type>
          <UDINT />
        </type>
      </variable>
      <variable name="VI_IsActivePLC">
        <type>
          <BOOL />
        </type>
      </variable>
      <variable name="VI_Armed">
        <type>
          <BOOL />
        </type>
      </variable>
      <variable name="VI_System_Mode">
        <type>
          <derived name="E_System_Operating_Mode" />
        </type>
      </variable>
      <variable name="VI_Gate_Open_Req">
        <type>
          <BOOL />
        </type>
      </variable>
      <variable name="VI_Wicket_Open_Req">
        <type>
          <BOOL />
        </type>
      </variable>
      <variable name="VI_Lock_1_Open_Req">
        <type>
          <BOOL />
        </type>
      </variable>
      <variable na
--- END GVL_CONSTANTS HIT 4 ---
--- GVL_CONSTANTS HIT 5 START=104859 END=104872 ---

          <BOOL />
        </type>
      </variable>
      <variable name="VO_Lock_1_Close">
        <type>
          <BOOL />
        </type>
      </variable>
      <variable name="VO_Lock_2_Open">
        <type>
          <BOOL />
        </type>
      </variable>
      <variable name="VO_Lock_2_Close">
        <type>
          <BOOL />
        </type>
      </variable>
    </outputVars>
    <inOutVars>
      <variable name="VI_Access_Codes">
        <type>
          <derived name="ARRAY[1..GVL_CONSTANTS.C_MAX_ACCESS_CODES] OF DWORD" />
        </type>
      </variable>
      <variable name="VI_RFID_Tags">
        <type>
          <derived name="ARRAY[1..GVL_CONSTANTS.C_MAX_ACCESS_CODES] OF STRING(20)" />
        </type>
      </variable>
    </inOutVars>
    <localVars>
      <variable name="L_Gate_Timer">
        <type>
          <derived name="TP" />
        </type>
      </variable>
      <variable name="L_Wicket_Timer">
        <type>
          <derived name="TP" />
        </type>
      </variable>
      <variable name="L_Lock_1_Open_T">
        <type>
          <derived name="TP" />
        </type>
      </variable>
      <variable name="L_Lock_1_Close_T">
        <type>
          <derived name="TP" />
        </type>
      </variable>
      <variable name="L_Lock_2_Open_T">
        <type>
          <derived name="TP" />
        </type>
      </variable>
      <variable name="L_Lock_2_Close_T">
        <type>
          <derived name="TP" />
        </type>
      </variable>
      <variable name="L_Prev_Armed">
        <type>
          <BOOL />
        </type>
      </variable>
      <variable name="L_Auto_Lock_Req">
        <type>
          <BOOL />
        </type>
      </
--- END GVL_CONSTANTS HIT 5 ---

NAME=GVL_DEBUG HITS=0

NAME=GVL_GATEWAY HITS=0

NAME=GVL_IO HITS=49
--- GVL_IO HIT 1 START=338532 END=338538 ---
DataSize := SIZEOF(GVL_Vars.G_HMI_Gas_Config));
END_IF;

// Ежесуточный бэкап в 03:00 (ТЗ 16.2: Ротация 7 копий)
IF L_Current_TOD &gt;= TOD#03:00 AND L_Current_TOD &lt;= TOD#03:00:01 THEN
    fbNVRAM(VI_Command := 1, VI_RecordIndex := L_Backup_Day, VI_DataPtr := ADR(GVL_Vars.G_HMI_Gas_Config), VI_DataSize := SIZEOF(GVL_Vars.G_HMI_Gas_Config));
    L_Backup_Day := (L_Backup_Day MOD 7) + 1;
END_IF;

// 3. ТЗ 8.2: Параллельная обработка датчиков
FOR L_i := 1 TO 2 DO 
    L_Methane_LEL_Real[L_i] := GVL_IO.AI_Methane_LEL[L_i].rValue; 
END_FOR;
FOR L_i := 1 TO 5 DO 
    L_Manifold_Temps_Supply_Real[L_i] := GVL_IO.AI_Manifold_Temps_Supply[L_i].rValue; 
    L_Manifold_Temps_Return_Real[L_i] := TO_REAL(GVL_IO.AI_Manifold_Temps_Return[L_i]) / 10.0;
    L_Manifold_Pressures_Real[L_i] := TO_REAL(GVL_IO.AI_Manifold_Pressures[L_i]) / 100.0; // 0-10V -&gt; 0-10.0 bar
    L_Manifold_Currents_Real[L_i] := TO_REAL(GVL_IO.AI_Manifold_Currents[L_i]) / 100.0; // 4-20mA -&gt; 4.0-20.0 mA
END_FOR;

FOR L_i := 1 TO 15 DO
    // ПЛК A (ID=1) обрабатывает нечетные, ПЛК B (ID=2) - четные
    IF (GVL_Vars.G_Local_PLC_ID = 1 AND (L_i MOD 2 &lt;&gt; 0)) OR (GVL_Vars.G_Local_PLC_ID = 2 AND (L_i MOD 2 = 0)) THEN
        L_Opening_Sensors[L_i] := GVL_IO.DI_Security_Open[L_i];
        L_GlassBreak_Sensors[L_i] := GVL_IO.DI_Security_Glass[L_i];
    END_IF;
END_FOR;

FOR L_i := 1 TO 12 DO
    IF (GVL_Vars.G_Local_PLC_ID = 1 AND (L_i MOD 2 &lt;&gt; 0)) OR (GVL_Vars.G_Local_PLC_ID = 2 AND (L_i MOD 2 = 0)) THEN
        L_Flood_Sensors[L_i] := GVL_IO.DI_Flood_Sensors[L_i];
    END_IF;
END_FOR;

    // 4. Сбор состояния
    L_System_State.Outdoor_Temp := GVL_IO.AI_Temp_Outdoor.rValue;
    FOR L_i := 1 TO 16 DO 
      
--- END GVL_IO HIT 1 ---
--- GVL_IO HIT 2 START=338640 END=338646 ---
пий)
IF L_Current_TOD &gt;= TOD#03:00 AND L_Current_TOD &lt;= TOD#03:00:01 THEN
    fbNVRAM(VI_Command := 1, VI_RecordIndex := L_Backup_Day, VI_DataPtr := ADR(GVL_Vars.G_HMI_Gas_Config), VI_DataSize := SIZEOF(GVL_Vars.G_HMI_Gas_Config));
    L_Backup_Day := (L_Backup_Day MOD 7) + 1;
END_IF;

// 3. ТЗ 8.2: Параллельная обработка датчиков
FOR L_i := 1 TO 2 DO 
    L_Methane_LEL_Real[L_i] := GVL_IO.AI_Methane_LEL[L_i].rValue; 
END_FOR;
FOR L_i := 1 TO 5 DO 
    L_Manifold_Temps_Supply_Real[L_i] := GVL_IO.AI_Manifold_Temps_Supply[L_i].rValue; 
    L_Manifold_Temps_Return_Real[L_i] := TO_REAL(GVL_IO.AI_Manifold_Temps_Return[L_i]) / 10.0;
    L_Manifold_Pressures_Real[L_i] := TO_REAL(GVL_IO.AI_Manifold_Pressures[L_i]) / 100.0; // 0-10V -&gt; 0-10.0 bar
    L_Manifold_Currents_Real[L_i] := TO_REAL(GVL_IO.AI_Manifold_Currents[L_i]) / 100.0; // 4-20mA -&gt; 4.0-20.0 mA
END_FOR;

FOR L_i := 1 TO 15 DO
    // ПЛК A (ID=1) обрабатывает нечетные, ПЛК B (ID=2) - четные
    IF (GVL_Vars.G_Local_PLC_ID = 1 AND (L_i MOD 2 &lt;&gt; 0)) OR (GVL_Vars.G_Local_PLC_ID = 2 AND (L_i MOD 2 = 0)) THEN
        L_Opening_Sensors[L_i] := GVL_IO.DI_Security_Open[L_i];
        L_GlassBreak_Sensors[L_i] := GVL_IO.DI_Security_Glass[L_i];
    END_IF;
END_FOR;

FOR L_i := 1 TO 12 DO
    IF (GVL_Vars.G_Local_PLC_ID = 1 AND (L_i MOD 2 &lt;&gt; 0)) OR (GVL_Vars.G_Local_PLC_ID = 2 AND (L_i MOD 2 = 0)) THEN
        L_Flood_Sensors[L_i] := GVL_IO.DI_Flood_Sensors[L_i];
    END_IF;
END_FOR;

    // 4. Сбор состояния
    L_System_State.Outdoor_Temp := GVL_IO.AI_Temp_Outdoor.rValue;
    FOR L_i := 1 TO 16 DO 
        L_System_State.Floor_Temps[L_i] := GVL_IO.AI_Floor_Temps[L_i]; 
        L_System_State.Indoor_Temp[L_i] :=
--- END GVL_IO HIT 2 ---
--- GVL_IO HIT 3 START=338735 END=338741 ---
Command := 1, VI_RecordIndex := L_Backup_Day, VI_DataPtr := ADR(GVL_Vars.G_HMI_Gas_Config), VI_DataSize := SIZEOF(GVL_Vars.G_HMI_Gas_Config));
    L_Backup_Day := (L_Backup_Day MOD 7) + 1;
END_IF;

// 3. ТЗ 8.2: Параллельная обработка датчиков
FOR L_i := 1 TO 2 DO 
    L_Methane_LEL_Real[L_i] := GVL_IO.AI_Methane_LEL[L_i].rValue; 
END_FOR;
FOR L_i := 1 TO 5 DO 
    L_Manifold_Temps_Supply_Real[L_i] := GVL_IO.AI_Manifold_Temps_Supply[L_i].rValue; 
    L_Manifold_Temps_Return_Real[L_i] := TO_REAL(GVL_IO.AI_Manifold_Temps_Return[L_i]) / 10.0;
    L_Manifold_Pressures_Real[L_i] := TO_REAL(GVL_IO.AI_Manifold_Pressures[L_i]) / 100.0; // 0-10V -&gt; 0-10.0 bar
    L_Manifold_Currents_Real[L_i] := TO_REAL(GVL_IO.AI_Manifold_Currents[L_i]) / 100.0; // 4-20mA -&gt; 4.0-20.0 mA
END_FOR;

FOR L_i := 1 TO 15 DO
    // ПЛК A (ID=1) обрабатывает нечетные, ПЛК B (ID=2) - четные
    IF (GVL_Vars.G_Local_PLC_ID = 1 AND (L_i MOD 2 &lt;&gt; 0)) OR (GVL_Vars.G_Local_PLC_ID = 2 AND (L_i MOD 2 = 0)) THEN
        L_Opening_Sensors[L_i] := GVL_IO.DI_Security_Open[L_i];
        L_GlassBreak_Sensors[L_i] := GVL_IO.DI_Security_Glass[L_i];
    END_IF;
END_FOR;

FOR L_i := 1 TO 12 DO
    IF (GVL_Vars.G_Local_PLC_ID = 1 AND (L_i MOD 2 &lt;&gt; 0)) OR (GVL_Vars.G_Local_PLC_ID = 2 AND (L_i MOD 2 = 0)) THEN
        L_Flood_Sensors[L_i] := GVL_IO.DI_Flood_Sensors[L_i];
    END_IF;
END_FOR;

    // 4. Сбор состояния
    L_System_State.Outdoor_Temp := GVL_IO.AI_Temp_Outdoor.rValue;
    FOR L_i := 1 TO 16 DO 
        L_System_State.Floor_Temps[L_i] := GVL_IO.AI_Floor_Temps[L_i]; 
        L_System_State.Indoor_Temp[L_i] := GVL_IO.AI_Room_Temps[L_i];
        L_System_State.CO2[MIN(L_i, 8)] := 400.0; 
        L_System
--- END GVL_IO HIT 3 ---
--- GVL_IO HIT 4 START=338827 END=338833 ---
VI_DataSize := SIZEOF(GVL_Vars.G_HMI_Gas_Config));
    L_Backup_Day := (L_Backup_Day MOD 7) + 1;
END_IF;

// 3. ТЗ 8.2: Параллельная обработка датчиков
FOR L_i := 1 TO 2 DO 
    L_Methane_LEL_Real[L_i] := GVL_IO.AI_Methane_LEL[L_i].rValue; 
END_FOR;
FOR L_i := 1 TO 5 DO 
    L_Manifold_Temps_Supply_Real[L_i] := GVL_IO.AI_Manifold_Temps_Supply[L_i].rValue; 
    L_Manifold_Temps_Return_Real[L_i] := TO_REAL(GVL_IO.AI_Manifold_Temps_Return[L_i]) / 10.0;
    L_Manifold_Pressures_Real[L_i] := TO_REAL(GVL_IO.AI_Manifold_Pressures[L_i]) / 100.0; // 0-10V -&gt; 0-10.0 bar
    L_Manifold_Currents_Real[L_i] := TO_REAL(GVL_IO.AI_Manifold_Currents[L_i]) / 100.0; // 4-20mA -&gt; 4.0-20.0 mA
END_FOR;

FOR L_i := 1 TO 15 DO
    // ПЛК A (ID=1) обрабатывает нечетные, ПЛК B (ID=2) - четные
    IF (GVL_Vars.G_Local_PLC_ID = 1 AND (L_i MOD 2 &lt;&gt; 0)) OR (GVL_Vars.G_Local_PLC_ID = 2 AND (L_i MOD 2 = 0)) THEN
        L_Opening_Sensors[L_i] := GVL_IO.DI_Security_Open[L_i];
        L_GlassBreak_Sensors[L_i] := GVL_IO.DI_Security_Glass[L_i];
    END_IF;
END_FOR;

FOR L_i := 1 TO 12 DO
    IF (GVL_Vars.G_Local_PLC_ID = 1 AND (L_i MOD 2 &lt;&gt; 0)) OR (GVL_Vars.G_Local_PLC_ID = 2 AND (L_i MOD 2 = 0)) THEN
        L_Flood_Sensors[L_i] := GVL_IO.DI_Flood_Sensors[L_i];
    END_IF;
END_FOR;

    // 4. Сбор состояния
    L_System_State.Outdoor_Temp := GVL_IO.AI_Temp_Outdoor.rValue;
    FOR L_i := 1 TO 16 DO 
        L_System_State.Floor_Temps[L_i] := GVL_IO.AI_Floor_Temps[L_i]; 
        L_System_State.Indoor_Temp[L_i] := GVL_IO.AI_Room_Temps[L_i];
        L_System_State.CO2[MIN(L_i, 8)] := 400.0; 
        L_System_State.Humidity[MIN(L_i, 8)] := 45.0; 
    END_FOR;
    L_System_State.Security_Armed := GVL
--- END GVL_IO HIT 4 ---
--- GVL_IO HIT 5 START=338942 END=338948 ---
8.2: Параллельная обработка датчиков
FOR L_i := 1 TO 2 DO 
    L_Methane_LEL_Real[L_i] := GVL_IO.AI_Methane_LEL[L_i].rValue; 
END_FOR;
FOR L_i := 1 TO 5 DO 
    L_Manifold_Temps_Supply_Real[L_i] := GVL_IO.AI_Manifold_Temps_Supply[L_i].rValue; 
    L_Manifold_Temps_Return_Real[L_i] := TO_REAL(GVL_IO.AI_Manifold_Temps_Return[L_i]) / 10.0;
    L_Manifold_Pressures_Real[L_i] := TO_REAL(GVL_IO.AI_Manifold_Pressures[L_i]) / 100.0; // 0-10V -&gt; 0-10.0 bar
    L_Manifold_Currents_Real[L_i] := TO_REAL(GVL_IO.AI_Manifold_Currents[L_i]) / 100.0; // 4-20mA -&gt; 4.0-20.0 mA
END_FOR;

FOR L_i := 1 TO 15 DO
    // ПЛК A (ID=1) обрабатывает нечетные, ПЛК B (ID=2) - четные
    IF (GVL_Vars.G_Local_PLC_ID = 1 AND (L_i MOD 2 &lt;&gt; 0)) OR (GVL_Vars.G_Local_PLC_ID = 2 AND (L_i MOD 2 = 0)) THEN
        L_Opening_Sensors[L_i] := GVL_IO.DI_Security_Open[L_i];
        L_GlassBreak_Sensors[L_i] := GVL_IO.DI_Security_Glass[L_i];
    END_IF;
END_FOR;

FOR L_i := 1 TO 12 DO
    IF (GVL_Vars.G_Local_PLC_ID = 1 AND (L_i MOD 2 &lt;&gt; 0)) OR (GVL_Vars.G_Local_PLC_ID = 2 AND (L_i MOD 2 = 0)) THEN
        L_Flood_Sensors[L_i] := GVL_IO.DI_Flood_Sensors[L_i];
    END_IF;
END_FOR;

    // 4. Сбор состояния
    L_System_State.Outdoor_Temp := GVL_IO.AI_Temp_Outdoor.rValue;
    FOR L_i := 1 TO 16 DO 
        L_System_State.Floor_Temps[L_i] := GVL_IO.AI_Floor_Temps[L_i]; 
        L_System_State.Indoor_Temp[L_i] := GVL_IO.AI_Room_Temps[L_i];
        L_System_State.CO2[MIN(L_i, 8)] := 400.0; 
        L_System_State.Humidity[MIN(L_i, 8)] := 45.0; 
    END_FOR;
    L_System_State.Security_Armed := GVL_Vars.G_Security_Armed;
    L_System_State.Flood_Alarm := GVL_Vars.G_Flood_Alarm_Active;
    L_System_State.Gas_Ala
--- END GVL_IO HIT 5 ---

NAME=GVL_MODBUS HITS=0

NAME=GVL_Retain HITS=31
--- GVL_Retain HIT 1 START=142074 END=142084 ---
     <type>
          <INT />
        </type>
      </variable>
    </outputVars>
    <localVars>
      <variable name="L_Write_Index">
        <type>
          <derived name="INT := 0" />
        </type>
      </variable>
      <variable name="L_Initialized">
        <type>
          <derived name="BOOL := FALSE" />
        </type>
      </variable>
    </localVars>
  </interface>
  <body>
    <ST>
      <xhtml xmlns="http://www.w3.org/1999/xhtml">IF NOT L_Initialized THEN
    L_Write_Index := GVL_Retain.G_BlackBox_LastIndex;
    IF L_Write_Index &lt; 0 OR L_Write_Index &gt;= GVL_CONSTANTS.C_MAX_BLACKBOX_RECORDS THEN
        L_Write_Index := 0;
        GVL_Retain.G_BlackBox_LastIndex := 0;
    END_IF;
    L_Initialized := TRUE;
END_IF;

IF VI_Freeze THEN
    GVL_Retain.G_BlackBox_Frozen := TRUE;
END_IF;

VO_Frozen := GVL_Retain.G_BlackBox_Frozen;

IF NOT GVL_Retain.G_BlackBox_Frozen THEN
    GVL_Retain.G_BlackBox_Buffer[L_Write_Index] := VI_Current_Data;
    GVL_Retain.G_BlackBox_LastIndex := L_Write_Index;
    
    L_Write_Index := L_Write_Index + 1;
    IF L_Write_Index &gt;= GVL_CONSTANTS.C_MAX_BLACKBOX_RECORDS THEN
        L_Write_Index := 0;
    END_IF;
END_IF;

VO_Records_Count := GVL_CONSTANTS.C_MAX_BLACKBOX_RECORDS; // Размер кольцевого буфера
// &gt;&gt;&gt; BULK_SYNC_ANCHOR: FB_BlackBox_Recorder &lt;&lt;&lt;</xhtml>
    </ST>
  </body>
</pou>
<pou name="FB_DHW_Manager" pouType="functionBlock">
  <interface>
    <inputVars>
      <variable name="VI_System_Time_MS">
        <type>
          <UDINT />
        </type>
      </variable>
      <variable name="VI_Current_TOD">
        <type>
          <TOD />
        </type>
      </variable>
      <variable name="VI_IsActivePL
--- END GVL_Retain HIT 1 ---
--- GVL_Retain HIT 2 START=142236 END=142246 ---
derived name="INT := 0" />
        </type>
      </variable>
      <variable name="L_Initialized">
        <type>
          <derived name="BOOL := FALSE" />
        </type>
      </variable>
    </localVars>
  </interface>
  <body>
    <ST>
      <xhtml xmlns="http://www.w3.org/1999/xhtml">IF NOT L_Initialized THEN
    L_Write_Index := GVL_Retain.G_BlackBox_LastIndex;
    IF L_Write_Index &lt; 0 OR L_Write_Index &gt;= GVL_CONSTANTS.C_MAX_BLACKBOX_RECORDS THEN
        L_Write_Index := 0;
        GVL_Retain.G_BlackBox_LastIndex := 0;
    END_IF;
    L_Initialized := TRUE;
END_IF;

IF VI_Freeze THEN
    GVL_Retain.G_BlackBox_Frozen := TRUE;
END_IF;

VO_Frozen := GVL_Retain.G_BlackBox_Frozen;

IF NOT GVL_Retain.G_BlackBox_Frozen THEN
    GVL_Retain.G_BlackBox_Buffer[L_Write_Index] := VI_Current_Data;
    GVL_Retain.G_BlackBox_LastIndex := L_Write_Index;
    
    L_Write_Index := L_Write_Index + 1;
    IF L_Write_Index &gt;= GVL_CONSTANTS.C_MAX_BLACKBOX_RECORDS THEN
        L_Write_Index := 0;
    END_IF;
END_IF;

VO_Records_Count := GVL_CONSTANTS.C_MAX_BLACKBOX_RECORDS; // Размер кольцевого буфера
// &gt;&gt;&gt; BULK_SYNC_ANCHOR: FB_BlackBox_Recorder &lt;&lt;&lt;</xhtml>
    </ST>
  </body>
</pou>
<pou name="FB_DHW_Manager" pouType="functionBlock">
  <interface>
    <inputVars>
      <variable name="VI_System_Time_MS">
        <type>
          <UDINT />
        </type>
      </variable>
      <variable name="VI_Current_TOD">
        <type>
          <TOD />
        </type>
      </variable>
      <variable name="VI_IsActivePLC">
        <type>
          <BOOL />
        </type>
      </variable>
      <variable name="VI_Temp">
        <type>
          <REAL />
        </type>
      </
--- END GVL_Retain HIT 2 ---
--- GVL_Retain HIT 3 START=142344 END=142354 ---
type>
          <derived name="BOOL := FALSE" />
        </type>
      </variable>
    </localVars>
  </interface>
  <body>
    <ST>
      <xhtml xmlns="http://www.w3.org/1999/xhtml">IF NOT L_Initialized THEN
    L_Write_Index := GVL_Retain.G_BlackBox_LastIndex;
    IF L_Write_Index &lt; 0 OR L_Write_Index &gt;= GVL_CONSTANTS.C_MAX_BLACKBOX_RECORDS THEN
        L_Write_Index := 0;
        GVL_Retain.G_BlackBox_LastIndex := 0;
    END_IF;
    L_Initialized := TRUE;
END_IF;

IF VI_Freeze THEN
    GVL_Retain.G_BlackBox_Frozen := TRUE;
END_IF;

VO_Frozen := GVL_Retain.G_BlackBox_Frozen;

IF NOT GVL_Retain.G_BlackBox_Frozen THEN
    GVL_Retain.G_BlackBox_Buffer[L_Write_Index] := VI_Current_Data;
    GVL_Retain.G_BlackBox_LastIndex := L_Write_Index;
    
    L_Write_Index := L_Write_Index + 1;
    IF L_Write_Index &gt;= GVL_CONSTANTS.C_MAX_BLACKBOX_RECORDS THEN
        L_Write_Index := 0;
    END_IF;
END_IF;

VO_Records_Count := GVL_CONSTANTS.C_MAX_BLACKBOX_RECORDS; // Размер кольцевого буфера
// &gt;&gt;&gt; BULK_SYNC_ANCHOR: FB_BlackBox_Recorder &lt;&lt;&lt;</xhtml>
    </ST>
  </body>
</pou>
<pou name="FB_DHW_Manager" pouType="functionBlock">
  <interface>
    <inputVars>
      <variable name="VI_System_Time_MS">
        <type>
          <UDINT />
        </type>
      </variable>
      <variable name="VI_Current_TOD">
        <type>
          <TOD />
        </type>
      </variable>
      <variable name="VI_IsActivePLC">
        <type>
          <BOOL />
        </type>
      </variable>
      <variable name="VI_Temp">
        <type>
          <REAL />
        </type>
      </variable>
      <variable name="VI_Pressure">
        <type>
          <REAL />
        </type>
      </vari
--- END GVL_Retain HIT 3 ---
--- GVL_Retain HIT 4 START=142404 END=142414 ---
ype>
      </variable>
    </localVars>
  </interface>
  <body>
    <ST>
      <xhtml xmlns="http://www.w3.org/1999/xhtml">IF NOT L_Initialized THEN
    L_Write_Index := GVL_Retain.G_BlackBox_LastIndex;
    IF L_Write_Index &lt; 0 OR L_Write_Index &gt;= GVL_CONSTANTS.C_MAX_BLACKBOX_RECORDS THEN
        L_Write_Index := 0;
        GVL_Retain.G_BlackBox_LastIndex := 0;
    END_IF;
    L_Initialized := TRUE;
END_IF;

IF VI_Freeze THEN
    GVL_Retain.G_BlackBox_Frozen := TRUE;
END_IF;

VO_Frozen := GVL_Retain.G_BlackBox_Frozen;

IF NOT GVL_Retain.G_BlackBox_Frozen THEN
    GVL_Retain.G_BlackBox_Buffer[L_Write_Index] := VI_Current_Data;
    GVL_Retain.G_BlackBox_LastIndex := L_Write_Index;
    
    L_Write_Index := L_Write_Index + 1;
    IF L_Write_Index &gt;= GVL_CONSTANTS.C_MAX_BLACKBOX_RECORDS THEN
        L_Write_Index := 0;
    END_IF;
END_IF;

VO_Records_Count := GVL_CONSTANTS.C_MAX_BLACKBOX_RECORDS; // Размер кольцевого буфера
// &gt;&gt;&gt; BULK_SYNC_ANCHOR: FB_BlackBox_Recorder &lt;&lt;&lt;</xhtml>
    </ST>
  </body>
</pou>
<pou name="FB_DHW_Manager" pouType="functionBlock">
  <interface>
    <inputVars>
      <variable name="VI_System_Time_MS">
        <type>
          <UDINT />
        </type>
      </variable>
      <variable name="VI_Current_TOD">
        <type>
          <TOD />
        </type>
      </variable>
      <variable name="VI_IsActivePLC">
        <type>
          <BOOL />
        </type>
      </variable>
      <variable name="VI_Temp">
        <type>
          <REAL />
        </type>
      </variable>
      <variable name="VI_Pressure">
        <type>
          <REAL />
        </type>
      </variable>
      <variable name="VI_Config">
        <type>
     
--- END GVL_Retain HIT 4 ---
--- GVL_Retain HIT 5 START=142442 END=142452 ---
>
  </interface>
  <body>
    <ST>
      <xhtml xmlns="http://www.w3.org/1999/xhtml">IF NOT L_Initialized THEN
    L_Write_Index := GVL_Retain.G_BlackBox_LastIndex;
    IF L_Write_Index &lt; 0 OR L_Write_Index &gt;= GVL_CONSTANTS.C_MAX_BLACKBOX_RECORDS THEN
        L_Write_Index := 0;
        GVL_Retain.G_BlackBox_LastIndex := 0;
    END_IF;
    L_Initialized := TRUE;
END_IF;

IF VI_Freeze THEN
    GVL_Retain.G_BlackBox_Frozen := TRUE;
END_IF;

VO_Frozen := GVL_Retain.G_BlackBox_Frozen;

IF NOT GVL_Retain.G_BlackBox_Frozen THEN
    GVL_Retain.G_BlackBox_Buffer[L_Write_Index] := VI_Current_Data;
    GVL_Retain.G_BlackBox_LastIndex := L_Write_Index;
    
    L_Write_Index := L_Write_Index + 1;
    IF L_Write_Index &gt;= GVL_CONSTANTS.C_MAX_BLACKBOX_RECORDS THEN
        L_Write_Index := 0;
    END_IF;
END_IF;

VO_Records_Count := GVL_CONSTANTS.C_MAX_BLACKBOX_RECORDS; // Размер кольцевого буфера
// &gt;&gt;&gt; BULK_SYNC_ANCHOR: FB_BlackBox_Recorder &lt;&lt;&lt;</xhtml>
    </ST>
  </body>
</pou>
<pou name="FB_DHW_Manager" pouType="functionBlock">
  <interface>
    <inputVars>
      <variable name="VI_System_Time_MS">
        <type>
          <UDINT />
        </type>
      </variable>
      <variable name="VI_Current_TOD">
        <type>
          <TOD />
        </type>
      </variable>
      <variable name="VI_IsActivePLC">
        <type>
          <BOOL />
        </type>
      </variable>
      <variable name="VI_Temp">
        <type>
          <REAL />
        </type>
      </variable>
      <variable name="VI_Pressure">
        <type>
          <REAL />
        </type>
      </variable>
      <variable name="VI_Config">
        <type>
          <derived name="ST_DHW_Config" />

--- END GVL_Retain HIT 5 ---

NAME=GVL_STATE HITS=30
--- GVL_STATE HIT 1 START=147725 END=147734 ---
        <BOOL />
        </type>
      </variable>
      <variable name="L_Target_Temp_Adjusted">
        <type>
          <REAL />
        </type>
      </variable>
    </localVars>
  </interface>
  <body>
    <ST>
      <xhtml xmlns="http://www.w3.org/1999/xhtml">// &gt;&gt;&gt; SYNC_TEST_MARKER_001 &lt;&lt;&lt;


IF NOT VI_IsActivePLC THEN RETURN; END_IF;

L_DHW_V2_Shadow_Diff_Found := FALSE;
L_DHW_V2_Switch_Enabled := TRUE;
L_DHW_V2_Path_Ready := FALSE;
L_DHW_Using_Legacy_Fallback := TRUE;

GVL_STATE.G_DHW_IO_Fault := FALSE;
GVL_STATE.G_DHW_Sensor_Fault := FALSE;
GVL_STATE.G_DHW_Subsystem_Degraded := FALSE;

IF VI_Emergency_Stop THEN
    VO_Heating_Pump := FALSE;
    VO_Circ_Pump := FALSE;
    VO_Status.Warning := FALSE;
    VO_Status.Error := TRUE;
    VO_Status.Error_ID := GVL_CONFIG.ERR_DHW_IO_OFFLINE; // временно используем общий аварийный код до детализации safety-кодов
    VO_Status.Heating_Pump_On := FALSE;
    VO_Status.Circ_Pump_On := FALSE;
    RETURN;
END_IF;

// Фиксация текущего времени
L_Current_TOD := VI_Current_TOD;

// ========================================
// DHW POLICY LAYER
// ========================================
L_Policy_Safe_Stop := (VI_System_Mode = E_System_Operating_Mode.MODE_SAFE_STOP);
L_Policy_Freeze_Protection := (VI_System_Mode = E_System_Operating_Mode.MODE_FREEZE_PROTECTION);
L_Policy_Degraded := (VI_System_Mode = E_System_Operating_Mode.MODE_DEGRADED);
L_Target_Temp_Adjusted := VI_Config.Target_Temp;
IF L_Policy_Degraded THEN
    L_Target_Temp_Adjusted := VI_Config.Target_Temp - VI_Config.Degraded_Target_Delta;
END_IF;

// ========================================
// DHW POLICY OVERRIDE
// ========================================
IF L_Poli
--- END GVL_STATE HIT 1 ---
--- GVL_STATE HIT 2 START=147760 END=147769 ---
    </variable>
      <variable name="L_Target_Temp_Adjusted">
        <type>
          <REAL />
        </type>
      </variable>
    </localVars>
  </interface>
  <body>
    <ST>
      <xhtml xmlns="http://www.w3.org/1999/xhtml">// &gt;&gt;&gt; SYNC_TEST_MARKER_001 &lt;&lt;&lt;


IF NOT VI_IsActivePLC THEN RETURN; END_IF;

L_DHW_V2_Shadow_Diff_Found := FALSE;
L_DHW_V2_Switch_Enabled := TRUE;
L_DHW_V2_Path_Ready := FALSE;
L_DHW_Using_Legacy_Fallback := TRUE;

GVL_STATE.G_DHW_IO_Fault := FALSE;
GVL_STATE.G_DHW_Sensor_Fault := FALSE;
GVL_STATE.G_DHW_Subsystem_Degraded := FALSE;

IF VI_Emergency_Stop THEN
    VO_Heating_Pump := FALSE;
    VO_Circ_Pump := FALSE;
    VO_Status.Warning := FALSE;
    VO_Status.Error := TRUE;
    VO_Status.Error_ID := GVL_CONFIG.ERR_DHW_IO_OFFLINE; // временно используем общий аварийный код до детализации safety-кодов
    VO_Status.Heating_Pump_On := FALSE;
    VO_Status.Circ_Pump_On := FALSE;
    RETURN;
END_IF;

// Фиксация текущего времени
L_Current_TOD := VI_Current_TOD;

// ========================================
// DHW POLICY LAYER
// ========================================
L_Policy_Safe_Stop := (VI_System_Mode = E_System_Operating_Mode.MODE_SAFE_STOP);
L_Policy_Freeze_Protection := (VI_System_Mode = E_System_Operating_Mode.MODE_FREEZE_PROTECTION);
L_Policy_Degraded := (VI_System_Mode = E_System_Operating_Mode.MODE_DEGRADED);
L_Target_Temp_Adjusted := VI_Config.Target_Temp;
IF L_Policy_Degraded THEN
    L_Target_Temp_Adjusted := VI_Config.Target_Temp - VI_Config.Degraded_Target_Delta;
END_IF;

// ========================================
// DHW POLICY OVERRIDE
// ========================================
IF L_Policy_Safe_Stop THEN
    VO_Heating_Pu
--- END GVL_STATE HIT 2 ---
--- GVL_STATE HIT 3 START=147799 END=147808 ---
_Target_Temp_Adjusted">
        <type>
          <REAL />
        </type>
      </variable>
    </localVars>
  </interface>
  <body>
    <ST>
      <xhtml xmlns="http://www.w3.org/1999/xhtml">// &gt;&gt;&gt; SYNC_TEST_MARKER_001 &lt;&lt;&lt;


IF NOT VI_IsActivePLC THEN RETURN; END_IF;

L_DHW_V2_Shadow_Diff_Found := FALSE;
L_DHW_V2_Switch_Enabled := TRUE;
L_DHW_V2_Path_Ready := FALSE;
L_DHW_Using_Legacy_Fallback := TRUE;

GVL_STATE.G_DHW_IO_Fault := FALSE;
GVL_STATE.G_DHW_Sensor_Fault := FALSE;
GVL_STATE.G_DHW_Subsystem_Degraded := FALSE;

IF VI_Emergency_Stop THEN
    VO_Heating_Pump := FALSE;
    VO_Circ_Pump := FALSE;
    VO_Status.Warning := FALSE;
    VO_Status.Error := TRUE;
    VO_Status.Error_ID := GVL_CONFIG.ERR_DHW_IO_OFFLINE; // временно используем общий аварийный код до детализации safety-кодов
    VO_Status.Heating_Pump_On := FALSE;
    VO_Status.Circ_Pump_On := FALSE;
    RETURN;
END_IF;

// Фиксация текущего времени
L_Current_TOD := VI_Current_TOD;

// ========================================
// DHW POLICY LAYER
// ========================================
L_Policy_Safe_Stop := (VI_System_Mode = E_System_Operating_Mode.MODE_SAFE_STOP);
L_Policy_Freeze_Protection := (VI_System_Mode = E_System_Operating_Mode.MODE_FREEZE_PROTECTION);
L_Policy_Degraded := (VI_System_Mode = E_System_Operating_Mode.MODE_DEGRADED);
L_Target_Temp_Adjusted := VI_Config.Target_Temp;
IF L_Policy_Degraded THEN
    L_Target_Temp_Adjusted := VI_Config.Target_Temp - VI_Config.Degraded_Target_Delta;
END_IF;

// ========================================
// DHW POLICY OVERRIDE
// ========================================
IF L_Policy_Safe_Stop THEN
    VO_Heating_Pump := FALSE;
    VO_Circ_Pump := FALSE;
--- END GVL_STATE HIT 3 ---
--- GVL_STATE HIT 4 START=149877 END=149886 ---
сброс незащёлкнутых статусных флагов на текущий цикл.
// Критические ошибки ниже могут зафиксироваться и завершить выполнение через RETURN.
VO_Status.Warning := FALSE;
VO_Status.Error := FALSE;
VO_Status.Error_ID := 0;

// Сброс ошибок
IF VI_Reset_Errors THEN
    L_Error_Latched := FALSE;
    L_Error_ID_Latched := 0;
END_IF;

// Проверка связи с модулями ввода-вывода
FOR L_i := 1 TO GVL_CONSTANTS.C_MAX_MODULES DO
    IF NOT VI_IO_Modules_Online[L_i] THEN
        L_Error_Latched := TRUE;
        GVL_STATE.G_DHW_IO_Fault := TRUE;
        L_Error_ID_Latched := GVL_CONFIG.ERR_DHW_IO_OFFLINE; // Потеря связи с модулями ввода-вывода
    END_IF;
END_FOR;

// 1. Обработка неисправностей датчиков и сервисных режимов (ТЗ 7.0)
fbTempValidator(
    VI_Value := VI_Temp,
    VI_Min_Valid := 0.0,
    VI_Max_Valid := 100.0,
    VI_Fallback_Mode := 0,
    VI_Default_Value := 55.0
);

fbPressValidator(
    VI_Value := VI_Pressure,
    VI_Min_Valid := 0.0,
    VI_Max_Valid := 10.0,
    VI_Fallback_Mode := 0
);

VO_Status.Temp := fbTempValidator.VO_Value;
VO_Status.Pressure := fbPressValidator.VO_Value;

// Сохраняем последнее достоверное значение температуры ГВС.
// Используется только для диагностики/сервиса, не для fallback-управления.
IF NOT fbTempValidator.VO_Error THEN
    L_Last_Good_Temp := VO_Status.Temp;
END_IF;

IF fbTempValidator.VO_Error THEN
    GVL_STATE.G_DHW_Sensor_Fault := TRUE;
    L_Error_Latched := TRUE;
    L_Error_ID_Latched := GVL_CONFIG.ERR_DHW_TEMP_SENSOR_FAULT; // Критическая ошибка датчика температуры
ELSIF (VO_Status.Pressure &lt; 1.0 OR VO_Status.Pressure &gt; 4.0) AND NOT fbPressValidator.VO_Error THEN
    L_Error_Latched := TRUE;
    L_Error_ID_Latched := GVL_CONFIG.ER
--- END GVL_STATE HIT 4 ---
--- GVL_STATE HIT 5 START=150739 END=150748 ---
Value := 55.0
);

fbPressValidator(
    VI_Value := VI_Pressure,
    VI_Min_Valid := 0.0,
    VI_Max_Valid := 10.0,
    VI_Fallback_Mode := 0
);

VO_Status.Temp := fbTempValidator.VO_Value;
VO_Status.Pressure := fbPressValidator.VO_Value;

// Сохраняем последнее достоверное значение температуры ГВС.
// Используется только для диагностики/сервиса, не для fallback-управления.
IF NOT fbTempValidator.VO_Error THEN
    L_Last_Good_Temp := VO_Status.Temp;
END_IF;

IF fbTempValidator.VO_Error THEN
    GVL_STATE.G_DHW_Sensor_Fault := TRUE;
    L_Error_Latched := TRUE;
    L_Error_ID_Latched := GVL_CONFIG.ERR_DHW_TEMP_SENSOR_FAULT; // Критическая ошибка датчика температуры
ELSIF (VO_Status.Pressure &lt; 1.0 OR VO_Status.Pressure &gt; 4.0) AND NOT fbPressValidator.VO_Error THEN
    L_Error_Latched := TRUE;
    L_Error_ID_Latched := GVL_CONFIG.ERR_DHW_PRESSURE_OUT_OF_RANGE; // Давление вне нормы
END_IF;

IF L_Error_Latched THEN
    // Критическая ошибка: переход в безопасное состояние с полной остановкой насосов.
    VO_Heating_Pump := FALSE;
    VO_Circ_Pump := FALSE;
    VO_Status.Warning := FALSE;
    VO_Status.Error := TRUE;
    VO_Status.Error_ID := L_Error_ID_Latched;
    VO_Status.Heating_Pump_On := FALSE;
    VO_Status.Circ_Pump_On := FALSE;
    RETURN;
END_IF;

// Ошибка датчика давления не останавливает ГВС,
// но переводит подсистему в режим предупреждения (degraded mode).
IF fbPressValidator.VO_Error THEN
    GVL_STATE.G_DHW_Sensor_Fault := TRUE;
    GVL_STATE.G_DHW_Subsystem_Degraded := TRUE;
    VO_Status.Warning := TRUE;
    VO_Status.Error := FALSE;
    VO_Status.Error_ID := GVL_CONFIG.ERR_DHW_PRESSURE_SENSOR_FAULT;
END_IF;

// 2. Логика поддержания температуры воды в бойлере
--- END GVL_STATE HIT 5 ---

NAME=GVL_STATUS HITS=1
--- GVL_STATUS HIT 1 START=139383 END=139393 ---
    </variable>
      <variable name="L_Omega">
        <type>
          <REAL />
        </type>
      </variable>
      <variable name="L_Sunrise_Local">
        <type>
          <REAL />
        </type>
      </variable>
      <variable name="L_Sunset_Local">
        <type>
          <REAL />
        </type>
      </variable>
    </localVars>
  </interface>
  <body>
    <ST>
      <xhtml xmlns="http://www.w3.org/1999/xhtml">// &gt;&gt;&gt; SYNC_TEST_MARKER_002 &lt;&lt;&lt;


L_Current_TOD := GVL_STATUS.G_Current_TOD;
VO_Current_TOD := L_Current_TOD;

// Equation of Time (EoT) in minutes
L_B := 360.0 / 365.0 * TO_REAL(VI_Day_Of_Year - 81) * L_Rad;
L_EoT := 9.87 * SIN(2.0 * L_B) - 7.53 * COS(L_B) - 1.5 * SIN(L_B);

// Solar Declination in degrees
L_Declination := 23.45 * SIN(360.0 / 365.0 * TO_REAL(VI_Day_Of_Year + 284) * L_Rad);

// Hour angle
L_Cos_Omega := -TAN(VI_Latitude * L_Rad) * TAN(L_Declination * L_Rad);

IF L_Cos_Omega &gt; 1.0 THEN
    L_Cos_Omega := 1.0; // Polar night
ELSIF L_Cos_Omega &lt; -1.0 THEN
    L_Cos_Omega := -1.0; // Polar day
END_IF;

L_Omega := ACOS(L_Cos_Omega) * L_Deg;

// Sunrise and Sunset in local time (hours)
L_Sunrise_Local := 12.0 - (L_Omega / 15.0) - (L_EoT / 60.0) + (VI_Timezone * 15.0 - VI_Longitude) / 15.0;
L_Sunset_Local := 12.0 + (L_Omega / 15.0) - (L_EoT / 60.0) + (VI_Timezone * 15.0 - VI_Longitude) / 15.0;

// Handle bounds
IF L_Sunrise_Local &lt; 0.0 THEN L_Sunrise_Local := L_Sunrise_Local + 24.0; END_IF;
IF L_Sunrise_Local &gt;= 24.0 THEN L_Sunrise_Local := L_Sunrise_Local - 24.0; END_IF;
IF L_Sunset_Local &lt; 0.0 THEN L_Sunset_Local := L_Sunset_Local + 24.0; END_IF;
IF L_Sunset_Local &gt;= 24.0 THEN L_Sunset_Local := L_Sunset_Local - 
--- END GVL_STATUS HIT 1 ---

=== CONTAINER CANDIDATES ===
--- CONTAINER START ---
<pou name="FB_AccessCode_Manager" pouType="functionBlock">
  <interface>
    <inputVars>
      <variable name="VI_System_Time_MS">
        <type>
          <UDINT />
        </type>
      </variable>
      <variable name="VI_IsActivePLC">
        <type>
          <BOOL />
        </type>
      </variable>
      <variable name="VI_Code_To_Check">
        <type>
          <derived name="STRING(4)" />
        </type>
      </variable>
      <variable name="VI_RFID_To_Check">
        <type>
          <derived name="STRING(20)" />
        </type>
      </variable>
    </inputVars>
    <outputVars>
      <variable name="VO_Code_Valid">
        <type>
          <BOOL />
        </type>
      </variable>
    </outputVars>
    <inOutVars>
      <variable name="VI_Access_Codes">
        <type>
          <derived name="ARRAY[1..GVL_CONSTANTS.C_MAX_ACCESS_CODES] OF DWORD" />
        </type>
      </variable>
      <variable name="VI_RFID_Tags">
        <type>
          <derived name="ARRAY[1..GVL_CONSTANTS.C_MAX_ACCESS_CODES] OF STRING(20)" />
        </type>
      </variable>
    </inOutVars>
    <localVars>
      <variable name="L_i">
        <type>
          <INT />
        </type>
      </variable>
      <variable name="pCode">
        <type>
          <derived name="POINTER TO BYTE" />
        </type>
      </variable>
      <variable name="L_CRC_Calc">
        <type>
          <derived name="FB_CRC32_Calculator" />
        </type>
      </variable>
      <variable name="L_Input_Hash">
        <type>
          <DWORD />
        </type>
      </variable>
    </localVars>
  </interface>
  <body>
    <ST>
      <xhtml xmlns="http://www.w3.org/1999/xhtml">VO_Code_Valid := FALSE;

// Вычисляем хэш введенного кода
IF LEN(VI_Code_To_Check) &gt; 0 THEN
    pCode := ADR(VI_Code_To_Check);
    L_Input_Hash := L_CRC_Calc.Calculate(VI_DataRef := pCode^, VI_Size := TO_UDINT(LEN(VI_Code_To_Check)));
    FOR L_i := 1 TO GVL_CONSTANTS.C_MAX_ACCESS_CODES DO
        IF VI_Access_Codes[L_i] &lt;&gt; 0 AND VI_Access_Codes[L_i] = L_Input_Hash THEN
            VO_Code_Valid := TRUE;
            RETURN;
        END_IF;
    END_FOR;
END_IF;

// Проверяем RFID метку
IF LEN(VI_RFID_To_Check) &gt; 0 THEN
    FOR L_i := 1 TO GVL_CONSTANTS.C_MAX_ACCESS_CODES DO
        IF VI_RFID_Tags[L_i] &lt;&gt; '' AND VI_RFID_Tags[L_i] = VI_RFID_To_Check THEN
            VO_Code_Valid := TRUE;
            RETURN;
        END_IF;
    END_FOR;
END_IF;
// &gt;&gt;&gt; BULK_SYNC_ANCHOR: FB_AccessCode_Manager &lt;&lt;&lt;</xhtml>
    </ST>
  </body>
</pou>
--- CONTAINER END ---

--- CONTAINER START ---
<pou name="FB_Access_Control" pouType="functionBlock">
  <interface>
    <inputVars>
      <variable name="VI_System_Time_MS">
        <type>
          <UDINT />
        </type>
      </variable>
      <variable name="VI_IsActivePLC">
        <type>
          <BOOL />
        </type>
      </variable>
      <variable name="VI_Armed">
        <type>
          <BOOL />
        </type>
      </variable>
      <variable name="VI_System_Mode">
        <type>
          <derived name="E_System_Operating_Mode" />
        </type>
      </variable>
      <variable name="VI_Gate_Open_Req">
        <type>
          <BOOL />
        </type>
      </variable>
      <variable name="VI_Wicket_Open_Req">
        <type>
          <BOOL />
        </type>
      </variable>
      <variable name="VI_Lock_1_Open_Req">
        <type>
          <BOOL />
        </type>
      </variable>
      <variable name="VI_Lock_1_Close_Req">
        <type>
          <BOOL />
        </type>
      </variable>
      <variable name="VI_Lock_2_Open_Req">
        <type>
          <BOOL />
        </type>
      </variable>
      <variable name="VI_Lock_2_Close_Req">
        <type>
          <BOOL />
        </type>
      </variable>
      <variable name="VI_PIN_Code">
        <type>
          <derived name="STRING(4)" />
        </type>
      </variable>
      <variable name="VI_RFID_Tag">
        <type>
          <derived name="STRING(20)" />
        </type>
      </variable>
      <variable name="VI_Config">
        <type>
          <derived name="ST_Security_Global_Config" />
        </type>
      </variable>
    </inputVars>
    <outputVars>
      <variable name="VO_Gate_Open">
        <type>
          <BOOL />
        </type>
      </variable>
      <variable name="VO_Wicket_Open">
        <type>
          <BOOL />
        </type>
      </variable>
      <variable name="VO_Lock_1_Open">
        <type>
          <BOOL />
        </type>
      </variable>
      <variable name="VO_Lock_1_Close">
        <type>
          <BOOL />
        </type>
      </variable>
      <variable name="VO_Lock_2_Open">
        <type>
          <BOOL />
        </type>
      </variable>
      <variable name="VO_Lock_2_Close">
        <type>
          <BOOL />
        </type>
      </variable>
    </outputVars>
    <inOutVars>
      <variable name="VI_Access_Codes">
        <type>
          <derived name="ARRAY[1..GVL_CONSTANTS.C_MAX_ACCESS_CODES] OF DWORD" />
        </type>
      </variable>
      <variable name="VI_RFID_Tags">
        <type>
          <derived name="ARRAY[1..GVL_CONSTANTS.C_MAX_ACCESS_CODES] OF STRING(20)" />
        </type>
      </variable>
    </inOutVars>
    <localVars>
      <variable name="L_Gate_Timer">
        <type>
          <derived name="TP" />
        </type>
      </variable>
      <variable name="L_Wicket_Timer">
        <type>
          <derived name="TP" />
        </type>
      </variable>
      <variable name="L_Lock_1_Open_T">
        <type>
          <derived name="TP" />
        </type>
      </variable>
      <variable name="L_Lock_1_Close_T">
        <type>
          <derived name="TP" />
        </type>
      </variable>
      <variable name="L_Lock_2_Open_T">
        <type>
          <derived name="TP" />
        </type>
      </variable>
      <variable name="L_Lock_2_Close_T">
        <type>
          <derived name="TP" />
        </type>
      </variable>
      <variable name="L_Prev_Armed">
        <type>
          <BOOL />
        </type>
      </variable>
      <variable name="L_Auto_Lock_Req">
        <type>
          <BOOL />
        </type>
      </variable>
      <variable name="R_Trig_Gate">
        <type>
          <derived name="R_TRIG" />
        </type>
      </variable>
      <variable name="R_Trig_Wicket">
        <type>
          <derived name="R_TRIG" />
        </type>
      </variable>
      <variable name="R_Trig_Lock_1_O">
        <type>
          <derived name="R_TRIG" />
        </type>
      </variable>
      <variable name="R_Trig_Lock_1_C">
        <type>
          <derived name="R_TRIG" />
        </type>
      </variable>
      <variable name="R_Trig_Lock_2_O">
        <type>
          <derived name="R_TRIG" />
        </type>
      </variable>
      <variable name="R_Trig_Lock_2_C">
        <type>
          <derived name="R_TRIG" />
        </type>
      </variable>
      <variable name="fbAccessCode">
        <type>
          <derived name="FB_AccessCode_Manager" />
        </type>
      </variable>
      <variable name="L_Valid_PIN">
        <type>
          <BOOL />
        </type>
      </variable>
    </localVars>
  </interface>
  <body>
    <ST>
      <xhtml xmlns="http://www.w3.org/1999/xhtml">// Если ПЛК находится в режиме Standby (резерв), он не должен управлять выходами
IF NOT VI_IsActivePLC THEN
    RETURN;
END_IF;

IF VI_System_Mode = E_System_Operating_Mode.MODE_SAFE_STOP THEN
    VO_Gate_Open := FALSE;
    VO_Wicket_Open := FALSE;
    VO_Lock_1_Open := FALSE;
    VO_Lock_2_Open := FALSE;
    RETURN;
END_IF;

// 1. Логика автоматического закрытия замков при постановке на охрану (ТЗ 3.0)
// При переходе системы в режим &quot;Охрана&quot; принудительно блокируем все замки
IF VI_Armed AND NOT L_Prev_Armed THEN
    L_Auto_Lock_Req := TRUE;
END_IF;
L_Prev_Armed := VI_Armed;

// Детекторы фронта для команд
R_Trig_Gate(CLK := VI_Gate_Open_Req);
R_Trig_Wicket(CLK := VI_Wicket_Open_Req);
R_Trig_Lock_1_O(CLK := VI_Lock_1_Open_Req);
R_Trig_Lock_1_C(CLK := VI_Lock_1_Close_Req OR L_Auto_Lock_Req);
R_Trig_Lock_2_O(CLK := VI_Lock_2_Open_Req);
R_Trig_Lock_2_C(CLK := VI_Lock_2_Close_Req OR L_Auto_Lock_Req);

// Проверка PIN-кода или RFID-метки через менеджер кодов
fbAccessCode(
    VI_System_Time_MS := VI_System_Time_MS,
    VI_IsActivePLC := VI_IsActivePLC,
    VI_Code_To_Check := VI_PIN_Code,
    VI_RFID_To_Check := VI_RFID_Tag,
    VI_Access_Codes := VI_Access_Codes,
    VI_RFID_Tags := VI_RFID_Tags,
    VO_Code_Valid =&gt; L_Valid_PIN
);

// 2. Формирование импульсов упр
... [TRUNCATED] ...
--- CONTAINER END ---

--- CONTAINER START ---
<pou name="FB_Alarm_Manager" pouType="functionBlock">
  <interface>
    <inputVars>
      <variable name="VI_System_Time_MS">
        <type>
          <UDINT />
        </type>
      </variable>
      <variable name="VI_IsActivePLC">
        <type>
          <BOOL />
        </type>
      </variable>
      <variable name="VI_Gas_Alarm">
        <type>
          <BOOL />
        </type>
      </variable>
      <variable name="VI_Fire_Alarm">
        <type>
          <BOOL />
        </type>
      </variable>
      <variable name="VI_Flood_Alarm">
        <type>
          <BOOL />
        </type>
      </variable>
      <variable name="VI_Security_Alarm">
        <type>
          <BOOL />
        </type>
      </variable>
      <variable name="VI_First_Fault_Active">
        <type>
          <BOOL />
        </type>
      </variable>
      <variable name="VI_First_Fault_Type">
        <type>
          <INT />
        </type>
      </variable>
      <variable name="VI_First_Fault_Source">
        <type>
          <INT />
        </type>
      </variable>
      <variable name="VI_Security_Msg">
        <type>
          <derived name="STRING(200)" />
        </type>
      </variable>
      <variable name="VI_Acknowledge_All">
        <type>
          <BOOL />
        </type>
      </variable>
      <variable name="VI_Mute_Siren">
        <type>
          <BOOL />
        </type>
      </variable>
    </inputVars>
    <outputVars>
      <variable name="VO_Global_Critical">
        <type>
          <BOOL />
        </type>
      </variable>
      <variable name="VO_Global_Warning">
        <type>
          <BOOL />
        </type>
      </variable>
      <variable name="VO_Siren_Active">
        <type>
          <BOOL />
        </type>
      </variable>
      <variable name="VO_Active_Count">
        <type>
          <INT />
        </type>
      </variable>
      <variable name="VO_Unacked_Count">
        <type>
          <INT />
        </type>
      </variable>
      <variable name="VO_Event_Pulse">
        <type>
          <BOOL />
        </type>
      </variable>
      <variable name="VO_Event_Code">
        <type>
          <UDINT />
        </type>
      </variable>
      <variable name="VO_Event_Value">
        <type>
          <REAL />
        </type>
      </variable>
      <variable name="VO_Alarm_List">
        <type>
          <derived name="ARRAY[1..GVL_CONSTANTS.C_MAX_ALARMS] OF ST_Alarm_Record" />
        </type>
      </variable>
    </outputVars>
    <inOutVars>
      <variable name="VI_Boiler_Errors">
        <type>
          <derived name="ARRAY[1..GVL_CONSTANTS.C_MAX_BOILERS] OF BOOL" />
        </type>
      </variable>
    </inOutVars>
    <inOutVars>
      <variable name="VIO_Next_Alarm_ID">
        <type>
          <UDINT />
        </type>
      </variable>
    </inOutVars>
    <localVars>
      <variable name="fbCompatAlarm">
        <type>
          <derived name="ARRAY[1..GVL_CONSTANTS.C_MAX_ALARMS] OF FB_Alarm_Compatibility_Package_DRAFT" />
        </type>
      </variable>
      <variable name="L_i, L_j, L_k">
        <type>
          <INT />
        </type>
      </variable>
      <variable name="L_Target_Slot">
        <type>
          <INT />
        </type>
      </variable>
      <variable name="L_Min_Pri">
        <type>
          <INT />
        </type>
      </variable>
      <variable name="L_Pending_Alarms">
        <type>
          <derived name="ARRAY[1..10] OF ST_Alarm_Record" />
        </type>
      </variable>
      <variable name="L_Pending_Count">
        <type>
          <derived name="INT := 0" />
        </type>
      </variable>
      <variable name="T_Debounce_Gas">
        <type>
          <derived name="FB_System_Timer" />
        </type>
      </variable>
      <variable name="T_Debounce_Fire">
        <type>
          <derived name="FB_System_Timer" />
        </type>
      </variable>
      <variable name="T_Debounce_Flood">
        <type>
          <derived name="FB_System_Timer" />
        </type>
      </variable>
      <variable name="T_Debounce_Security">
        <type>
          <derived name="FB_System_Timer" />
        </type>
      </variable>
      <variable name="R_Trig_Gas">
        <type>
          <derived name="R_TRIG" />
        </type>
      </variable>
      <variable name="R_Trig_Fire">
        <type>
          <derived name="R_TRIG" />
        </type>
      </variable>
      <variable name="R_Trig_Flood">
        <type>
          <derived name="R_TRIG" />
        </type>
      </variable>
      <variable name="R_Trig_Security">
        <type>
          <derived name="R_TRIG" />
        </type>
      </variable>
      <variable name="R_Trig_First_Fault">
        <type>
          <derived name="R_TRIG" />
        </type>
      </variable>
      <variable name="R_Trig_Boiler">
        <type>
          <derived name="ARRAY[1..GVL_CONSTANTS.C_MAX_BOILERS] OF R_TRIG" />
        </type>
      </variable>
      <variable name="L_First_Fault_Source_Text">
        <type>
          <derived name="STRING(32)" />
        </type>
      </variable>
      <variable name="L_First_Fault_Type_Text">
        <type>
          <derived name="STRING(32)" />
        </type>
      </variable>
      <variable name="L_Event_Pulse_Latched">
        <type>
          <BOOL />
        </type>
      </variable>
      <variable name="L_Alarm_Compat_All_OK">
        <type>
          <BOOL />
        </type>
      </variable>
      <variable name="L_Alarm_First_Warning">
        <type>
          <derived name="STRING(255)" />
        </type>
      </variable>
      <variable name="L_Alarm_First_Warning_Latched">
        <type>
          <BOOL />
        </type>
      </variable>
      <variable name="L_Alarm_Shadow_Mismatch">
        <type>
          <BOOL />
        </type>
      </variable>
      <variable name="L_Alarm_Shadow_First_Mismatch">
        <type>
          <INT />
        </type>
      </variable>
      <variable name="L_Alarm_V2_Swit
... [TRUNCATED] ...
--- CONTAINER END ---

--- CONTAINER START ---
<pou name="FB_Astro_Timer" pouType="functionBlock">
  <interface>
    <inputVars>
      <variable name="VI_System_Time_MS">
        <type>
          <UDINT />
        </type>
      </variable>
      <variable name="VI_Latitude">
        <type>
          <derived name="REAL := 55.75" />
        </type>
      </variable>
      <variable name="VI_Longitude">
        <type>
          <derived name="REAL := 37.61" />
        </type>
      </variable>
      <variable name="VI_Timezone">
        <type>
          <derived name="REAL := 3.0" />
        </type>
      </variable>
      <variable name="VI_Day_Of_Year">
        <type>
          <UINT />
        </type>
      </variable>
    </inputVars>
    <outputVars>
      <variable name="VO_Sunset_Time">
        <type>
          <TOD />
        </type>
      </variable>
      <variable name="VO_Sunrise_Time">
        <type>
          <TOD />
        </type>
      </variable>
      <variable name="VO_Is_Night">
        <type>
          <BOOL />
        </type>
      </variable>
      <variable name="VO_Current_TOD">
        <type>
          <TOD />
        </type>
      </variable>
    </outputVars>
    <localVars>
      <variable name="L_Current_TOD">
        <type>
          <TOD />
        </type>
      </variable>
      <variable name="L_Pi">
        <type>
          <derived name="REAL := 3.14159265359" />
        </type>
      </variable>
      <variable name="L_Rad">
        <type>
          <derived name="REAL := 3.14159265359 / 180.0" />
        </type>
      </variable>
      <variable name="L_Deg">
        <type>
          <derived name="REAL := 180.0 / 3.14159265359" />
        </type>
      </variable>
      <variable name="L_B">
        <type>
          <REAL />
        </type>
      </variable>
      <variable name="L_EoT">
        <type>
          <REAL />
        </type>
      </variable>
      <variable name="L_Declination">
        <type>
          <REAL />
        </type>
      </variable>
      <variable name="L_Cos_Omega">
        <type>
          <REAL />
        </type>
      </variable>
      <variable name="L_Omega">
        <type>
          <REAL />
        </type>
      </variable>
      <variable name="L_Sunrise_Local">
        <type>
          <REAL />
        </type>
      </variable>
      <variable name="L_Sunset_Local">
        <type>
          <REAL />
        </type>
      </variable>
    </localVars>
  </interface>
  <body>
    <ST>
      <xhtml xmlns="http://www.w3.org/1999/xhtml">// &gt;&gt;&gt; SYNC_TEST_MARKER_002 &lt;&lt;&lt;


L_Current_TOD := GVL_STATUS.G_Current_TOD;
VO_Current_TOD := L_Current_TOD;

// Equation of Time (EoT) in minutes
L_B := 360.0 / 365.0 * TO_REAL(VI_Day_Of_Year - 81) * L_Rad;
L_EoT := 9.87 * SIN(2.0 * L_B) - 7.53 * COS(L_B) - 1.5 * SIN(L_B);

// Solar Declination in degrees
L_Declination := 23.45 * SIN(360.0 / 365.0 * TO_REAL(VI_Day_Of_Year + 284) * L_Rad);

// Hour angle
L_Cos_Omega := -TAN(VI_Latitude * L_Rad) * TAN(L_Declination * L_Rad);

IF L_Cos_Omega &gt; 1.0 THEN
    L_Cos_Omega := 1.0; // Polar night
ELSIF L_Cos_Omega &lt; -1.0 THEN
    L_Cos_Omega := -1.0; // Polar day
END_IF;

L_Omega := ACOS(L_Cos_Omega) * L_Deg;

// Sunrise and Sunset in local time (hours)
L_Sunrise_Local := 12.0 - (L_Omega / 15.0) - (L_EoT / 60.0) + (VI_Timezone * 15.0 - VI_Longitude) / 15.0;
L_Sunset_Local := 12.0 + (L_Omega / 15.0) - (L_EoT / 60.0) + (VI_Timezone * 15.0 - VI_Longitude) / 15.0;

// Handle bounds
IF L_Sunrise_Local &lt; 0.0 THEN L_Sunrise_Local := L_Sunrise_Local + 24.0; END_IF;
IF L_Sunrise_Local &gt;= 24.0 THEN L_Sunrise_Local := L_Sunrise_Local - 24.0; END_IF;
IF L_Sunset_Local &lt; 0.0 THEN L_Sunset_Local := L_Sunset_Local + 24.0; END_IF;
IF L_Sunset_Local &gt;= 24.0 THEN L_Sunset_Local := L_Sunset_Local - 24.0; END_IF;

// Конвертация в TOD
VO_Sunrise_Time := TO_TOD(TO_UDINT(L_Sunrise_Local * 3600000.0));
VO_Sunset_Time := TO_TOD(TO_UDINT(L_Sunset_Local * 3600000.0));

// ТЗ 15.2: Закат + 30 мин / Рассвет - 30 мин
VO_Is_Night := (L_Current_TOD &gt; (VO_Sunset_Time + T#30m)) OR (L_Current_TOD &lt; (VO_Sunrise_Time - T#30m));
// &gt;&gt;&gt; SYNC_TEST_MARKER_FORCE &lt;&lt;&lt;
// &gt;&gt;&gt; BULK_SYNC_ANCHOR: FB_Astro_Timer &lt;&lt;&lt;</xhtml>
    </ST>
  </body>
</pou>
--- CONTAINER END ---

--- CONTAINER START ---
<pou name="FB_BlackBox_Recorder" pouType="functionBlock">
  <interface>
    <inputVars>
      <variable name="VI_Current_Data">
        <type>
          <derived name="ST_BlackBox_Record" />
        </type>
      </variable>
      <variable name="VI_Freeze">
        <type>
          <BOOL />
        </type>
      </variable>
    </inputVars>
    <outputVars>
      <variable name="VO_Frozen">
        <type>
          <BOOL />
        </type>
      </variable>
      <variable name="VO_Records_Count">
        <type>
          <INT />
        </type>
      </variable>
    </outputVars>
    <localVars>
      <variable name="L_Write_Index">
        <type>
          <derived name="INT := 0" />
        </type>
      </variable>
      <variable name="L_Initialized">
        <type>
          <derived name="BOOL := FALSE" />
        </type>
      </variable>
    </localVars>
  </interface>
  <body>
    <ST>
      <xhtml xmlns="http://www.w3.org/1999/xhtml">IF NOT L_Initialized THEN
    L_Write_Index := GVL_Retain.G_BlackBox_LastIndex;
    IF L_Write_Index &lt; 0 OR L_Write_Index &gt;= GVL_CONSTANTS.C_MAX_BLACKBOX_RECORDS THEN
        L_Write_Index := 0;
        GVL_Retain.G_BlackBox_LastIndex := 0;
    END_IF;
    L_Initialized := TRUE;
END_IF;

IF VI_Freeze THEN
    GVL_Retain.G_BlackBox_Frozen := TRUE;
END_IF;

VO_Frozen := GVL_Retain.G_BlackBox_Frozen;

IF NOT GVL_Retain.G_BlackBox_Frozen THEN
    GVL_Retain.G_BlackBox_Buffer[L_Write_Index] := VI_Current_Data;
    GVL_Retain.G_BlackBox_LastIndex := L_Write_Index;
    
    L_Write_Index := L_Write_Index + 1;
    IF L_Write_Index &gt;= GVL_CONSTANTS.C_MAX_BLACKBOX_RECORDS THEN
        L_Write_Index := 0;
    END_IF;
END_IF;

VO_Records_Count := GVL_CONSTANTS.C_MAX_BLACKBOX_RECORDS; // Размер кольцевого буфера
// &gt;&gt;&gt; BULK_SYNC_ANCHOR: FB_BlackBox_Recorder &lt;&lt;&lt;</xhtml>
    </ST>
  </body>
</pou>
--- CONTAINER END ---

--- CONTAINER START ---
<pou name="FB_DHW_Manager" pouType="functionBlock">
  <interface>
    <inputVars>
      <variable name="VI_System_Time_MS">
        <type>
          <UDINT />
        </type>
      </variable>
      <variable name="VI_Current_TOD">
        <type>
          <TOD />
        </type>
      </variable>
      <variable name="VI_IsActivePLC">
        <type>
          <BOOL />
        </type>
      </variable>
      <variable name="VI_Temp">
        <type>
          <REAL />
        </type>
      </variable>
      <variable name="VI_Pressure">
        <type>
          <REAL />
        </type>
      </variable>
      <variable name="VI_Config">
        <type>
          <derived name="ST_DHW_Config" />
        </type>
      </variable>
      <variable name="VI_Current_Day_Of_Week">
        <type>
          <UINT />
        </type>
      </variable>
      <variable name="VI_Reset_Errors">
        <type>
          <BOOL />
        </type>
      </variable>
      <variable name="VI_Emergency_Stop">
        <type>
          <BOOL />
        </type>
      </variable>
      <variable name="VI_System_Mode">
        <type>
          <derived name="E_System_Operating_Mode" />
        </type>
      </variable>
      <variable name="VI_IO_Modules_Online">
        <type>
          <derived name="ARRAY[1..GVL_CONSTANTS.C_MAX_MODULES] OF BOOL" />
        </type>
      </variable>
    </inputVars>
    <outputVars>
      <variable name="VO_Status">
        <type>
          <derived name="ST_DHW_Status" />
        </type>
      </variable>
      <variable name="VO_Heating_Pump">
        <type>
          <BOOL />
        </type>
      </variable>
      <variable name="VO_Circ_Pump">
        <type>
          <BOOL />
        </type>
      </variable>
    </outputVars>
    <localVars>
      <variable name="fbDHWV2Staging">
        <type>
          <derived name="FB_DHW_V2_Staging_DRAFT" />
        </type>
      </variable>
      <variable name="L_DHW_V2_Command_Shadow">
        <type>
          <derived name="ST_DHW_Command_V2" />
        </type>
      </variable>
      <variable name="L_DHW_V2_State_Shadow">
        <type>
          <derived name="ST_DHW_State_V2" />
        </type>
      </variable>
      <variable name="L_DHW_V2_Shadow_Diff_Found">
        <type>
          <BOOL />
        </type>
      </variable>
      <variable name="L_DHW_V2_Switch_Enabled">
        <type>
          <BOOL />
        </type>
      </variable>
      <variable name="L_DHW_V2_Path_Ready">
        <type>
          <BOOL />
        </type>
      </variable>
      <variable name="L_DHW_Using_Legacy_Fallback">
        <type>
          <BOOL />
        </type>
      </variable>
      <variable name="L_i">
        <type>
          <INT />
        </type>
      </variable>
      <variable name="L_Current_TOD">
        <type>
          <TOD />
        </type>
      </variable>
      <variable name="L_Legionella_Active">
        <type>
          <BOOL />
        </type>
      </variable>
      <variable name="L_Legionella_Timer">
        <type>
          <derived name="FB_System_Timer" />
        </type>
      </variable>
      <variable name="L_Last_Good_Temp">
        <type>
          <derived name="REAL := 55.0" />
        </type>
      </variable>
      <variable name="L_Legionella_Done_Today">
        <type>
          <BOOL />
        </type>
      </variable>
      <variable name="L_Last_Legionella_Day">
        <type>
          <UINT />
        </type>
      </variable>
      <variable name="fbTempValidator">
        <type>
          <derived name="FB_Analog_Validator" />
        </type>
      </variable>
      <variable name="fbPressValidator">
        <type>
          <derived name="FB_Analog_Validator" />
        </type>
      </variable>
      <variable name="L_Error_Latched">
        <type>
          <BOOL />
        </type>
      </variable>
      <variable name="L_Error_ID_Latched">
        <type>
          <DWORD />
        </type>
      </variable>
      <variable name="L_Policy_Degraded">
        <type>
          <BOOL />
        </type>
      </variable>
      <variable name="L_Policy_Freeze_Protection">
        <type>
          <BOOL />
        </type>
      </variable>
      <variable name="L_Policy_Safe_Stop">
        <type>
          <BOOL />
        </type>
      </variable>
      <variable name="L_Target_Temp_Adjusted">
        <type>
          <REAL />
        </type>
      </variable>
    </localVars>
  </interface>
  <body>
    <ST>
      <xhtml xmlns="http://www.w3.org/1999/xhtml">// &gt;&gt;&gt; SYNC_TEST_MARKER_001 &lt;&lt;&lt;


IF NOT VI_IsActivePLC THEN RETURN; END_IF;

L_DHW_V2_Shadow_Diff_Found := FALSE;
L_DHW_V2_Switch_Enabled := TRUE;
L_DHW_V2_Path_Ready := FALSE;
L_DHW_Using_Legacy_Fallback := TRUE;

GVL_STATE.G_DHW_IO_Fault := FALSE;
GVL_STATE.G_DHW_Sensor_Fault := FALSE;
GVL_STATE.G_DHW_Subsystem_Degraded := FALSE;

IF VI_Emergency_Stop THEN
    VO_Heating_Pump := FALSE;
    VO_Circ_Pump := FALSE;
    VO_Status.Warning := FALSE;
    VO_Status.Error := TRUE;
    VO_Status.Error_ID := GVL_CONFIG.ERR_DHW_IO_OFFLINE; // временно используем общий аварийный код до детализации safety-кодов
    VO_Status.Heating_Pump_On := FALSE;
    VO_Status.Circ_Pump_On := FALSE;
    RETURN;
END_IF;

// Фиксация текущего времени
L_Current_TOD := VI_Current_TOD;

// ========================================
// DHW POLICY LAYER
// ========================================
L_Policy_Safe_Stop := (VI_System_Mode = E_System_Operating_Mode.MODE_SAFE_STOP);
L_Policy_Freeze_Protection := (VI_System_Mode = E_System_Operating_Mode.MODE_FREEZE_PROTECTION);
L_Policy_Degraded := (VI_System_Mode = E_System_Operating_Mode.MODE_DEGRADED);
L_Target_Temp_Adjusted := VI_Config.Target_Temp;
IF L_Policy_Degraded THEN
    L_Target_Temp_Adjusted := VI_Config.Target_Temp - VI_Config.Degraded_Target_Delta;
END_IF;

// ========================================
// DHW POLICY OVERRIDE
// ========================================
IF L_Policy_Safe_Stop THE
... [TRUNCATED] ...
--- CONTAINER END ---

--- CONTAINER START ---
<pou name="FB_Gas_Smoke_Manager" pouType="functionBlock">
  <interface>
    <inputVars>
      <variable name="VI_System_Time_MS">
        <type>
          <UDINT />
        </type>
      </variable>
      <variable name="VI_IsActivePLC">
        <type>
          <BOOL />
        </type>
      </variable>
      <variable name="VI_Mute_Request">
        <type>
          <BOOL />
        </type>
      </variable>
    </inputVars>
    <outputVars>
      <variable name="VO_Smoke_Detected">
        <type>
          <BOOL />
        </type>
      </variable>
      <variable name="VO_Gas_Detected">
        <type>
          <BOOL />
        </type>
      </variable>
      <variable name="VO_CO_Warning_Level">
        <type>
          <BOOL />
        </type>
      </variable>
      <variable name="VO_CO_Alarm_Level">
        <type>
          <BOOL />
        </type>
      </variable>
      <variable name="VO_Siren_Active">
        <type>
          <BOOL />
        </type>
      </variable>
      <variable name="VO_Gas_Valve_Close">
        <type>
          <BOOL />
        </type>
      </variable>
      <variable name="VO_Boiler_Stop">
        <type>
          <BOOL />
        </type>
      </variable>
      <variable name="VO_Vent_PV3_Boost">
        <type>
          <BOOL />
        </type>
      </variable>
      <variable name="VO_Supply_100_Req">
        <type>
          <BOOL />
        </type>
      </variable>
      <variable name="VO_Exhaust_100_Req">
        <type>
          <BOOL />
        </type>
      </variable>
      <variable name="VO_Supply_80_Req">
        <type>
          <BOOL />
        </type>
      </variable>
      <variable name="VO_Vent_Stop">
        <type>
          <BOOL />
        </type>
      </variable>
      <variable name="VO_Status_Msg">
        <type>
          <derived name="STRING(200)" />
        </type>
      </variable>
    </outputVars>
    <inOutVars>
      <variable name="VI_Methane_LEL">
        <type>
          <derived name="ARRAY[1..GVL_CONSTANTS.C_MAX_METHANE_SENSORS] OF REAL" />
        </type>
      </variable>
      <variable name="VI_CO_PPM">
        <type>
          <derived name="ARRAY[1..GVL_CONSTANTS.C_MAX_CO_SENSORS] OF REAL" />
        </type>
      </variable>
      <variable name="VI_Smoke_Sensors">
        <type>
          <derived name="ARRAY[1..GVL_CONSTANTS.C_MAX_SMOKE_SENSORS] OF BOOL" />
        </type>
      </variable>
    </inOutVars>
    <localVars>
      <variable name="L_Methane_Max">
        <type>
          <REAL />
        </type>
      </variable>
      <variable name="L_CO_Max">
        <type>
          <REAL />
        </type>
      </variable>
      <variable name="L_Smoke_Count">
        <type>
          <UINT />
        </type>
      </variable>
      <variable name="L_Smoke_Active">
        <type>
          <BOOL />
        </type>
      </variable>
      <variable name="L_i">
        <type>
          <INT />
        </type>
      </variable>
      <variable name="L_CO_Timer_30ppm">
        <type>
          <derived name="FB_System_Timer" />
        </type>
      </variable>
      <variable name="L_CO_Timer_70ppm">
        <type>
          <derived name="FB_System_Timer" />
        </type>
      </variable>
      <variable name="L_CO_Timer_400ppm">
        <type>
          <derived name="FB_System_Timer" />
        </type>
      </variable>
      <variable name="L_CO_Level_30">
        <type>
          <BOOL />
        </type>
      </variable>
      <variable name="L_CO_Level_70">
        <type>
          <BOOL />
        </type>
      </variable>
      <variable name="L_CO_Level_400">
        <type>
          <BOOL />
        </type>
      </variable>
      <variable name="L_Smoke_Timer">
        <type>
          <derived name="ARRAY[1..GVL_CONSTANTS.C_MAX_SMOKE_SENSORS] OF FB_System_Timer" />
        </type>
      </variable>
    </localVars>
  </interface>
  <body>
    <ST>
      <xhtml xmlns="http://www.w3.org/1999/xhtml">IF NOT VI_IsActivePLC THEN RETURN; END_IF;

// Reset outputs
VO_Smoke_Detected := FALSE;
VO_Gas_Detected := FALSE;
VO_CO_Warning_Level := FALSE;
VO_CO_Alarm_Level := FALSE;

VO_Siren_Active := FALSE;
VO_Gas_Valve_Close := FALSE;
VO_Boiler_Stop := FALSE;
VO_Vent_PV3_Boost := FALSE;
VO_Supply_100_Req := FALSE;
VO_Exhaust_100_Req := FALSE;
VO_Supply_80_Req := FALSE;
VO_Vent_Stop := FALSE;
VO_Status_Msg := 'ОК';

// --- Methane ---
L_Methane_Max := 0.0;
FOR L_i := 1 TO GVL_CONSTANTS.C_MAX_METHANE_SENSORS DO
    IF VI_Methane_LEL[L_i] &gt; L_Methane_Max THEN
        L_Methane_Max := VI_Methane_LEL[L_i];
    END_IF;
END_FOR;

IF L_Methane_Max &gt;= 10.0 THEN
    VO_Vent_PV3_Boost := TRUE;
END_IF;

IF L_Methane_Max &gt;= 20.0 THEN
    VO_Gas_Detected := TRUE;
    VO_Gas_Valve_Close := TRUE;
    VO_Boiler_Stop := TRUE;
    VO_Supply_100_Req := TRUE;
END_IF;

// --- CO ---
L_CO_Max := 0.0;
FOR L_i := 1 TO GVL_CONSTANTS.C_MAX_CO_SENSORS DO
    IF VI_CO_PPM[L_i] &gt; L_CO_Max THEN
        L_CO_Max := VI_CO_PPM[L_i];
    END_IF;
END_FOR;

L_CO_Level_30 := (L_CO_Max &gt;= 30.0);
L_CO_Level_70 := (L_CO_Max &gt;= 70.0);
L_CO_Level_400 := (L_CO_Max &gt;= 400.0);

L_CO_Timer_30ppm(IN := L_CO_Level_30, PT := T#8h, VI_System_Time_MS := VI_System_Time_MS);
L_CO_Timer_70ppm(IN := L_CO_Level_70, PT := T#1h, VI_System_Time_MS := VI_System_Time_MS);
L_CO_Timer_400ppm(IN := L_CO_Level_400, PT := T#15m, VI_System_Time_MS := VI_System_Time_MS);

IF L_CO_Timer_30ppm.Q THEN
    VO_CO_Warning_Level := TRUE;
    VO_Supply_80_Req := TRUE;
END_IF;

IF L_CO_Timer_70ppm.Q OR L_CO_Timer_400ppm.Q THEN
    VO_CO_Alarm_Level := TRUE;
    VO_Supply_80_Req := TRUE;
END_IF;

// --- Smoke ---
L_Smoke_Count := 0;
L_Smoke_Active := FALSE;

FOR L_i := 1 TO GVL_CONSTANTS.C_MAX_SMOKE_SENSORS DO
    L_Smoke_Timer[L_i](IN := VI_Smoke_Sensors[L_i], PT := T#30s, VI_System_Time_MS := VI_System_Time_MS);

    IF VI_Smoke_Sensors[L_i] THEN
        L_Smoke_Count := L_Smoke_Count + 1;
    END_IF;

    IF L_Smoke_Timer[L_i].Q OR (L_Smoke_Count &g
... [TRUNCATED] ...
--- CONTAINER END ---

--- CONTAINER START ---
<pou name="FB_Gateway_Interface" pouType="functionBlock">
  <interface>
    <inputVars>
      <variable name="VI_System_Time_MS">
        <type>
          <UDINT />
        </type>
      </variable>
      <variable name="VI_Local_PLC_Role">
        <type>
          <derived name="E_PLC_ROLE" />
        </type>
      </variable>
      <variable name="VI_Incoming_Command">
        <type>
          <derived name="ST_Gateway_Command" />
        </type>
      </variable>
      <variable name="VI_Command_Received">
        <type>
          <BOOL />
        </type>
      </variable>
      <variable name="VI_Outdoor_Temp">
        <type>
          <REAL />
        </type>
      </variable>
      <variable name="VI_Security_Armed">
        <type>
          <BOOL />
        </type>
      </variable>
      <variable name="VI_Flood_Alarm_Active">
        <type>
          <BOOL />
        </type>
      </variable>
      <variable name="VI_Gas_Alarm_Active">
        <type>
          <BOOL />
        </type>
      </variable>
      <variable name="VI_Fire_Alarm_Active">
        <type>
          <BOOL />
        </type>
      </variable>
      <variable name="VI_Methane_Concentration">
        <type>
          <REAL />
        </type>
      </variable>
      <variable name="VI_Active_Scenario">
        <type>
          <derived name="E_SCENARIO_TYPE" />
        </type>
      </variable>
      <variable name="VI_Send_2FA_Req">
        <type>
          <BOOL />
        </type>
      </variable>
      <variable name="VI_2FA_Code">
        <type>
          <derived name="STRING(6)" />
        </type>
      </variable>
    </inputVars>
    <outputVars>
      <variable name="VO_Modbus_Registers">
        <type>
          <derived name="ARRAY[0..GVL_CONSTANTS.C_MAX_MODBUS_REGISTERS-1] OF WORD" />
        </type>
      </variable>
      <variable name="VO_Lighting_Override">
        <type>
          <derived name="ARRAY[1..GVL_CONSTANTS.C_MAX_LIGHTING_ZONES] OF BYTE" />
        </type>
      </variable>
      <variable name="VO_Blinds_Override">
        <type>
          <derived name="ARRAY[1..GVL_CONSTANTS.C_MAX_BLINDS] OF BYTE" />
        </type>
      </variable>
      <variable name="VO_Socket_Override">
        <type>
          <derived name="ARRAY[1..GVL_CONSTANTS.C_MAX_SOCKETS] OF BOOL" />
        </type>
      </variable>
      <variable name="VO_Arm_Req">
        <type>
          <BOOL />
        </type>
      </variable>
      <variable name="VO_Disarm_Req">
        <type>
          <BOOL />
        </type>
      </variable>
      <variable name="VO_PIN_Code">
        <type>
          <derived name="STRING(4)" />
        </type>
      </variable>
      <variable name="VO_RFID_Tag">
        <type>
          <derived name="STRING(20)" />
        </type>
      </variable>
      <variable name="VO_2FA_Code_In">
        <type>
          <derived name="STRING(6)" />
        </type>
      </variable>
      <variable name="VO_Data_Ready">
        <type>
          <BOOL />
        </type>
      </variable>
      <variable name="VO_HMI_Status_Message">
        <type>
          <derived name="STRING(200)" />
        </type>
      </variable>
      <variable name="VO_Telegram_Msg">
        <type>
          <derived name="STRING(200)" />
        </type>
      </variable>
      <variable name="VO_Send_Telegram">
        <type>
          <BOOL />
        </type>
      </variable>
      <variable name="VO_Set_Scenario_Req">
        <type>
          <BOOL />
        </type>
      </variable>
      <variable name="VO_Target_Scenario">
        <type>
          <derived name="E_SCENARIO_TYPE" />
        </type>
      </variable>
      <variable name="VO_Set_Temp_Req">
        <type>
          <BOOL />
        </type>
      </variable>
      <variable name="VO_Target_Zone">
        <type>
          <INT />
        </type>
      </variable>
      <variable name="VO_Target_Temp">
        <type>
          <REAL />
        </type>
      </variable>
      <variable name="VO_Set_Vent_Req">
        <type>
          <BOOL />
        </type>
      </variable>
      <variable name="VO_Target_Vent_Speed">
        <type>
          <BYTE />
        </type>
      </variable>
      <variable name="VO_Reset_Errors_Req">
        <type>
          <BOOL />
        </type>
      </variable>
      <variable name="VO_Set_Config_Req">
        <type>
          <BOOL />
        </type>
      </variable>
      <variable name="VO_Sync_Time_Req">
        <type>
          <BOOL />
        </type>
      </variable>
      <variable name="VO_New_Time_MS">
        <type>
          <UDINT />
        </type>
      </variable>
    </outputVars>
    <inOutVars>
      <variable name="VI_FloorHeating_Temps">
        <type>
          <derived name="ARRAY[1..GVL_CONSTANTS.C_MAX_HEATING_CIRCUITS] OF REAL" />
        </type>
      </variable>
      <variable name="VI_Room_Temps">
        <type>
          <derived name="ARRAY[1..GVL_CONSTANTS.C_MAX_CLIMATE_ZONES] OF REAL" />
        </type>
      </variable>
      <variable name="VI_Zone_Valve_States">
        <type>
          <derived name="ARRAY[1..GVL_CONSTANTS.C_MAX_HEATING_CIRCUITS] OF BOOL" />
        </type>
      </variable>
      <variable name="VI_Manifold_Pressures">
        <type>
          <derived name="ARRAY[1..GVL_CONSTANTS.C_MAX_MANIFOLDS] OF REAL" />
        </type>
      </variable>
      <variable name="VI_Manifold_Pump_States">
        <type>
          <derived name="ARRAY[1..GVL_CONSTANTS.C_MAX_MANIFOLDS] OF BOOL" />
        </type>
      </variable>
      <variable name="VI_Lighting_Base_Levels">
        <type>
          <derived name="ARRAY[1..GVL_CONSTANTS.C_MAX_LIGHTING_ZONES] OF BYTE" />
        </type>
      </variable>
      <variable name="VI_Socket_States">
        <type>
          <derived name="ARRAY[1..GVL_CONSTANTS.C_MAX_SOCKETS] OF BOOL" />
        </type>
      </variable>
      <variable name="VI_Blinds_Positions">
        <type>
          <derived name="ARRAY[1..GVL_CONSTANTS.
... [TRUNCATED] ...
--- CONTAINER END ---

--- CONTAINER START ---
<pou name="FB_Heating_System_Manager" pouType="functionBlock">
  <interface>
    <inputVars>
      <variable name="VI_System_Mode">
        <type>
          <derived name="E_System_Operating_Mode" />
        </type>
      </variable>
      <variable name="VI_System_Time_MS">
        <type>
          <UDINT />
        </type>
      </variable>
      <variable name="VI_Current_TOD">
        <type>
          <TOD />
        </type>
      </variable>
      <variable name="VI_IsActivePLC">
        <type>
          <BOOL />
        </type>
      </variable>
      <variable name="VI_Outdoor_Temp">
        <type>
          <REAL />
        </type>
      </variable>
      <variable name="VI_Config">
        <type>
          <derived name="ST_Heating_Config" />
        </type>
      </variable>
      <variable name="VI_Tariff">
        <type>
          <derived name="ST_Tariff_Config" />
        </type>
      </variable>
      <variable name="VI_Current_Hour">
        <type>
          <UINT />
        </type>
      </variable>
      <variable name="VI_Boiler_Stop">
        <type>
          <BOOL />
        </type>
      </variable>
      <variable name="VI_DHW_Heating_Demand">
        <type>
          <BOOL />
        </type>
      </variable>
      <variable name="VI_DHW_Target_Temp">
        <type>
          <REAL />
        </type>
      </variable>
      <variable name="VI_Current_Scenario">
        <type>
          <derived name="E_SCENARIO_TYPE" />
        </type>
      </variable>
      <variable name="VI_Emergency_Stop">
        <type>
          <BOOL />
        </type>
      </variable>
      <variable name="VI_Gas_Safety_Stop">
        <type>
          <BOOL />
        </type>
      </variable>
      <variable name="VI_Boiler_Error_Status">
        <type>
          <derived name="ARRAY[1..GVL_CONSTANTS.C_MAX_BOILERS] OF BOOL" />
        </type>
      </variable>
      <variable name="VI_Boiler_OT_Online">
        <type>
          <derived name="ARRAY[1..GVL_CONSTANTS.C_MAX_BOILERS] OF BOOL" />
        </type>
      </variable>
      <variable name="VI_Boiler_Modulation">
        <type>
          <derived name="ARRAY[1..GVL_CONSTANTS.C_MAX_BOILERS] OF REAL" />
        </type>
      </variable>
    </inputVars>
    <outputVars>
      <variable name="VO_Manifold_Valves">
        <type>
          <derived name="ARRAY[1..GVL_CONSTANTS.C_MAX_MANIFOLDS] OF REAL" />
        </type>
      </variable>
      <variable name="VO_Manifold_Pumps">
        <type>
          <derived name="ARRAY[1..GVL_CONSTANTS.C_MAX_MANIFOLDS] OF BOOL" />
        </type>
      </variable>
      <variable name="VO_Zone_Valves">
        <type>
          <derived name="ARRAY[1..GVL_CONSTANTS.C_MAX_HEATING_CIRCUITS] OF BOOL" />
        </type>
      </variable>
      <variable name="VO_Boiler_OT_Enable">
        <type>
          <derived name="ARRAY[1..GVL_CONSTANTS.C_MAX_BOILERS] OF BOOL" />
        </type>
      </variable>
      <variable name="VO_Boiler_OT_Setpoint">
        <type>
          <derived name="ARRAY[1..GVL_CONSTANTS.C_MAX_BOILERS] OF REAL" />
        </type>
      </variable>
      <variable name="VO_Backup_Circulation_Pump">
        <type>
          <BOOL />
        </type>
      </variable>
      <variable name="VO_Electric_Heater_Enable">
        <type>
          <BOOL />
        </type>
      </variable>
      <variable name="VO_Freeze_Risk_Status">
        <type>
          <BOOL />
        </type>
      </variable>
      <variable name="VO_Status">
        <type>
          <derived name="ARRAY[1..GVL_CONSTANTS.C_MAX_MANIFOLDS] OF ST_Manifold_Status" />
        </type>
      </variable>
      <variable name="VO_Boiler_Status">
        <type>
          <derived name="ARRAY[1..GVL_CONSTANTS.C_MAX_BOILERS] OF ST_Boiler_Status" />
        </type>
      </variable>
    </outputVars>
    <inOutVars>
      <variable name="VI_Floor_Temps">
        <type>
          <derived name="ARRAY[1..GVL_CONSTANTS.C_MAX_HEATING_CIRCUITS] OF REAL" />
        </type>
      </variable>
      <variable name="VI_Room_Temps">
        <type>
          <derived name="ARRAY[1..GVL_CONSTANTS.C_MAX_CLIMATE_ZONES] OF REAL" />
        </type>
      </variable>
      <variable name="VI_Manifold_Pressures">
        <type>
          <derived name="ARRAY[1..GVL_CONSTANTS.C_MAX_MANIFOLDS] OF REAL" />
        </type>
      </variable>
      <variable name="VI_Manifold_Currents">
        <type>
          <derived name="ARRAY[1..GVL_CONSTANTS.C_MAX_MANIFOLDS] OF REAL" />
        </type>
      </variable>
      <variable name="VI_Manifold_Temps_Supply">
        <type>
          <derived name="ARRAY[1..GVL_CONSTANTS.C_MAX_MANIFOLDS] OF REAL" />
        </type>
      </variable>
      <variable name="VI_Manifold_Temps_Return">
        <type>
          <derived name="ARRAY[1..GVL_CONSTANTS.C_MAX_MANIFOLDS] OF REAL" />
        </type>
      </variable>
      <variable name="VI_Boiler_Flame_Status">
        <type>
          <derived name="ARRAY[1..GVL_CONSTANTS.C_MAX_BOILERS] OF BOOL" />
        </type>
      </variable>
      <variable name="VI_Zone_Configs">
        <type>
          <derived name="ARRAY[1..GVL_CONSTANTS.C_MAX_HEATING_CIRCUITS] OF ST_FloorHeating_Circuit_Config" />
        </type>
      </variable>
      <variable name="VI_Rule_Actions">
        <type>
          <derived name="ARRAY[1..GVL_CONSTANTS.C_MAX_RULES] OF ST_Rule_Action" />
        </type>
      </variable>
      <variable name="VI_IO_Modules_Online">
        <type>
          <derived name="ARRAY[1..GVL_CONSTANTS.C_MAX_MODULES] OF BOOL" />
        </type>
      </variable>
      <variable name="VI_Scenario_Configs">
        <type>
          <derived name="ARRAY[1..GVL_CONSTANTS.C_MAX_SCENARIOS] OF ST_Scenario_Config" />
        </type>
      </variable>
      <variable name="VI_Manifold_End_Switches">
        <type>
          <derived name="ARRAY[1..GVL_CONSTANTS.C_MAX_MANIFOLDS] OF BOOL" />
        </type>
      </variable>
      <variable name="VI_Valve_Test_Config">
   
... [TRUNCATED] ...
--- CONTAINER END ---

--- CONTAINER START ---
<pou name="FB_History_Manager" pouType="functionBlock">
  <interface>
    <inputVars>
      <variable name="VI_System_Time_MS">
        <type>
          <UDINT />
        </type>
      </variable>
      <variable name="VI_Write_Event">
        <type>
          <BOOL />
        </type>
      </variable>
      <variable name="VI_Event">
        <type>
          <derived name="ST_History_Record" />
        </type>
      </variable>
    </inputVars>
    <outputVars>
      <variable name="VO_Total_Events">
        <type>
          <UDINT />
        </type>
      </variable>
    </outputVars>
    <localVars>
      <variable name="L_Prev_Write_Event">
        <type>
          <BOOL />
        </type>
      </variable>
    </localVars>
  </interface>
  <body>
    <ST>
      <xhtml xmlns="http://www.w3.org/1999/xhtml">IF VI_Write_Event AND NOT L_Prev_Write_Event THEN
    GVL_Retain.G_History_Buffer[GVL_Retain.G_History_Write_Idx] := VI_Event;
    GVL_Retain.G_History_Buffer[GVL_Retain.G_History_Write_Idx].timestamp_ms := VI_System_Time_MS;
    
    GVL_Retain.G_History_Write_Idx := (GVL_Retain.G_History_Write_Idx MOD GVL_CONSTANTS.C_MAX_HISTORY_RECORDS) + 1;
    GVL_Retain.G_History_Total_Events := GVL_Retain.G_History_Total_Events + 1;
END_IF;
L_Prev_Write_Event := VI_Write_Event;

VO_Total_Events := GVL_Retain.G_History_Total_Events;
// &gt;&gt;&gt; BULK_SYNC_ANCHOR: FB_History_Manager &lt;&lt;&lt;</xhtml>
    </ST>
  </body>
</pou>
--- CONTAINER END ---

--- CONTAINER START ---
<pou name="FB_Lighting_Blinds_Manager" pouType="functionBlock">
  <interface>
    <inputVars>
      <variable name="VI_System_Time_MS">
        <type>
          <UDINT />
        </type>
      </variable>
      <variable name="VI_IsActivePLC">
        <type>
          <BOOL />
        </type>
      </variable>
      <variable name="VI_Current_Scenario">
        <type>
          <derived name="E_SCENARIO_TYPE" />
        </type>
      </variable>
      <variable name="VI_Away_Level">
        <type>
          <BYTE />
        </type>
      </variable>
      <variable name="VI_Simulation_Active">
        <type>
          <BOOL />
        </type>
      </variable>
      <variable name="VI_Is_Night">
        <type>
          <BOOL />
        </type>
      </variable>
      <variable name="VI_System_Mode">
        <type>
          <derived name="E_System_Operating_Mode" />
        </type>
      </variable>
    </inputVars>
    <outputVars>
      <variable name="VO_Lighting_Levels">
        <type>
          <derived name="ARRAY[1..GVL_CONSTANTS.C_MAX_LIGHTING_ZONES] OF BYTE" />
        </type>
      </variable>
      <variable name="VO_Blinds_Positions">
        <type>
          <derived name="ARRAY[1..GVL_CONSTANTS.C_MAX_BLINDS] OF BYTE" />
        </type>
      </variable>
      <variable name="VO_Wet_Zone_Light_Active">
        <type>
          <derived name="ARRAY[1..GVL_CONSTANTS.C_MAX_WET_ZONES] OF BOOL" />
        </type>
      </variable>
    </outputVars>
    <inOutVars>
      <variable name="VI_Manual_Light_Override">
        <type>
          <derived name="ARRAY[1..GVL_CONSTANTS.C_MAX_LIGHTING_ZONES] OF BYTE" />
        </type>
      </variable>
      <variable name="VI_Manual_Blinds_Override">
        <type>
          <derived name="ARRAY[1..GVL_CONSTANTS.C_MAX_BLINDS] OF BYTE" />
        </type>
      </variable>
      <variable name="VI_Simulation_Lights">
        <type>
          <derived name="ARRAY[1..GVL_CONSTANTS.C_MAX_LIGHTING_ZONES] OF BOOL" />
        </type>
      </variable>
      <variable name="VI_Physical_Switches">
        <type>
          <derived name="ARRAY[1..GVL_CONSTANTS.C_MAX_LIGHTING_ZONES] OF BOOL" />
        </type>
      </variable>
      <variable name="VI_Motion_Sensors">
        <type>
          <derived name="ARRAY[1..GVL_CONSTANTS.C_MAX_LIGHTING_ZONES] OF BOOL" />
        </type>
      </variable>
      <variable name="VI_Rule_Actions">
        <type>
          <derived name="ARRAY[1..GVL_CONSTANTS.C_MAX_RULES] OF ST_Rule_Action" />
        </type>
      </variable>
      <variable name="VI_IO_Modules_Online">
        <type>
          <derived name="ARRAY[1..GVL_CONSTANTS.C_MAX_MODULES] OF BOOL" />
        </type>
      </variable>
      <variable name="VI_Wet_Zone_Map">
        <type>
          <derived name="ARRAY[1..GVL_CONSTANTS.C_MAX_LIGHTING_ZONES] OF BOOL" />
        </type>
      </variable>
      <variable name="VI_Scenario_Configs">
        <type>
          <derived name="ARRAY[1..GVL_CONSTANTS.C_MAX_SCENARIOS] OF ST_Scenario_Config" />
        </type>
      </variable>
    </inOutVars>
    <localVars>
      <variable name="fbBlindsV2Staging">
        <type>
          <derived name="FB_Blinds_V2_Staging_DRAFT" />
        </type>
      </variable>
      <variable name="L_Blinds_V2_Command_Shadow">
        <type>
          <derived name="ST_Blinds_Command_V2" />
        </type>
      </variable>
      <variable name="L_Blinds_V2_State_Shadow">
        <type>
          <derived name="ST_Blinds_State_V2" />
        </type>
      </variable>
      <variable name="L_Blinds_V2_Shadow_Diff_Found">
        <type>
          <BOOL />
        </type>
      </variable>
      <variable name="L_Blinds_V2_Switch_Enabled">
        <type>
          <BOOL />
        </type>
      </variable>
      <variable name="L_Blinds_V2_Path_Ready">
        <type>
          <BOOL />
        </type>
      </variable>
      <variable name="L_Blinds_Using_Legacy_Fallback">
        <type>
          <BOOL />
        </type>
      </variable>
      <variable name="fbLightingV2Staging">
        <type>
          <derived name="FB_Lighting_V2_Staging_DRAFT" />
        </type>
      </variable>
      <variable name="L_Lighting_V2_Command_Shadow">
        <type>
          <derived name="ST_Lighting_Command_V2" />
        </type>
      </variable>
      <variable name="L_Lighting_V2_State_Shadow">
        <type>
          <derived name="ST_Lighting_State_V2" />
        </type>
      </variable>
      <variable name="L_Lighting_V2_Shadow_Diff_Found">
        <type>
          <BOOL />
        </type>
      </variable>
      <variable name="L_Lighting_V2_Switch_Enabled">
        <type>
          <BOOL />
        </type>
      </variable>
      <variable name="L_Lighting_V2_Path_Ready">
        <type>
          <BOOL />
        </type>
      </variable>
      <variable name="L_Lighting_Using_Legacy_Fallback">
        <type>
          <BOOL />
        </type>
      </variable>
      <variable name="L_i">
        <type>
          <INT />
        </type>
      </variable>
      <variable name="L_j">
        <type>
          <INT />
        </type>
      </variable>
      <variable name="L_Base_Light">
        <type>
          <BYTE />
        </type>
      </variable>
      <variable name="L_Base_Blinds">
        <type>
          <BYTE />
        </type>
      </variable>
      <variable name="L_Target_Base_Light">
        <type>
          <BYTE />
        </type>
      </variable>
      <variable name="L_Target_Base_Blinds">
        <type>
          <BYTE />
        </type>
      </variable>
      <variable name="L_Prev_Scenario">
        <type>
          <derived name="E_SCENARIO_TYPE" />
        </type>
      </variable>
      <variable name="L_Transition_Light">
        <type>
          <derived name="FB_Scenario_Transition_Controller" />
        </type>
      </variable>
      <variable name="L_Transition_Blinds">
        <type>
          <derived name="FB_Scenario_Transition_Controlle
... [TRUNCATED] ...
--- CONTAINER END ---

--- CONTAINER START ---
<pou name="FB_NVRAM_Manager" pouType="functionBlock">
  <interface>
    <inputVars>
      <variable name="VI_Command">
        <type>
          <BYTE />
        </type>
      </variable>
      <variable name="VI_Offset">
        <type>
          <UDINT />
        </type>
      </variable>
      <variable name="VI_DataRef">
        <type>
          <derived name="REFERENCE TO BYTE" />
        </type>
      </variable>
      <variable name="VI_DataSize">
        <type>
          <UDINT />
        </type>
      </variable>
      <variable name="VI_System_Time_MS">
        <type>
          <UDINT />
        </type>
      </variable>
      <variable name="VI_Operator_ID">
        <type>
          <derived name="STRING(10)" />
        </type>
      </variable>
      <variable name="VI_IsActivePLC">
        <type>
          <BOOL />
        </type>
      </variable>
      <variable name="VI_TwoPersonConfirmation">
        <type>
          <BOOL />
        </type>
      </variable>
    </inputVars>
    <outputVars>
      <variable name="VO_Done">
        <type>
          <BOOL />
        </type>
      </variable>
      <variable name="VO_Error">
        <type>
          <BOOL />
        </type>
      </variable>
      <variable name="VO_ErrorID">
        <type>
          <UDINT />
        </type>
      </variable>
      <variable name="VO_ReadDataRef">
        <type>
          <derived name="REFERENCE TO BYTE" />
        </type>
      </variable>
      <variable name="VO_HMI_Status_Message">
        <type>
          <derived name="STRING(200)" />
        </type>
      </variable>
    </outputVars>
    <localVars>
      <variable name="L_prev_Command">
        <type>
          <BYTE />
        </type>
      </variable>
      <variable name="L_cmd_rising">
        <type>
          <BOOL />
        </type>
      </variable>
      <variable name="L_i">
        <type>
          <UDINT />
        </type>
      </variable>
      <variable name="L_Last_Write_Time_MS">
        <type>
          <derived name="UDINT := 0" />
        </type>
      </variable>
      <variable name="L_Data_Changed">
        <type>
          <BOOL />
        </type>
      </variable>
    </localVars>
    <localVars>
      <variable name="C_MAX_NVRAM_SIZE">
        <type>
          <derived name="UDINT := 12800" />
        </type>
      </variable>
    </localVars>
  </interface>
  <body>
    <ST>
      <xhtml xmlns="http://www.w3.org/1999/xhtml">// Детекция фронта команды
L_cmd_rising := (VI_Command &lt;&gt; 0) AND (L_prev_Command = 0);
L_prev_Command := VI_Command;

IF L_cmd_rising THEN
    VO_Done := FALSE;
    VO_Error := FALSE;
    VO_ErrorID := 0;
    VO_HMI_Status_Message := '';
    
    // Валидация смещения
    IF VI_Offset &gt;= C_MAX_NVRAM_SIZE THEN
        VO_Error := TRUE;
        VO_ErrorID := 16#1501;
        VO_HMI_Status_Message := 'NVRAM: Неверное смещение';
        VO_Done := TRUE;
        RETURN;
    END_IF;

    // Валидация указателя
    IF NOT __ISVALIDREF(VI_DataRef) THEN
        VO_Error := TRUE;
        VO_ErrorID := 16#150A;
        VO_HMI_Status_Message := 'NVRAM: Недействительная ссылка на данные';
        VO_Done := TRUE;
        RETURN;
    END_IF;

    IF (VI_Offset + VI_DataSize) &gt; C_MAX_NVRAM_SIZE THEN
        VO_Error := TRUE;
        VO_ErrorID := 16#150B;
        VO_HMI_Status_Message := 'NVRAM: Размер данных превышает доступный объем';
        VO_Done := TRUE;
        RETURN;
    END_IF;

    IF VI_Command = 1 THEN // ЗАПИСЬ (WRITE)
        IF NOT VI_IsActivePLC THEN
            VO_Error := TRUE;
            VO_ErrorID := 16#1509;
            VO_HMI_Status_Message := 'NVRAM: Запись запрещена (STANDBY)';
        ELSE
            // Ограничение частоты записи (не чаще 1 раза в 60 секунд)
            IF F_TimeDiff(VI_System_Time_MS, L_Last_Write_Time_MS) &lt; 60000 AND L_Last_Write_Time_MS &lt;&gt; 0 THEN
                VO_Error := TRUE;
                VO_ErrorID := 16#150C;
                VO_HMI_Status_Message := 'NVRAM: Превышена частота записи (лимит 1 раз в 60с)';
            ELSE
                // Проверка на изменение данных перед записью
                L_Data_Changed := FALSE;
                IF MEMCMP(ADR(GVL_Retain.G_NVRAM_Data[VI_Offset]), ADR(VI_DataRef), VI_DataSize) &lt;&gt; 0 THEN
                    L_Data_Changed := TRUE;
                END_IF;
                
                IF L_Data_Changed THEN
                    // Копируем данные используя MEMCPY
                    MEMCPY(ADR(GVL_Retain.G_NVRAM_Data[VI_Offset]), ADR(VI_DataRef), VI_DataSize);
                    L_Last_Write_Time_MS := VI_System_Time_MS;
                    VO_HMI_Status_Message := 'NVRAM: Данные успешно сохранены в RETAIN';
                ELSE
                    VO_HMI_Status_Message := 'NVRAM: Данные не изменились, запись пропущена';
                END_IF;
            END_IF;
        END_IF;
        VO_Done := TRUE;
        
    ELSIF VI_Command = 2 THEN // ЧТЕНИЕ (READ)
        // Копируем данные используя MEMCPY
        MEMCPY(ADR(VI_DataRef), ADR(GVL_Retain.G_NVRAM_Data[VI_Offset]), VI_DataSize);
        VO_ReadDataRef REF= VI_DataRef;
        VO_HMI_Status_Message := 'NVRAM: Данные успешно прочитаны из RETAIN';
        VO_Done := TRUE;
    END_IF;
END_IF;

IF VI_Command = 0 THEN
    VO_Done := FALSE;
END_IF;
// &gt;&gt;&gt; BULK_SYNC_ANCHOR: FB_NVRAM_Manager &lt;&lt;&lt;</xhtml>
    </ST>
  </body>
</pou>
--- CONTAINER END ---

--- CONTAINER START ---
<pou name="FB_Rule_Engine" pouType="functionBlock">
  <interface>
    <inputVars>
      <variable name="VI_System_Time_MS">
        <type>
          <UDINT />
        </type>
      </variable>
      <variable name="VI_IsActivePLC">
        <type>
          <BOOL />
        </type>
      </variable>
      <variable name="VI_Security_Armed">
        <type>
          <BOOL />
        </type>
      </variable>
      <variable name="VI_Current_Time">
        <type>
          <TOD />
        </type>
      </variable>
      <variable name="VI_Day_Of_Week">
        <type>
          <INT />
        </type>
      </variable>
    </inputVars>
    <outputVars>
      <variable name="VO_Actions">
        <type>
          <derived name="ARRAY[1..GVL_CONSTANTS.C_MAX_RULES] OF ST_Rule_Action" />
        </type>
      </variable>
    </outputVars>
    <inOutVars>
      <variable name="VI_Rules">
        <type>
          <derived name="ARRAY[1..GVL_CONSTANTS.C_MAX_RULES] OF ST_User_Rule" />
        </type>
      </variable>
      <variable name="VI_Indoor_Temps">
        <type>
          <derived name="ARRAY[1..GVL_CONSTANTS.C_MAX_CLIMATE_ZONES] OF REAL" />
        </type>
      </variable>
      <variable name="VI_Floor_Temps">
        <type>
          <derived name="ARRAY[1..GVL_CONSTANTS.C_MAX_HEATING_CIRCUITS] OF REAL" />
        </type>
      </variable>
      <variable name="VI_Humidities">
        <type>
          <derived name="ARRAY[1..GVL_CONSTANTS.C_MAX_CLIMATE_ZONES] OF REAL" />
        </type>
      </variable>
      <variable name="VI_CO2_Levels">
        <type>
          <derived name="ARRAY[1..GVL_CONSTANTS.C_MAX_CLIMATE_ZONES] OF REAL" />
        </type>
      </variable>
      <variable name="VI_Motion_Sensors">
        <type>
          <derived name="ARRAY[1..GVL_CONSTANTS.C_MAX_CLIMATE_ZONES] OF BOOL" />
        </type>
      </variable>
      <variable name="VI_Door_Sensors">
        <type>
          <derived name="ARRAY[1..GVL_CONSTANTS.C_MAX_DOOR_SENSORS] OF BOOL" />
        </type>
      </variable>
      <variable name="VI_Window_Sensors">
        <type>
          <derived name="ARRAY[1..GVL_CONSTANTS.C_MAX_CLIMATE_ZONES] OF BOOL" />
        </type>
      </variable>
      <variable name="VI_Water_Sensors">
        <type>
          <derived name="ARRAY[1..GVL_CONSTANTS.C_MAX_FLOOD_SENSORS] OF BOOL" />
        </type>
      </variable>
      <variable name="VI_Smoke_Sensors">
        <type>
          <derived name="ARRAY[1..GVL_CONSTANTS.C_MAX_SMOKE_SENSORS] OF BOOL" />
        </type>
      </variable>
      <variable name="VI_Methane_Sensors">
        <type>
          <derived name="ARRAY[1..GVL_CONSTANTS.C_MAX_METHANE_SENSORS] OF REAL" />
        </type>
      </variable>
      <variable name="VI_CO_Sensors">
        <type>
          <derived name="ARRAY[1..GVL_CONSTANTS.C_MAX_CO_SENSORS] OF REAL" />
        </type>
      </variable>
    </inOutVars>
    <localVars>
      <variable name="L_i">
        <type>
          <INT />
        </type>
      </variable>
      <variable name="fbCompat">
        <type>
          <derived name="ARRAY[1..GVL_CONSTANTS.C_MAX_RULES] OF FB_Rule_Compatibility_Package_DRAFT" />
        </type>
      </variable>
      <variable name="L_Compat_All_OK">
        <type>
          <BOOL />
        </type>
      </variable>
      <variable name="L_Compat_First_Warning">
        <type>
          <derived name="STRING(255)" />
        </type>
      </variable>
      <variable name="L_Compat_First_Warning_Latched">
        <type>
          <BOOL />
        </type>
      </variable>
      <variable name="L_Shadow_V2_Enabled">
        <type>
          <BOOL />
        </type>
      </variable>
      <variable name="L_Shadow_V2_Roundtrip_Mismatch">
        <type>
          <BOOL />
        </type>
      </variable>
      <variable name="L_Shadow_V2_First_Mismatch_Rule">
        <type>
          <INT />
        </type>
      </variable>
      <variable name="L_V2_Switch_Enabled">
        <type>
          <BOOL />
        </type>
      </variable>
      <variable name="L_V2_Path_Ready">
        <type>
          <BOOL />
        </type>
      </variable>
      <variable name="L_V2_Using_Legacy_Fallback">
        <type>
          <BOOL />
        </type>
      </variable>
      <variable name="L_Condition_Met">
        <type>
          <BOOL />
        </type>
      </variable>
      <variable name="L_Current_Value">
        <type>
          <REAL />
        </type>
      </variable>
      <variable name="L_Triggers">
        <type>
          <derived name="ARRAY[1..GVL_CONSTANTS.C_MAX_RULES] OF R_TRIG" />
        </type>
      </variable>
      <variable name="L_Trigger_Count">
        <type>
          <derived name="ARRAY[1..GVL_CONSTANTS.C_MAX_RULES] OF UINT" />
        </type>
      </variable>
      <variable name="L_Last_Reset_Time">
        <type>
          <UDINT />
        </type>
      </variable>
      <variable name="L_Elapsed_Time">
        <type>
          <UDINT />
        </type>
      </variable>
    </localVars>
  </interface>
  <body>
    <ST>
      <xhtml xmlns="http://www.w3.org/1999/xhtml">IF NOT VI_IsActivePLC THEN RETURN; END_IF;

L_Compat_All_OK := TRUE;
L_Compat_First_Warning := '';
L_Compat_First_Warning_Latched := FALSE;
L_Shadow_V2_Enabled := TRUE;
L_Shadow_V2_Roundtrip_Mismatch := FALSE;
L_Shadow_V2_First_Mismatch_Rule := 0;
L_V2_Switch_Enabled := FALSE;
L_V2_Path_Ready := FALSE;
L_V2_Using_Legacy_Fallback := TRUE;

// Сброс счетчиков срабатываний каждую минуту (защита от циклических зависимостей/дребезга)
L_Elapsed_Time := F_TimeDiff(VI_System_Time_MS, L_Last_Reset_Time);

IF L_Elapsed_Time &gt;= GVL_CONSTANTS.C_MS_IN_MINUTE THEN
    L_Last_Reset_Time := VI_System_Time_MS;
    FOR L_i := 1 TO GVL_CONSTANTS.C_MAX_RULES DO
        L_Trigger_Count[L_i] := 0;
    END_FOR;
END_IF;

FOR L_i := 1 TO GVL_CONSTANTS.C_MAX_RULES DO
    fbCompat[L_i](VI_Rule_Legacy := VI_Rules[L_i]);

    IF NOT fbCompat[L_i].VO_Forward_OK OR NOT fbCompat[L_i].VO_
... [TRUNCATED] ...
--- CONTAINER END ---

--- CONTAINER START ---
<pou name="FB_Security_System_Manager" pouType="functionBlock">
  <interface>
    <inputVars>
      <variable name="VI_System_Time_MS">
        <type>
          <UDINT />
        </type>
      </variable>
      <variable name="VI_IsActivePLC">
        <type>
          <BOOL />
        </type>
      </variable>
      <variable name="VI_Arm_Request">
        <type>
          <BOOL />
        </type>
      </variable>
      <variable name="VI_Disarm_Request">
        <type>
          <BOOL />
        </type>
      </variable>
      <variable name="VI_PIN_Code">
        <type>
          <derived name="STRING(4)" />
        </type>
      </variable>
      <variable name="VI_RFID_Tag">
        <type>
          <derived name="STRING(20)" />
        </type>
      </variable>
      <variable name="VI_2FA_Code">
        <type>
          <derived name="STRING(6)" />
        </type>
      </variable>
      <variable name="VI_Config">
        <type>
          <derived name="ST_Security_Global_Config" />
        </type>
      </variable>
      <variable name="VI_Current_TOD">
        <type>
          <TOD />
        </type>
      </variable>
    </inputVars>
    <outputVars>
      <variable name="VO_Armed">
        <type>
          <BOOL />
        </type>
      </variable>
      <variable name="VO_Alarm_Active">
        <type>
          <BOOL />
        </type>
      </variable>
      <variable name="VO_Siren_Active">
        <type>
          <BOOL />
        </type>
      </variable>
      <variable name="VO_Status_Msg">
        <type>
          <derived name="STRING(200)" />
        </type>
      </variable>
      <variable name="VO_Send_Code_Req">
        <type>
          <BOOL />
        </type>
      </variable>
      <variable name="VO_Code_To_Send">
        <type>
          <derived name="STRING(6)" />
        </type>
      </variable>
    </outputVars>
    <inOutVars>
      <variable name="VI_Motion_Sensors">
        <type>
          <derived name="ARRAY[1..GVL_CONSTANTS.C_MAX_CLIMATE_ZONES] OF BOOL" />
        </type>
      </variable>
      <variable name="VI_Door_Sensors">
        <type>
          <derived name="ARRAY[1..GVL_CONSTANTS.C_MAX_DOOR_SENSORS] OF BOOL" />
        </type>
      </variable>
      <variable name="VI_Window_Sensors">
        <type>
          <derived name="ARRAY[1..GVL_CONSTANTS.C_MAX_CLIMATE_ZONES] OF BOOL" />
        </type>
      </variable>
      <variable name="VI_Bypass_Motion">
        <type>
          <derived name="ARRAY[1..GVL_CONSTANTS.C_MAX_CLIMATE_ZONES] OF BOOL" />
        </type>
      </variable>
      <variable name="VI_Bypass_Doors">
        <type>
          <derived name="ARRAY[1..GVL_CONSTANTS.C_MAX_DOOR_SENSORS] OF BOOL" />
        </type>
      </variable>
      <variable name="VI_Bypass_Windows">
        <type>
          <derived name="ARRAY[1..GVL_CONSTANTS.C_MAX_CLIMATE_ZONES] OF BOOL" />
        </type>
      </variable>
    </inOutVars>
    <localVars>
      <variable name="L_i">
        <type>
          <INT />
        </type>
      </variable>
      <variable name="L_Any_Sensor_Active">
        <type>
          <BOOL />
        </type>
      </variable>
      <variable name="L_Arm_Delay_Timer">
        <type>
          <derived name="FB_System_Timer" />
        </type>
      </variable>
      <variable name="L_Alarm_Delay_Timer">
        <type>
          <derived name="FB_System_Timer" />
        </type>
      </variable>
      <variable name="L_Arming_In_Progress">
        <type>
          <BOOL />
        </type>
      </variable>
      <variable name="L_Valid_PIN">
        <type>
          <BOOL />
        </type>
      </variable>
      <variable name="fbAccessCode">
        <type>
          <derived name="FB_AccessCode_Manager" />
        </type>
      </variable>
      <variable name="fbTwoFactor">
        <type>
          <derived name="FB_TwoFactor_Auth" />
        </type>
      </variable>
      <variable name="L_2FA_Required">
        <type>
          <BOOL />
        </type>
      </variable>
      <variable name="L_Disarm_Pending">
        <type>
          <BOOL />
        </type>
      </variable>
      <variable name="L_Reset_2FA">
        <type>
          <BOOL />
        </type>
      </variable>
      <variable name="L_Auto_Arm_Trigger">
        <type>
          <BOOL />
        </type>
      </variable>
      <variable name="R_Trig_Auto_Arm">
        <type>
          <derived name="R_TRIG" />
        </type>
      </variable>
    </localVars>
  </interface>
  <body>
    <ST>
      <xhtml xmlns="http://www.w3.org/1999/xhtml">IF NOT VI_IsActivePLC THEN RETURN; END_IF;

// 1. Проверка PIN-кода или RFID-метки через менеджер кодов
fbAccessCode(
    VI_System_Time_MS := VI_System_Time_MS,
    VI_IsActivePLC := VI_IsActivePLC,
    VI_Code_To_Check := VI_PIN_Code,
    VI_RFID_To_Check := VI_RFID_Tag,
    VO_Code_Valid =&gt; L_Valid_PIN
);

// 2. Логика постановки на охрану (с задержкой на выход)
L_Auto_Arm_Trigger := FALSE;
IF VI_Config.auto_arm_enabled THEN
    IF VI_Current_TOD &gt;= UDINT_TO_TOD(VI_Config.auto_arm_time_ms) THEN
        L_Auto_Arm_Trigger := TRUE;
    END_IF;
END_IF;
R_Trig_Auto_Arm(CLK := L_Auto_Arm_Trigger);

IF ((VI_Arm_Request AND L_Valid_PIN) OR R_Trig_Auto_Arm.Q) AND NOT VO_Armed AND NOT L_Arming_In_Progress THEN
    // Проверка, что все двери/окна закрыты перед постановкой (с учетом байпаса)
    L_Any_Sensor_Active := FALSE;
    FOR L_i := 1 TO GVL_CONSTANTS.C_MAX_DOOR_SENSORS DO IF VI_Door_Sensors[L_i] AND NOT VI_Bypass_Doors[L_i] THEN L_Any_Sensor_Active := TRUE; END_IF; END_FOR;
    FOR L_i := 1 TO GVL_CONSTANTS.C_MAX_CLIMATE_ZONES DO IF VI_Window_Sensors[L_i] AND NOT VI_Bypass_Windows[L_i] THEN L_Any_Sensor_Active := TRUE; END_IF; END_FOR;
    
    IF NOT L_Any_Sensor_Active THEN
        L_Arming_In_Progress := TRUE;
        VO_Status_Msg := 'Постановка на охрану. Покиньте помещение.';
    ELSE
        VO_Status_Msg := 'Ошибка постановки: Открыты двери или окна';
    END_IF;
END_IF;

L_Arm_Delay_Ti
... [TRUNCATED] ...
--- CONTAINER END ---

--- CONTAINER START ---
<pou name="FB_Simulation_Manager" pouType="functionBlock">
  <interface>
    <inputVars>
      <variable name="VI_System_Time_MS">
        <type>
          <UDINT />
        </type>
      </variable>
      <variable name="VI_IsActivePLC">
        <type>
          <BOOL />
        </type>
      </variable>
      <variable name="VI_Scenario">
        <type>
          <derived name="E_SCENARIO_TYPE" />
        </type>
      </variable>
      <variable name="VI_Config">
        <type>
          <derived name="ST_Scenario_Config" />
        </type>
      </variable>
    </inputVars>
    <outputVars>
      <variable name="VO_Sim_Lights">
        <type>
          <derived name="ARRAY[1..GVL_CONSTANTS.C_MAX_LIGHTING_ZONES] OF BOOL" />
        </type>
      </variable>
      <variable name="VO_Sim_Active">
        <type>
          <BOOL />
        </type>
      </variable>
      <variable name="VO_Sim_Water_Leak">
        <type>
          <derived name="ARRAY[1..GVL_CONSTANTS.C_MAX_FLOOD_SENSORS] OF BOOL" />
        </type>
      </variable>
      <variable name="VO_Sim_Gas_Leak">
        <type>
          <derived name="ARRAY[1..GVL_CONSTANTS.C_MAX_METHANE_SENSORS] OF REAL" />
        </type>
      </variable>
    </outputVars>
    <localVars>
      <variable name="L_Random">
        <type>
          <derived name="FB_Random_Generator" />
        </type>
      </variable>
      <variable name="L_Last_Toggle">
        <type>
          <UDINT />
        </type>
      </variable>
      <variable name="L_i">
        <type>
          <INT />
        </type>
      </variable>
      <variable name="L_Rand_Val">
        <type>
          <UDINT />
        </type>
      </variable>
      <variable name="L_Test_Mode">
        <type>
          <derived name="BOOL := FALSE" />
        </type>
      </variable>
    </localVars>
  </interface>
  <body>
    <ST>
      <xhtml xmlns="http://www.w3.org/1999/xhtml">IF VI_Scenario = E_SCENARIO_TYPE.SCENARIO_AWAY AND VI_Config.Presence_Simulation_Enabled THEN
    VO_Sim_Active := TRUE;
    
    // Переключаем свет каждые 30 минут
    IF F_TimeDiff(VI_System_Time_MS, L_Last_Toggle) &gt;= (GVL_CONSTANTS.C_MS_IN_MINUTE * 30) THEN
        L_Last_Toggle := VI_System_Time_MS;
        
        FOR L_i := 1 TO GVL_CONSTANTS.C_MAX_LIGHTING_ZONES DO
            L_Rand_Val := L_Random.Random_Int_Range(VI_min := 0, VI_max := 100);
            VO_Sim_Lights[L_i] := (L_Rand_Val &gt; 80); // 20% шанс включения
        END_FOR;
    END_IF;
ELSE
    VO_Sim_Active := FALSE;
    FOR L_i := 1 TO GVL_CONSTANTS.C_MAX_LIGHTING_ZONES DO VO_Sim_Lights[L_i] := FALSE; END_FOR;
END_IF;

// Симуляция аварий в тестовом режиме
IF L_Test_Mode THEN
    // Генерация случайных протечек (очень редко)
    L_Rand_Val := L_Random.Random_Int_Range(VI_min := 0, VI_max := 100000);
    IF L_Rand_Val = 42 THEN
        VO_Sim_Water_Leak[1] := TRUE;
    END_IF;
    
    // Симуляция утечки газа
    L_Rand_Val := L_Random.Random_Int_Range(VI_min := 0, VI_max := 100000);
    IF L_Rand_Val = 77 THEN
        VO_Sim_Gas_Leak[1] := 15.0; // 15% LEL
    END_IF;
ELSE
    FOR L_i := 1 TO GVL_CONSTANTS.C_MAX_FLOOD_SENSORS DO VO_Sim_Water_Leak[L_i] := FALSE; END_FOR;
    FOR L_i := 1 TO GVL_CONSTANTS.C_MAX_METHANE_SENSORS DO VO_Sim_Gas_Leak[L_i] := 0.0; END_FOR;
END_IF;
// &gt;&gt;&gt; BULK_SYNC_ANCHOR: FB_Simulation_Manager &lt;&lt;&lt;</xhtml>
    </ST>
  </body>
</pou>
--- CONTAINER END ---

--- CONTAINER START ---
<pou name="FB_Socket_Manager" pouType="functionBlock">
  <interface>
    <inputVars>
      <variable name="VI_System_Time_MS">
        <type>
          <UDINT />
        </type>
      </variable>
      <variable name="VI_IsActivePLC">
        <type>
          <BOOL />
        </type>
      </variable>
      <variable name="VI_Scenario">
        <type>
          <derived name="E_SCENARIO_TYPE" />
        </type>
      </variable>
      <variable name="VI_Fire_Alarm">
        <type>
          <BOOL />
        </type>
      </variable>
      <variable name="VI_Flood_Alarm">
        <type>
          <BOOL />
        </type>
      </variable>
      <variable name="VI_Security_Armed">
        <type>
          <BOOL />
        </type>
      </variable>
    </inputVars>
    <outputVars>
      <variable name="VO_Socket_States">
        <type>
          <derived name="ARRAY[1..GVL_CONSTANTS.C_MAX_SOCKETS] OF BOOL" />
        </type>
      </variable>
      <variable name="VO_Internal_States">
        <type>
          <derived name="ARRAY[1..GVL_CONSTANTS.C_MAX_SOCKETS] OF BOOL" />
        </type>
      </variable>
    </outputVars>
    <inOutVars>
      <variable name="VI_Manual_Override">
        <type>
          <derived name="ARRAY[1..GVL_CONSTANTS.C_MAX_SOCKETS] OF BOOL" />
        </type>
      </variable>
      <variable name="VI_Physical_Switches">
        <type>
          <derived name="ARRAY[1..GVL_CONSTANTS.C_MAX_SOCKETS] OF BOOL" />
        </type>
      </variable>
      <variable name="VI_Rule_Actions">
        <type>
          <derived name="ARRAY[1..GVL_CONSTANTS.C_MAX_RULES] OF ST_Rule_Action" />
        </type>
      </variable>
      <variable name="VI_IO_Modules_Online">
        <type>
          <derived name="ARRAY[1..GVL_CONSTANTS.C_MAX_MODULES] OF BOOL" />
        </type>
      </variable>
    </inOutVars>
    <localVars>
      <variable name="fbSocketV2Staging">
        <type>
          <derived name="FB_Socket_V2_Staging_DRAFT" />
        </type>
      </variable>
      <variable name="L_Socket_V2_Command_Shadow">
        <type>
          <derived name="ST_Socket_Command_V2" />
        </type>
      </variable>
      <variable name="L_Socket_V2_State_Shadow">
        <type>
          <derived name="ST_Socket_State_V2" />
        </type>
      </variable>
      <variable name="L_Socket_V2_Shadow_Diff_Found">
        <type>
          <BOOL />
        </type>
      </variable>
      <variable name="L_Socket_V2_Switch_Enabled">
        <type>
          <BOOL />
        </type>
      </variable>
      <variable name="L_Socket_V2_Path_Ready">
        <type>
          <BOOL />
        </type>
      </variable>
      <variable name="L_Socket_Using_Legacy_Fallback">
        <type>
          <BOOL />
        </type>
      </variable>
      <variable name="L_i">
        <type>
          <INT />
        </type>
      </variable>
      <variable name="L_j">
        <type>
          <INT />
        </type>
      </variable>
      <variable name="L_Rule_State">
        <type>
          <BOOL />
        </type>
      </variable>
      <variable name="L_Rule_Active">
        <type>
          <BOOL />
        </type>
      </variable>
      <variable name="L_Internal_State">
        <type>
          <derived name="ARRAY[1..GVL_CONSTANTS.C_MAX_SOCKETS] OF BOOL" />
        </type>
      </variable>
      <variable name="L_Manual_Trig">
        <type>
          <derived name="ARRAY[1..GVL_CONSTANTS.C_MAX_SOCKETS] OF R_TRIG" />
        </type>
      </variable>
    </localVars>
  </interface>
  <body>
    <ST>
      <xhtml xmlns="http://www.w3.org/1999/xhtml">// Менеджер управления розетками.
// Обеспечивает работу по сценариям, правилам и аварийное отключение (без локальных выключателей розеток).


IF NOT VI_IsActivePLC THEN RETURN; END_IF;

L_Socket_V2_Shadow_Diff_Found := FALSE;
L_Socket_V2_Switch_Enabled := TRUE;
L_Socket_V2_Path_Ready := FALSE;
L_Socket_Using_Legacy_Fallback := TRUE;

// Проверка связи с модулями ввода-вывода
FOR L_i := 1 TO GVL_CONSTANTS.C_MAX_MODULES DO
    IF NOT VI_IO_Modules_Online[L_i] THEN
        // Переход в безопасное состояние при потере связи (отключение всех розеток)
        FOR L_j := 1 TO GVL_CONSTANTS.C_MAX_SOCKETS DO
            VO_Socket_States[L_j] := FALSE;
        END_FOR;
        RETURN;
    END_IF;
END_FOR;

FOR L_i := 1 TO GVL_CONSTANTS.C_MAX_SOCKETS DO
    L_Rule_Active := FALSE;
    L_Rule_State := FALSE;
    
    L_Manual_Trig[L_i](CLK := VI_Manual_Override[L_i]);
    
    // Ручное переключение
    IF L_Manual_Trig[L_i].Q THEN
        L_Internal_State[L_i] := NOT L_Internal_State[L_i];
    END_IF;

    // Проверка правил для текущей розетки
    FOR L_j := 1 TO GVL_CONSTANTS.C_MAX_RULES DO
        IF VI_Rule_Actions[L_j].Active AND VI_Rule_Actions[L_j].Target_ID = L_i THEN
            IF VI_Rule_Actions[L_j].Action_Type = E_Rule_Action_Type.ACTION_SET_SOCKET THEN
                L_Rule_Active := TRUE;
                L_Rule_State := (VI_Rule_Actions[L_j].Value &gt; 0.5);
                L_Internal_State[L_i] := L_Rule_State; // Синхронизация внутреннего состояния
            ELSIF VI_Rule_Actions[L_j].Action_Type = E_Rule_Action_Type.ACTION_TOGGLE_SOCKET AND VI_Rule_Actions[L_j].Triggered THEN
                L_Internal_State[L_i] := NOT L_Internal_State[L_i]; // Toggle
            END_IF;
        END_IF;
    END_FOR;

    // Аварийное отключение
    IF VI_Fire_Alarm OR VI_Flood_Alarm THEN
        // Розетки 1-4 неотключаемые (холодильник, сервер и т.д.)
        IF L_i &gt; 4 THEN
            VO_Socket_States[L_i] := FALSE;
        ELSE
            // Критические розетки сохраняют свое текущее внутреннее состояние, а не форсируются в TRUE
            VO_Socket_States[L_i] := L_Internal_State[L_i];
        END_IF;
    ELSIF VI_Scenario = E_SCENARIO_TYPE.SCENARIO_AWAY OR VI_Security_Armed THEN
        // Master Off
        IF L_i &gt; 4 THEN
            VO_Socket_States[L_i] := FALSE;
        ELSE
            // Неотключаемые розетки могут управлять
... [TRUNCATED] ...
--- CONTAINER END ---

--- CONTAINER START ---
<pou name="FB_Ventilation_System_Manager" pouType="functionBlock">
  <interface>
    <inputVars>
      <variable name="VI_System_Time_MS">
        <type>
          <UDINT />
        </type>
      </variable>
      <variable name="VI_IsActivePLC">
        <type>
          <BOOL />
        </type>
      </variable>
      <variable name="VI_Outdoor_Temp">
        <type>
          <REAL />
        </type>
      </variable>
      <variable name="VI_Current_Scenario">
        <type>
          <derived name="E_SCENARIO_TYPE" />
        </type>
      </variable>
      <variable name="VI_System_Mode">
        <type>
          <derived name="E_System_Operating_Mode" />
        </type>
      </variable>
      <variable name="VI_Config">
        <type>
          <derived name="ST_Ventilation_Global_Config" />
        </type>
      </variable>
      <variable name="VI_Fire_Alarm">
        <type>
          <BOOL />
        </type>
      </variable>
      <variable name="VI_Gas_Alarm">
        <type>
          <BOOL />
        </type>
      </variable>
      <variable name="VI_PV3_Boost_Req">
        <type>
          <BOOL />
        </type>
      </variable>
      <variable name="VI_Supply_100_Req">
        <type>
          <BOOL />
        </type>
      </variable>
      <variable name="VI_Exhaust_100_Req">
        <type>
          <BOOL />
        </type>
      </variable>
      <variable name="VI_Supply_80_Req">
        <type>
          <BOOL />
        </type>
      </variable>
      <variable name="VI_Vent_Stop">
        <type>
          <BOOL />
        </type>
      </variable>
      <variable name="VI_IO_Modules_Online">
        <type>
          <derived name="ARRAY[1..GVL_CONSTANTS.C_MAX_MODULES] OF BOOL" />
        </type>
      </variable>
    </inputVars>
    <outputVars>
      <variable name="VO_Supply_Fans">
        <type>
          <derived name="ARRAY[1..GVL_CONSTANTS.C_MAX_SUPPLY_FANS] OF BYTE" />
        </type>
      </variable>
      <variable name="VO_Exhaust_Fans">
        <type>
          <derived name="ARRAY[1..GVL_CONSTANTS.C_MAX_EXHAUST_FANS] OF BYTE" />
        </type>
      </variable>
      <variable name="VO_Heater_Power">
        <type>
          <derived name="ARRAY[1..GVL_CONSTANTS.C_MAX_BOILERS] OF REAL" />
        </type>
      </variable>
      <variable name="VO_Status_Msg">
        <type>
          <derived name="STRING(200)" />
        </type>
      </variable>
    </outputVars>
    <inOutVars>
      <variable name="VI_Supply_Temps">
        <type>
          <derived name="ARRAY[1..GVL_CONSTANTS.C_MAX_SUPPLY_TEMPS] OF REAL" />
        </type>
      </variable>
      <variable name="VI_Room_Temps">
        <type>
          <derived name="ARRAY[1..GVL_CONSTANTS.C_MAX_CLIMATE_ZONES] OF REAL" />
        </type>
      </variable>
      <variable name="VI_Room_Humidities">
        <type>
          <derived name="ARRAY[1..GVL_CONSTANTS.C_MAX_CLIMATE_ZONES] OF REAL" />
        </type>
      </variable>
      <variable name="VI_Room_CO2">
        <type>
          <derived name="ARRAY[1..GVL_CONSTANTS.C_MAX_CLIMATE_ZONES] OF REAL" />
        </type>
      </variable>
      <variable name="VI_Wet_Zone_Active">
        <type>
          <derived name="ARRAY[1..GVL_CONSTANTS.C_MAX_WET_ZONES] OF BOOL" />
        </type>
      </variable>
      <variable name="VI_Rule_Actions">
        <type>
          <derived name="ARRAY[1..GVL_CONSTANTS.C_MAX_RULES] OF ST_Rule_Action" />
        </type>
      </variable>
    </inOutVars>
    <localVars>
      <variable name="L_Policy_Normal">
        <type>
          <BOOL />
        </type>
      </variable>
      <variable name="L_Policy_Safe_Stop">
        <type>
          <BOOL />
        </type>
      </variable>
      <variable name="L_Policy_Degraded">
        <type>
          <BOOL />
        </type>
      </variable>
      <variable name="L_Policy_Freeze_Protection">
        <type>
          <BOOL />
        </type>
      </variable>
      <variable name="L_i">
        <type>
          <INT />
        </type>
      </variable>
      <variable name="L_j">
        <type>
          <INT />
        </type>
      </variable>
      <variable name="L_Max_CO2">
        <type>
          <REAL />
        </type>
      </variable>
      <variable name="L_Max_Hum">
        <type>
          <REAL />
        </type>
      </variable>
      <variable name="L_Base_Speed">
        <type>
          <BYTE />
        </type>
      </variable>
      <variable name="L_Target_Temp">
        <type>
          <REAL />
        </type>
      </variable>
      <variable name="L_PID_Heaters">
        <type>
          <derived name="ARRAY[1..GVL_CONSTANTS.C_MAX_BOILERS] OF FB_PID_Controller" />
        </type>
      </variable>
      <variable name="L_Wet_Zone_Timers">
        <type>
          <derived name="ARRAY[1..GVL_CONSTANTS.C_MAX_WET_ZONES] OF FB_System_Timer_TOF" />
        </type>
      </variable>
      <variable name="fbVentilationV2Staging">
        <type>
          <derived name="FB_Ventilation_V2_Staging_DRAFT" />
        </type>
      </variable>
      <variable name="L_Vent_Command_Shadow">
        <type>
          <derived name="ST_Ventilation_Command_V2" />
        </type>
      </variable>
      <variable name="L_Vent_State_Shadow">
        <type>
          <derived name="ST_Ventilation_State_V2" />
        </type>
      </variable>
      <variable name="L_Vent_V2_Shadow_Diff_Found">
        <type>
          <BOOL />
        </type>
      </variable>
      <variable name="L_Vent_V2_Switch_Enabled">
        <type>
          <BOOL />
        </type>
      </variable>
      <variable name="L_Vent_V2_Path_Ready">
        <type>
          <BOOL />
        </type>
      </variable>
      <variable name="L_Vent_Using_Legacy_Fallback">
        <type>
          <BOOL />
        </type>
      </variable>
    </localVars>
  </interface>
  <body>
    <ST>
      <xhtml xmlns="http://www.w3.org/1999/xhtml">// ========================================
// Venti
... [TRUNCATED] ...
--- CONTAINER END ---

--- CONTAINER START ---
<pou name="FB_Water_Leakage_Manager" pouType="functionBlock">
  <interface>
    <inputVars>
      <variable name="VI_System_Time_MS">
        <type>
          <UDINT />
        </type>
      </variable>
      <variable name="VI_IsActivePLC">
        <type>
          <BOOL />
        </type>
      </variable>
      <variable name="VI_Config">
        <type>
          <derived name="ST_Flood_Global_Config" />
        </type>
      </variable>
    </inputVars>
    <outputVars>
      <variable name="VO_Close_Valve_35">
        <type>
          <BOOL />
        </type>
      </variable>
      <variable name="VO_Close_Valve_36">
        <type>
          <BOOL />
        </type>
      </variable>
      <variable name="VO_Status_Msg">
        <type>
          <derived name="STRING(200)" />
        </type>
      </variable>
      <variable name="VO_Leak_Detected">
        <type>
          <BOOL />
        </type>
      </variable>
      <variable name="VO_Leak_Warning_Level">
        <type>
          <BOOL />
        </type>
      </variable>
    </outputVars>
    <inOutVars>
      <variable name="VI_Sensors">
        <type>
          <derived name="ARRAY[1..GVL_CONSTANTS.C_MAX_FLOOD_SENSORS] OF BOOL" />
        </type>
      </variable>
    </inOutVars>
    <localVars>
      <variable name="L_i">
        <type>
          <INT />
        </type>
      </variable>
      <variable name="L_Sensor_Timers">
        <type>
          <derived name="ARRAY[1..GVL_CONSTANTS.C_MAX_FLOOD_SENSORS] OF FB_System_Timer" />
        </type>
      </variable>
      <variable name="L_Any_Leak">
        <type>
          <BOOL />
        </type>
      </variable>
      <variable name="L_Any_Warning">
        <type>
          <BOOL />
        </type>
      </variable>
    </localVars>
  </interface>
  <body>
    <ST>
      <xhtml xmlns="http://www.w3.org/1999/xhtml">IF NOT VI_IsActivePLC THEN RETURN; END_IF;

L_Any_Leak := FALSE;
L_Any_Warning := FALSE;

FOR L_i := 1 TO GVL_CONSTANTS.C_MAX_FLOOD_SENSORS DO
    L_Sensor_Timers[L_i](
        IN := VI_Sensors[L_i],
        PT := TO_TIME(VI_Config.min_duration_ms + VI_Config.warning_duration_ms),
        VI_System_Time_MS := VI_System_Time_MS
    );

    IF L_Sensor_Timers[L_i].ET &gt;= TO_TIME(VI_Config.min_duration_ms) THEN
        L_Any_Warning := TRUE;

        IF L_Sensor_Timers[L_i].Q THEN
            L_Any_Leak := TRUE;

            IF VI_Config.sensor_to_valve_map[L_i] = 1 THEN
                VO_Close_Valve_35 := TRUE;
            ELSIF VI_Config.sensor_to_valve_map[L_i] = 2 THEN
                VO_Close_Valve_36 := TRUE;
            END_IF;
        END_IF;
    END_IF;
END_FOR;

// Health signals
VO_Leak_Detected := L_Any_Leak;
VO_Leak_Warning_Level := L_Any_Warning;

// Status
IF L_Any_Leak THEN
    VO_Status_Msg := 'АВАРИЯ: ПРОТЕЧКА ВОДЫ. КЛАПАНЫ ЗАКРЫТЫ.';
ELSIF L_Any_Warning THEN
    VO_Status_Msg := 'ПРЕДУПРЕЖДЕНИЕ: ОБНАРУЖЕНА ВОДА.';
ELSE
    VO_Status_Msg := 'Система контроля протечек в норме';
    VO_Close_Valve_35 := FALSE;
    VO_Close_Valve_36 := FALSE;
END_IF;
// &gt;&gt;&gt; BULK_SYNC_ANCHOR: FB_Water_Leakage_Manager &lt;&lt;&lt;</xhtml>
    </ST>
  </body>
</pou>
--- CONTAINER END ---

--- CONTAINER START ---
<pou name="PRG_Main" pouType="program">
        <interface>
          <localVars>
            <variable name="fbHeating">
              <type>
                <derived name="FB_Heating_System_Manager" />
              </type>
              <documentation>
                <xhtml xmlns="http://www.w3.org/1999/xhtml"> Менеджеры систем</xhtml>
              </documentation>
            </variable>
            <variable name="fbSecurity">
              <type>
                <derived name="FB_Security_System_Manager" />
              </type>
            </variable>
            <variable name="fbWater">
              <type>
                <derived name="FB_Water_Leakage_Manager" />
              </type>
            </variable>
            <variable name="fbGasSmoke">
              <type>
                <derived name="FB_Gas_Smoke_Manager" />
              </type>
            </variable>
            <variable name="fbVentilation">
              <type>
                <derived name="FB_Ventilation_System_Manager" />
              </type>
            </variable>
            <variable name="fbRuleEngine">
              <type>
                <derived name="FB_User_Rule_Engine" />
              </type>
            </variable>
            <variable name="fbLightingBlinds">
              <type>
                <derived name="FB_Lighting_Blinds_Manager" />
              </type>
            </variable>
            <variable name="fbSimulation">
              <type>
                <derived name="FB_Simulation_Manager" />
              </type>
            </variable>
            <variable name="fbDHW">
              <type>
                <derived name="FB_DHW_Manager" />
              </type>
              <documentation>
                <xhtml xmlns="http://www.w3.org/1999/xhtml"> ТЗ 5.0</xhtml>
              </documentation>
            </variable>
            <variable name="fbAccessControl">
              <type>
                <derived name="FB_Access_Control" />
              </type>
            </variable>
            <variable name="fbHeartbeat">
              <type>
                <derived name="FB_PLC_Heartbeat" />
              </type>
              <documentation>
                <xhtml xmlns="http://www.w3.org/1999/xhtml"> Системные блоки</xhtml>
              </documentation>
            </variable>
            <variable name="fbNVRAM">
              <type>
                <derived name="FB_NVRAM_Manager" />
              </type>
            </variable>
            <variable name="fbGateway">
              <type>
                <derived name="FB_Gateway_Interface" />
              </type>
            </variable>
            <variable name="fbLogger">
              <type>
                <derived name="FB_Debug_Logger" />
              </type>
            </variable>
            <variable name="L_Is_Active">
              <type>
                <BOOL />
              </type>
              <documentation>
                <xhtml xmlns="http://www.w3.org/1999/xhtml"> Локальные переменные</xhtml>
              </documentation>
            </variable>
            <variable name="L_First_Cycle">
              <type>
                <BOOL />
              </type>
              <initialValue>
                <simpleValue value="TRUE" />
              </initialValue>
            </variable>
            <variable name="L_System_State">
              <type>
                <derived name="ST_System_State_Summary" />
              </type>
            </variable>
            <variable name="L_i">
              <type>
                <INT />
              </type>
            </variable>
            <variable name="L_Methane_LEL_Real">
              <type>
                <array>
                  <dimension lower="1" upper="2" />
                  <baseType>
                    <REAL />
                  </baseType>
                </array>
              </type>
            </variable>
            <variable name="L_Manifold_Temps_Supply_Real">
              <type>
                <array>
                  <dimension lower="1" upper="5" />
                  <baseType>
                    <REAL />
                  </baseType>
                </array>
              </type>
            </variable>
            <variable name="L_Manifold_Temps_Return_Real">
              <type>
                <array>
                  <dimension lower="1" upper="5" />
                  <baseType>
                    <REAL />
                  </baseType>
                </array>
              </type>
            </variable>
            <variable name="L_Manifold_Pressures_Real">
              <type>
                <array>
                  <dimension lower="1" upper="5" />
                  <baseType>
                    <REAL />
                  </baseType>
                </array>
              </type>
            </variable>
            <variable name="L_Manifold_Currents_Real">
              <type>
                <array>
                  <dimension lower="1" upper="5" />
                  <baseType>
                    <REAL />
                  </baseType>
                </array>
              </type>
            </variable>
            <variable name="L_Current_TOD">
              <type>
                <TOD />
              </type>
            </variable>
            <variable name="L_Opening_Sensors">
              <type>
                <array>
                  <dimension lower="1" upper="15" />
                  <baseType>
                    <BOOL />
                  </baseType>
                </array>
              </type>
              <documentation>
                <xhtml xmlns="http://www.w3.org/1999/xhtml"> ТЗ 8.2: Распределение датчиков</xhtml>
              </documentation>
            </variable>
            <variable name="L_GlassBreak_Sensors">
              <type>
                <array>
                  <dimension lower="1" upper="15" />
                  <baseType>
                    <B
... [TRUNCATED] ...
--- CONTAINER END ---

--- CONTAINER START ---
<Object Name="E_Outdoor_Mode" ObjectId="cf538a44-792b-42cb-a5a3-cf5b405519a6" />
            <Object Name="E_ALERT_PRIORITY" ObjectId="7e9722c5-4071-4d65-8c31-72884218f88b" />
            <Object Name="E_SCENARIO_TYPE" ObjectId="aa363f40-9944-422a-be35-dddd59a65703" />
            <Object Name="E_VALVE_TYPE" ObjectId="2f62bc4b-9e88-4807-8de3-ad0944c218fc" />
            <Object Name="E_Lifetime_Device_Type" ObjectId="43d804b7-493b-4d6a-82a2-88ae1a049cb0" />
            <Object Name="E_PLC_ROLE" ObjectId="5ddde496-2489-476d-97fe-cfa94165f7f6" />
            <Object Name="E_Debug_Log_Level" ObjectId="6b8e8cc8-eebe-459b-a9e8-566256faebaf" />
            <Object Name="E_Rule_Action_Type" ObjectId="1499ff0d-0a2c-466e-b749-2b1f31ce2f76" />
            <Object Name="E_VENTILATION_LOCATION" ObjectId="9c255167-3fb6-410a-a91b-53ae2b8ec200" />
            <Object Name="E_VENTILATION_UNIT_TYPE" ObjectId="8209cc7a-20c6-47eb-9095-b0a8b832fe3c" />
            <Object Name="E_WEATHER_COMPENSATION_METHOD" ObjectId="ac70e3da-a694-444e-be3d-558b5020cf22" />
            <Object Name="E_SENSOR_TYPE" ObjectId="79272dfb-b236-4eca-bc0a-b463ba1efe5d" />
            <Object Name="E_Rule_Comparison" ObjectId="9317abd2-b901-469d-a4cd-143c27d1a702" />
            <Object Name="E_Trend_Parameter_Type" ObjectId="63f38187-9e7e-4617-afce-253d10e19fdc" />
            <Object Name="E_TwoFactor_Method" ObjectId="5064c3ce-04e0-41d6-a319-1fd202f4a2f5" />
            <Object Name="E_Rule_Condition_Type" ObjectId="b7bd7605-b310-4c23-b823-3485fef385e3" />
            <Object Name="E_Zone_Access_Level" ObjectId="cbf95ac1-5cc8-487f-85cd-9ebad3a7cc2e" />
            <Object Name="E_Valve_Test_Result" ObjectId="273f581a-8c95-4905-a1e9-2d35e0b82a6a" />
          </Folder>
          <Folder Name="STRUCT">
            <Object Name="ST_TwoFactor_Auth_State" ObjectId="53b17602-a691-45ec-8f1c-1c5b99c0f61c" />
            <Object Name="ST_TwoFactor_Data" ObjectId="dd74c309-8592-4820-943e-579865d919f4" />
            <Object Name="ST_User_Rule" ObjectId="5dd5d28e-77e7-46a4-a0e5-961bb6d5f0bb" />
            <Object Name="ST_Trend_Header" ObjectId="0a19699a-ce26-4348-be5a-4088b7784cc0" />
            <Object Name="ST_Ventilation_Config" ObjectId="b616f8de-463c-48ae-ab6d-c5cfcbcd9f9d" />
            <Object Name="ST_Ventilation_Unit_Config" ObjectId="cc6d6d6a-d3ad-4eac-9a41-44a4d1d24686" />
            <Object Name="ST_Trend_History_Record" ObjectId="ed41ecb4-f905-4e95-bf5c-68e1f87dbec8" />
            <Object Name="ST_Ventilation_Global_Config" ObjectId="36f6a8cf-c93f-46c5-8150-9e8f9aaee3b1" />
            <Object Name="ST_BlackBox_Record" ObjectId="da3ee123-1215-4623-a30d-eb9f2969b021" />
            <Object Name="ST_Flood_Global_Config" ObjectId="3f2bfd90-10b8-4534-986d-8b39162c6d1d" />
            <Object Name="ST_History_Record" ObjectId="6e9bdd82-1812-4719-863a-2ec3eefaaf80" />
            <Object Name="ST_Rule_Action" ObjectId="ab5b85c7-d06e-46d0-9608-a5add8c1f723" />
            <Object Name="ST_Component_Maintenance" ObjectId="3eef0962-e944-49e9-b1b6-76a233658798" />
            <Object Name="ST_Sensor_Calibration_Record" ObjectId="81d85d45-cf7f-4cd3-817f-dca8a236711f" />
            <Object Name="ST_Ventilation_Scenario_Mode" ObjectId="43450d58-acdd-481a-a89a-70a7669a8d8d" />
            <Object Name="ST_Boiler_Status" ObjectId="ccbebc66-ff6d-4b2a-adb3-41bee29dc25b" />
            <Object Name="ST_Debug_Log_Record" ObjectId="c6881fa5-4d5c-436e-b111-8123cd01032c" />
            <Object Name="ST_Debug_Logger_Config" ObjectId="2fed8afd-7c4e-4427-a2b6-bdc2c2fd7915" />
            <Object Name="ST_Device_Health" ObjectId="5843e66f-60f9-4fb3-b6c8-7c7ea462b13b" />
            <Object Name="ST_Flood_Config" ObjectId="9cc9e379-f9e0-4eb3-b87e-34e09b0e68bc" />
            <Object Name="ST_FloorHeating_Circuit_Config" ObjectId="67320f64-0c6f-425c-adb0-086c6c5330f3" />
            <Object Name="ST_FloorHeating_Global_Config" ObjectId="2b33e80f-91a6-4c6b-a52d-5415dff7fb24" />
            <Object Name="ST_FloorHeating_Manifold_Config" ObjectId="168150e4-1c9f-4c01-b2e9-5ca75b962e58" />
            <Object Name="ST_Gas_Valve_Configuration" ObjectId="34f3e08c-dd65-4a98-ac50-e6063bff010d" />
            <Object Name="ST_Lifetime_Status" ObjectId="d6cedd9c-0651-49a3-a48f-523931b02deb" />
            <Object Name="ST_Maintenance_Access_Config" ObjectId="f8fd9b9c-d136-478c-b8d1-5a51d47158cf" />
            <Object Name="ST_Manifold_Status" ObjectId="1a82107c-9ede-4248-a91b-7d6aceba8132" />
            <Object Name="ST_Scenario_Config" ObjectId="2b7ea705-ce61-4a5c-bbd5-5eda25b03d58" />
            <Object Name="ST_Scenario_Transition_Config" ObjectId="e7ed979a-2dc9-438a-a749-1d9937b7e772" />
            <Object Name="ST_Security_Config" ObjectId="b40abba7-6748-426e-9e07-665bdabf3207" />
            <Object Name="ST_Security_Global_Config" ObjectId="a31af70d-fcc2-44a9-97e3-bbfd973639bb" />
            <Object Name="ST_DHW_Config" ObjectId="87052474-49ed-4d16-8424-a5ee067dbcda" />
            <Object Name="ST_DHW_Status" ObjectId="0532639f-a0d0-4eb1-bfb4-723cfbd1178c" />
            <Object Name="ST_Gateway_Command" ObjectId="f88ca456-0609-4ccb-8100-fe5a3cabcfbc" />
            <Object Name="ST_Ventilation_Unit" ObjectId="d571a35a-f77b-46c1-81d3-4d371c9ccfb8" />
            <Object Name="ST_Valve_Test_Config" ObjectId="bc88383f-cad4-4b19-920f-0feee8574166" />
            <Object Name="ST_Heating_Config" ObjectId="ce9050a4-c744-43db-9383-874984b85374" />
            <Object Name="ST_Operator_Zone_Rights" ObjectId="2eb5cb69-f271-4bb1-b4b4-5f1d140848e9" />
            <Object Name="ST_Outdoor_Zone_Config" ObjectId="6232f490-97dc-4f97-8db2-063b454662dd" />
            <Object Name="ST_Security_Zone_State" ObjectId="0b18286e-fec6-4602-b630-cfb85d585cbc" />
            <Object Name="ST_Zone_Sensors" ObjectId="a12a69b6-f249-4bf5-8e5b-365d63f36da5" />
            <Object Name="ST_State_Snapshot" ObjectId="f7024850-ac36-4841-ad71-9c5b07cd593a" />
            <Object
... [TRUNCATED] ...
--- CONTAINER END ---


=== PROJECT STRUCTURE GVL HINTS ===
PROJECT_HINT_PATTERN=GVL_[A-Za-z0-9_]+ HITS=480
--- HINT 1 START=100742 ---
/>
        </type>
      </variable>
    </inputVars>
    <outputVars>
      <variable name="VO_Code_Valid">
        <type>
          <BOOL />
        </type>
      </variable>
    </outputVars>
    <inOutVars>
      <variable name="VI_Access_Codes">
        <type>
          <derived name="ARRAY[1..GVL_CONSTANTS.C_MAX_ACCESS_CODES] OF DWORD" />
        </type>
      </variable>
      <variable name="VI_RFID_Tags">
        <type>
          <derived name="ARRAY[1..GVL_CONSTANTS.C_MAX_ACCESS_CODES] OF STRING(20)" />
        </type>
      </variable>
    </inOutVars>
    <localVars>
      <variable name="L_i">
        <type>
          <INT />
        </type>
      </variable>
      <variable name="pCode">
        <type>
          <derived name="POINTER TO BYTE" />
        </type>
      </variable>
      <variable name="L_CRC_Calc">
        <type>
          <derived name="FB_CRC32_Calculator" />
        </type>
      </variable>
      <variable name="L_Input_Hash">
        <type>
          <DWORD />
   
--- END HINT 1 ---
--- HINT 2 START=100909 ---
variable>
    </outputVars>
    <inOutVars>
      <variable name="VI_Access_Codes">
        <type>
          <derived name="ARRAY[1..GVL_CONSTANTS.C_MAX_ACCESS_CODES] OF DWORD" />
        </type>
      </variable>
      <variable name="VI_RFID_Tags">
        <type>
          <derived name="ARRAY[1..GVL_CONSTANTS.C_MAX_ACCESS_CODES] OF STRING(20)" />
        </type>
      </variable>
    </inOutVars>
    <localVars>
      <variable name="L_i">
        <type>
          <INT />
        </type>
      </variable>
      <variable name="pCode">
        <type>
          <derived name="POINTER TO BYTE" />
        </type>
      </variable>
      <variable name="L_CRC_Calc">
        <type>
          <derived name="FB_CRC32_Calculator" />
        </type>
      </variable>
      <variable name="L_Input_Hash">
        <type>
          <DWORD />
        </type>
      </variable>
    </localVars>
  </interface>
  <body>
    <ST>
      <xhtml xmlns="http://www.w3.org/1999/xhtml">VO_Code_Valid := FALSE;

// Вычисляе
--- END HINT 2 ---
--- HINT 3 START=101845 ---
tml xmlns="http://www.w3.org/1999/xhtml">VO_Code_Valid := FALSE;

// Вычисляем хэш введенного кода
IF LEN(VI_Code_To_Check) &gt; 0 THEN
    pCode := ADR(VI_Code_To_Check);
    L_Input_Hash := L_CRC_Calc.Calculate(VI_DataRef := pCode^, VI_Size := TO_UDINT(LEN(VI_Code_To_Check)));
    FOR L_i := 1 TO GVL_CONSTANTS.C_MAX_ACCESS_CODES DO
        IF VI_Access_Codes[L_i] &lt;&gt; 0 AND VI_Access_Codes[L_i] = L_Input_Hash THEN
            VO_Code_Valid := TRUE;
            RETURN;
        END_IF;
    END_FOR;
END_IF;

// Проверяем RFID метку
IF LEN(VI_RFID_To_Check) &gt; 0 THEN
    FOR L_i := 1 TO GVL_CONSTANTS.C_MAX_ACCESS_CODES DO
        IF VI_RFID_Tags[L_i] &lt;&gt; '' AND VI_RFID_Tags[L_i] = VI_RFID_To_Check THEN
            VO_Code_Valid := TRUE;
            RETURN;
        END_IF;
    END_FOR;
END_IF;
// &gt;&gt;&gt; BULK_SYNC_ANCHOR: FB_AccessCode_Manager &lt;&lt;&lt;</xhtml>
    </ST>
  </body>
</pou>
<pou name="FB_Access_Control" pouType="functionBlock">
  <interface>
    <inputVars>
      <vari
--- END HINT 3 ---
--- HINT 4 START=102143 ---
O GVL_CONSTANTS.C_MAX_ACCESS_CODES DO
        IF VI_Access_Codes[L_i] &lt;&gt; 0 AND VI_Access_Codes[L_i] = L_Input_Hash THEN
            VO_Code_Valid := TRUE;
            RETURN;
        END_IF;
    END_FOR;
END_IF;

// Проверяем RFID метку
IF LEN(VI_RFID_To_Check) &gt; 0 THEN
    FOR L_i := 1 TO GVL_CONSTANTS.C_MAX_ACCESS_CODES DO
        IF VI_RFID_Tags[L_i] &lt;&gt; '' AND VI_RFID_Tags[L_i] = VI_RFID_To_Check THEN
            VO_Code_Valid := TRUE;
            RETURN;
        END_IF;
    END_FOR;
END_IF;
// &gt;&gt;&gt; BULK_SYNC_ANCHOR: FB_AccessCode_Manager &lt;&lt;&lt;</xhtml>
    </ST>
  </body>
</pou>
<pou name="FB_Access_Control" pouType="functionBlock">
  <interface>
    <inputVars>
      <variable name="VI_System_Time_MS">
        <type>
          <UDINT />
        </type>
      </variable>
      <variable name="VI_IsActivePLC">
        <type>
          <BOOL />
        </type>
      </variable>
      <variable name="VI_Armed">
        <type>
          <BOOL />
        </type>
      </
--- END HINT 4 ---
--- HINT 5 START=104859 ---

        <type>
          <BOOL />
        </type>
      </variable>
      <variable name="VO_Lock_2_Close">
        <type>
          <BOOL />
        </type>
      </variable>
    </outputVars>
    <inOutVars>
      <variable name="VI_Access_Codes">
        <type>
          <derived name="ARRAY[1..GVL_CONSTANTS.C_MAX_ACCESS_CODES] OF DWORD" />
        </type>
      </variable>
      <variable name="VI_RFID_Tags">
        <type>
          <derived name="ARRAY[1..GVL_CONSTANTS.C_MAX_ACCESS_CODES] OF STRING(20)" />
        </type>
      </variable>
    </inOutVars>
    <localVars>
      <variable name="L_Gate_Timer">
        <type>
          <derived name="TP" />
        </type>
      </variable>
      <variable name="L_Wicket_Timer">
        <type>
          <derived name="TP" />
        </type>
      </variable>
      <variable name="L_Lock_1_Open_T">
        <type>
          <derived name="TP" />
        </type>
      </variable>
      <variable name="L_Lock_1_Close_T">
        <type>
          <d
--- END HINT 5 ---
--- HINT 6 START=105026 ---
variable>
    </outputVars>
    <inOutVars>
      <variable name="VI_Access_Codes">
        <type>
          <derived name="ARRAY[1..GVL_CONSTANTS.C_MAX_ACCESS_CODES] OF DWORD" />
        </type>
      </variable>
      <variable name="VI_RFID_Tags">
        <type>
          <derived name="ARRAY[1..GVL_CONSTANTS.C_MAX_ACCESS_CODES] OF STRING(20)" />
        </type>
      </variable>
    </inOutVars>
    <localVars>
      <variable name="L_Gate_Timer">
        <type>
          <derived name="TP" />
        </type>
      </variable>
      <variable name="L_Wicket_Timer">
        <type>
          <derived name="TP" />
        </type>
      </variable>
      <variable name="L_Lock_1_Open_T">
        <type>
          <derived name="TP" />
        </type>
      </variable>
      <variable name="L_Lock_1_Close_T">
        <type>
          <derived name="TP" />
        </type>
      </variable>
      <variable name="L_Lock_2_Open_T">
        <type>
          <derived name="TP" />
        </type>
      </va
--- END HINT 6 ---
--- HINT 7 START=112093 ---
     <variable name="VO_Event_Code">
        <type>
          <UDINT />
        </type>
      </variable>
      <variable name="VO_Event_Value">
        <type>
          <REAL />
        </type>
      </variable>
      <variable name="VO_Alarm_List">
        <type>
          <derived name="ARRAY[1..GVL_CONSTANTS.C_MAX_ALARMS] OF ST_Alarm_Record" />
        </type>
      </variable>
    </outputVars>
    <inOutVars>
      <variable name="VI_Boiler_Errors">
        <type>
          <derived name="ARRAY[1..GVL_CONSTANTS.C_MAX_BOILERS] OF BOOL" />
        </type>
      </variable>
    </inOutVars>
    <inOutVars>
      <variable name="VIO_Next_Alarm_ID">
        <type>
          <UDINT />
        </type>
      </variable>
    </inOutVars>
    <localVars>
      <variable name="fbCompatAlarm">
        <type>
          <derived name="ARRAY[1..GVL_CONSTANTS.C_MAX_ALARMS] OF FB_Alarm_Compatibility_Package_DRAFT" />
        </type>
      </variable>
      <variable name="L_i, L_j, L_k">
        <type>
      
--- END HINT 7 ---
--- HINT 8 START=112302 ---
le>
      <variable name="VO_Alarm_List">
        <type>
          <derived name="ARRAY[1..GVL_CONSTANTS.C_MAX_ALARMS] OF ST_Alarm_Record" />
        </type>
      </variable>
    </outputVars>
    <inOutVars>
      <variable name="VI_Boiler_Errors">
        <type>
          <derived name="ARRAY[1..GVL_CONSTANTS.C_MAX_BOILERS] OF BOOL" />
        </type>
      </variable>
    </inOutVars>
    <inOutVars>
      <variable name="VIO_Next_Alarm_ID">
        <type>
          <UDINT />
        </type>
      </variable>
    </inOutVars>
    <localVars>
      <variable name="fbCompatAlarm">
        <type>
          <derived name="ARRAY[1..GVL_CONSTANTS.C_MAX_ALARMS] OF FB_Alarm_Compatibility_Package_DRAFT" />
        </type>
      </variable>
      <variable name="L_i, L_j, L_k">
        <type>
          <INT />
        </type>
      </variable>
      <variable name="L_Target_Slot">
        <type>
          <INT />
        </type>
      </variable>
      <variable name="L_Min_Pri">
        <type>
         
--- END HINT 8 ---
--- HINT 9 START=112641 ---
>
        </type>
      </variable>
    </inOutVars>
    <inOutVars>
      <variable name="VIO_Next_Alarm_ID">
        <type>
          <UDINT />
        </type>
      </variable>
    </inOutVars>
    <localVars>
      <variable name="fbCompatAlarm">
        <type>
          <derived name="ARRAY[1..GVL_CONSTANTS.C_MAX_ALARMS] OF FB_Alarm_Compatibility_Package_DRAFT" />
        </type>
      </variable>
      <variable name="L_i, L_j, L_k">
        <type>
          <INT />
        </type>
      </variable>
      <variable name="L_Target_Slot">
        <type>
          <INT />
        </type>
      </variable>
      <variable name="L_Min_Pri">
        <type>
          <INT />
        </type>
      </variable>
      <variable name="L_Pending_Alarms">
        <type>
          <derived name="ARRAY[1..10] OF ST_Alarm_Record" />
        </type>
      </variable>
      <variable name="L_Pending_Count">
        <type>
          <derived name="INT := 0" />
        </type>
      </variable>
      <variable na
--- END HINT 9 ---
--- HINT 10 START=114579 ---
        <type>
          <derived name="R_TRIG" />
        </type>
      </variable>
      <variable name="R_Trig_First_Fault">
        <type>
          <derived name="R_TRIG" />
        </type>
      </variable>
      <variable name="R_Trig_Boiler">
        <type>
          <derived name="ARRAY[1..GVL_CONSTANTS.C_MAX_BOILERS] OF R_TRIG" />
        </type>
      </variable>
      <variable name="L_First_Fault_Source_Text">
        <type>
          <derived name="STRING(32)" />
        </type>
      </variable>
      <variable name="L_First_Fault_Type_Text">
        <type>
          <derived name="STRING(32)" />
        </type>
      </variable>
      <variable name="L_Event_Pulse_Latched">
        <type>
          <BOOL />
        </type>
      </variable>
      <variable name="L_Alarm_Compat_All_OK">
        <type>
          <BOOL />
        </type>
      </variable>
      <variable name="L_Alarm_First_Warning">
        <type>
          <derived name="STRING(255)" />
        </type>
      </variab
--- END HINT 10 ---
--- HINT 11 START=117066 ---
f_Slot">
        <type>
          <INT />
        </type>
      </variable>
      <variable name="L_BlackBox_V2_Shadow_Diff_Found">
        <type>
          <BOOL />
        </type>
      </variable>
      <variable name="L_History_V2_Buffer_Shadow">
        <type>
          <derived name="ARRAY[1..GVL_CONSTANTS.C_MAX_HISTORY_RECORDS] OF ST_History_Event_V2" />
        </type>
      </variable>
      <variable name="L_Alarm_V2_Shadow_Compare_Enabled">
        <type>
          <BOOL />
        </type>
      </variable>
      <variable name="L_Alarm_V2_Shadow_Diff_Found">
        <type>
          <BOOL />
        </type>
      </variable>
      <variable name="L_Alarm_V2_Shadow_First_Diff_Slot">
        <type>
          <INT />
        </type>
      </variable>
      <variable name="L_Alarm_V2_Event_Pulse">
        <type>
          <BOOL />
        </type>
      </variable>
      <variable name="L_Alarm_V2_Event_Code">
        <type>
          <UDINT />
        </type>
      </variable>
      <variab
--- END HINT 11 ---
--- HINT 12 START=117977 ---
arm_V2_Event_Code">
        <type>
          <UDINT />
        </type>
      </variable>
      <variable name="L_Alarm_V2_Event_Value">
        <type>
          <REAL />
        </type>
      </variable>
      <variable name="L_Alarm_V2_List_Shadow">
        <type>
          <derived name="ARRAY[1..GVL_CONSTANTS.C_MAX_ALARMS] OF ST_Alarm_Record" />
        </type>
      </variable>
      <variable name="L_Alarm_V2_Next_ID_Shadow">
        <type>
          <UDINT />
        </type>
      </variable>
    </localVars>
  </interface>
  <body>
    <ST>
      <xhtml xmlns="http://www.w3.org/1999/xhtml">VO_Event_Pulse := FALSE;
VO_Event_Code := 0;
VO_Event_Value := 0.0;

L_Alarm_Compat_All_OK := TRUE;
L_Alarm_First_Warning := '';
L_Alarm_First_Warning_Latched := FALSE;
L_Alarm_Shadow_Mismatch := FALSE;
L_Alarm_Shadow_First_Mismatch := 0;
L_Alarm_V2_Switch_Enabled := TRUE;
L_Alarm_V2_Path_Ready := FALSE;
L_Alarm_Using_Legacy_Fallback := TRUE;
L_Alarm_V2_Shadow_Compare_Enabled := TRUE;
L_Alarm_V2_Shadow_Dif
--- END HINT 12 ---
--- HINT 13 START=119684 ---
urity_Alarm, PT := T#100ms, VI_System_Time_MS := VI_System_Time_MS);

R_Trig_Gas(CLK := T_Debounce_Gas.Q);
R_Trig_Fire(CLK := T_Debounce_Fire.Q);
R_Trig_Flood(CLK := T_Debounce_Flood.Q);
R_Trig_Security(CLK := T_Debounce_Security.Q);
R_Trig_First_Fault(CLK := VI_First_Fault_Active);
FOR L_i := 1 TO GVL_CONSTANTS.C_MAX_BOILERS DO
    R_Trig_Boiler[L_i](CLK := VI_Boiler_Errors[L_i]);
END_FOR;

// 2. Добавление новых тревог в список (Кольцевой буфер)
L_Pending_Count := 0;
L_Event_Pulse_Latched := FALSE;

IF R_Trig_Gas.Q AND L_Pending_Count &lt; 10 THEN
    L_Pending_Count := L_Pending_Count + 1;
    L_Pending_Alarms[L_Pending_Count].Timestamp_MS := VI_System_Time_MS;
    L_Pending_Alarms[L_Pending_Count].Source := 'Gas';
    L_Pending_Alarms[L_Pending_Count].Source_ID := 0;
    L_Pending_Alarms[L_Pending_Count].Message := 'Критическая концентрация газа!';
    L_Pending_Alarms[L_Pending_Count].Severity := E_ALERT_PRIORITY.ALERT_PRIORITY_CRITICAL;
    L_Pending_Alarms[L_Pending_Count].Is_Active := TRUE;
--- END HINT 13 ---
--- HINT 14 START=123556 ---
irst_Fault_Source_Text, CONCAT(' / ', L_First_Fault_Type_Text)));
    L_Pending_Alarms[L_Pending_Count].Severity := E_ALERT_PRIORITY.ALERT_PRIORITY_HIGH;
    L_Pending_Alarms[L_Pending_Count].Is_Active := TRUE;
    L_Pending_Alarms[L_Pending_Count].Is_Acknowledged := FALSE;
END_IF;

FOR L_j := 1 TO GVL_CONSTANTS.C_MAX_BOILERS DO
    IF R_Trig_Boiler[L_j].Q AND L_Pending_Count &lt; 10 THEN
        L_Pending_Count := L_Pending_Count + 1;
        L_Pending_Alarms[L_Pending_Count].Timestamp_MS := VI_System_Time_MS;
        L_Pending_Alarms[L_Pending_Count].Source := 'Boiler';
        L_Pending_Alarms[L_Pending_Count].Source_ID := TO_BYTE(L_j);
        L_Pending_Alarms[L_Pending_Count].Message := CONCAT('Авария котла №', INT_TO_STRING(L_j));
        L_Pending_Alarms[L_Pending_Count].Severity := E_ALERT_PRIORITY.ALERT_PRIORITY_HIGH;
        L_Pending_Alarms[L_Pending_Count].Is_Active := TRUE;
        L_Pending_Alarms[L_Pending_Count].Is_Acknowledged := FALSE;
    END_IF;
END_FOR;

// Shadow comparison: e
--- END HINT 14 ---
--- HINT 15 START=126624 ---
 // Guarded V2 pipeline is allowed by shadow validation.
        // Current runtime logic still keeps legacy action flow authoritative until next package.
    ELSE
        L_Alarm_Using_Legacy_Fallback := TRUE;
    END_IF;

    L_Target_Slot := 0;
    
    // 1. Ищем пустой слот
    FOR L_k := 1 TO GVL_CONSTANTS.C_MAX_ALARMS DO
        IF VO_Alarm_List[L_k].ID = 0 THEN
            L_Target_Slot := L_k;
            EXIT;
        END_IF;
    END_FOR;
    
    // 2. Ищем квитированную тревогу с наименьшим приоритетом
    IF L_Target_Slot = 0 THEN
        L_Min_Pri := 999;
        FOR L_k := 1 TO GVL_CONSTANTS.C_MAX_ALARMS DO
            IF VO_Alarm_List[L_k].Is_Acknowledged AND TO_INT(VO_Alarm_List[L_k].Severity) &lt; L_Min_Pri THEN
                L_Min_Pri := TO_INT(VO_Alarm_List[L_k].Severity);
                L_Target_Slot := L_k;
            END_IF;
        END_FOR;
    END_IF;
    
    // 3. Ищем неквитированную тревогу с наименьшим приоритетом (если он ниже добавляемой)
    IF L_Target_Slot = 0
--- END HINT 15 ---
--- HINT 16 START=126924 ---
GVL_CONSTANTS.C_MAX_ALARMS DO
        IF VO_Alarm_List[L_k].ID = 0 THEN
            L_Target_Slot := L_k;
            EXIT;
        END_IF;
    END_FOR;
    
    // 2. Ищем квитированную тревогу с наименьшим приоритетом
    IF L_Target_Slot = 0 THEN
        L_Min_Pri := 999;
        FOR L_k := 1 TO GVL_CONSTANTS.C_MAX_ALARMS DO
            IF VO_Alarm_List[L_k].Is_Acknowledged AND TO_INT(VO_Alarm_List[L_k].Severity) &lt; L_Min_Pri THEN
                L_Min_Pri := TO_INT(VO_Alarm_List[L_k].Severity);
                L_Target_Slot := L_k;
            END_IF;
        END_FOR;
    END_IF;
    
    // 3. Ищем неквитированную тревогу с наименьшим приоритетом (если он ниже добавляемой)
    IF L_Target_Slot = 0 THEN
        L_Min_Pri := 999;
        FOR L_k := 1 TO GVL_CONSTANTS.C_MAX_ALARMS DO
            IF TO_INT(VO_Alarm_List[L_k].Severity) &lt; L_Min_Pri AND TO_INT(VO_Alarm_List[L_k].Severity) &lt; TO_INT(L_Pending_Alarms[L_i].Severity) THEN
                L_Min_Pri := TO_INT(VO_Alarm_List[L_k].Seve
--- END HINT 16 ---
--- HINT 17 START=127393 ---
TO_INT(VO_Alarm_List[L_k].Severity);
                L_Target_Slot := L_k;
            END_IF;
        END_FOR;
    END_IF;
    
    // 3. Ищем неквитированную тревогу с наименьшим приоритетом (если он ниже добавляемой)
    IF L_Target_Slot = 0 THEN
        L_Min_Pri := 999;
        FOR L_k := 1 TO GVL_CONSTANTS.C_MAX_ALARMS DO
            IF TO_INT(VO_Alarm_List[L_k].Severity) &lt; L_Min_Pri AND TO_INT(VO_Alarm_List[L_k].Severity) &lt; TO_INT(L_Pending_Alarms[L_i].Severity) THEN
                L_Min_Pri := TO_INT(VO_Alarm_List[L_k].Severity);
                L_Target_Slot := L_k;
            END_IF;
        END_FOR;
    END_IF;
    
    IF L_Target_Slot = 0 THEN 
        // Буфер полон критических неквитированных тревог. Не затираем!
        CONTINUE; 
    END_IF;
    
    VO_Alarm_List[L_Target_Slot] := L_Pending_Alarms[L_i];
    VO_Alarm_List[L_Target_Slot].ID := VIO_Next_Alarm_ID;
    VIO_Next_Alarm_ID := VIO_Next_Alarm_ID + 1;
    IF VIO_Next_Alarm_ID = 0 THEN VIO_Next_Alarm_ID := 1; END_IF;

--- END HINT 17 ---
--- HINT 18 START=128478 ---
      VO_Event_Code := 1203;
        VO_Event_Value := TO_REAL(VO_Alarm_List[L_Target_Slot].Severity);
        L_Event_Pulse_Latched := TRUE;
    END_IF;
END_FOR;

// Shadow comparison results: compare legacy output and V2 shadow output.
IF L_Alarm_V2_Shadow_Compare_Enabled THEN
    FOR L_i := 1 TO GVL_CONSTANTS.C_MAX_ALARMS DO
        IF (VO_Alarm_List[L_i].ID &lt;&gt; L_Alarm_V2_List_Shadow[L_i].ID)
           OR (VO_Alarm_List[L_i].Is_Active &lt;&gt; L_Alarm_V2_List_Shadow[L_i].Is_Active)
           OR (VO_Alarm_List[L_i].Is_Acknowledged &lt;&gt; L_Alarm_V2_List_Shadow[L_i].Is_Acknowledged)
           OR (VO_Alarm_List[L_i].Severity &lt;&gt; L_Alarm_V2_List_Shadow[L_i].Severity) THEN
            L_Alarm_V2_Shadow_Diff_Found := TRUE;
            IF L_Alarm_V2_Shadow_First_Diff_Slot = 0 THEN
                L_Alarm_V2_Shadow_First_Diff_Slot := L_i;
            END_IF;
        END_IF;
    END_FOR;
END_IF;

// 3. Обновление статуса существующих тревог (ушли ли они?)
FOR L_i := 1 TO GVL_CONSTANTS.C_M
--- END HINT 18 ---
--- HINT 19 START=129174 ---
            L_Alarm_V2_Shadow_Diff_Found := TRUE;
            IF L_Alarm_V2_Shadow_First_Diff_Slot = 0 THEN
                L_Alarm_V2_Shadow_First_Diff_Slot := L_i;
            END_IF;
        END_IF;
    END_FOR;
END_IF;

// 3. Обновление статуса существующих тревог (ушли ли они?)
FOR L_i := 1 TO GVL_CONSTANTS.C_MAX_ALARMS DO
    IF VO_Alarm_List[L_i].ID &lt;&gt; 0 THEN
        IF VO_Alarm_List[L_i].Source = 'Gas' THEN VO_Alarm_List[L_i].Is_Active := VI_Gas_Alarm;
        ELSIF VO_Alarm_List[L_i].Source = 'Fire' THEN VO_Alarm_List[L_i].Is_Active := VI_Fire_Alarm;
        ELSIF VO_Alarm_List[L_i].Source = 'Flood' THEN VO_Alarm_List[L_i].Is_Active := VI_Flood_Alarm;
        ELSIF VO_Alarm_List[L_i].Source = 'Security' THEN VO_Alarm_List[L_i].Is_Active := VI_Security_Alarm;
        ELSIF VO_Alarm_List[L_i].Source = 'Diagnostics' THEN VO_Alarm_List[L_i].Is_Active := VI_First_Fault_Active;
        ELSIF VO_Alarm_List[L_i].Source = 'Boiler' THEN 
            IF TO_INT(VO_Alarm_List[L_i].Source_ID) &gt;
--- END HINT 19 ---
--- HINT 20 START=129938 ---
 VI_Security_Alarm;
        ELSIF VO_Alarm_List[L_i].Source = 'Diagnostics' THEN VO_Alarm_List[L_i].Is_Active := VI_First_Fault_Active;
        ELSIF VO_Alarm_List[L_i].Source = 'Boiler' THEN 
            IF TO_INT(VO_Alarm_List[L_i].Source_ID) &gt;= 1 AND TO_INT(VO_Alarm_List[L_i].Source_ID) &lt;= GVL_CONSTANTS.C_MAX_BOILERS THEN
                VO_Alarm_List[L_i].Is_Active := VI_Boiler_Errors[TO_INT(VO_Alarm_List[L_i].Source_ID)];
            END_IF;
        END_IF;
    END_IF;
END_FOR;

// 4. Квитирование тревог
IF VI_Acknowledge_All THEN
    FOR L_i := 1 TO GVL_CONSTANTS.C_MAX_ALARMS DO
        IF VO_Alarm_List[L_i].ID &lt;&gt; 0 THEN
            VO_Alarm_List[L_i].Is_Acknowledged := TRUE;
        END_IF;
    END_FOR;

    IF NOT L_Event_Pulse_Latched THEN
        VO_Event_Pulse := TRUE;
        VO_Event_Code := 1201;
        VO_Event_Value := TO_REAL(VO_Unacked_Count);
        L_Event_Pulse_Latched := TRUE;
    END_IF;
END_IF;

// 4.5 Автоквитирование некритичных тревог, если они больше не акт
--- END HINT 20 ---

PROJECT_HINT_PATTERN=globalVars HITS=21
--- HINT 1 START=348382 ---
xml/objectid" handleUnknown="discard">
            <ObjectId>c79324c7-3e74-43aa-9468-9db08f11b239</ObjectId>
          </data>
        </addData>
      </pou>
    </pous>
  </types>
  <instances>
    <configurations />
  </instances>
  <addData>
    <data name="http://www.3s-software.com/plcopenxml/globalvars" handleUnknown="implementation">
      <globalVars name="GVL_BlackBox">
        <variable name="G_BlackBox_Buffer">
          <type>
            <array>
              <dimension lower="0" upper="99" />
              <baseType>
                <derived name="ST_BlackBox_Record" />
              </baseType>
            </array>
          </type>
          <documentation>
            <xhtml xmlns="http://www.w3.org/1999/xhtml"> Буфер на 100 записей (при опросе 100мс это 10 секунд истории)</xhtml>
          </documentation>
        </variable>
        <variable name="G_BlackBox_Frozen">
          <type>
            <BOOL />
          </type>
        </variable>
        <variable name="G_BlackBo
--- END HINT 1 ---
--- HINT 2 START=348433 ---
<ObjectId>c79324c7-3e74-43aa-9468-9db08f11b239</ObjectId>
          </data>
        </addData>
      </pou>
    </pous>
  </types>
  <instances>
    <configurations />
  </instances>
  <addData>
    <data name="http://www.3s-software.com/plcopenxml/globalvars" handleUnknown="implementation">
      <globalVars name="GVL_BlackBox">
        <variable name="G_BlackBox_Buffer">
          <type>
            <array>
              <dimension lower="0" upper="99" />
              <baseType>
                <derived name="ST_BlackBox_Record" />
              </baseType>
            </array>
          </type>
          <documentation>
            <xhtml xmlns="http://www.w3.org/1999/xhtml"> Буфер на 100 записей (при опросе 100мс это 10 секунд истории)</xhtml>
          </documentation>
        </variable>
        <variable name="G_BlackBox_Frozen">
          <type>
            <BOOL />
          </type>
        </variable>
        <variable name="G_BlackBox_LastIndex">
          <type>
            <INT />

--- END HINT 2 ---
--- HINT 3 START=349641 ---
 <Attribute Name="qualified_only" Value="" />
            </Attributes>
          </data>
          <data name="http://www.3s-software.com/plcopenxml/objectid" handleUnknown="discard">
            <ObjectId>576a3cd2-531b-462f-a7f4-87e96f876363</ObjectId>
          </data>
        </addData>
      </globalVars>
    </data>
    <data name="http://www.3s-software.com/plcopenxml/globalvars" handleUnknown="implementation">
      <globalVars name="GVL_Constants" constant="true">
        <variable name="C_MS_PER_SEC">
          <type>
            <UDINT />
          </type>
          <initialValue>
            <simpleValue value="1000" />
          </initialValue>
        </variable>
        <variable name="C_SEC_PER_MIN">
          <type>
            <UDINT />
          </type>
          <initialValue>
            <simpleValue value="60" />
          </initialValue>
        </variable>
        <variable name="C_MIN_PER_HOUR">
          <type>
            <UDINT />
          </type>
          <initialV
--- END HINT 3 ---
--- HINT 4 START=349719 ---
    </data>
          <data name="http://www.3s-software.com/plcopenxml/objectid" handleUnknown="discard">
            <ObjectId>576a3cd2-531b-462f-a7f4-87e96f876363</ObjectId>
          </data>
        </addData>
      </globalVars>
    </data>
    <data name="http://www.3s-software.com/plcopenxml/globalvars" handleUnknown="implementation">
      <globalVars name="GVL_Constants" constant="true">
        <variable name="C_MS_PER_SEC">
          <type>
            <UDINT />
          </type>
          <initialValue>
            <simpleValue value="1000" />
          </initialValue>
        </variable>
        <variable name="C_SEC_PER_MIN">
          <type>
            <UDINT />
          </type>
          <initialValue>
            <simpleValue value="60" />
          </initialValue>
        </variable>
        <variable name="C_MIN_PER_HOUR">
          <type>
            <UDINT />
          </type>
          <initialValue>
            <simpleValue value="60" />
          </initialValue>
       
--- END HINT 4 ---
--- HINT 5 START=349770 ---
tware.com/plcopenxml/objectid" handleUnknown="discard">
            <ObjectId>576a3cd2-531b-462f-a7f4-87e96f876363</ObjectId>
          </data>
        </addData>
      </globalVars>
    </data>
    <data name="http://www.3s-software.com/plcopenxml/globalvars" handleUnknown="implementation">
      <globalVars name="GVL_Constants" constant="true">
        <variable name="C_MS_PER_SEC">
          <type>
            <UDINT />
          </type>
          <initialValue>
            <simpleValue value="1000" />
          </initialValue>
        </variable>
        <variable name="C_SEC_PER_MIN">
          <type>
            <UDINT />
          </type>
          <initialValue>
            <simpleValue value="60" />
          </initialValue>
        </variable>
        <variable name="C_MIN_PER_HOUR">
          <type>
            <UDINT />
          </type>
          <initialValue>
            <simpleValue value="60" />
          </initialValue>
        </variable>
        <variable name="C_MS_PER_MIN">
--- END HINT 5 ---
--- HINT 6 START=351519 ---
 <Attribute Name="qualified_only" Value="" />
            </Attributes>
          </data>
          <data name="http://www.3s-software.com/plcopenxml/objectid" handleUnknown="discard">
            <ObjectId>0f61acce-932b-48fb-ae67-674c363f5710</ObjectId>
          </data>
        </addData>
      </globalVars>
    </data>
    <data name="http://www.3s-software.com/plcopenxml/globalvars" handleUnknown="implementation">
      <globalVars name="GVL_Diagnostics">
        <variable name="G_Pump_Health">
          <type>
            <array>
              <dimension lower="1" upper="5" />
              <baseType>
                <derived name="ST_Device_Health" />
              </baseType>
            </array>
          </type>
          <documentation>
            <xhtml xmlns="http://www.w3.org/1999/xhtml"> Для 5 коллекторных насосов</xhtml>
          </documentation>
        </variable>
        <variable name="G_Gas_Valve_Health">
          <type>
            <derived name="ST_Device_Health" />
    
--- END HINT 6 ---
--- HINT 7 START=351597 ---
    </data>
          <data name="http://www.3s-software.com/plcopenxml/objectid" handleUnknown="discard">
            <ObjectId>0f61acce-932b-48fb-ae67-674c363f5710</ObjectId>
          </data>
        </addData>
      </globalVars>
    </data>
    <data name="http://www.3s-software.com/plcopenxml/globalvars" handleUnknown="implementation">
      <globalVars name="GVL_Diagnostics">
        <variable name="G_Pump_Health">
          <type>
            <array>
              <dimension lower="1" upper="5" />
              <baseType>
                <derived name="ST_Device_Health" />
              </baseType>
            </array>
          </type>
          <documentation>
            <xhtml xmlns="http://www.w3.org/1999/xhtml"> Для 5 коллекторных насосов</xhtml>
          </documentation>
        </variable>
        <variable name="G_Gas_Valve_Health">
          <type>
            <derived name="ST_Device_Health" />
          </type>
        </variable>
        <variable name="G_System_Health_Summ
--- END HINT 7 ---
--- HINT 8 START=351648 ---
tware.com/plcopenxml/objectid" handleUnknown="discard">
            <ObjectId>0f61acce-932b-48fb-ae67-674c363f5710</ObjectId>
          </data>
        </addData>
      </globalVars>
    </data>
    <data name="http://www.3s-software.com/plcopenxml/globalvars" handleUnknown="implementation">
      <globalVars name="GVL_Diagnostics">
        <variable name="G_Pump_Health">
          <type>
            <array>
              <dimension lower="1" upper="5" />
              <baseType>
                <derived name="ST_Device_Health" />
              </baseType>
            </array>
          </type>
          <documentation>
            <xhtml xmlns="http://www.w3.org/1999/xhtml"> Для 5 коллекторных насосов</xhtml>
          </documentation>
        </variable>
        <variable name="G_Gas_Valve_Health">
          <type>
            <derived name="ST_Device_Health" />
          </type>
        </variable>
        <variable name="G_System_Health_Summary">
          <type>
            <BYTE />
       
--- END HINT 8 ---
--- HINT 9 START=352940 ---
 <Attribute Name="qualified_only" Value="" />
            </Attributes>
          </data>
          <data name="http://www.3s-software.com/plcopenxml/objectid" handleUnknown="discard">
            <ObjectId>6ac29d52-1f0d-4068-aac3-934d1b6eb056</ObjectId>
          </data>
        </addData>
      </globalVars>
    </data>
    <data name="http://www.3s-software.com/plcopenxml/globalvars" handleUnknown="implementation">
      <globalVars name="GVL_Global_Variables">
        <variable name="GVL_System_Time_MS">
          <type>
            <UDINT />
          </type>
        </variable>
        <variable name="GVL_IsActivePLC">
          <type>
            <BOOL />
          </type>
          <initialValue>
            <simpleValue value="TRUE" />
          </initialValue>
        </variable>
        <variable name="GVL_Local_PLC_Role">
          <type>
            <derived name="E_PLC_ROLE" />
          </type>
          <initialValue>
            <simpleValue value="E_PLC_ROLE.ROLE_ACTIVE" />
   
--- END HINT 9 ---
--- HINT 10 START=353018 ---
    </data>
          <data name="http://www.3s-software.com/plcopenxml/objectid" handleUnknown="discard">
            <ObjectId>6ac29d52-1f0d-4068-aac3-934d1b6eb056</ObjectId>
          </data>
        </addData>
      </globalVars>
    </data>
    <data name="http://www.3s-software.com/plcopenxml/globalvars" handleUnknown="implementation">
      <globalVars name="GVL_Global_Variables">
        <variable name="GVL_System_Time_MS">
          <type>
            <UDINT />
          </type>
        </variable>
        <variable name="GVL_IsActivePLC">
          <type>
            <BOOL />
          </type>
          <initialValue>
            <simpleValue value="TRUE" />
          </initialValue>
        </variable>
        <variable name="GVL_Local_PLC_Role">
          <type>
            <derived name="E_PLC_ROLE" />
          </type>
          <initialValue>
            <simpleValue value="E_PLC_ROLE.ROLE_ACTIVE" />
          </initialValue>
        </variable>
        <variable name="GVL_Floor_T
--- END HINT 10 ---
--- HINT 11 START=353069 ---
tware.com/plcopenxml/objectid" handleUnknown="discard">
            <ObjectId>6ac29d52-1f0d-4068-aac3-934d1b6eb056</ObjectId>
          </data>
        </addData>
      </globalVars>
    </data>
    <data name="http://www.3s-software.com/plcopenxml/globalvars" handleUnknown="implementation">
      <globalVars name="GVL_Global_Variables">
        <variable name="GVL_System_Time_MS">
          <type>
            <UDINT />
          </type>
        </variable>
        <variable name="GVL_IsActivePLC">
          <type>
            <BOOL />
          </type>
          <initialValue>
            <simpleValue value="TRUE" />
          </initialValue>
        </variable>
        <variable name="GVL_Local_PLC_Role">
          <type>
            <derived name="E_PLC_ROLE" />
          </type>
          <initialValue>
            <simpleValue value="E_PLC_ROLE.ROLE_ACTIVE" />
          </initialValue>
        </variable>
        <variable name="GVL_Floor_Temps">
          <type>
            <array>
       
--- END HINT 11 ---
--- HINT 12 START=354813 ---
 <Attribute Name="qualified_only" Value="" />
            </Attributes>
          </data>
          <data name="http://www.3s-software.com/plcopenxml/objectid" handleUnknown="discard">
            <ObjectId>845a2243-b948-47e1-8c64-3164112118a4</ObjectId>
          </data>
        </addData>
      </globalVars>
    </data>
    <data name="http://www.3s-software.com/plcopenxml/globalvars" handleUnknown="implementation">
      <globalVars name="GVL_HMI_Config">
        <variable name="G_HMI_FloorHeating_Configs">
          <type>
            <array>
              <dimension lower="1" upper="16" />
              <baseType>
                <derived name="ST_FloorHeating_Circuit_Config" />
              </baseType>
            </array>
          </type>
          <documentation>
            <xhtml xmlns="http://www.w3.org/1999/xhtml"> Настройки отопления (16 контуров)</xhtml>
          </documentation>
        </variable>
        <variable name="G_HMI_Tariff_Settings">
          <type>
            <de
--- END HINT 12 ---
--- HINT 13 START=354891 ---
    </data>
          <data name="http://www.3s-software.com/plcopenxml/objectid" handleUnknown="discard">
            <ObjectId>845a2243-b948-47e1-8c64-3164112118a4</ObjectId>
          </data>
        </addData>
      </globalVars>
    </data>
    <data name="http://www.3s-software.com/plcopenxml/globalvars" handleUnknown="implementation">
      <globalVars name="GVL_HMI_Config">
        <variable name="G_HMI_FloorHeating_Configs">
          <type>
            <array>
              <dimension lower="1" upper="16" />
              <baseType>
                <derived name="ST_FloorHeating_Circuit_Config" />
              </baseType>
            </array>
          </type>
          <documentation>
            <xhtml xmlns="http://www.w3.org/1999/xhtml"> Настройки отопления (16 контуров)</xhtml>
          </documentation>
        </variable>
        <variable name="G_HMI_Tariff_Settings">
          <type>
            <derived name="ST_Tariff_Config" />
          </type>
        </variable>
       
--- END HINT 13 ---
--- HINT 14 START=354942 ---
tware.com/plcopenxml/objectid" handleUnknown="discard">
            <ObjectId>845a2243-b948-47e1-8c64-3164112118a4</ObjectId>
          </data>
        </addData>
      </globalVars>
    </data>
    <data name="http://www.3s-software.com/plcopenxml/globalvars" handleUnknown="implementation">
      <globalVars name="GVL_HMI_Config">
        <variable name="G_HMI_FloorHeating_Configs">
          <type>
            <array>
              <dimension lower="1" upper="16" />
              <baseType>
                <derived name="ST_FloorHeating_Circuit_Config" />
              </baseType>
            </array>
          </type>
          <documentation>
            <xhtml xmlns="http://www.w3.org/1999/xhtml"> Настройки отопления (16 контуров)</xhtml>
          </documentation>
        </variable>
        <variable name="G_HMI_Tariff_Settings">
          <type>
            <derived name="ST_Tariff_Config" />
          </type>
        </variable>
        <variable name="G_HMI_Vent_Global_Config">
       
--- END HINT 14 ---
--- HINT 15 START=362001 ---
      <type>
            <BOOL />
          </type>
        </variable>
        <addData>
          <data name="http://www.3s-software.com/plcopenxml/objectid" handleUnknown="discard">
            <ObjectId>666b119e-853a-4d32-9d3a-5e95b0587feb</ObjectId>
          </data>
        </addData>
      </globalVars>
    </data>
    <data name="http://www.3s-software.com/plcopenxml/globalvars" handleUnknown="implementation">
      <globalVars name="GVL_IO">
        <variable name="DI_Security_Open">
          <type>
            <array>
              <dimension lower="1" upper="15" />
              <baseType>
                <BOOL />
              </baseType>
            </array>
          </type>
          <documentation>
            <xhtml xmlns="http://www.w3.org/1999/xhtml"> Датчики открытия (15 физических каналов по ТЗ 3.1)</xhtml>
          </documentation>
        </variable>
        <variable name="DI_Security_Glass">
          <type>
            <array>
              <dimension lower="1" upper=
--- END HINT 15 ---
--- HINT 16 START=362079 ---
  <addData>
          <data name="http://www.3s-software.com/plcopenxml/objectid" handleUnknown="discard">
            <ObjectId>666b119e-853a-4d32-9d3a-5e95b0587feb</ObjectId>
          </data>
        </addData>
      </globalVars>
    </data>
    <data name="http://www.3s-software.com/plcopenxml/globalvars" handleUnknown="implementation">
      <globalVars name="GVL_IO">
        <variable name="DI_Security_Open">
          <type>
            <array>
              <dimension lower="1" upper="15" />
              <baseType>
                <BOOL />
              </baseType>
            </array>
          </type>
          <documentation>
            <xhtml xmlns="http://www.w3.org/1999/xhtml"> Датчики открытия (15 физических каналов по ТЗ 3.1)</xhtml>
          </documentation>
        </variable>
        <variable name="DI_Security_Glass">
          <type>
            <array>
              <dimension lower="1" upper="15" />
              <baseType>
                <BOOL />
              </base
--- END HINT 16 ---
--- HINT 17 START=362130 ---
tware.com/plcopenxml/objectid" handleUnknown="discard">
            <ObjectId>666b119e-853a-4d32-9d3a-5e95b0587feb</ObjectId>
          </data>
        </addData>
      </globalVars>
    </data>
    <data name="http://www.3s-software.com/plcopenxml/globalvars" handleUnknown="implementation">
      <globalVars name="GVL_IO">
        <variable name="DI_Security_Open">
          <type>
            <array>
              <dimension lower="1" upper="15" />
              <baseType>
                <BOOL />
              </baseType>
            </array>
          </type>
          <documentation>
            <xhtml xmlns="http://www.w3.org/1999/xhtml"> Датчики открытия (15 физических каналов по ТЗ 3.1)</xhtml>
          </documentation>
        </variable>
        <variable name="DI_Security_Glass">
          <type>
            <array>
              <dimension lower="1" upper="15" />
              <baseType>
                <BOOL />
              </baseType>
            </array>
          </type>
      
--- END HINT 17 ---
--- HINT 18 START=374201 ---
      <type>
            <BOOL />
          </type>
        </variable>
        <addData>
          <data name="http://www.3s-software.com/plcopenxml/objectid" handleUnknown="discard">
            <ObjectId>ebf2e03c-1213-4bc5-aa31-b0ba19d04314</ObjectId>
          </data>
        </addData>
      </globalVars>
    </data>
    <data name="http://www.3s-software.com/plcopenxml/globalvars" handleUnknown="implementation">
      <globalVars name="GVL_Vars">
        <variable name="G_System_Time_MS">
          <type>
            <UDINT />
          </type>
          <documentation>
            <xhtml xmlns="http://www.w3.org/1999/xhtml"> Системное время (мс)</xhtml>
          </documentation>
        </variable>
        <variable name="G_Current_Scenario">
          <type>
            <derived name="E_SCENARIO_TYPE" />
          </type>
          <initialValue>
            <simpleValue value="E_SCENARIO_TYPE.SCENARIO_NONE" />
          </initialValue>
        </variable>
        <variable name="G_Secu
--- END HINT 18 ---
--- HINT 19 START=374279 ---
  <addData>
          <data name="http://www.3s-software.com/plcopenxml/objectid" handleUnknown="discard">
            <ObjectId>ebf2e03c-1213-4bc5-aa31-b0ba19d04314</ObjectId>
          </data>
        </addData>
      </globalVars>
    </data>
    <data name="http://www.3s-software.com/plcopenxml/globalvars" handleUnknown="implementation">
      <globalVars name="GVL_Vars">
        <variable name="G_System_Time_MS">
          <type>
            <UDINT />
          </type>
          <documentation>
            <xhtml xmlns="http://www.w3.org/1999/xhtml"> Системное время (мс)</xhtml>
          </documentation>
        </variable>
        <variable name="G_Current_Scenario">
          <type>
            <derived name="E_SCENARIO_TYPE" />
          </type>
          <initialValue>
            <simpleValue value="E_SCENARIO_TYPE.SCENARIO_NONE" />
          </initialValue>
        </variable>
        <variable name="G_Security_Armed">
          <type>
            <BOOL />
          </type>
         
--- END HINT 19 ---
--- HINT 20 START=374330 ---
tware.com/plcopenxml/objectid" handleUnknown="discard">
            <ObjectId>ebf2e03c-1213-4bc5-aa31-b0ba19d04314</ObjectId>
          </data>
        </addData>
      </globalVars>
    </data>
    <data name="http://www.3s-software.com/plcopenxml/globalvars" handleUnknown="implementation">
      <globalVars name="GVL_Vars">
        <variable name="G_System_Time_MS">
          <type>
            <UDINT />
          </type>
          <documentation>
            <xhtml xmlns="http://www.w3.org/1999/xhtml"> Системное время (мс)</xhtml>
          </documentation>
        </variable>
        <variable name="G_Current_Scenario">
          <type>
            <derived name="E_SCENARIO_TYPE" />
          </type>
          <initialValue>
            <simpleValue value="E_SCENARIO_TYPE.SCENARIO_NONE" />
          </initialValue>
        </variable>
        <variable name="G_Security_Armed">
          <type>
            <BOOL />
          </type>
          <initialValue>
            <simpleValue value="FAL
--- END HINT 20 ---

PROJECT_HINT_PATTERN=GlobalVars HITS=21
--- HINT 1 START=348382 ---
xml/objectid" handleUnknown="discard">
            <ObjectId>c79324c7-3e74-43aa-9468-9db08f11b239</ObjectId>
          </data>
        </addData>
      </pou>
    </pous>
  </types>
  <instances>
    <configurations />
  </instances>
  <addData>
    <data name="http://www.3s-software.com/plcopenxml/globalvars" handleUnknown="implementation">
      <globalVars name="GVL_BlackBox">
        <variable name="G_BlackBox_Buffer">
          <type>
            <array>
              <dimension lower="0" upper="99" />
              <baseType>
                <derived name="ST_BlackBox_Record" />
              </baseType>
            </array>
          </type>
          <documentation>
            <xhtml xmlns="http://www.w3.org/1999/xhtml"> Буфер на 100 записей (при опросе 100мс это 10 секунд истории)</xhtml>
          </documentation>
        </variable>
        <variable name="G_BlackBox_Frozen">
          <type>
            <BOOL />
          </type>
        </variable>
        <variable name="G_BlackBo
--- END HINT 1 ---
--- HINT 2 START=348433 ---
<ObjectId>c79324c7-3e74-43aa-9468-9db08f11b239</ObjectId>
          </data>
        </addData>
      </pou>
    </pous>
  </types>
  <instances>
    <configurations />
  </instances>
  <addData>
    <data name="http://www.3s-software.com/plcopenxml/globalvars" handleUnknown="implementation">
      <globalVars name="GVL_BlackBox">
        <variable name="G_BlackBox_Buffer">
          <type>
            <array>
              <dimension lower="0" upper="99" />
              <baseType>
                <derived name="ST_BlackBox_Record" />
              </baseType>
            </array>
          </type>
          <documentation>
            <xhtml xmlns="http://www.w3.org/1999/xhtml"> Буфер на 100 записей (при опросе 100мс это 10 секунд истории)</xhtml>
          </documentation>
        </variable>
        <variable name="G_BlackBox_Frozen">
          <type>
            <BOOL />
          </type>
        </variable>
        <variable name="G_BlackBox_LastIndex">
          <type>
            <INT />

--- END HINT 2 ---
--- HINT 3 START=349641 ---
 <Attribute Name="qualified_only" Value="" />
            </Attributes>
          </data>
          <data name="http://www.3s-software.com/plcopenxml/objectid" handleUnknown="discard">
            <ObjectId>576a3cd2-531b-462f-a7f4-87e96f876363</ObjectId>
          </data>
        </addData>
      </globalVars>
    </data>
    <data name="http://www.3s-software.com/plcopenxml/globalvars" handleUnknown="implementation">
      <globalVars name="GVL_Constants" constant="true">
        <variable name="C_MS_PER_SEC">
          <type>
            <UDINT />
          </type>
          <initialValue>
            <simpleValue value="1000" />
          </initialValue>
        </variable>
        <variable name="C_SEC_PER_MIN">
          <type>
            <UDINT />
          </type>
          <initialValue>
            <simpleValue value="60" />
          </initialValue>
        </variable>
        <variable name="C_MIN_PER_HOUR">
          <type>
            <UDINT />
          </type>
          <initialV
--- END HINT 3 ---
--- HINT 4 START=349719 ---
    </data>
          <data name="http://www.3s-software.com/plcopenxml/objectid" handleUnknown="discard">
            <ObjectId>576a3cd2-531b-462f-a7f4-87e96f876363</ObjectId>
          </data>
        </addData>
      </globalVars>
    </data>
    <data name="http://www.3s-software.com/plcopenxml/globalvars" handleUnknown="implementation">
      <globalVars name="GVL_Constants" constant="true">
        <variable name="C_MS_PER_SEC">
          <type>
            <UDINT />
          </type>
          <initialValue>
            <simpleValue value="1000" />
          </initialValue>
        </variable>
        <variable name="C_SEC_PER_MIN">
          <type>
            <UDINT />
          </type>
          <initialValue>
            <simpleValue value="60" />
          </initialValue>
        </variable>
        <variable name="C_MIN_PER_HOUR">
          <type>
            <UDINT />
          </type>
          <initialValue>
            <simpleValue value="60" />
          </initialValue>
       
--- END HINT 4 ---
--- HINT 5 START=349770 ---
tware.com/plcopenxml/objectid" handleUnknown="discard">
            <ObjectId>576a3cd2-531b-462f-a7f4-87e96f876363</ObjectId>
          </data>
        </addData>
      </globalVars>
    </data>
    <data name="http://www.3s-software.com/plcopenxml/globalvars" handleUnknown="implementation">
      <globalVars name="GVL_Constants" constant="true">
        <variable name="C_MS_PER_SEC">
          <type>
            <UDINT />
          </type>
          <initialValue>
            <simpleValue value="1000" />
          </initialValue>
        </variable>
        <variable name="C_SEC_PER_MIN">
          <type>
            <UDINT />
          </type>
          <initialValue>
            <simpleValue value="60" />
          </initialValue>
        </variable>
        <variable name="C_MIN_PER_HOUR">
          <type>
            <UDINT />
          </type>
          <initialValue>
            <simpleValue value="60" />
          </initialValue>
        </variable>
        <variable name="C_MS_PER_MIN">
--- END HINT 5 ---
--- HINT 6 START=351519 ---
 <Attribute Name="qualified_only" Value="" />
            </Attributes>
          </data>
          <data name="http://www.3s-software.com/plcopenxml/objectid" handleUnknown="discard">
            <ObjectId>0f61acce-932b-48fb-ae67-674c363f5710</ObjectId>
          </data>
        </addData>
      </globalVars>
    </data>
    <data name="http://www.3s-software.com/plcopenxml/globalvars" handleUnknown="implementation">
      <globalVars name="GVL_Diagnostics">
        <variable name="G_Pump_Health">
          <type>
            <array>
              <dimension lower="1" upper="5" />
              <baseType>
                <derived name="ST_Device_Health" />
              </baseType>
            </array>
          </type>
          <documentation>
            <xhtml xmlns="http://www.w3.org/1999/xhtml"> Для 5 коллекторных насосов</xhtml>
          </documentation>
        </variable>
        <variable name="G_Gas_Valve_Health">
          <type>
            <derived name="ST_Device_Health" />
    
--- END HINT 6 ---
--- HINT 7 START=351597 ---
    </data>
          <data name="http://www.3s-software.com/plcopenxml/objectid" handleUnknown="discard">
            <ObjectId>0f61acce-932b-48fb-ae67-674c363f5710</ObjectId>
          </data>
        </addData>
      </globalVars>
    </data>
    <data name="http://www.3s-software.com/plcopenxml/globalvars" handleUnknown="implementation">
      <globalVars name="GVL_Diagnostics">
        <variable name="G_Pump_Health">
          <type>
            <array>
              <dimension lower="1" upper="5" />
              <baseType>
                <derived name="ST_Device_Health" />
              </baseType>
            </array>
          </type>
          <documentation>
            <xhtml xmlns="http://www.w3.org/1999/xhtml"> Для 5 коллекторных насосов</xhtml>
          </documentation>
        </variable>
        <variable name="G_Gas_Valve_Health">
          <type>
            <derived name="ST_Device_Health" />
          </type>
        </variable>
        <variable name="G_System_Health_Summ
--- END HINT 7 ---
--- HINT 8 START=351648 ---
tware.com/plcopenxml/objectid" handleUnknown="discard">
            <ObjectId>0f61acce-932b-48fb-ae67-674c363f5710</ObjectId>
          </data>
        </addData>
      </globalVars>
    </data>
    <data name="http://www.3s-software.com/plcopenxml/globalvars" handleUnknown="implementation">
      <globalVars name="GVL_Diagnostics">
        <variable name="G_Pump_Health">
          <type>
            <array>
              <dimension lower="1" upper="5" />
              <baseType>
                <derived name="ST_Device_Health" />
              </baseType>
            </array>
          </type>
          <documentation>
            <xhtml xmlns="http://www.w3.org/1999/xhtml"> Для 5 коллекторных насосов</xhtml>
          </documentation>
        </variable>
        <variable name="G_Gas_Valve_Health">
          <type>
            <derived name="ST_Device_Health" />
          </type>
        </variable>
        <variable name="G_System_Health_Summary">
          <type>
            <BYTE />
       
--- END HINT 8 ---
--- HINT 9 START=352940 ---
 <Attribute Name="qualified_only" Value="" />
            </Attributes>
          </data>
          <data name="http://www.3s-software.com/plcopenxml/objectid" handleUnknown="discard">
            <ObjectId>6ac29d52-1f0d-4068-aac3-934d1b6eb056</ObjectId>
          </data>
        </addData>
      </globalVars>
    </data>
    <data name="http://www.3s-software.com/plcopenxml/globalvars" handleUnknown="implementation">
      <globalVars name="GVL_Global_Variables">
        <variable name="GVL_System_Time_MS">
          <type>
            <UDINT />
          </type>
        </variable>
        <variable name="GVL_IsActivePLC">
          <type>
            <BOOL />
          </type>
          <initialValue>
            <simpleValue value="TRUE" />
          </initialValue>
        </variable>
        <variable name="GVL_Local_PLC_Role">
          <type>
            <derived name="E_PLC_ROLE" />
          </type>
          <initialValue>
            <simpleValue value="E_PLC_ROLE.ROLE_ACTIVE" />
   
--- END HINT 9 ---
--- HINT 10 START=353018 ---
    </data>
          <data name="http://www.3s-software.com/plcopenxml/objectid" handleUnknown="discard">
            <ObjectId>6ac29d52-1f0d-4068-aac3-934d1b6eb056</ObjectId>
          </data>
        </addData>
      </globalVars>
    </data>
    <data name="http://www.3s-software.com/plcopenxml/globalvars" handleUnknown="implementation">
      <globalVars name="GVL_Global_Variables">
        <variable name="GVL_System_Time_MS">
          <type>
            <UDINT />
          </type>
        </variable>
        <variable name="GVL_IsActivePLC">
          <type>
            <BOOL />
          </type>
          <initialValue>
            <simpleValue value="TRUE" />
          </initialValue>
        </variable>
        <variable name="GVL_Local_PLC_Role">
          <type>
            <derived name="E_PLC_ROLE" />
          </type>
          <initialValue>
            <simpleValue value="E_PLC_ROLE.ROLE_ACTIVE" />
          </initialValue>
        </variable>
        <variable name="GVL_Floor_T
--- END HINT 10 ---
--- HINT 11 START=353069 ---
tware.com/plcopenxml/objectid" handleUnknown="discard">
            <ObjectId>6ac29d52-1f0d-4068-aac3-934d1b6eb056</ObjectId>
          </data>
        </addData>
      </globalVars>
    </data>
    <data name="http://www.3s-software.com/plcopenxml/globalvars" handleUnknown="implementation">
      <globalVars name="GVL_Global_Variables">
        <variable name="GVL_System_Time_MS">
          <type>
            <UDINT />
          </type>
        </variable>
        <variable name="GVL_IsActivePLC">
          <type>
            <BOOL />
          </type>
          <initialValue>
            <simpleValue value="TRUE" />
          </initialValue>
        </variable>
        <variable name="GVL_Local_PLC_Role">
          <type>
            <derived name="E_PLC_ROLE" />
          </type>
          <initialValue>
            <simpleValue value="E_PLC_ROLE.ROLE_ACTIVE" />
          </initialValue>
        </variable>
        <variable name="GVL_Floor_Temps">
          <type>
            <array>
       
--- END HINT 11 ---
--- HINT 12 START=354813 ---
 <Attribute Name="qualified_only" Value="" />
            </Attributes>
          </data>
          <data name="http://www.3s-software.com/plcopenxml/objectid" handleUnknown="discard">
            <ObjectId>845a2243-b948-47e1-8c64-3164112118a4</ObjectId>
          </data>
        </addData>
      </globalVars>
    </data>
    <data name="http://www.3s-software.com/plcopenxml/globalvars" handleUnknown="implementation">
      <globalVars name="GVL_HMI_Config">
        <variable name="G_HMI_FloorHeating_Configs">
          <type>
            <array>
              <dimension lower="1" upper="16" />
              <baseType>
                <derived name="ST_FloorHeating_Circuit_Config" />
              </baseType>
            </array>
          </type>
          <documentation>
            <xhtml xmlns="http://www.w3.org/1999/xhtml"> Настройки отопления (16 контуров)</xhtml>
          </documentation>
        </variable>
        <variable name="G_HMI_Tariff_Settings">
          <type>
            <de
--- END HINT 12 ---
--- HINT 13 START=354891 ---
    </data>
          <data name="http://www.3s-software.com/plcopenxml/objectid" handleUnknown="discard">
            <ObjectId>845a2243-b948-47e1-8c64-3164112118a4</ObjectId>
          </data>
        </addData>
      </globalVars>
    </data>
    <data name="http://www.3s-software.com/plcopenxml/globalvars" handleUnknown="implementation">
      <globalVars name="GVL_HMI_Config">
        <variable name="G_HMI_FloorHeating_Configs">
          <type>
            <array>
              <dimension lower="1" upper="16" />
              <baseType>
                <derived name="ST_FloorHeating_Circuit_Config" />
              </baseType>
            </array>
          </type>
          <documentation>
            <xhtml xmlns="http://www.w3.org/1999/xhtml"> Настройки отопления (16 контуров)</xhtml>
          </documentation>
        </variable>
        <variable name="G_HMI_Tariff_Settings">
          <type>
            <derived name="ST_Tariff_Config" />
          </type>
        </variable>
       
--- END HINT 13 ---
--- HINT 14 START=354942 ---
tware.com/plcopenxml/objectid" handleUnknown="discard">
            <ObjectId>845a2243-b948-47e1-8c64-3164112118a4</ObjectId>
          </data>
        </addData>
      </globalVars>
    </data>
    <data name="http://www.3s-software.com/plcopenxml/globalvars" handleUnknown="implementation">
      <globalVars name="GVL_HMI_Config">
        <variable name="G_HMI_FloorHeating_Configs">
          <type>
            <array>
              <dimension lower="1" upper="16" />
              <baseType>
                <derived name="ST_FloorHeating_Circuit_Config" />
              </baseType>
            </array>
          </type>
          <documentation>
            <xhtml xmlns="http://www.w3.org/1999/xhtml"> Настройки отопления (16 контуров)</xhtml>
          </documentation>
        </variable>
        <variable name="G_HMI_Tariff_Settings">
          <type>
            <derived name="ST_Tariff_Config" />
          </type>
        </variable>
        <variable name="G_HMI_Vent_Global_Config">
       
--- END HINT 14 ---
--- HINT 15 START=362001 ---
      <type>
            <BOOL />
          </type>
        </variable>
        <addData>
          <data name="http://www.3s-software.com/plcopenxml/objectid" handleUnknown="discard">
            <ObjectId>666b119e-853a-4d32-9d3a-5e95b0587feb</ObjectId>
          </data>
        </addData>
      </globalVars>
    </data>
    <data name="http://www.3s-software.com/plcopenxml/globalvars" handleUnknown="implementation">
      <globalVars name="GVL_IO">
        <variable name="DI_Security_Open">
          <type>
            <array>
              <dimension lower="1" upper="15" />
              <baseType>
                <BOOL />
              </baseType>
            </array>
          </type>
          <documentation>
            <xhtml xmlns="http://www.w3.org/1999/xhtml"> Датчики открытия (15 физических каналов по ТЗ 3.1)</xhtml>
          </documentation>
        </variable>
        <variable name="DI_Security_Glass">
          <type>
            <array>
              <dimension lower="1" upper=
--- END HINT 15 ---
--- HINT 16 START=362079 ---
  <addData>
          <data name="http://www.3s-software.com/plcopenxml/objectid" handleUnknown="discard">
            <ObjectId>666b119e-853a-4d32-9d3a-5e95b0587feb</ObjectId>
          </data>
        </addData>
      </globalVars>
    </data>
    <data name="http://www.3s-software.com/plcopenxml/globalvars" handleUnknown="implementation">
      <globalVars name="GVL_IO">
        <variable name="DI_Security_Open">
          <type>
            <array>
              <dimension lower="1" upper="15" />
              <baseType>
                <BOOL />
              </baseType>
            </array>
          </type>
          <documentation>
            <xhtml xmlns="http://www.w3.org/1999/xhtml"> Датчики открытия (15 физических каналов по ТЗ 3.1)</xhtml>
          </documentation>
        </variable>
        <variable name="DI_Security_Glass">
          <type>
            <array>
              <dimension lower="1" upper="15" />
              <baseType>
                <BOOL />
              </base
--- END HINT 16 ---
--- HINT 17 START=362130 ---
tware.com/plcopenxml/objectid" handleUnknown="discard">
            <ObjectId>666b119e-853a-4d32-9d3a-5e95b0587feb</ObjectId>
          </data>
        </addData>
      </globalVars>
    </data>
    <data name="http://www.3s-software.com/plcopenxml/globalvars" handleUnknown="implementation">
      <globalVars name="GVL_IO">
        <variable name="DI_Security_Open">
          <type>
            <array>
              <dimension lower="1" upper="15" />
              <baseType>
                <BOOL />
              </baseType>
            </array>
          </type>
          <documentation>
            <xhtml xmlns="http://www.w3.org/1999/xhtml"> Датчики открытия (15 физических каналов по ТЗ 3.1)</xhtml>
          </documentation>
        </variable>
        <variable name="DI_Security_Glass">
          <type>
            <array>
              <dimension lower="1" upper="15" />
              <baseType>
                <BOOL />
              </baseType>
            </array>
          </type>
      
--- END HINT 17 ---
--- HINT 18 START=374201 ---
      <type>
            <BOOL />
          </type>
        </variable>
        <addData>
          <data name="http://www.3s-software.com/plcopenxml/objectid" handleUnknown="discard">
            <ObjectId>ebf2e03c-1213-4bc5-aa31-b0ba19d04314</ObjectId>
          </data>
        </addData>
      </globalVars>
    </data>
    <data name="http://www.3s-software.com/plcopenxml/globalvars" handleUnknown="implementation">
      <globalVars name="GVL_Vars">
        <variable name="G_System_Time_MS">
          <type>
            <UDINT />
          </type>
          <documentation>
            <xhtml xmlns="http://www.w3.org/1999/xhtml"> Системное время (мс)</xhtml>
          </documentation>
        </variable>
        <variable name="G_Current_Scenario">
          <type>
            <derived name="E_SCENARIO_TYPE" />
          </type>
          <initialValue>
            <simpleValue value="E_SCENARIO_TYPE.SCENARIO_NONE" />
          </initialValue>
        </variable>
        <variable name="G_Secu
--- END HINT 18 ---
--- HINT 19 START=374279 ---
  <addData>
          <data name="http://www.3s-software.com/plcopenxml/objectid" handleUnknown="discard">
            <ObjectId>ebf2e03c-1213-4bc5-aa31-b0ba19d04314</ObjectId>
          </data>
        </addData>
      </globalVars>
    </data>
    <data name="http://www.3s-software.com/plcopenxml/globalvars" handleUnknown="implementation">
      <globalVars name="GVL_Vars">
        <variable name="G_System_Time_MS">
          <type>
            <UDINT />
          </type>
          <documentation>
            <xhtml xmlns="http://www.w3.org/1999/xhtml"> Системное время (мс)</xhtml>
          </documentation>
        </variable>
        <variable name="G_Current_Scenario">
          <type>
            <derived name="E_SCENARIO_TYPE" />
          </type>
          <initialValue>
            <simpleValue value="E_SCENARIO_TYPE.SCENARIO_NONE" />
          </initialValue>
        </variable>
        <variable name="G_Security_Armed">
          <type>
            <BOOL />
          </type>
         
--- END HINT 19 ---
--- HINT 20 START=374330 ---
tware.com/plcopenxml/objectid" handleUnknown="discard">
            <ObjectId>ebf2e03c-1213-4bc5-aa31-b0ba19d04314</ObjectId>
          </data>
        </addData>
      </globalVars>
    </data>
    <data name="http://www.3s-software.com/plcopenxml/globalvars" handleUnknown="implementation">
      <globalVars name="GVL_Vars">
        <variable name="G_System_Time_MS">
          <type>
            <UDINT />
          </type>
          <documentation>
            <xhtml xmlns="http://www.w3.org/1999/xhtml"> Системное время (мс)</xhtml>
          </documentation>
        </variable>
        <variable name="G_Current_Scenario">
          <type>
            <derived name="E_SCENARIO_TYPE" />
          </type>
          <initialValue>
            <simpleValue value="E_SCENARIO_TYPE.SCENARIO_NONE" />
          </initialValue>
        </variable>
        <variable name="G_Security_Armed">
          <type>
            <BOOL />
          </type>
          <initialValue>
            <simpleValue value="FAL
--- END HINT 20 ---

=== INSERTION ANCHOR HINTS ===
ANCHOR_PATTERN=FB_INSERT_ANCHOR HITS=0

ANCHOR_PATTERN=GVL_INSERT_ANCHOR HITS=0

ANCHOR_PATTERN=placeholder HITS=1
--- ANCHOR 1 START=268288 ---
rrent state: always remain on legacy behavior.
    // Future state: when V2 path is implemented and validated,
    // this block becomes the controlled branch point.
    IF L_V2_Switch_Enabled AND L_V2_Path_Ready THEN
        L_V2_Using_Legacy_Fallback := FALSE;
        // V2 action-generation path placeholder.
        // No runtime behavior change yet.
    ELSE
        L_V2_Using_Legacy_Fallback := TRUE;
    END_IF;

    VO_Actions[L_i].Active := FALSE;
    IF VI_Rules[L_i].Enabled THEN
        L_Condition_Met := FALSE;
        L_Current_Value := 0.0;
        
        // Определение значения для проверки
        IF VI_Rules[L_i].Condition_Target_ID &gt; 0 THEN
            CASE VI_Rules[L_i].Condition_Type OF
                E_Rule_Condition_Type.COND_AIR_TEMP: IF VI_Rules[L_i].Condition_Target_ID &lt;= GVL_CONSTANTS.C_MAX_CLIMATE_ZONES THEN L_Current_Value := VI_Indoor_Temps[VI_Rules[L_i].Condition_Target_ID]; END_IF;
                E_Rule_Condition_Type.COND_FLOOR_TEMP: IF VI_Rules[L_i].Condit
--- END ANCHOR 1 ---

ANCHOR_PATTERN=to be replaced HITS=0
