]633;E;echo "=== STEP 36 FIX: GATEWAY INTERFACE AUDIT ===";f1165683-fe3b-4368-874e-5c1706c7b9d6]633;C=== STEP 36 FIX: GATEWAY INTERFACE AUDIT ===
timestamp_utc=2026-04-16T18:19:00Z

=== CURRENT DIR ===
/workspaces/SmartHomeNew

=== FILE LIST (.st / .gvl) ===
./FB_FloorHeating_Freeze_Protection.st
./FB_Sensor_Calibration.st
./GVL_STATUS.gvl
./GVL_EVENT.gvl
./FB_Heating_V2_Staging.st
./FB_State_Manager.st
./FB_System_Health.st
./FB_Sensor_Distribution.st
./FB_Ventilation_V2_Staging.st
./FB_Astro_Timer.st
./FB_NVRAM_Manager.st
./FB_FloorHeating_Controller.st
./FB_Trend_Logger.st
./FB_BlackBox_V2_Core.st
./PRG_PLC_A.st
./PRG_Safety.st
./FB_Manual_Valve_Control.st
./FB_Security_Alarm.st
./FB_Lighting_Blinds_Manager.st
./FB_Heating_System_Manager.st
./FB_Water_Leakage_Manager.st
./FB_Water_Valve_Controller.st
./FB_Gas_Methane_Detector.st
./FB_Simulation_Manager.st
./FB_Boiler_OpenTherm_Interface.st
./GVL_ALARM.gvl
./FB_State_Snapshot_NVRAM.st
./GVL_STATE.gvl
./FB_Rule_Compatibility_Package.st
./FB_CO_Detector.st
./FB_Smoke_Detector.st
./GVL_HEALTH_BRIDGE.gvl
./FB_Alarm_V2_Core.st
./FB_Exhaust_Ventilation_Controller.st
./FB_Debug_Logger.st
./FB_FloorHeating_Overheat_Protection.st
./FB_CoreKernel_Live_Observer.st
./FB_LogEvent.st
./GVL_PERSISTENT.gvl
./FB_Supply_Ventilation_Controller.st
./FB_Redundancy_Manager.st
./FB_Security_System_Manager.st
./FB_Rule_Engine.st
./FB_Gas_Smoke_Manager.st
./FB_PID_Controller.st
./PRG_IO_Write.st
./FB_Gateway_Interface.st
./FB_Valve_Test_Manager.st
./FB_History_V2_Core.st
./GVL_GATEWAY.gvl
./FB_Gas_Valve_Controller.st
./GVL_TIME.gvl
./FB_AccessCode_Manager.st
./FB_Device_Predictive_Diag.st
./FB_HMAC_SHA1.st
./FB_Sensor_Calibration_Processor.st
./FB_Presence_Playback.st
./FB_IO_Module_Watchdog.st
./FB_Pre_Departure_Heating.st
./snapshots/project_clean_state_2026_04_16/FB_FloorHeating_Freeze_Protection.st
./snapshots/project_clean_state_2026_04_16/FB_Sensor_Calibration.st
./snapshots/project_clean_state_2026_04_16/GVL_STATUS.gvl
./snapshots/project_clean_state_2026_04_16/GVL_EVENT.gvl
./snapshots/project_clean_state_2026_04_16/FB_Heating_V2_Staging.st
./snapshots/project_clean_state_2026_04_16/FB_State_Manager.st
./snapshots/project_clean_state_2026_04_16/FB_System_Health.st
./snapshots/project_clean_state_2026_04_16/FB_Sensor_Distribution.st
./snapshots/project_clean_state_2026_04_16/FB_Ventilation_V2_Staging.st
./snapshots/project_clean_state_2026_04_16/FB_Astro_Timer.st
./snapshots/project_clean_state_2026_04_16/FB_NVRAM_Manager.st
./snapshots/project_clean_state_2026_04_16/FB_FloorHeating_Controller.st
./snapshots/project_clean_state_2026_04_16/FB_Trend_Logger.st
./snapshots/project_clean_state_2026_04_16/FB_BlackBox_V2_Core.st
./snapshots/project_clean_state_2026_04_16/PRG_PLC_A.st
./snapshots/project_clean_state_2026_04_16/PRG_Safety.st
./snapshots/project_clean_state_2026_04_16/FB_Manual_Valve_Control.st
./snapshots/project_clean_state_2026_04_16/FB_Security_Alarm.st
./snapshots/project_clean_state_2026_04_16/FB_Lighting_Blinds_Manager.st
./snapshots/project_clean_state_2026_04_16/FB_Heating_System_Manager.st
./snapshots/project_clean_state_2026_04_16/FB_Water_Leakage_Manager.st
./snapshots/project_clean_state_2026_04_16/FB_Water_Valve_Controller.st
./snapshots/project_clean_state_2026_04_16/FB_Gas_Methane_Detector.st
./snapshots/project_clean_state_2026_04_16/FB_Simulation_Manager.st
./snapshots/project_clean_state_2026_04_16/FB_Boiler_OpenTherm_Interface.st
./snapshots/project_clean_state_2026_04_16/GVL_ALARM.gvl
./snapshots/project_clean_state_2026_04_16/FB_State_Snapshot_NVRAM.st
./snapshots/project_clean_state_2026_04_16/GVL_STATE.gvl
./snapshots/project_clean_state_2026_04_16/FB_Rule_Compatibility_Package.st
./snapshots/project_clean_state_2026_04_16/FB_CO_Detector.st
./snapshots/project_clean_state_2026_04_16/FB_Smoke_Detector.st
./snapshots/project_clean_state_2026_04_16/GVL_HEALTH_BRIDGE.gvl
./snapshots/project_clean_state_2026_04_16/FB_Alarm_V2_Core.st
./snapshots/project_clean_state_2026_04_16/FB_Exhaust_Ventilation_Controller.st
./snapshots/project_clean_state_2026_04_16/FB_Debug_Logger.st
./snapshots/project_clean_state_2026_04_16/FB_FloorHeating_Overheat_Protection.st
./snapshots/project_clean_state_2026_04_16/FB_CoreKernel_Live_Observer.st
./snapshots/project_clean_state_2026_04_16/FB_LogEvent.st
./snapshots/project_clean_state_2026_04_16/GVL_PERSISTENT.gvl
./snapshots/project_clean_state_2026_04_16/FB_Supply_Ventilation_Controller.st
./snapshots/project_clean_state_2026_04_16/FB_Redundancy_Manager.st
./snapshots/project_clean_state_2026_04_16/FB_Security_System_Manager.st
./snapshots/project_clean_state_2026_04_16/FB_Rule_Engine.st
./snapshots/project_clean_state_2026_04_16/FB_Gas_Smoke_Manager.st
./snapshots/project_clean_state_2026_04_16/FB_PID_Controller.st
./snapshots/project_clean_state_2026_04_16/PRG_IO_Write.st
./snapshots/project_clean_state_2026_04_16/FB_Gateway_Interface.st
./snapshots/project_clean_state_2026_04_16/FB_Valve_Test_Manager.st
./snapshots/project_clean_state_2026_04_16/FB_History_V2_Core.st
./snapshots/project_clean_state_2026_04_16/GVL_GATEWAY.gvl
./snapshots/project_clean_state_2026_04_16/FB_Gas_Valve_Controller.st
./snapshots/project_clean_state_2026_04_16/GVL_TIME.gvl
./snapshots/project_clean_state_2026_04_16/FB_AccessCode_Manager.st
./snapshots/project_clean_state_2026_04_16/FB_Device_Predictive_Diag.st
./snapshots/project_clean_state_2026_04_16/FB_HMAC_SHA1.st
./snapshots/project_clean_state_2026_04_16/FB_Sensor_Calibration_Processor.st
./snapshots/project_clean_state_2026_04_16/FB_Presence_Playback.st
./snapshots/project_clean_state_2026_04_16/FB_IO_Module_Watchdog.st
./snapshots/project_clean_state_2026_04_16/FB_Pre_Departure_Heating.st
./snapshots/project_clean_state_2026_04_16/FB_Presence_Simulator.st
./snapshots/project_clean_state_2026_04_16/FB_Fault_Logger.st
./snapshots/project_clean_state_2026_04_16/FB_Scenario_Manager.st
./snapshots/project_clean_state_2026_04_16/IValveController.st
./snapshots/project_clean_state_2026_04_16/FB_Alarm_Manager.st
./snapshots/project_clean_state_2026_04_16/FB_State_Manager_MVP.st
./snapshots/project_clean_state_2026_04_16/FB_BlackBox_Recorder.st
./snapshots/project_clean_state_2026_04_16/FB_TwoFactor_Auth.st
./snapshots/project_clean_state_2026_04_16/FB_History_Manager.st
./snapshots/project_clean_state_2026_04_16/GVL_CONSTANTS.gvl
./snapshots/project_clean_state_2026_04_16/FB_Maintenance_Access.st
./snapshots/project_clean_state_2026_04_16/GVL_IO.gvl
./snapshots/project_clean_state_2026_04_16/FB_Random_Generator.st
./snapshots/project_clean_state_2026_04_16/FB_SHA1.st
./snapshots/project_clean_state_2026_04_16/FB_PLC_Heartbeat.st
./snapshots/project_clean_state_2026_04_16/GVL_MODBUS.gvl
./snapshots/project_clean_state_2026_04_16/FB_Access_Control.st
./snapshots/project_clean_state_2026_04_16/GVL_BlackBox.gvl
./snapshots/project_clean_state_2026_04_16/FB_DHW_V2_Staging.st
./snapshots/project_clean_state_2026_04_16/PRG_Lighting.st
./snapshots/project_clean_state_2026_04_16/FB_Socket_Manager.st
./snapshots/project_clean_state_2026_04_16/FB_Sensor_Analog_Processing.st
./snapshots/project_clean_state_2026_04_16/FB_Alarm_Compatibility_Package.st
./snapshots/project_clean_state_2026_04_16/PRG_Security.st
./snapshots/project_clean_state_2026_04_16/GVL_Retain.gvl
./snapshots/project_clean_state_2026_04_16/FB_Trend_Analyzer.st
./snapshots/project_clean_state_2026_04_16/FB_State_Replication.st
./snapshots/project_clean_state_2026_04_16/FB_Scenario_Transition_Controller.st
./snapshots/project_clean_state_2026_04_16/workspace/export_forensics/sandbox/fb_astro_timer_diff/04_xml_body_extracted.st
./snapshots/project_clean_state_2026_04_16/workspace/export_forensics/sandbox/fb_astro_timer_diff/02_repo_st_source.st
./snapshots/project_clean_state_2026_04_16/workspace/system_layer_cleanup/split_scaffold/persistence/FB_PersistenceLayer_DRAFT.st
./snapshots/project_clean_state_2026_04_16/workspace/system_layer_cleanup/split_scaffold/external_interface/FB_ExternalInterface_DRAFT.st
./snapshots/project_clean_state_2026_04_16/workspace/system_layer_cleanup/split_scaffold/scenario_layer/FB_ScenarioLayer_DRAFT.st
./snapshots/project_clean_state_2026_04_16/workspace/system_layer_cleanup/split_scaffold/alarm_layer/FB_AlarmLayer_DRAFT.st
./snapshots/project_clean_state_2026_04_16/workspace/system_layer_cleanup/split_scaffold/time_context/FB_TimeContext_DRAFT.st
./snapshots/project_clean_state_2026_04_16/workspace/system_layer_cleanup/split_scaffold/core_kernel/FB_CoreKernel_Shadow_Stub_DRAFT.st
./snapshots/project_clean_state_2026_04_16/workspace/system_layer_cleanup/split_scaffold/core_kernel/FB_CoreKernel_Shadow_Exec_DRAFT.st
./snapshots/project_clean_state_2026_04_16/workspace/system_layer_cleanup/split_scaffold/core_kernel/safety_slice/FB_Safety_Shadow_Slice_DRAFT.st
./snapshots/project_clean_state_2026_04_16/workspace/system_layer_cleanup/split_scaffold/core_kernel/watchdog_health_slice/FB_Watchdog_Shadow_Slice_DRAFT.st
./snapshots/project_clean_state_2026_04_16/workspace/system_layer_cleanup/split_scaffold/core_kernel/watchdog_health_slice/FB_SystemHealth_Shadow_Slice_DRAFT.st
./snapshots/project_clean_state_2026_04_16/workspace/system_layer_cleanup/split_scaffold/core_kernel/redundancy_slice/FB_Redundancy_Shadow_Slice_DRAFT.st
./snapshots/project_clean_state_2026_04_16/workspace/system_layer_cleanup/split_scaffold/core_kernel/FB_CoreKernel_DRAFT.st
./snapshots/project_clean_state_2026_04_16/workspace/system_layer_cleanup/split_scaffold/core_kernel/state_manager_slice/FB_StateManager_Shadow_Slice_DRAFT.st
./snapshots/project_clean_state_2026_04_16/workspace/system_layer_cleanup/comparison/shadow_outputs/FB_CoreKernel_Shadow_Outputs_DRAFT.st
./snapshots/project_clean_state_2026_04_16/workspace/system_layer_cleanup/comparison/live_observer/FB_CoreKernel_Live_Observer_DRAFT.st
./snapshots/project_clean_state_2026_04_16/workspace/system_layer_cleanup/comparison/flags/FB_CoreKernel_Comparison_Flags_DRAFT.st
./snapshots/project_clean_state_2026_04_16/workspace/system_layer_cleanup/comparison/harness/FB_CoreKernel_First_Live_Binding_DRAFT.st
./snapshots/project_clean_state_2026_04_16/workspace/system_layer_cleanup/comparison/harness/FB_CoreKernel_Comparison_Harness_DRAFT.st
./snapshots/project_clean_state_2026_04_16/workspace/dut_rebuild/heating_v2/v2_core/FB_Heating_Command_Path_DRAFT.st
./snapshots/project_clean_state_2026_04_16/workspace/dut_rebuild/heating_v2/v2_core/FB_Heating_V2_Core_DRAFT.st
./snapshots/project_clean_state_2026_04_16/workspace/dut_rebuild/heating_v2/v2_core/FB_Heating_State_Path_DRAFT.st
./snapshots/project_clean_state_2026_04_16/workspace/dut_rebuild/heating_v2/staging/FB_Heating_V2_Staging_DRAFT.st
./snapshots/project_clean_state_2026_04_16/workspace/dut_rebuild/heating_v2/compatibility/FB_Heating_Legacy_To_V2_State_Adapter_DRAFT.st
./snapshots/project_clean_state_2026_04_16/workspace/dut_rebuild/heating_v2/compatibility/FB_Heating_Legacy_To_V2_Command_Adapter_DRAFT.st
./snapshots/project_clean_state_2026_04_16/workspace/dut_rebuild/blinds_v2/extraction/FB_Blinds_Command_Extractor_DRAFT.st
./snapshots/project_clean_state_2026_04_16/workspace/dut_rebuild/blinds_v2/extraction/FB_Blinds_State_Extractor_DRAFT.st
./snapshots/project_clean_state_2026_04_16/workspace/dut_rebuild/blinds_v2/v2_core/FB_Blinds_V2_Core_DRAFT.st
./snapshots/project_clean_state_2026_04_16/workspace/dut_rebuild/blinds_v2/staging/FB_Blinds_V2_Staging_DRAFT.st
./snapshots/project_clean_state_2026_04_16/workspace/dut_rebuild/blinds_v2/compatibility/FB_Blinds_Legacy_To_V2_State_Adapter_DRAFT.st
./snapshots/project_clean_state_2026_04_16/workspace/dut_rebuild/blinds_v2/compatibility/FB_Blinds_Legacy_To_V2_Command_Adapter_DRAFT.st
./snapshots/project_clean_state_2026_04_16/workspace/dut_rebuild/history_blackbox_v2/v2_core/FB_BlackBox_V2_Core_DRAFT.st
./snapshots/project_clean_state_2026_04_16/workspace/dut_rebuild/history_blackbox_v2/v2_core/FB_History_V2_Core_DRAFT.st
./snapshots/project_clean_state_2026_04_16/workspace/dut_rebuild/history_blackbox_v2/compatibility/FB_BlackBox_Legacy_To_V2_Adapter_DRAFT.st
./snapshots/project_clean_state_2026_04_16/workspace/dut_rebuild/history_blackbox_v2/compatibility/FB_History_Legacy_To_V2_Adapter_DRAFT.st
./snapshots/project_clean_state_2026_04_16/workspace/dut_rebuild/integration/FB_Rule_V2_To_Legacy_Adapter_DRAFT.st
./snapshots/project_clean_state_2026_04_16/workspace/dut_rebuild/integration/runtime_hook/staging_clone/FB_Rule_Engine_STAGING_BRIDGE_DRAFT.st
./snapshots/project_clean_state_2026_04_16/workspace/dut_rebuild/integration/runtime_hook/FB_Rule_Compatibility_Package_DRAFT.st
./snapshots/project_clean_state_2026_04_16/workspace/dut_rebuild/integration/FB_Rule_Legacy_To_V2_Adapter_DRAFT.st
./snapshots/project_clean_state_2026_04_16/workspace/dut_rebuild/socket_v2/extraction/FB_Socket_State_Extractor_DRAFT.st
./snapshots/project_clean_state_2026_04_16/workspace/dut_rebuild/socket_v2/extraction/FB_Socket_Command_Extractor_DRAFT.st
./snapshots/project_clean_state_2026_04_16/workspace/dut_rebuild/socket_v2/v2_core/FB_Socket_V2_Core_DRAFT.st
./snapshots/project_clean_state_2026_04_16/workspace/dut_rebuild/socket_v2/staging/FB_Socket_V2_Staging_DRAFT.st
./snapshots/project_clean_state_2026_04_16/workspace/dut_rebuild/socket_v2/compatibility/FB_Socket_Legacy_To_V2_Command_Adapter_DRAFT.st
./snapshots/project_clean_state_2026_04_16/workspace/dut_rebuild/socket_v2/compatibility/FB_Socket_Legacy_To_V2_State_Adapter_DRAFT.st
./snapshots/project_clean_state_2026_04_16/workspace/dut_rebuild/lighting_v2/extraction/FB_Lighting_State_Extractor_DRAFT.st
./snapshots/project_clean_state_2026_04_16/workspace/dut_rebuild/lighting_v2/extraction/FB_Lighting_Command_Extractor_DRAFT.st
./snapshots/project_clean_state_2026_04_16/workspace/dut_rebuild/lighting_v2/v2_core/FB_Lighting_V2_Core_DRAFT.st
./snapshots/project_clean_state_2026_04_16/workspace/dut_rebuild/lighting_v2/staging/FB_Lighting_V2_Staging_DRAFT.st
./snapshots/project_clean_state_2026_04_16/workspace/dut_rebuild/lighting_v2/compatibility/FB_Lighting_Legacy_To_V2_Command_Adapter_DRAFT.st
./snapshots/project_clean_state_2026_04_16/workspace/dut_rebuild/lighting_v2/compatibility/FB_Lighting_Legacy_To_V2_State_Adapter_DRAFT.st
./snapshots/project_clean_state_2026_04_16/workspace/dut_rebuild/alarm/FB_Alarm_Compatibility_Package_DRAFT.st
./snapshots/project_clean_state_2026_04_16/workspace/dut_rebuild/alarm/v2_core/FB_Alarm_V2_Core_DRAFT.st
./snapshots/project_clean_state_2026_04_16/workspace/dut_rebuild/alarm/FB_Alarm_Legacy_To_V2_Adapter_DRAFT.st
./snapshots/project_clean_state_2026_04_16/workspace/dut_rebuild/alarm/runtime_hook/staging_clone/FB_Alarm_Manager_STAGING.st
./snapshots/project_clean_state_2026_04_16/workspace/dut_rebuild/alarm/FB_Alarm_V2_To_Legacy_Adapter_DRAFT.st
./snapshots/project_clean_state_2026_04_16/workspace/dut_rebuild/ventilation_v2/v2_core/FB_Ventilation_State_Path_DRAFT.st
./snapshots/project_clean_state_2026_04_16/workspace/dut_rebuild/ventilation_v2/v2_core/FB_Ventilation_Command_Path_DRAFT.st
./snapshots/project_clean_state_2026_04_16/workspace/dut_rebuild/ventilation_v2/v2_core/FB_Ventilation_V2_Core_DRAFT.st
./snapshots/project_clean_state_2026_04_16/workspace/dut_rebuild/ventilation_v2/staging/FB_Ventilation_V2_Staging_DRAFT.st
./snapshots/project_clean_state_2026_04_16/workspace/dut_rebuild/ventilation_v2/compatibility/FB_Ventilation_Legacy_To_V2_Command_Adapter_DRAFT.st
./snapshots/project_clean_state_2026_04_16/workspace/dut_rebuild/ventilation_v2/compatibility/FB_Ventilation_Legacy_To_V2_State_Adapter_DRAFT.st
./snapshots/project_clean_state_2026_04_16/workspace/dut_rebuild/dhw_v2/extraction/FB_DHW_State_Extractor_DRAFT.st
./snapshots/project_clean_state_2026_04_16/workspace/dut_rebuild/dhw_v2/extraction/FB_DHW_Command_Extractor_DRAFT.st
./snapshots/project_clean_state_2026_04_16/workspace/dut_rebuild/dhw_v2/v2_core/FB_DHW_V2_Core_DRAFT.st
./snapshots/project_clean_state_2026_04_16/workspace/dut_rebuild/dhw_v2/staging/FB_DHW_V2_Staging_DRAFT.st
./snapshots/project_clean_state_2026_04_16/workspace/dut_rebuild/dhw_v2/compatibility/FB_DHW_Legacy_To_V2_Command_Adapter_DRAFT.st
./snapshots/project_clean_state_2026_04_16/workspace/dut_rebuild/dhw_v2/compatibility/FB_DHW_Legacy_To_V2_State_Adapter_DRAFT.st
./snapshots/project_clean_state_2026_04_16/FB_Outdoor_Lighting_Controller.st
./snapshots/project_clean_state_2026_04_16/FB_Lifetime_Predictor.st
./snapshots/project_clean_state_2026_04_16/FB_CRC32_Calculator.st
./snapshots/project_clean_state_2026_04_16/FB_Lighting_V2_Staging.st
./snapshots/project_clean_state_2026_04_16/FB_HMI_Interface.st
./snapshots/project_clean_state_2026_04_16/FB_System_Timer.st
./snapshots/project_clean_state_2026_04_16/PRG_Heating.st
./snapshots/project_clean_state_2026_04_16/FB_System_Timer_TOF.st
./snapshots/project_clean_state_2026_04_16/GVL_COMMAND.gvl
./snapshots/project_clean_state_2026_04_16/FB_Valve_Test.st
./snapshots/project_clean_state_2026_04_16/FB_State_Snapshot_Manager.st
./snapshots/project_clean_state_2026_04_16/FB_Ventilation_System_Manager.st
./snapshots/project_clean_state_2026_04_16/FB_Analog_Validator.st
./snapshots/project_clean_state_2026_04_16/PRG_IO_Read.st
./snapshots/project_clean_state_2026_04_16/PRG_PLC_B.st
./snapshots/project_clean_state_2026_04_16/FB_Blinds_V2_Staging.st
./snapshots/project_clean_state_2026_04_16/FB_Manifold_Pump_Controller.st
./snapshots/project_clean_state_2026_04_16/GVL_DEBUG.gvl
./snapshots/project_clean_state_2026_04_16/FB_Command_Deduplication.st
./snapshots/project_clean_state_2026_04_16/PRG_Ventilation.st
./snapshots/project_clean_state_2026_04_16/FB_DHW_Manager.st
./snapshots/project_clean_state_2026_04_16/FB_Safety_Manager.st
./snapshots/project_clean_state_2026_04_16/FB_Calibration_Manager.st
./snapshots/project_clean_state_2026_04_16/FB_Zone_Access_Manager.st
./snapshots/project_clean_state_2026_04_16/FB_Emergency_Valve_Open.st
./snapshots/project_clean_state_2026_04_16/FB_Boiler_Cascade_Manager.st
./snapshots/project_clean_state_2026_04_16/PRG_Test.st
./snapshots/project_clean_state_2026_04_16/FB_Watchdog.st
./snapshots/project_clean_state_2026_04_16/PRG_System.st
./snapshots/project_clean_state_2026_04_16/GVL_CONFIG.gvl
./snapshots/project_clean_state_2026_04_16/FB_Socket_V2_Staging.st
./snapshots/project_clean_state_2026_04_16/MAIN.st
./FB_Presence_Simulator.st
./FB_Fault_Logger.st
./FB_Scenario_Manager.st
./IValveController.st
./FB_Alarm_Manager.st
./FB_State_Manager_MVP.st
./FB_BlackBox_Recorder.st
./FB_TwoFactor_Auth.st
./FB_History_Manager.st
./GVL_CONSTANTS.gvl
./FB_Maintenance_Access.st
./GVL_IO.gvl
./FB_Random_Generator.st
./FB_SHA1.st
./FB_PLC_Heartbeat.st
./GVL_MODBUS.gvl
./FB_Access_Control.st
./GVL_BlackBox.gvl
./FB_DHW_V2_Staging.st
./PRG_Lighting.st
./FB_Socket_Manager.st
./FB_Sensor_Analog_Processing.st
./FB_Alarm_Compatibility_Package.st
./PRG_Security.st
./GVL_Retain.gvl
./FB_Trend_Analyzer.st
./FB_State_Replication.st
./FB_Scenario_Transition_Controller.st
./workspace/export_forensics/sandbox/fb_astro_timer_diff/04_xml_body_extracted.st
./workspace/export_forensics/sandbox/fb_astro_timer_diff/02_repo_st_source.st
./workspace/system_layer_cleanup/split_scaffold/persistence/FB_PersistenceLayer_DRAFT.st
./workspace/system_layer_cleanup/split_scaffold/external_interface/FB_ExternalInterface_DRAFT.st
./workspace/system_layer_cleanup/split_scaffold/scenario_layer/FB_ScenarioLayer_DRAFT.st
./workspace/system_layer_cleanup/split_scaffold/alarm_layer/FB_AlarmLayer_DRAFT.st
./workspace/system_layer_cleanup/split_scaffold/time_context/FB_TimeContext_DRAFT.st
./workspace/system_layer_cleanup/split_scaffold/core_kernel/FB_CoreKernel_Shadow_Stub_DRAFT.st
./workspace/system_layer_cleanup/split_scaffold/core_kernel/FB_CoreKernel_Shadow_Exec_DRAFT.st
./workspace/system_layer_cleanup/split_scaffold/core_kernel/safety_slice/FB_Safety_Shadow_Slice_DRAFT.st
./workspace/system_layer_cleanup/split_scaffold/core_kernel/watchdog_health_slice/FB_Watchdog_Shadow_Slice_DRAFT.st
./workspace/system_layer_cleanup/split_scaffold/core_kernel/watchdog_health_slice/FB_SystemHealth_Shadow_Slice_DRAFT.st
./workspace/system_layer_cleanup/split_scaffold/core_kernel/redundancy_slice/FB_Redundancy_Shadow_Slice_DRAFT.st
./workspace/system_layer_cleanup/split_scaffold/core_kernel/FB_CoreKernel_DRAFT.st
./workspace/system_layer_cleanup/split_scaffold/core_kernel/state_manager_slice/FB_StateManager_Shadow_Slice_DRAFT.st
./workspace/system_layer_cleanup/comparison/shadow_outputs/FB_CoreKernel_Shadow_Outputs_DRAFT.st
./workspace/system_layer_cleanup/comparison/live_observer/FB_CoreKernel_Live_Observer_DRAFT.st
./workspace/system_layer_cleanup/comparison/flags/FB_CoreKernel_Comparison_Flags_DRAFT.st
./workspace/system_layer_cleanup/comparison/harness/FB_CoreKernel_First_Live_Binding_DRAFT.st
./workspace/system_layer_cleanup/comparison/harness/FB_CoreKernel_Comparison_Harness_DRAFT.st
./workspace/dut_rebuild/heating_v2/v2_core/FB_Heating_Command_Path_DRAFT.st
./workspace/dut_rebuild/heating_v2/v2_core/FB_Heating_V2_Core_DRAFT.st
./workspace/dut_rebuild/heating_v2/v2_core/FB_Heating_State_Path_DRAFT.st
./workspace/dut_rebuild/heating_v2/staging/FB_Heating_V2_Staging_DRAFT.st
./workspace/dut_rebuild/heating_v2/compatibility/FB_Heating_Legacy_To_V2_State_Adapter_DRAFT.st
./workspace/dut_rebuild/heating_v2/compatibility/FB_Heating_Legacy_To_V2_Command_Adapter_DRAFT.st
./workspace/dut_rebuild/blinds_v2/extraction/FB_Blinds_Command_Extractor_DRAFT.st
./workspace/dut_rebuild/blinds_v2/extraction/FB_Blinds_State_Extractor_DRAFT.st
./workspace/dut_rebuild/blinds_v2/v2_core/FB_Blinds_V2_Core_DRAFT.st
./workspace/dut_rebuild/blinds_v2/staging/FB_Blinds_V2_Staging_DRAFT.st
./workspace/dut_rebuild/blinds_v2/compatibility/FB_Blinds_Legacy_To_V2_State_Adapter_DRAFT.st
./workspace/dut_rebuild/blinds_v2/compatibility/FB_Blinds_Legacy_To_V2_Command_Adapter_DRAFT.st
./workspace/dut_rebuild/history_blackbox_v2/v2_core/FB_BlackBox_V2_Core_DRAFT.st
./workspace/dut_rebuild/history_blackbox_v2/v2_core/FB_History_V2_Core_DRAFT.st
./workspace/dut_rebuild/history_blackbox_v2/compatibility/FB_BlackBox_Legacy_To_V2_Adapter_DRAFT.st
./workspace/dut_rebuild/history_blackbox_v2/compatibility/FB_History_Legacy_To_V2_Adapter_DRAFT.st
./workspace/dut_rebuild/integration/FB_Rule_V2_To_Legacy_Adapter_DRAFT.st
./workspace/dut_rebuild/integration/runtime_hook/staging_clone/FB_Rule_Engine_STAGING_BRIDGE_DRAFT.st
./workspace/dut_rebuild/integration/runtime_hook/FB_Rule_Compatibility_Package_DRAFT.st
./workspace/dut_rebuild/integration/FB_Rule_Legacy_To_V2_Adapter_DRAFT.st
./workspace/dut_rebuild/socket_v2/extraction/FB_Socket_State_Extractor_DRAFT.st
./workspace/dut_rebuild/socket_v2/extraction/FB_Socket_Command_Extractor_DRAFT.st
./workspace/dut_rebuild/socket_v2/v2_core/FB_Socket_V2_Core_DRAFT.st
./workspace/dut_rebuild/socket_v2/staging/FB_Socket_V2_Staging_DRAFT.st
./workspace/dut_rebuild/socket_v2/compatibility/FB_Socket_Legacy_To_V2_Command_Adapter_DRAFT.st
./workspace/dut_rebuild/socket_v2/compatibility/FB_Socket_Legacy_To_V2_State_Adapter_DRAFT.st
./workspace/dut_rebuild/lighting_v2/extraction/FB_Lighting_State_Extractor_DRAFT.st
./workspace/dut_rebuild/lighting_v2/extraction/FB_Lighting_Command_Extractor_DRAFT.st
./workspace/dut_rebuild/lighting_v2/v2_core/FB_Lighting_V2_Core_DRAFT.st
./workspace/dut_rebuild/lighting_v2/staging/FB_Lighting_V2_Staging_DRAFT.st
./workspace/dut_rebuild/lighting_v2/compatibility/FB_Lighting_Legacy_To_V2_Command_Adapter_DRAFT.st
./workspace/dut_rebuild/lighting_v2/compatibility/FB_Lighting_Legacy_To_V2_State_Adapter_DRAFT.st
./workspace/dut_rebuild/alarm/FB_Alarm_Compatibility_Package_DRAFT.st
./workspace/dut_rebuild/alarm/v2_core/FB_Alarm_V2_Core_DRAFT.st
./workspace/dut_rebuild/alarm/FB_Alarm_Legacy_To_V2_Adapter_DRAFT.st
./workspace/dut_rebuild/alarm/runtime_hook/staging_clone/FB_Alarm_Manager_STAGING.st
./workspace/dut_rebuild/alarm/FB_Alarm_V2_To_Legacy_Adapter_DRAFT.st
./workspace/dut_rebuild/ventilation_v2/v2_core/FB_Ventilation_State_Path_DRAFT.st
./workspace/dut_rebuild/ventilation_v2/v2_core/FB_Ventilation_Command_Path_DRAFT.st
./workspace/dut_rebuild/ventilation_v2/v2_core/FB_Ventilation_V2_Core_DRAFT.st
./workspace/dut_rebuild/ventilation_v2/staging/FB_Ventilation_V2_Staging_DRAFT.st
./workspace/dut_rebuild/ventilation_v2/compatibility/FB_Ventilation_Legacy_To_V2_Command_Adapter_DRAFT.st
./workspace/dut_rebuild/ventilation_v2/compatibility/FB_Ventilation_Legacy_To_V2_State_Adapter_DRAFT.st
./workspace/dut_rebuild/dhw_v2/extraction/FB_DHW_State_Extractor_DRAFT.st
./workspace/dut_rebuild/dhw_v2/extraction/FB_DHW_Command_Extractor_DRAFT.st
./workspace/dut_rebuild/dhw_v2/v2_core/FB_DHW_V2_Core_DRAFT.st
./workspace/dut_rebuild/dhw_v2/staging/FB_DHW_V2_Staging_DRAFT.st
./workspace/dut_rebuild/dhw_v2/compatibility/FB_DHW_Legacy_To_V2_Command_Adapter_DRAFT.st
./workspace/dut_rebuild/dhw_v2/compatibility/FB_DHW_Legacy_To_V2_State_Adapter_DRAFT.st
./FB_Outdoor_Lighting_Controller.st
./FB_Lifetime_Predictor.st
./FB_CRC32_Calculator.st
./FB_Lighting_V2_Staging.st
./FB_HMI_Interface.st
./FB_System_Timer.st
./PRG_Heating.st
./FB_System_Timer_TOF.st
./GVL_COMMAND.gvl
./FB_Valve_Test.st
./FB_State_Snapshot_Manager.st
./FB_Ventilation_System_Manager.st
./FB_Analog_Validator.st
./PRG_IO_Read.st
./PRG_PLC_B.st
./FB_Blinds_V2_Staging.st
./FB_Manifold_Pump_Controller.st
./GVL_DEBUG.gvl
./FB_Command_Deduplication.st
./PRG_Ventilation.st
./FB_DHW_Manager.st
./FB_Safety_Manager.st
./FB_Calibration_Manager.st
./FB_Zone_Access_Manager.st
./FB_Emergency_Valve_Open.st
./FB_Boiler_Cascade_Manager.st
./PRG_Test.st
./FB_Watchdog.st
./PRG_System.st
./GVL_CONFIG.gvl
./FB_Socket_V2_Staging.st
./MAIN.st

=== ALL CMD SIGNALS ===
./FB_NVRAM_Manager.st:21:    L_cmd_rising                : BOOL;
./FB_NVRAM_Manager.st:32:L_cmd_rising := (VI_Command <> 0) AND (L_prev_Command = 0);
./FB_NVRAM_Manager.st:35:IF L_cmd_rising THEN
./PRG_Safety.st:253:IF GVL_COMMAND.CMD_Water_Selective_Recover THEN
./PRG_Safety.st:265:IF GVL_COMMAND.CMD_Gas_Selective_Recover THEN
./PRG_Safety.st:274:IF GVL_COMMAND.CMD_Water_Valve_Test_Open THEN
./PRG_Safety.st:302:IF GVL_COMMAND.CMD_Water_Valve_Test_Close THEN
./PRG_Safety.st:308:IF GVL_COMMAND.CMD_Water_Valve_Test_Confirm AND L_Water_Test_Active THEN
./PRG_Safety.st:318:IF GVL_COMMAND.CMD_Gas_Valve_Test_Open THEN
./PRG_Safety.st:344:IF GVL_COMMAND.CMD_Gas_Valve_Test_Close THEN
./PRG_Safety.st:349:IF GVL_COMMAND.CMD_Gas_Valve_Test_Confirm AND L_Gas_Test_Active THEN
./FB_Gateway_Interface.st:267:        E_Gateway_Command_Type.CMD_SET_SCENARIO: // Управление сценариями
./FB_Gateway_Interface.st:271:        E_Gateway_Command_Type.CMD_SET_LIGHT: // Управление освещением
./FB_Gateway_Interface.st:276:        E_Gateway_Command_Type.CMD_SET_BLINDS: // Управление шторами
./FB_Gateway_Interface.st:281:        E_Gateway_Command_Type.CMD_SET_SOCKET: // Розетки
./FB_Gateway_Interface.st:286:        E_Gateway_Command_Type.CMD_SET_SECURITY: // Охрана
./FB_Gateway_Interface.st:295:        E_Gateway_Command_Type.CMD_SET_TEMP: // Управление температурой
./FB_Gateway_Interface.st:302:        E_Gateway_Command_Type.CMD_SET_VENT: // Управление вентиляцией
./FB_Gateway_Interface.st:307:        E_Gateway_Command_Type.CMD_TELEGRAM_MSG: // Отправка сообщения в Telegram
./snapshots/project_clean_state_2026_04_16/FB_NVRAM_Manager.st:21:    L_cmd_rising                : BOOL;
./snapshots/project_clean_state_2026_04_16/FB_NVRAM_Manager.st:32:L_cmd_rising := (VI_Command <> 0) AND (L_prev_Command = 0);
./snapshots/project_clean_state_2026_04_16/FB_NVRAM_Manager.st:35:IF L_cmd_rising THEN
./snapshots/project_clean_state_2026_04_16/PRG_Safety.st:253:IF GVL_COMMAND.CMD_Water_Selective_Recover THEN
./snapshots/project_clean_state_2026_04_16/PRG_Safety.st:265:IF GVL_COMMAND.CMD_Gas_Selective_Recover THEN
./snapshots/project_clean_state_2026_04_16/PRG_Safety.st:274:IF GVL_COMMAND.CMD_Water_Valve_Test_Open THEN
./snapshots/project_clean_state_2026_04_16/PRG_Safety.st:302:IF GVL_COMMAND.CMD_Water_Valve_Test_Close THEN
./snapshots/project_clean_state_2026_04_16/PRG_Safety.st:308:IF GVL_COMMAND.CMD_Water_Valve_Test_Confirm AND L_Water_Test_Active THEN
./snapshots/project_clean_state_2026_04_16/PRG_Safety.st:318:IF GVL_COMMAND.CMD_Gas_Valve_Test_Open THEN
./snapshots/project_clean_state_2026_04_16/PRG_Safety.st:344:IF GVL_COMMAND.CMD_Gas_Valve_Test_Close THEN
./snapshots/project_clean_state_2026_04_16/PRG_Safety.st:349:IF GVL_COMMAND.CMD_Gas_Valve_Test_Confirm AND L_Gas_Test_Active THEN
./snapshots/project_clean_state_2026_04_16/FB_Gateway_Interface.st:267:        E_Gateway_Command_Type.CMD_SET_SCENARIO: // Управление сценариями
./snapshots/project_clean_state_2026_04_16/FB_Gateway_Interface.st:271:        E_Gateway_Command_Type.CMD_SET_LIGHT: // Управление освещением
./snapshots/project_clean_state_2026_04_16/FB_Gateway_Interface.st:276:        E_Gateway_Command_Type.CMD_SET_BLINDS: // Управление шторами
./snapshots/project_clean_state_2026_04_16/FB_Gateway_Interface.st:281:        E_Gateway_Command_Type.CMD_SET_SOCKET: // Розетки
./snapshots/project_clean_state_2026_04_16/FB_Gateway_Interface.st:286:        E_Gateway_Command_Type.CMD_SET_SECURITY: // Охрана
./snapshots/project_clean_state_2026_04_16/FB_Gateway_Interface.st:295:        E_Gateway_Command_Type.CMD_SET_TEMP: // Управление температурой
./snapshots/project_clean_state_2026_04_16/FB_Gateway_Interface.st:302:        E_Gateway_Command_Type.CMD_SET_VENT: // Управление вентиляцией
./snapshots/project_clean_state_2026_04_16/FB_Gateway_Interface.st:307:        E_Gateway_Command_Type.CMD_TELEGRAM_MSG: // Отправка сообщения в Telegram
./snapshots/project_clean_state_2026_04_16/GVL_COMMAND.gvl:33:    CMD_Set_Manifold_Pump_In_Service : ARRAY[1..GVL_CONSTANTS.C_MAX_MANIFOLDS] OF BOOL;
./snapshots/project_clean_state_2026_04_16/GVL_COMMAND.gvl:34:    CMD_Set_DHW_Heating_Pump_In_Service : BOOL;
./snapshots/project_clean_state_2026_04_16/GVL_COMMAND.gvl:35:    CMD_Set_DHW_Circ_Pump_In_Service : BOOL;
./snapshots/project_clean_state_2026_04_16/GVL_COMMAND.gvl:36:    CMD_Dangerous_Action_Confirm : BOOL;
./snapshots/project_clean_state_2026_04_16/GVL_COMMAND.gvl:37:    CMD_Dangerous_Action_Request : BOOL;
./snapshots/project_clean_state_2026_04_16/GVL_COMMAND.gvl:38:    CMD_User_Access_Level : INT := 0;
./snapshots/project_clean_state_2026_04_16/GVL_COMMAND.gvl:39:    CMD_Valve_Test_Open : BOOL;
./snapshots/project_clean_state_2026_04_16/GVL_COMMAND.gvl:40:    CMD_Valve_Test_Close : BOOL;
./snapshots/project_clean_state_2026_04_16/GVL_COMMAND.gvl:41:    CMD_Valve_Test_Confirm : BOOL;
./snapshots/project_clean_state_2026_04_16/GVL_COMMAND.gvl:42:    CMD_Water_Valve_Test_Open : BOOL;
./snapshots/project_clean_state_2026_04_16/GVL_COMMAND.gvl:43:    CMD_Water_Valve_Test_Close : BOOL;
./snapshots/project_clean_state_2026_04_16/GVL_COMMAND.gvl:44:    CMD_Water_Valve_Test_Confirm : BOOL;
./snapshots/project_clean_state_2026_04_16/GVL_COMMAND.gvl:45:    CMD_Gas_Valve_Test_Open : BOOL;
./snapshots/project_clean_state_2026_04_16/GVL_COMMAND.gvl:46:    CMD_Gas_Valve_Test_Close : BOOL;
./snapshots/project_clean_state_2026_04_16/GVL_COMMAND.gvl:47:    CMD_Gas_Valve_Test_Confirm : BOOL;
./snapshots/project_clean_state_2026_04_16/GVL_COMMAND.gvl:48:    CMD_Water_Selective_Recover : BOOL;
./snapshots/project_clean_state_2026_04_16/GVL_COMMAND.gvl:49:    CMD_Gas_Selective_Recover : BOOL;
./snapshots/project_clean_state_2026_04_16/PRG_System.st:864:IF GVL_COMMAND.CMD_Dangerous_Action_Request AND (GVL_COMMAND.CMD_User_Access_Level >= 2) THEN
./snapshots/project_clean_state_2026_04_16/PRG_System.st:870:            VI_Param1 := TO_UDINT(GVL_COMMAND.CMD_User_Access_Level),
./snapshots/project_clean_state_2026_04_16/PRG_System.st:886:IF GVL_COMMAND.CMD_Dangerous_Action_Confirm AND
./snapshots/project_clean_state_2026_04_16/PRG_System.st:888:   (GVL_COMMAND.CMD_User_Access_Level >= 2) THEN
./snapshots/project_clean_state_2026_04_16/PRG_System.st:894:        VI_Param1 := TO_UDINT(GVL_COMMAND.CMD_User_Access_Level),
./snapshots/project_clean_state_2026_04_16/PRG_System.st:906:        GVL_CONFIG.G_Manifold_Pump_In_Service[L_i] := GVL_COMMAND.CMD_Set_Manifold_Pump_In_Service[L_i];
./snapshots/project_clean_state_2026_04_16/PRG_System.st:908:    GVL_CONFIG.G_DHW_Heating_Pump_In_Service := GVL_COMMAND.CMD_Set_DHW_Heating_Pump_In_Service;
./snapshots/project_clean_state_2026_04_16/PRG_System.st:909:    GVL_CONFIG.G_DHW_Circ_Pump_In_Service := GVL_COMMAND.CMD_Set_DHW_Circ_Pump_In_Service;
./snapshots/project_clean_state_2026_04_16/PRG_System.st:913:GVL_STATUS.G_Diagnostics.User_Access_Level_Active := GVL_COMMAND.CMD_User_Access_Level;
./snapshots/project_clean_state_2026_04_16/PRG_System.st:916:IF GVL_COMMAND.CMD_Dangerous_Action_Request OR GVL_COMMAND.CMD_Dangerous_Action_Confirm THEN
./snapshots/project_clean_state_2026_04_16/PRG_System.st:917:    IF GVL_COMMAND.CMD_User_Access_Level < 2 THEN
./snapshots/project_clean_state_2026_04_16/PRG_System.st:922:                VI_Param1 := TO_UDINT(GVL_COMMAND.CMD_User_Access_Level),
./GVL_COMMAND.gvl:33:    CMD_Set_Manifold_Pump_In_Service : ARRAY[1..GVL_CONSTANTS.C_MAX_MANIFOLDS] OF BOOL;
./GVL_COMMAND.gvl:34:    CMD_Set_DHW_Heating_Pump_In_Service : BOOL;
./GVL_COMMAND.gvl:35:    CMD_Set_DHW_Circ_Pump_In_Service : BOOL;
./GVL_COMMAND.gvl:36:    CMD_Dangerous_Action_Confirm : BOOL;
./GVL_COMMAND.gvl:37:    CMD_Dangerous_Action_Request : BOOL;
./GVL_COMMAND.gvl:38:    CMD_User_Access_Level : INT := 0;
./GVL_COMMAND.gvl:39:    CMD_Valve_Test_Open : BOOL;
./GVL_COMMAND.gvl:40:    CMD_Valve_Test_Close : BOOL;
./GVL_COMMAND.gvl:41:    CMD_Valve_Test_Confirm : BOOL;
./GVL_COMMAND.gvl:42:    CMD_Water_Valve_Test_Open : BOOL;
./GVL_COMMAND.gvl:43:    CMD_Water_Valve_Test_Close : BOOL;
./GVL_COMMAND.gvl:44:    CMD_Water_Valve_Test_Confirm : BOOL;
./GVL_COMMAND.gvl:45:    CMD_Gas_Valve_Test_Open : BOOL;
./GVL_COMMAND.gvl:46:    CMD_Gas_Valve_Test_Close : BOOL;
./GVL_COMMAND.gvl:47:    CMD_Gas_Valve_Test_Confirm : BOOL;
./GVL_COMMAND.gvl:48:    CMD_Water_Selective_Recover : BOOL;
./GVL_COMMAND.gvl:49:    CMD_Gas_Selective_Recover : BOOL;
./PRG_System.st:881:IF GVL_COMMAND.CMD_Dangerous_Action_Request AND
./PRG_System.st:883:   (GVL_COMMAND.CMD_User_Access_Level >= 2) THEN
./PRG_System.st:889:            VI_Param1 := TO_UDINT(GVL_COMMAND.CMD_User_Access_Level),
./PRG_System.st:906:IF GVL_COMMAND.CMD_Dangerous_Action_Confirm AND
./PRG_System.st:908:   (GVL_COMMAND.CMD_User_Access_Level >= 2) THEN
./PRG_System.st:914:        VI_Param1 := TO_UDINT(GVL_COMMAND.CMD_User_Access_Level),
./PRG_System.st:928:        GVL_CONFIG.G_Manifold_Pump_In_Service[L_i] := GVL_COMMAND.CMD_Set_Manifold_Pump_In_Service[L_i];
./PRG_System.st:930:    GVL_CONFIG.G_DHW_Heating_Pump_In_Service := GVL_COMMAND.CMD_Set_DHW_Heating_Pump_In_Service;
./PRG_System.st:931:    GVL_CONFIG.G_DHW_Circ_Pump_In_Service := GVL_COMMAND.CMD_Set_DHW_Circ_Pump_In_Service;
./PRG_System.st:935:GVL_STATUS.G_Diagnostics.User_Access_Level_Active := GVL_COMMAND.CMD_User_Access_Level;
./PRG_System.st:940:IF GVL_COMMAND.CMD_Dangerous_Action_Request OR GVL_COMMAND.CMD_Dangerous_Action_Confirm THEN
./PRG_System.st:941:    IF GVL_COMMAND.CMD_User_Access_Level < 2 THEN
./PRG_System.st:946:                VI_Param1 := TO_UDINT(GVL_COMMAND.CMD_User_Access_Level),
./PRG_System.st:962:L_Dangerous_Action_Request_Prev := GVL_COMMAND.CMD_Dangerous_Action_Request;

=== COMMAND USAGE (IF CMD_) ===
./PRG_Safety.st:253:IF GVL_COMMAND.CMD_Water_Selective_Recover THEN
./PRG_Safety.st:265:IF GVL_COMMAND.CMD_Gas_Selective_Recover THEN
./PRG_Safety.st:274:IF GVL_COMMAND.CMD_Water_Valve_Test_Open THEN
./PRG_Safety.st:302:IF GVL_COMMAND.CMD_Water_Valve_Test_Close THEN
./PRG_Safety.st:308:IF GVL_COMMAND.CMD_Water_Valve_Test_Confirm AND L_Water_Test_Active THEN
./PRG_Safety.st:318:IF GVL_COMMAND.CMD_Gas_Valve_Test_Open THEN
./PRG_Safety.st:344:IF GVL_COMMAND.CMD_Gas_Valve_Test_Close THEN
./PRG_Safety.st:349:IF GVL_COMMAND.CMD_Gas_Valve_Test_Confirm AND L_Gas_Test_Active THEN
./snapshots/project_clean_state_2026_04_16/PRG_Safety.st:253:IF GVL_COMMAND.CMD_Water_Selective_Recover THEN
./snapshots/project_clean_state_2026_04_16/PRG_Safety.st:265:IF GVL_COMMAND.CMD_Gas_Selective_Recover THEN
./snapshots/project_clean_state_2026_04_16/PRG_Safety.st:274:IF GVL_COMMAND.CMD_Water_Valve_Test_Open THEN
./snapshots/project_clean_state_2026_04_16/PRG_Safety.st:302:IF GVL_COMMAND.CMD_Water_Valve_Test_Close THEN
./snapshots/project_clean_state_2026_04_16/PRG_Safety.st:308:IF GVL_COMMAND.CMD_Water_Valve_Test_Confirm AND L_Water_Test_Active THEN
./snapshots/project_clean_state_2026_04_16/PRG_Safety.st:318:IF GVL_COMMAND.CMD_Gas_Valve_Test_Open THEN
./snapshots/project_clean_state_2026_04_16/PRG_Safety.st:344:IF GVL_COMMAND.CMD_Gas_Valve_Test_Close THEN
./snapshots/project_clean_state_2026_04_16/PRG_Safety.st:349:IF GVL_COMMAND.CMD_Gas_Valve_Test_Confirm AND L_Gas_Test_Active THEN
./snapshots/project_clean_state_2026_04_16/PRG_System.st:864:IF GVL_COMMAND.CMD_Dangerous_Action_Request AND (GVL_COMMAND.CMD_User_Access_Level >= 2) THEN
./snapshots/project_clean_state_2026_04_16/PRG_System.st:886:IF GVL_COMMAND.CMD_Dangerous_Action_Confirm AND
./snapshots/project_clean_state_2026_04_16/PRG_System.st:916:IF GVL_COMMAND.CMD_Dangerous_Action_Request OR GVL_COMMAND.CMD_Dangerous_Action_Confirm THEN
./snapshots/project_clean_state_2026_04_16/PRG_System.st:917:    IF GVL_COMMAND.CMD_User_Access_Level < 2 THEN
./PRG_System.st:881:IF GVL_COMMAND.CMD_Dangerous_Action_Request AND
./PRG_System.st:906:IF GVL_COMMAND.CMD_Dangerous_Action_Confirm AND
./PRG_System.st:940:IF GVL_COMMAND.CMD_Dangerous_Action_Request OR GVL_COMMAND.CMD_Dangerous_Action_Confirm THEN
./PRG_System.st:941:    IF GVL_COMMAND.CMD_User_Access_Level < 2 THEN

=== COMMAND RESET / CLEAR ===
./FB_NVRAM_Manager.st:32:L_cmd_rising := (VI_Command <> 0) AND (L_prev_Command = 0);
./snapshots/project_clean_state_2026_04_16/FB_NVRAM_Manager.st:32:L_cmd_rising := (VI_Command <> 0) AND (L_prev_Command = 0);
./snapshots/project_clean_state_2026_04_16/GVL_COMMAND.gvl:38:    CMD_User_Access_Level : INT := 0;
./GVL_COMMAND.gvl:38:    CMD_User_Access_Level : INT := 0;

=== FB_Gateway_Interface ===
./steps/MASTER_PIPELINE/005_RESULT.xml:3929:<pou name="FB_Gateway_Interface" pouType="functionBlock">
./steps/MASTER_PIPELINE/005_RESULT.xml:4513:// &gt;&gt;&gt; BULK_SYNC_ANCHOR: FB_Gateway_Interface &lt;&lt;&lt;</xhtml>
./steps/MASTER_PIPELINE/005_RESULT.xml:9228:                <derived name="FB_Gateway_Interface" />
./steps/MASTER_PIPELINE/005_RESULT.xml:10720:                <derived name="FB_Gateway_Interface" />
./steps/MASTER_PIPELINE/005_RESULT.xml:12786:          <Object Name="FB_Gateway_Interface" />
./steps/MASTER_PIPELINE/001_universal_pou_builder.log:14:POU=FB_Gateway_Interface XML_NAME=FB_Gateway_Interface TYPE=functionBlock TREE=pous VARS=67 OBJECT_ID=0ad81c58-3bb7-4e6b-9ebb-1edbf7dbe44a WARN=VAR: unparsed lines=1
./steps/MASTER_PIPELINE/001_universal_pou_builder.log:49:OLD_POU_WINDOW_NAMES=PRG_PLC_A|PRG_PLC_B|FB_Access_Control|FB_AccessCode_Manager|FB_Astro_Timer|FB_BlackBox_Recorder|FB_Boiler_Cascade_Controller|FB_Boiler_Cascade_Manager|FB_Calibration_Manager|FB_CO_Detector|FB_CRC32_Calculator|FB_Debug_Logger|FB_Device_Predictive_Diag|FB_DHW_Manager|FB_Emergency_Valve_Open|FB_Exhaust_Ventilation_Controller|FB_Flood_Detector|FB_FloorHeating_Controller|FB_FloorHeating_Freeze_Protection|FB_FloorHeating_Overheat_Protection|FB_Gas_Methane_Detector|FB_Gas_Smoke_Manager|FB_Gas_Valve_Controller|FB_Gateway_Interface|FB_Heating_System_Manager|FB_History_Manager|FB_Lifetime_Predictor|FB_Lighting_Blinds_Manager|FB_Maintenance_Access|FB_Manifold_Mixing_Valve_Controller|FB_Manifold_Pump_Controller|FB_Manual_Valve_Control|FB_NVRAM_Manager|FB_Outdoor_Lighting_Controller|FB_PID_Controller|FB_PLC_Heartbeat|FB_Pre_Departure_Heating|FB_Presence_Playback|FB_Presence_Simulator|FB_Random_Generator|FB_Scenario_Manager|FB_Scenario_Transition_Controller|FB_Security_Alarm|FB_Security_System|FB_Security_System_Manager|FB_Sensor_Calibration_Processor|FB_Sensor_Distribution|FB_Simulation_Manager|FB_Smoke_Detector|FB_SMS_Notification|FB_State_Manager|FB_State_Snapshot_Manager|FB_State_Snapshot_NVRAM|FB_Supply_Ventilation_Controller|FB_Trend_Analyzer|FB_TwoFactor_Auth|FB_User_Rule_Engine|FB_Valve_Test|FB_Ventilation_System_Manager|FB_Water_Leakage_Manager|FB_Water_Valve_Controller|FB_Zone_Access_Manager|PRG_Main
./steps/MASTER_PIPELINE/æ¿ßΓÑ¼á π¼¡«ú« ñ«¼á.xml:5182:      <pou name="FB_Gateway_Interface" pouType="functionBlock">
./steps/MASTER_PIPELINE/æ¿ßΓÑ¼á π¼¡«ú« ñ«¼á.xml:10500:                <derived name="FB_Gateway_Interface" />
./steps/MASTER_PIPELINE/æ¿ßΓÑ¼á π¼¡«ú« ñ«¼á.xml:12130:          <Object Name="FB_Gateway_Interface" ObjectId="8ff42a0e-a7c6-44f9-829e-53e627090381" />
./steps/MASTER_PIPELINE/001_universal_v2.log:36:POU=FB_Gateway_Interface XML_NAME=FB_Gateway_Interface TYPE=functionBlock TREE=pous VARS=67 OBJECT_ID=f017a2cc-8244-4289-b9e5-269c38e51cdc WARN=VAR: unparsed lines=1
./steps/MASTER_PIPELINE/001_universal_v2.log:108:OLD_POU_WINDOW_NAMES=PRG_PLC_A|PRG_PLC_B|FB_Access_Control|FB_AccessCode_Manager|FB_Astro_Timer|FB_BlackBox_Recorder|FB_Boiler_Cascade_Controller|FB_Boiler_Cascade_Manager|FB_Calibration_Manager|FB_CO_Detector|FB_CRC32_Calculator|FB_Debug_Logger|FB_Device_Predictive_Diag|FB_DHW_Manager|FB_Emergency_Valve_Open|FB_Exhaust_Ventilation_Controller|FB_Flood_Detector|FB_FloorHeating_Controller|FB_FloorHeating_Freeze_Protection|FB_FloorHeating_Overheat_Protection|FB_Gas_Methane_Detector|FB_Gas_Smoke_Manager|FB_Gas_Valve_Controller|FB_Gateway_Interface|FB_Heating_System_Manager|FB_History_Manager|FB_Lifetime_Predictor|FB_Lighting_Blinds_Manager|FB_Maintenance_Access|FB_Manifold_Mixing_Valve_Controller|FB_Manifold_Pump_Controller|FB_Manual_Valve_Control|FB_NVRAM_Manager|FB_Outdoor_Lighting_Controller|FB_PID_Controller|FB_PLC_Heartbeat|FB_Pre_Departure_Heating|FB_Presence_Playback|FB_Presence_Simulator|FB_Random_Generator|FB_Scenario_Manager|FB_Scenario_Transition_Controller|FB_Security_Alarm|FB_Security_System|FB_Security_System_Manager|FB_Sensor_Calibration_Processor|FB_Sensor_Distribution|FB_Simulation_Manager|FB_Smoke_Detector|FB_SMS_Notification|FB_State_Manager|FB_State_Snapshot_Manager|FB_State_Snapshot_NVRAM|FB_Supply_Ventilation_Controller|FB_Trend_Analyzer|FB_TwoFactor_Auth|FB_User_Rule_Engine|FB_Valve_Test|FB_Ventilation_System_Manager|FB_Water_Leakage_Manager|FB_Water_Valve_Controller|FB_Zone_Access_Manager|PRG_Main
./steps/MASTER_PIPELINE/001_universal_v2.log:109:OLD_POUS_TREE_NAMES=FB_Lifetime_Predictor|FB_Gas_Valve_Controller|FB_TwoFactor_Auth|FB_Manual_Valve_Control|FB_Boiler_Cascade_Manager|FB_CRC32_Calculator|FB_Emergency_Valve_Open|FB_AccessCode_Manager|FB_Manifold_Pump_Controller|FB_Debug_Logger|FB_Astro_Timer|FB_BlackBox_Recorder|FB_PLC_Heartbeat|FB_User_Rule_Engine|FB_Water_Valve_Controller|FB_FloorHeating_Freeze_Protection|FB_Gateway_Interface|FB_Heating_System_Manager|FB_History_Manager|FB_Calibration_Manager|FB_CO_Detector|FB_FloorHeating_Overheat_Protection|FB_Gas_Methane_Detector|FB_Gas_Smoke_Manager|FB_Device_Predictive_Diag|FB_PID_Controller|FB_NVRAM_Manager|FB_Outdoor_Lighting_Controller|FB_Pre_Departure_Heating|FB_Exhaust_Ventilation_Controller|FB_Flood_Detector|FB_Valve_Test|FB_Zone_Access_Manager|FB_Ventilation_System_Manager|FB_Water_Leakage_Manager|FB_Random_Generator|FB_Scenario_Manager|FB_Scenario_Transition_Controller|FB_Boiler_Cascade_Controller|FB_Security_Alarm|FB_Security_System|FB_Security_System_Manager|FB_FloorHeating_Controller|FB_DHW_Manager|FB_Presence_Playback|FB_Presence_Simulator|FB_Lighting_Blinds_Manager|FB_Maintenance_Access|FB_Manifold_Mixing_Valve_Controller|FB_Sensor_Calibration_Processor|FB_Sensor_Distribution|FB_Simulation_Manager|FB_Smoke_Detector|FB_SMS_Notification|FB_State_Manager|FB_State_Snapshot_Manager|FB_State_Snapshot_NVRAM|FB_Supply_Ventilation_Controller|FB_Trend_Analyzer|FB_Access_Control
./steps/MASTER_PIPELINE/004_RESULT.xml:7393:      <pou name="FB_Gateway_Interface" pouType="functionBlock">
./steps/MASTER_PIPELINE/004_RESULT.xml:7977:// &gt;&gt;&gt; BULK_SYNC_ANCHOR: FB_Gateway_Interface &lt;&lt;&lt;</xhtml>
./steps/MASTER_PIPELINE/004_RESULT.xml:9518:                <derived name="FB_Gateway_Interface" />
./steps/MASTER_PIPELINE/004_RESULT.xml:11507:          <Object Name="FB_Gateway_Interface" ObjectId="35e75810-5286-4ff7-96c1-3c8befdde0cc" />
./steps/MASTER_PIPELINE/003_GVL_BASELINE_INPUT.xml:5306:<pou name="FB_Gateway_Interface" pouType="functionBlock">
./steps/MASTER_PIPELINE/003_GVL_BASELINE_INPUT.xml:5890:// &gt;&gt;&gt; BULK_SYNC_ANCHOR: FB_Gateway_Interface &lt;&lt;&lt;</xhtml>
./steps/MASTER_PIPELINE/003_GVL_BASELINE_INPUT.xml:10605:                <derived name="FB_Gateway_Interface" />
./steps/MASTER_PIPELINE/003_GVL_BASELINE_INPUT.xml:12217:          <Object Name="FB_Gateway_Interface" />
./steps/MASTER_PIPELINE/out/004_RESULT.xml:7393:      <pou name="FB_Gateway_Interface" pouType="functionBlock">
./steps/MASTER_PIPELINE/out/004_RESULT.xml:7977:// &gt;&gt;&gt; BULK_SYNC_ANCHOR: FB_Gateway_Interface &lt;&lt;&lt;</xhtml>
./steps/MASTER_PIPELINE/out/004_RESULT.xml:9518:                <derived name="FB_Gateway_Interface" />
./steps/MASTER_PIPELINE/out/004_RESULT.xml:11507:          <Object Name="FB_Gateway_Interface" ObjectId="2cc95ee2-fc8a-480e-a1ea-7b7390b8afc3" />
./steps/MASTER_PIPELINE/out/003_RESULT.xml:8770:      <pou name="FB_Gateway_Interface" pouType="functionBlock">
./steps/MASTER_PIPELINE/out/003_RESULT.xml:9354:// &gt;&gt;&gt; BULK_SYNC_ANCHOR: FB_Gateway_Interface &lt;&lt;&lt;</xhtml>
./steps/MASTER_PIPELINE/out/003_RESULT.xml:10895:                <derived name="FB_Gateway_Interface" />
./steps/MASTER_PIPELINE/out/003_RESULT.xml:12920:          <Object Name="FB_Gateway_Interface" ObjectId="7e9cb767-7f9b-479f-809a-1092900fe3b8" />
./steps/MASTER_PIPELINE/002_BASE.xml:7044:      <pou name="FB_Gateway_Interface" pouType="functionBlock">
./steps/MASTER_PIPELINE/002_BASE.xml:7621:// &gt;&gt;&gt; BULK_SYNC_ANCHOR: FB_Gateway_Interface &lt;&lt;&lt;</xhtml>
./steps/MASTER_PIPELINE/002_BASE.xml:16940:                <derived name="FB_Gateway_Interface" />
./steps/MASTER_PIPELINE/002_BASE.xml:19329:          <Object Name="FB_Gateway_Interface" ObjectId="f017a2cc-8244-4289-b9e5-269c38e51cdc" />
./steps/MASTER_PIPELINE/001_universal_methods_v1.log:36:POU=FB_Gateway_Interface XML_NAME=FB_Gateway_Interface TYPE=functionBlock TREE=pous VARS=67 METHODS=0 OBJECT_ID=0f1c9340-ce4e-4a39-b1ae-b40b6a0bb4f7 WARN=VAR: unparsed lines=1
./steps/MASTER_PIPELINE/001_universal_methods_v1.log:108:OLD_POU_WINDOW_NAMES=PRG_PLC_A|PRG_PLC_B|FB_Access_Control|FB_AccessCode_Manager|FB_Astro_Timer|FB_BlackBox_Recorder|FB_Boiler_Cascade_Controller|FB_Boiler_Cascade_Manager|FB_Calibration_Manager|FB_CO_Detector|FB_CRC32_Calculator|FB_Debug_Logger|FB_Device_Predictive_Diag|FB_DHW_Manager|FB_Emergency_Valve_Open|FB_Exhaust_Ventilation_Controller|FB_Flood_Detector|FB_FloorHeating_Controller|FB_FloorHeating_Freeze_Protection|FB_FloorHeating_Overheat_Protection|FB_Gas_Methane_Detector|FB_Gas_Smoke_Manager|FB_Gas_Valve_Controller|FB_Gateway_Interface|FB_Heating_System_Manager|FB_History_Manager|FB_Lifetime_Predictor|FB_Lighting_Blinds_Manager|FB_Maintenance_Access|FB_Manifold_Mixing_Valve_Controller|FB_Manifold_Pump_Controller|FB_Manual_Valve_Control|FB_NVRAM_Manager|FB_Outdoor_Lighting_Controller|FB_PID_Controller|FB_PLC_Heartbeat|FB_Pre_Departure_Heating|FB_Presence_Playback|FB_Presence_Simulator|FB_Random_Generator|FB_Scenario_Manager|FB_Scenario_Transition_Controller|FB_Security_Alarm|FB_Security_System|FB_Security_System_Manager|FB_Sensor_Calibration_Processor|FB_Sensor_Distribution|FB_Simulation_Manager|FB_Smoke_Detector|FB_SMS_Notification|FB_State_Manager|FB_State_Snapshot_Manager|FB_State_Snapshot_NVRAM|FB_Supply_Ventilation_Controller|FB_Trend_Analyzer|FB_TwoFactor_Auth|FB_User_Rule_Engine|FB_Valve_Test|FB_Ventilation_System_Manager|FB_Water_Leakage_Manager|FB_Water_Valve_Controller|FB_Zone_Access_Manager|PRG_Main
./steps/MASTER_PIPELINE/001_universal_methods_v1.log:109:OLD_POUS_TREE_NAMES=FB_Lifetime_Predictor|FB_Gas_Valve_Controller|FB_TwoFactor_Auth|FB_Manual_Valve_Control|FB_Boiler_Cascade_Manager|FB_CRC32_Calculator|FB_Emergency_Valve_Open|FB_AccessCode_Manager|FB_Manifold_Pump_Controller|FB_Debug_Logger|FB_Astro_Timer|FB_BlackBox_Recorder|FB_PLC_Heartbeat|FB_User_Rule_Engine|FB_Water_Valve_Controller|FB_FloorHeating_Freeze_Protection|FB_Gateway_Interface|FB_Heating_System_Manager|FB_History_Manager|FB_Calibration_Manager|FB_CO_Detector|FB_FloorHeating_Overheat_Protection|FB_Gas_Methane_Detector|FB_Gas_Smoke_Manager|FB_Device_Predictive_Diag|FB_PID_Controller|FB_NVRAM_Manager|FB_Outdoor_Lighting_Controller|FB_Pre_Departure_Heating|FB_Exhaust_Ventilation_Controller|FB_Flood_Detector|FB_Valve_Test|FB_Zone_Access_Manager|FB_Ventilation_System_Manager|FB_Water_Leakage_Manager|FB_Random_Generator|FB_Scenario_Manager|FB_Scenario_Transition_Controller|FB_Boiler_Cascade_Controller|FB_Security_Alarm|FB_Security_System|FB_Security_System_Manager|FB_FloorHeating_Controller|FB_DHW_Manager|FB_Presence_Playback|FB_Presence_Simulator|FB_Lighting_Blinds_Manager|FB_Maintenance_Access|FB_Manifold_Mixing_Valve_Controller|FB_Sensor_Calibration_Processor|FB_Sensor_Distribution|FB_Simulation_Manager|FB_Smoke_Detector|FB_SMS_Notification|FB_State_Manager|FB_State_Snapshot_Manager|FB_State_Snapshot_NVRAM|FB_Supply_Ventilation_Controller|FB_Trend_Analyzer|FB_Access_Control
./steps/MASTER_PIPELINE/003_RESULT.xml:8770:      <pou name="FB_Gateway_Interface" pouType="functionBlock">
./steps/MASTER_PIPELINE/003_RESULT.xml:9354:// &gt;&gt;&gt; BULK_SYNC_ANCHOR: FB_Gateway_Interface &lt;&lt;&lt;</xhtml>
./steps/MASTER_PIPELINE/003_RESULT.xml:10895:                <derived name="FB_Gateway_Interface" />
./steps/MASTER_PIPELINE/003_RESULT.xml:12920:          <Object Name="FB_Gateway_Interface" ObjectId="35e75810-5286-4ff7-96c1-3c8befdde0cc" />
./steps/MASTER_PIPELINE/001_universal.log:14:POU=FB_Gateway_Interface XML_NAME=FB_Gateway_Interface TYPE=functionBlock TREE=pous VARS=67 OBJECT_ID=0ad81c58-3bb7-4e6b-9ebb-1edbf7dbe44a WARN=VAR: unparsed lines=1
./steps/MASTER_PIPELINE/001_universal.log:49:OLD_POU_WINDOW_NAMES=PRG_PLC_A|PRG_PLC_B|FB_Access_Control|FB_AccessCode_Manager|FB_Astro_Timer|FB_BlackBox_Recorder|FB_Boiler_Cascade_Controller|FB_Boiler_Cascade_Manager|FB_Calibration_Manager|FB_CO_Detector|FB_CRC32_Calculator|FB_Debug_Logger|FB_Device_Predictive_Diag|FB_DHW_Manager|FB_Emergency_Valve_Open|FB_Exhaust_Ventilation_Controller|FB_Flood_Detector|FB_FloorHeating_Controller|FB_FloorHeating_Freeze_Protection|FB_FloorHeating_Overheat_Protection|FB_Gas_Methane_Detector|FB_Gas_Smoke_Manager|FB_Gas_Valve_Controller|FB_Gateway_Interface|FB_Heating_System_Manager|FB_History_Manager|FB_Lifetime_Predictor|FB_Lighting_Blinds_Manager|FB_Maintenance_Access|FB_Manifold_Mixing_Valve_Controller|FB_Manifold_Pump_Controller|FB_Manual_Valve_Control|FB_NVRAM_Manager|FB_Outdoor_Lighting_Controller|FB_PID_Controller|FB_PLC_Heartbeat|FB_Pre_Departure_Heating|FB_Presence_Playback|FB_Presence_Simulator|FB_Random_Generator|FB_Scenario_Manager|FB_Scenario_Transition_Controller|FB_Security_Alarm|FB_Security_System|FB_Security_System_Manager|FB_Sensor_Calibration_Processor|FB_Sensor_Distribution|FB_Simulation_Manager|FB_Smoke_Detector|FB_SMS_Notification|FB_State_Manager|FB_State_Snapshot_Manager|FB_State_Snapshot_NVRAM|FB_Supply_Ventilation_Controller|FB_Trend_Analyzer|FB_TwoFactor_Auth|FB_User_Rule_Engine|FB_Valve_Test|FB_Ventilation_System_Manager|FB_Water_Leakage_Manager|FB_Water_Valve_Controller|FB_Zone_Access_Manager|PRG_Main
./steps/MASTER_PIPELINE/archive_logs/003_GVL_XML_TEMPLATE_ANALYSIS.log:2902:<pou name="FB_Gateway_Interface" pouType="functionBlock">
./steps/MASTER_PIPELINE/archive_logs/003_GVL_XML_TEMPLATE_ANALYSIS.log:5005:                <derived name="FB_Gateway_Interface" />
./steps/MASTER_PIPELINE/archive_logs/002_build_clean_master_from_fb.log:20:FB=FB_Gateway_Interface VARS=67 WARN=VAR: unparsed lines=1
./steps/MASTER_PIPELINE/archive_logs/002_insert_fb_from_st_and_refresh_projectstructure.log:20:FB=FB_Gateway_Interface VARS=67 WARN=VAR: unparsed lines=1
./steps/MASTER_PIPELINE/archive_logs/002_run_full.log:20:FB=FB_Gateway_Interface VARS=67 WARN=VAR: unparsed lines=1
./steps/MASTER_PIPELINE/001_BASE.xml:5299:      <pou name="FB_Gateway_Interface" pouType="functionBlock">
./steps/MASTER_PIPELINE/001_BASE.xml:5883:// &gt;&gt;&gt; BULK_SYNC_ANCHOR: FB_Gateway_Interface &lt;&lt;&lt;</xhtml>
./steps/MASTER_PIPELINE/001_BASE.xml:11687:                <derived name="FB_Gateway_Interface" />
./Система умного дома.xml:5182:      <pou name="FB_Gateway_Interface" pouType="functionBlock">
./Система умного дома.xml:10500:                <derived name="FB_Gateway_Interface" />
./Система умного дома.xml:12130:          <Object Name="FB_Gateway_Interface" ObjectId="8ff42a0e-a7c6-44f9-829e-53e627090381" />
./diagnostics/2026_04_16/step_10_git_commit_failure_debug.log:85:./FB_Gateway_Interface.st
./diagnostics/2026_04_16/step_08_flatten_unpacked_root.log:65:./FB_Gateway_Interface.st
./diagnostics/2026_04_16/step_13_full_project_snapshot.log:63:snapshots/project_clean_state_2026_04_16/FB_Gateway_Interface.st
./diagnostics/2026_04_16/step_11_project_structure.log:62:./FB_Gateway_Interface.st
./diagnostics/2026_04_16/step_11_project_structure.log:305:./FB_Gateway_Interface.st
./diagnostics/2026_04_16/step_14_nvram_audit.log:353:./steps/MASTER_PIPELINE/001_universal_pou_builder.log:49:OLD_POU_WINDOW_NAMES=PRG_PLC_A|PRG_PLC_B|FB_Access_Control|FB_AccessCode_Manager|FB_Astro_Timer|FB_BlackBox_Recorder|FB_Boiler_Cascade_Controller|FB_Boiler_Cascade_Manager|FB_Calibration_Manager|FB_CO_Detector|FB_CRC32_Calculator|FB_Debug_Logger|FB_Device_Predictive_Diag|FB_DHW_Manager|FB_Emergency_Valve_Open|FB_Exhaust_Ventilation_Controller|FB_Flood_Detector|FB_FloorHeating_Controller|FB_FloorHeating_Freeze_Protection|FB_FloorHeating_Overheat_Protection|FB_Gas_Methane_Detector|FB_Gas_Smoke_Manager|FB_Gas_Valve_Controller|FB_Gateway_Interface|FB_Heating_System_Manager|FB_History_Manager|FB_Lifetime_Predictor|FB_Lighting_Blinds_Manager|FB_Maintenance_Access|FB_Manifold_Mixing_Valve_Controller|FB_Manifold_Pump_Controller|FB_Manual_Valve_Control|FB_NVRAM_Manager|FB_Outdoor_Lighting_Controller|FB_PID_Controller|FB_PLC_Heartbeat|FB_Pre_Departure_Heating|FB_Presence_Playback|FB_Presence_Simulator|FB_Random_Generator|FB_Scenario_Manager|FB_Scenario_Transition_Controller|FB_Security_Alarm|FB_Security_System|FB_Security_System_Manager|FB_Sensor_Calibration_Processor|FB_Sensor_Distribution|FB_Simulation_Manager|FB_Smoke_Detector|FB_SMS_Notification|FB_State_Manager|FB_State_Snapshot_Manager|FB_State_Snapshot_NVRAM|FB_Supply_Ventilation_Controller|FB_Trend_Analyzer|FB_TwoFactor_Auth|FB_User_Rule_Engine|FB_Valve_Test|FB_Ventilation_System_Manager|FB_Water_Leakage_Manager|FB_Water_Valve_Controller|FB_Zone_Access_Manager|PRG_Main
./diagnostics/2026_04_16/step_14_nvram_audit.log:398:./steps/MASTER_PIPELINE/001_universal_v2.log:108:OLD_POU_WINDOW_NAMES=PRG_PLC_A|PRG_PLC_B|FB_Access_Control|FB_AccessCode_Manager|FB_Astro_Timer|FB_BlackBox_Recorder|FB_Boiler_Cascade_Controller|FB_Boiler_Cascade_Manager|FB_Calibration_Manager|FB_CO_Detector|FB_CRC32_Calculator|FB_Debug_Logger|FB_Device_Predictive_Diag|FB_DHW_Manager|FB_Emergency_Valve_Open|FB_Exhaust_Ventilation_Controller|FB_Flood_Detector|FB_FloorHeating_Controller|FB_FloorHeating_Freeze_Protection|FB_FloorHeating_Overheat_Protection|FB_Gas_Methane_Detector|FB_Gas_Smoke_Manager|FB_Gas_Valve_Controller|FB_Gateway_Interface|FB_Heating_System_Manager|FB_History_Manager|FB_Lifetime_Predictor|FB_Lighting_Blinds_Manager|FB_Maintenance_Access|FB_Manifold_Mixing_Valve_Controller|FB_Manifold_Pump_Controller|FB_Manual_Valve_Control|FB_NVRAM_Manager|FB_Outdoor_Lighting_Controller|FB_PID_Controller|FB_PLC_Heartbeat|FB_Pre_Departure_Heating|FB_Presence_Playback|FB_Presence_Simulator|FB_Random_Generator|FB_Scenario_Manager|FB_Scenario_Transition_Controller|FB_Security_Alarm|FB_Security_System|FB_Security_System_Manager|FB_Sensor_Calibration_Processor|FB_Sensor_Distribution|FB_Simulation_Manager|FB_Smoke_Detector|FB_SMS_Notification|FB_State_Manager|FB_State_Snapshot_Manager|FB_State_Snapshot_NVRAM|FB_Supply_Ventilation_Controller|FB_Trend_Analyzer|FB_TwoFactor_Auth|FB_User_Rule_Engine|FB_Valve_Test|FB_Ventilation_System_Manager|FB_Water_Leakage_Manager|FB_Water_Valve_Controller|FB_Zone_Access_Manager|PRG_Main
./diagnostics/2026_04_16/step_14_nvram_audit.log:399:./steps/MASTER_PIPELINE/001_universal_v2.log:109:OLD_POUS_TREE_NAMES=FB_Lifetime_Predictor|FB_Gas_Valve_Controller|FB_TwoFactor_Auth|FB_Manual_Valve_Control|FB_Boiler_Cascade_Manager|FB_CRC32_Calculator|FB_Emergency_Valve_Open|FB_AccessCode_Manager|FB_Manifold_Pump_Controller|FB_Debug_Logger|FB_Astro_Timer|FB_BlackBox_Recorder|FB_PLC_Heartbeat|FB_User_Rule_Engine|FB_Water_Valve_Controller|FB_FloorHeating_Freeze_Protection|FB_Gateway_Interface|FB_Heating_System_Manager|FB_History_Manager|FB_Calibration_Manager|FB_CO_Detector|FB_FloorHeating_Overheat_Protection|FB_Gas_Methane_Detector|FB_Gas_Smoke_Manager|FB_Device_Predictive_Diag|FB_PID_Controller|FB_NVRAM_Manager|FB_Outdoor_Lighting_Controller|FB_Pre_Departure_Heating|FB_Exhaust_Ventilation_Controller|FB_Flood_Detector|FB_Valve_Test|FB_Zone_Access_Manager|FB_Ventilation_System_Manager|FB_Water_Leakage_Manager|FB_Random_Generator|FB_Scenario_Manager|FB_Scenario_Transition_Controller|FB_Boiler_Cascade_Controller|FB_Security_Alarm|FB_Security_System|FB_Security_System_Manager|FB_FloorHeating_Controller|FB_DHW_Manager|FB_Presence_Playback|FB_Presence_Simulator|FB_Lighting_Blinds_Manager|FB_Maintenance_Access|FB_Manifold_Mixing_Valve_Controller|FB_Sensor_Calibration_Processor|FB_Sensor_Distribution|FB_Simulation_Manager|FB_Smoke_Detector|FB_SMS_Notification|FB_State_Manager|FB_State_Snapshot_Manager|FB_State_Snapshot_NVRAM|FB_Supply_Ventilation_Controller|FB_Trend_Analyzer|FB_Access_Control
./diagnostics/2026_04_16/step_14_nvram_audit.log:607:./steps/MASTER_PIPELINE/001_universal_methods_v1.log:108:OLD_POU_WINDOW_NAMES=PRG_PLC_A|PRG_PLC_B|FB_Access_Control|FB_AccessCode_Manager|FB_Astro_Timer|FB_BlackBox_Recorder|FB_Boiler_Cascade_Controller|FB_Boiler_Cascade_Manager|FB_Calibration_Manager|FB_CO_Detector|FB_CRC32_Calculator|FB_Debug_Logger|FB_Device_Predictive_Diag|FB_DHW_Manager|FB_Emergency_Valve_Open|FB_Exhaust_Ventilation_Controller|FB_Flood_Detector|FB_FloorHeating_Controller|FB_FloorHeating_Freeze_Protection|FB_FloorHeating_Overheat_Protection|FB_Gas_Methane_Detector|FB_Gas_Smoke_Manager|FB_Gas_Valve_Controller|FB_Gateway_Interface|FB_Heating_System_Manager|FB_History_Manager|FB_Lifetime_Predictor|FB_Lighting_Blinds_Manager|FB_Maintenance_Access|FB_Manifold_Mixing_Valve_Controller|FB_Manifold_Pump_Controller|FB_Manual_Valve_Control|FB_NVRAM_Manager|FB_Outdoor_Lighting_Controller|FB_PID_Controller|FB_PLC_Heartbeat|FB_Pre_Departure_Heating|FB_Presence_Playback|FB_Presence_Simulator|FB_Random_Generator|FB_Scenario_Manager|FB_Scenario_Transition_Controller|FB_Security_Alarm|FB_Security_System|FB_Security_System_Manager|FB_Sensor_Calibration_Processor|FB_Sensor_Distribution|FB_Simulation_Manager|FB_Smoke_Detector|FB_SMS_Notification|FB_State_Manager|FB_State_Snapshot_Manager|FB_State_Snapshot_NVRAM|FB_Supply_Ventilation_Controller|FB_Trend_Analyzer|FB_TwoFactor_Auth|FB_User_Rule_Engine|FB_Valve_Test|FB_Ventilation_System_Manager|FB_Water_Leakage_Manager|FB_Water_Valve_Controller|FB_Zone_Access_Manager|PRG_Main
./diagnostics/2026_04_16/step_14_nvram_audit.log:608:./steps/MASTER_PIPELINE/001_universal_methods_v1.log:109:OLD_POUS_TREE_NAMES=FB_Lifetime_Predictor|FB_Gas_Valve_Controller|FB_TwoFactor_Auth|FB_Manual_Valve_Control|FB_Boiler_Cascade_Manager|FB_CRC32_Calculator|FB_Emergency_Valve_Open|FB_AccessCode_Manager|FB_Manifold_Pump_Controller|FB_Debug_Logger|FB_Astro_Timer|FB_BlackBox_Recorder|FB_PLC_Heartbeat|FB_User_Rule_Engine|FB_Water_Valve_Controller|FB_FloorHeating_Freeze_Protection|FB_Gateway_Interface|FB_Heating_System_Manager|FB_History_Manager|FB_Calibration_Manager|FB_CO_Detector|FB_FloorHeating_Overheat_Protection|FB_Gas_Methane_Detector|FB_Gas_Smoke_Manager|FB_Device_Predictive_Diag|FB_PID_Controller|FB_NVRAM_Manager|FB_Outdoor_Lighting_Controller|FB_Pre_Departure_Heating|FB_Exhaust_Ventilation_Controller|FB_Flood_Detector|FB_Valve_Test|FB_Zone_Access_Manager|FB_Ventilation_System_Manager|FB_Water_Leakage_Manager|FB_Random_Generator|FB_Scenario_Manager|FB_Scenario_Transition_Controller|FB_Boiler_Cascade_Controller|FB_Security_Alarm|FB_Security_System|FB_Security_System_Manager|FB_FloorHeating_Controller|FB_DHW_Manager|FB_Presence_Playback|FB_Presence_Simulator|FB_Lighting_Blinds_Manager|FB_Maintenance_Access|FB_Manifold_Mixing_Valve_Controller|FB_Sensor_Calibration_Processor|FB_Sensor_Distribution|FB_Simulation_Manager|FB_Smoke_Detector|FB_SMS_Notification|FB_State_Manager|FB_State_Snapshot_Manager|FB_State_Snapshot_NVRAM|FB_Supply_Ventilation_Controller|FB_Trend_Analyzer|FB_Access_Control
./diagnostics/2026_04_16/step_14_nvram_audit.log:653:./steps/MASTER_PIPELINE/001_universal.log:49:OLD_POU_WINDOW_NAMES=PRG_PLC_A|PRG_PLC_B|FB_Access_Control|FB_AccessCode_Manager|FB_Astro_Timer|FB_BlackBox_Recorder|FB_Boiler_Cascade_Controller|FB_Boiler_Cascade_Manager|FB_Calibration_Manager|FB_CO_Detector|FB_CRC32_Calculator|FB_Debug_Logger|FB_Device_Predictive_Diag|FB_DHW_Manager|FB_Emergency_Valve_Open|FB_Exhaust_Ventilation_Controller|FB_Flood_Detector|FB_FloorHeating_Controller|FB_FloorHeating_Freeze_Protection|FB_FloorHeating_Overheat_Protection|FB_Gas_Methane_Detector|FB_Gas_Smoke_Manager|FB_Gas_Valve_Controller|FB_Gateway_Interface|FB_Heating_System_Manager|FB_History_Manager|FB_Lifetime_Predictor|FB_Lighting_Blinds_Manager|FB_Maintenance_Access|FB_Manifold_Mixing_Valve_Controller|FB_Manifold_Pump_Controller|FB_Manual_Valve_Control|FB_NVRAM_Manager|FB_Outdoor_Lighting_Controller|FB_PID_Controller|FB_PLC_Heartbeat|FB_Pre_Departure_Heating|FB_Presence_Playback|FB_Presence_Simulator|FB_Random_Generator|FB_Scenario_Manager|FB_Scenario_Transition_Controller|FB_Security_Alarm|FB_Security_System|FB_Security_System_Manager|FB_Sensor_Calibration_Processor|FB_Sensor_Distribution|FB_Simulation_Manager|FB_Smoke_Detector|FB_SMS_Notification|FB_State_Manager|FB_State_Snapshot_Manager|FB_State_Snapshot_NVRAM|FB_Supply_Ventilation_Controller|FB_Trend_Analyzer|FB_TwoFactor_Auth|FB_User_Rule_Engine|FB_Valve_Test|FB_Ventilation_System_Manager|FB_Water_Leakage_Manager|FB_Water_Valve_Controller|FB_Zone_Access_Manager|PRG_Main
./компилятор/Система умного дома.xml:5182:      <pou name="FB_Gateway_Interface" pouType="functionBlock">
./компилятор/Система умного дома.xml:10500:                <derived name="FB_Gateway_Interface" />
./компилятор/Система умного дома.xml:12130:          <Object Name="FB_Gateway_Interface" ObjectId="8ff42a0e-a7c6-44f9-829e-53e627090381" />
./компилятор/out/RESULT_methods_clean.xml:9962:      <pou name="FB_Gateway_Interface" pouType="functionBlock">
./компилятор/out/RESULT_methods_clean.xml:10539:// &gt;&gt;&gt; BULK_SYNC_ANCHOR: FB_Gateway_Interface &lt;&lt;&lt;</xhtml>
./компилятор/out/RESULT_methods_clean.xml:18759:                <derived name="FB_Gateway_Interface" />
./компилятор/out/RESULT_methods_clean.xml:20250:          <Object Name="FB_Gateway_Interface" ObjectId="efca16ed-9233-4846-94b9-b6cd3faf4467" />
./repo_logs/diagnostics/2026_04_16/constants_dut_usage.log:62:./FB_Gateway_Interface.st
./repo_logs/diagnostics/2026_04_16/constants_dut_usage.log:645:./FB_Gateway_Interface.st:27:    VI_Manifold_Pressures       : ARRAY[1..GVL_CONSTANTS.C_MAX_MANIFOLDS] OF REAL;
./repo_logs/diagnostics/2026_04_16/constants_dut_usage.log:646:./FB_Gateway_Interface.st:28:    VI_Manifold_Pump_States     : ARRAY[1..GVL_CONSTANTS.C_MAX_MANIFOLDS] OF BOOL;
./repo_logs/diagnostics/2026_04_16/constants_dut_usage.log:647:./FB_Gateway_Interface.st:30:    VI_Socket_States            : ARRAY[1..GVL_CONSTANTS.C_MAX_SOCKETS] OF BOOL;
./repo_logs/diagnostics/2026_04_16/constants_dut_usage.log:648:./FB_Gateway_Interface.st:31:    VI_Blinds_Positions         : ARRAY[1..GVL_CONSTANTS.C_MAX_BLINDS] OF BYTE;
./repo_logs/diagnostics/2026_04_16/constants_dut_usage.log:649:./FB_Gateway_Interface.st:32:    VI_Allowed_IPs              : ARRAY[1..GVL_CONSTANTS.C_MAX_ALLOWED_IPS] OF STRING(15);
./repo_logs/diagnostics/2026_04_16/constants_dut_usage.log:650:./FB_Gateway_Interface.st:36:    VO_Modbus_Registers         : ARRAY[0..GVL_CONSTANTS.C_MAX_MODBUS_REGISTERS-1] OF WORD; // Расширенный диапазон
./repo_logs/diagnostics/2026_04_16/constants_dut_usage.log:651:./FB_Gateway_Interface.st:38:    VO_Blinds_Override          : ARRAY[1..GVL_CONSTANTS.C_MAX_BLINDS] OF BYTE;
./repo_logs/diagnostics/2026_04_16/constants_dut_usage.log:652:./FB_Gateway_Interface.st:39:    VO_Socket_Override          : ARRAY[1..GVL_CONSTANTS.C_MAX_SOCKETS] OF BOOL;
./repo_logs/diagnostics/2026_04_16/constants_dut_usage.log:653:./FB_Gateway_Interface.st:87:    L_Command_Buffer            : ARRAY[1..GVL_CONSTANTS.C_MAX_GATEWAY_COMMANDS] OF ST_Gateway_Command;
./repo_logs/diagnostics/2026_04_16/constants_dut_usage.log:654:./FB_Gateway_Interface.st:121:IF (VI_System_Time_MS - L_last_update_time) >= GVL_CONSTANTS.C_MS_IN_SECOND THEN
./repo_logs/diagnostics/2026_04_16/constants_dut_usage.log:655:./FB_Gateway_Interface.st:153:    FOR L_i := 1 TO GVL_CONSTANTS.C_MAX_MANIFOLDS DO
./repo_logs/diagnostics/2026_04_16/constants_dut_usage.log:656:./FB_Gateway_Interface.st:163:    FOR L_i := 1 TO GVL_CONSTANTS.C_MAX_BLINDS DO
./repo_logs/diagnostics/2026_04_16/constants_dut_usage.log:657:./FB_Gateway_Interface.st:168:    FOR L_i := 0 TO (GVL_CONSTANTS.C_MAX_SOCKETS - 1) / 16 DO
./repo_logs/diagnostics/2026_04_16/constants_dut_usage.log:658:./FB_Gateway_Interface.st:172:            IF L_idx <= GVL_CONSTANTS.C_MAX_SOCKETS THEN
./repo_logs/diagnostics/2026_04_16/constants_dut_usage.log:659:./FB_Gateway_Interface.st:214:        IF L_Buffer_Count < GVL_CONSTANTS.C_MAX_GATEWAY_COMMANDS THEN
./repo_logs/diagnostics/2026_04_16/constants_dut_usage.log:660:./FB_Gateway_Interface.st:217:            IF L_Buffer_Head > GVL_CONSTANTS.C_MAX_GATEWAY_COMMANDS THEN L_Buffer_Head := 1; END_IF;
./repo_logs/diagnostics/2026_04_16/constants_dut_usage.log:661:./FB_Gateway_Interface.st:227:    IF L_Buffer_Tail > GVL_CONSTANTS.C_MAX_GATEWAY_COMMANDS THEN L_Buffer_Tail := 1; END_IF;
./repo_logs/diagnostics/2026_04_16/constants_dut_usage.log:662:./FB_Gateway_Interface.st:239:        FOR L_i := 1 TO GVL_CONSTANTS.C_MAX_ALLOWED_IPS DO
./repo_logs/diagnostics/2026_04_16/constants_dut_usage.log:663:./FB_Gateway_Interface.st:277:            IF (L_Process_Command.target_zone >= 1) AND (L_Process_Command.target_zone <= GVL_CONSTANTS.C_MAX_BLINDS) THEN
./repo_logs/diagnostics/2026_04_16/constants_dut_usage.log:664:./FB_Gateway_Interface.st:282:            IF (L_Process_Command.target_zone >= 1) AND (L_Process_Command.target_zone <= GVL_CONSTANTS.C_MAX_SOCKETS) THEN
./repo_logs/nvram/2026_04_16/step_19_persist_write_precheck.log:16:    fbGateway : FB_Gateway_Interface;
./repo_logs/nvram/2026_04_16/step_17_startup_entry.log:2311:    fbGateway : FB_Gateway_Interface;
./repo_logs/nvram/2026_04_16/step_16_nvram_runtime_flow.log:16:./steps/MASTER_PIPELINE/001_universal_pou_builder.log:49:OLD_POU_WINDOW_NAMES=PRG_PLC_A|PRG_PLC_B|FB_Access_Control|FB_AccessCode_Manager|FB_Astro_Timer|FB_BlackBox_Recorder|FB_Boiler_Cascade_Controller|FB_Boiler_Cascade_Manager|FB_Calibration_Manager|FB_CO_Detector|FB_CRC32_Calculator|FB_Debug_Logger|FB_Device_Predictive_Diag|FB_DHW_Manager|FB_Emergency_Valve_Open|FB_Exhaust_Ventilation_Controller|FB_Flood_Detector|FB_FloorHeating_Controller|FB_FloorHeating_Freeze_Protection|FB_FloorHeating_Overheat_Protection|FB_Gas_Methane_Detector|FB_Gas_Smoke_Manager|FB_Gas_Valve_Controller|FB_Gateway_Interface|FB_Heating_System_Manager|FB_History_Manager|FB_Lifetime_Predictor|FB_Lighting_Blinds_Manager|FB_Maintenance_Access|FB_Manifold_Mixing_Valve_Controller|FB_Manifold_Pump_Controller|FB_Manual_Valve_Control|FB_NVRAM_Manager|FB_Outdoor_Lighting_Controller|FB_PID_Controller|FB_PLC_Heartbeat|FB_Pre_Departure_Heating|FB_Presence_Playback|FB_Presence_Simulator|FB_Random_Generator|FB_Scenario_Manager|FB_Scenario_Transition_Controller|FB_Security_Alarm|FB_Security_System|FB_Security_System_Manager|FB_Sensor_Calibration_Processor|FB_Sensor_Distribution|FB_Simulation_Manager|FB_Smoke_Detector|FB_SMS_Notification|FB_State_Manager|FB_State_Snapshot_Manager|FB_State_Snapshot_NVRAM|FB_Supply_Ventilation_Controller|FB_Trend_Analyzer|FB_TwoFactor_Auth|FB_User_Rule_Engine|FB_Valve_Test|FB_Ventilation_System_Manager|FB_Water_Leakage_Manager|FB_Water_Valve_Controller|FB_Zone_Access_Manager|PRG_Main
./repo_logs/nvram/2026_04_16/step_16_nvram_runtime_flow.log:23:./steps/MASTER_PIPELINE/001_universal_v2.log:108:OLD_POU_WINDOW_NAMES=PRG_PLC_A|PRG_PLC_B|FB_Access_Control|FB_AccessCode_Manager|FB_Astro_Timer|FB_BlackBox_Recorder|FB_Boiler_Cascade_Controller|FB_Boiler_Cascade_Manager|FB_Calibration_Manager|FB_CO_Detector|FB_CRC32_Calculator|FB_Debug_Logger|FB_Device_Predictive_Diag|FB_DHW_Manager|FB_Emergency_Valve_Open|FB_Exhaust_Ventilation_Controller|FB_Flood_Detector|FB_FloorHeating_Controller|FB_FloorHeating_Freeze_Protection|FB_FloorHeating_Overheat_Protection|FB_Gas_Methane_Detector|FB_Gas_Smoke_Manager|FB_Gas_Valve_Controller|FB_Gateway_Interface|FB_Heating_System_Manager|FB_History_Manager|FB_Lifetime_Predictor|FB_Lighting_Blinds_Manager|FB_Maintenance_Access|FB_Manifold_Mixing_Valve_Controller|FB_Manifold_Pump_Controller|FB_Manual_Valve_Control|FB_NVRAM_Manager|FB_Outdoor_Lighting_Controller|FB_PID_Controller|FB_PLC_Heartbeat|FB_Pre_Departure_Heating|FB_Presence_Playback|FB_Presence_Simulator|FB_Random_Generator|FB_Scenario_Manager|FB_Scenario_Transition_Controller|FB_Security_Alarm|FB_Security_System|FB_Security_System_Manager|FB_Sensor_Calibration_Processor|FB_Sensor_Distribution|FB_Simulation_Manager|FB_Smoke_Detector|FB_SMS_Notification|FB_State_Manager|FB_State_Snapshot_Manager|FB_State_Snapshot_NVRAM|FB_Supply_Ventilation_Controller|FB_Trend_Analyzer|FB_TwoFactor_Auth|FB_User_Rule_Engine|FB_Valve_Test|FB_Ventilation_System_Manager|FB_Water_Leakage_Manager|FB_Water_Valve_Controller|FB_Zone_Access_Manager|PRG_Main
./repo_logs/nvram/2026_04_16/step_16_nvram_runtime_flow.log:24:./steps/MASTER_PIPELINE/001_universal_v2.log:109:OLD_POUS_TREE_NAMES=FB_Lifetime_Predictor|FB_Gas_Valve_Controller|FB_TwoFactor_Auth|FB_Manual_Valve_Control|FB_Boiler_Cascade_Manager|FB_CRC32_Calculator|FB_Emergency_Valve_Open|FB_AccessCode_Manager|FB_Manifold_Pump_Controller|FB_Debug_Logger|FB_Astro_Timer|FB_BlackBox_Recorder|FB_PLC_Heartbeat|FB_User_Rule_Engine|FB_Water_Valve_Controller|FB_FloorHeating_Freeze_Protection|FB_Gateway_Interface|FB_Heating_System_Manager|FB_History_Manager|FB_Calibration_Manager|FB_CO_Detector|FB_FloorHeating_Overheat_Protection|FB_Gas_Methane_Detector|FB_Gas_Smoke_Manager|FB_Device_Predictive_Diag|FB_PID_Controller|FB_NVRAM_Manager|FB_Outdoor_Lighting_Controller|FB_Pre_Departure_Heating|FB_Exhaust_Ventilation_Controller|FB_Flood_Detector|FB_Valve_Test|FB_Zone_Access_Manager|FB_Ventilation_System_Manager|FB_Water_Leakage_Manager|FB_Random_Generator|FB_Scenario_Manager|FB_Scenario_Transition_Controller|FB_Boiler_Cascade_Controller|FB_Security_Alarm|FB_Security_System|FB_Security_System_Manager|FB_FloorHeating_Controller|FB_DHW_Manager|FB_Presence_Playback|FB_Presence_Simulator|FB_Lighting_Blinds_Manager|FB_Maintenance_Access|FB_Manifold_Mixing_Valve_Controller|FB_Sensor_Calibration_Processor|FB_Sensor_Distribution|FB_Simulation_Manager|FB_Smoke_Detector|FB_SMS_Notification|FB_State_Manager|FB_State_Snapshot_Manager|FB_State_Snapshot_NVRAM|FB_Supply_Ventilation_Controller|FB_Trend_Analyzer|FB_Access_Control
./repo_logs/nvram/2026_04_16/step_16_nvram_runtime_flow.log:56:./steps/MASTER_PIPELINE/001_universal_methods_v1.log:108:OLD_POU_WINDOW_NAMES=PRG_PLC_A|PRG_PLC_B|FB_Access_Control|FB_AccessCode_Manager|FB_Astro_Timer|FB_BlackBox_Recorder|FB_Boiler_Cascade_Controller|FB_Boiler_Cascade_Manager|FB_Calibration_Manager|FB_CO_Detector|FB_CRC32_Calculator|FB_Debug_Logger|FB_Device_Predictive_Diag|FB_DHW_Manager|FB_Emergency_Valve_Open|FB_Exhaust_Ventilation_Controller|FB_Flood_Detector|FB_FloorHeating_Controller|FB_FloorHeating_Freeze_Protection|FB_FloorHeating_Overheat_Protection|FB_Gas_Methane_Detector|FB_Gas_Smoke_Manager|FB_Gas_Valve_Controller|FB_Gateway_Interface|FB_Heating_System_Manager|FB_History_Manager|FB_Lifetime_Predictor|FB_Lighting_Blinds_Manager|FB_Maintenance_Access|FB_Manifold_Mixing_Valve_Controller|FB_Manifold_Pump_Controller|FB_Manual_Valve_Control|FB_NVRAM_Manager|FB_Outdoor_Lighting_Controller|FB_PID_Controller|FB_PLC_Heartbeat|FB_Pre_Departure_Heating|FB_Presence_Playback|FB_Presence_Simulator|FB_Random_Generator|FB_Scenario_Manager|FB_Scenario_Transition_Controller|FB_Security_Alarm|FB_Security_System|FB_Security_System_Manager|FB_Sensor_Calibration_Processor|FB_Sensor_Distribution|FB_Simulation_Manager|FB_Smoke_Detector|FB_SMS_Notification|FB_State_Manager|FB_State_Snapshot_Manager|FB_State_Snapshot_NVRAM|FB_Supply_Ventilation_Controller|FB_Trend_Analyzer|FB_TwoFactor_Auth|FB_User_Rule_Engine|FB_Valve_Test|FB_Ventilation_System_Manager|FB_Water_Leakage_Manager|FB_Water_Valve_Controller|FB_Zone_Access_Manager|PRG_Main
./repo_logs/nvram/2026_04_16/step_16_nvram_runtime_flow.log:57:./steps/MASTER_PIPELINE/001_universal_methods_v1.log:109:OLD_POUS_TREE_NAMES=FB_Lifetime_Predictor|FB_Gas_Valve_Controller|FB_TwoFactor_Auth|FB_Manual_Valve_Control|FB_Boiler_Cascade_Manager|FB_CRC32_Calculator|FB_Emergency_Valve_Open|FB_AccessCode_Manager|FB_Manifold_Pump_Controller|FB_Debug_Logger|FB_Astro_Timer|FB_BlackBox_Recorder|FB_PLC_Heartbeat|FB_User_Rule_Engine|FB_Water_Valve_Controller|FB_FloorHeating_Freeze_Protection|FB_Gateway_Interface|FB_Heating_System_Manager|FB_History_Manager|FB_Calibration_Manager|FB_CO_Detector|FB_FloorHeating_Overheat_Protection|FB_Gas_Methane_Detector|FB_Gas_Smoke_Manager|FB_Device_Predictive_Diag|FB_PID_Controller|FB_NVRAM_Manager|FB_Outdoor_Lighting_Controller|FB_Pre_Departure_Heating|FB_Exhaust_Ventilation_Controller|FB_Flood_Detector|FB_Valve_Test|FB_Zone_Access_Manager|FB_Ventilation_System_Manager|FB_Water_Leakage_Manager|FB_Random_Generator|FB_Scenario_Manager|FB_Scenario_Transition_Controller|FB_Boiler_Cascade_Controller|FB_Security_Alarm|FB_Security_System|FB_Security_System_Manager|FB_FloorHeating_Controller|FB_DHW_Manager|FB_Presence_Playback|FB_Presence_Simulator|FB_Lighting_Blinds_Manager|FB_Maintenance_Access|FB_Manifold_Mixing_Valve_Controller|FB_Sensor_Calibration_Processor|FB_Sensor_Distribution|FB_Simulation_Manager|FB_Smoke_Detector|FB_SMS_Notification|FB_State_Manager|FB_State_Snapshot_Manager|FB_State_Snapshot_NVRAM|FB_Supply_Ventilation_Controller|FB_Trend_Analyzer|FB_Access_Control
./repo_logs/nvram/2026_04_16/step_16_nvram_runtime_flow.log:65:./steps/MASTER_PIPELINE/001_universal.log:49:OLD_POU_WINDOW_NAMES=PRG_PLC_A|PRG_PLC_B|FB_Access_Control|FB_AccessCode_Manager|FB_Astro_Timer|FB_BlackBox_Recorder|FB_Boiler_Cascade_Controller|FB_Boiler_Cascade_Manager|FB_Calibration_Manager|FB_CO_Detector|FB_CRC32_Calculator|FB_Debug_Logger|FB_Device_Predictive_Diag|FB_DHW_Manager|FB_Emergency_Valve_Open|FB_Exhaust_Ventilation_Controller|FB_Flood_Detector|FB_FloorHeating_Controller|FB_FloorHeating_Freeze_Protection|FB_FloorHeating_Overheat_Protection|FB_Gas_Methane_Detector|FB_Gas_Smoke_Manager|FB_Gas_Valve_Controller|FB_Gateway_Interface|FB_Heating_System_Manager|FB_History_Manager|FB_Lifetime_Predictor|FB_Lighting_Blinds_Manager|FB_Maintenance_Access|FB_Manifold_Mixing_Valve_Controller|FB_Manifold_Pump_Controller|FB_Manual_Valve_Control|FB_NVRAM_Manager|FB_Outdoor_Lighting_Controller|FB_PID_Controller|FB_PLC_Heartbeat|FB_Pre_Departure_Heating|FB_Presence_Playback|FB_Presence_Simulator|FB_Random_Generator|FB_Scenario_Manager|FB_Scenario_Transition_Controller|FB_Security_Alarm|FB_Security_System|FB_Security_System_Manager|FB_Sensor_Calibration_Processor|FB_Sensor_Distribution|FB_Simulation_Manager|FB_Smoke_Detector|FB_SMS_Notification|FB_State_Manager|FB_State_Snapshot_Manager|FB_State_Snapshot_NVRAM|FB_Supply_Ventilation_Controller|FB_Trend_Analyzer|FB_TwoFactor_Auth|FB_User_Rule_Engine|FB_Valve_Test|FB_Ventilation_System_Manager|FB_Water_Leakage_Manager|FB_Water_Valve_Controller|FB_Zone_Access_Manager|PRG_Main
./repo_logs/nvram/2026_04_16/step_16_nvram_runtime_flow.log:172:./steps/MASTER_PIPELINE/001_universal_pou_builder.log:49:OLD_POU_WINDOW_NAMES=PRG_PLC_A|PRG_PLC_B|FB_Access_Control|FB_AccessCode_Manager|FB_Astro_Timer|FB_BlackBox_Recorder|FB_Boiler_Cascade_Controller|FB_Boiler_Cascade_Manager|FB_Calibration_Manager|FB_CO_Detector|FB_CRC32_Calculator|FB_Debug_Logger|FB_Device_Predictive_Diag|FB_DHW_Manager|FB_Emergency_Valve_Open|FB_Exhaust_Ventilation_Controller|FB_Flood_Detector|FB_FloorHeating_Controller|FB_FloorHeating_Freeze_Protection|FB_FloorHeating_Overheat_Protection|FB_Gas_Methane_Detector|FB_Gas_Smoke_Manager|FB_Gas_Valve_Controller|FB_Gateway_Interface|FB_Heating_System_Manager|FB_History_Manager|FB_Lifetime_Predictor|FB_Lighting_Blinds_Manager|FB_Maintenance_Access|FB_Manifold_Mixing_Valve_Controller|FB_Manifold_Pump_Controller|FB_Manual_Valve_Control|FB_NVRAM_Manager|FB_Outdoor_Lighting_Controller|FB_PID_Controller|FB_PLC_Heartbeat|FB_Pre_Departure_Heating|FB_Presence_Playback|FB_Presence_Simulator|FB_Random_Generator|FB_Scenario_Manager|FB_Scenario_Transition_Controller|FB_Security_Alarm|FB_Security_System|FB_Security_System_Manager|FB_Sensor_Calibration_Processor|FB_Sensor_Distribution|FB_Simulation_Manager|FB_Smoke_Detector|FB_SMS_Notification|FB_State_Manager|FB_State_Snapshot_Manager|FB_State_Snapshot_NVRAM|FB_Supply_Ventilation_Controller|FB_Trend_Analyzer|FB_TwoFactor_Auth|FB_User_Rule_Engine|FB_Valve_Test|FB_Ventilation_System_Manager|FB_Water_Leakage_Manager|FB_Water_Valve_Controller|FB_Zone_Access_Manager|PRG_Main
./repo_logs/nvram/2026_04_16/step_16_nvram_runtime_flow.log:178:./steps/MASTER_PIPELINE/001_universal_v2.log:108:OLD_POU_WINDOW_NAMES=PRG_PLC_A|PRG_PLC_B|FB_Access_Control|FB_AccessCode_Manager|FB_Astro_Timer|FB_BlackBox_Recorder|FB_Boiler_Cascade_Controller|FB_Boiler_Cascade_Manager|FB_Calibration_Manager|FB_CO_Detector|FB_CRC32_Calculator|FB_Debug_Logger|FB_Device_Predictive_Diag|FB_DHW_Manager|FB_Emergency_Valve_Open|FB_Exhaust_Ventilation_Controller|FB_Flood_Detector|FB_FloorHeating_Controller|FB_FloorHeating_Freeze_Protection|FB_FloorHeating_Overheat_Protection|FB_Gas_Methane_Detector|FB_Gas_Smoke_Manager|FB_Gas_Valve_Controller|FB_Gateway_Interface|FB_Heating_System_Manager|FB_History_Manager|FB_Lifetime_Predictor|FB_Lighting_Blinds_Manager|FB_Maintenance_Access|FB_Manifold_Mixing_Valve_Controller|FB_Manifold_Pump_Controller|FB_Manual_Valve_Control|FB_NVRAM_Manager|FB_Outdoor_Lighting_Controller|FB_PID_Controller|FB_PLC_Heartbeat|FB_Pre_Departure_Heating|FB_Presence_Playback|FB_Presence_Simulator|FB_Random_Generator|FB_Scenario_Manager|FB_Scenario_Transition_Controller|FB_Security_Alarm|FB_Security_System|FB_Security_System_Manager|FB_Sensor_Calibration_Processor|FB_Sensor_Distribution|FB_Simulation_Manager|FB_Smoke_Detector|FB_SMS_Notification|FB_State_Manager|FB_State_Snapshot_Manager|FB_State_Snapshot_NVRAM|FB_Supply_Ventilation_Controller|FB_Trend_Analyzer|FB_TwoFactor_Auth|FB_User_Rule_Engine|FB_Valve_Test|FB_Ventilation_System_Manager|FB_Water_Leakage_Manager|FB_Water_Valve_Controller|FB_Zone_Access_Manager|PRG_Main
./repo_logs/nvram/2026_04_16/step_16_nvram_runtime_flow.log:179:./steps/MASTER_PIPELINE/001_universal_v2.log:109:OLD_POUS_TREE_NAMES=FB_Lifetime_Predictor|FB_Gas_Valve_Controller|FB_TwoFactor_Auth|FB_Manual_Valve_Control|FB_Boiler_Cascade_Manager|FB_CRC32_Calculator|FB_Emergency_Valve_Open|FB_AccessCode_Manager|FB_Manifold_Pump_Controller|FB_Debug_Logger|FB_Astro_Timer|FB_BlackBox_Recorder|FB_PLC_Heartbeat|FB_User_Rule_Engine|FB_Water_Valve_Controller|FB_FloorHeating_Freeze_Protection|FB_Gateway_Interface|FB_Heating_System_Manager|FB_History_Manager|FB_Calibration_Manager|FB_CO_Detector|FB_FloorHeating_Overheat_Protection|FB_Gas_Methane_Detector|FB_Gas_Smoke_Manager|FB_Device_Predictive_Diag|FB_PID_Controller|FB_NVRAM_Manager|FB_Outdoor_Lighting_Controller|FB_Pre_Departure_Heating|FB_Exhaust_Ventilation_Controller|FB_Flood_Detector|FB_Valve_Test|FB_Zone_Access_Manager|FB_Ventilation_System_Manager|FB_Water_Leakage_Manager|FB_Random_Generator|FB_Scenario_Manager|FB_Scenario_Transition_Controller|FB_Boiler_Cascade_Controller|FB_Security_Alarm|FB_Security_System|FB_Security_System_Manager|FB_FloorHeating_Controller|FB_DHW_Manager|FB_Presence_Playback|FB_Presence_Simulator|FB_Lighting_Blinds_Manager|FB_Maintenance_Access|FB_Manifold_Mixing_Valve_Controller|FB_Sensor_Calibration_Processor|FB_Sensor_Distribution|FB_Simulation_Manager|FB_Smoke_Detector|FB_SMS_Notification|FB_State_Manager|FB_State_Snapshot_Manager|FB_State_Snapshot_NVRAM|FB_Supply_Ventilation_Controller|FB_Trend_Analyzer|FB_Access_Control
./repo_logs/nvram/2026_04_16/step_16_nvram_runtime_flow.log:186:./steps/MASTER_PIPELINE/001_universal_methods_v1.log:108:OLD_POU_WINDOW_NAMES=PRG_PLC_A|PRG_PLC_B|FB_Access_Control|FB_AccessCode_Manager|FB_Astro_Timer|FB_BlackBox_Recorder|FB_Boiler_Cascade_Controller|FB_Boiler_Cascade_Manager|FB_Calibration_Manager|FB_CO_Detector|FB_CRC32_Calculator|FB_Debug_Logger|FB_Device_Predictive_Diag|FB_DHW_Manager|FB_Emergency_Valve_Open|FB_Exhaust_Ventilation_Controller|FB_Flood_Detector|FB_FloorHeating_Controller|FB_FloorHeating_Freeze_Protection|FB_FloorHeating_Overheat_Protection|FB_Gas_Methane_Detector|FB_Gas_Smoke_Manager|FB_Gas_Valve_Controller|FB_Gateway_Interface|FB_Heating_System_Manager|FB_History_Manager|FB_Lifetime_Predictor|FB_Lighting_Blinds_Manager|FB_Maintenance_Access|FB_Manifold_Mixing_Valve_Controller|FB_Manifold_Pump_Controller|FB_Manual_Valve_Control|FB_NVRAM_Manager|FB_Outdoor_Lighting_Controller|FB_PID_Controller|FB_PLC_Heartbeat|FB_Pre_Departure_Heating|FB_Presence_Playback|FB_Presence_Simulator|FB_Random_Generator|FB_Scenario_Manager|FB_Scenario_Transition_Controller|FB_Security_Alarm|FB_Security_System|FB_Security_System_Manager|FB_Sensor_Calibration_Processor|FB_Sensor_Distribution|FB_Simulation_Manager|FB_Smoke_Detector|FB_SMS_Notification|FB_State_Manager|FB_State_Snapshot_Manager|FB_State_Snapshot_NVRAM|FB_Supply_Ventilation_Controller|FB_Trend_Analyzer|FB_TwoFactor_Auth|FB_User_Rule_Engine|FB_Valve_Test|FB_Ventilation_System_Manager|FB_Water_Leakage_Manager|FB_Water_Valve_Controller|FB_Zone_Access_Manager|PRG_Main
./repo_logs/nvram/2026_04_16/step_16_nvram_runtime_flow.log:187:./steps/MASTER_PIPELINE/001_universal_methods_v1.log:109:OLD_POUS_TREE_NAMES=FB_Lifetime_Predictor|FB_Gas_Valve_Controller|FB_TwoFactor_Auth|FB_Manual_Valve_Control|FB_Boiler_Cascade_Manager|FB_CRC32_Calculator|FB_Emergency_Valve_Open|FB_AccessCode_Manager|FB_Manifold_Pump_Controller|FB_Debug_Logger|FB_Astro_Timer|FB_BlackBox_Recorder|FB_PLC_Heartbeat|FB_User_Rule_Engine|FB_Water_Valve_Controller|FB_FloorHeating_Freeze_Protection|FB_Gateway_Interface|FB_Heating_System_Manager|FB_History_Manager|FB_Calibration_Manager|FB_CO_Detector|FB_FloorHeating_Overheat_Protection|FB_Gas_Methane_Detector|FB_Gas_Smoke_Manager|FB_Device_Predictive_Diag|FB_PID_Controller|FB_NVRAM_Manager|FB_Outdoor_Lighting_Controller|FB_Pre_Departure_Heating|FB_Exhaust_Ventilation_Controller|FB_Flood_Detector|FB_Valve_Test|FB_Zone_Access_Manager|FB_Ventilation_System_Manager|FB_Water_Leakage_Manager|FB_Random_Generator|FB_Scenario_Manager|FB_Scenario_Transition_Controller|FB_Boiler_Cascade_Controller|FB_Security_Alarm|FB_Security_System|FB_Security_System_Manager|FB_FloorHeating_Controller|FB_DHW_Manager|FB_Presence_Playback|FB_Presence_Simulator|FB_Lighting_Blinds_Manager|FB_Maintenance_Access|FB_Manifold_Mixing_Valve_Controller|FB_Sensor_Calibration_Processor|FB_Sensor_Distribution|FB_Simulation_Manager|FB_Smoke_Detector|FB_SMS_Notification|FB_State_Manager|FB_State_Snapshot_Manager|FB_State_Snapshot_NVRAM|FB_Supply_Ventilation_Controller|FB_Trend_Analyzer|FB_Access_Control
./repo_logs/nvram/2026_04_16/step_16_nvram_runtime_flow.log:188:./steps/MASTER_PIPELINE/001_universal.log:49:OLD_POU_WINDOW_NAMES=PRG_PLC_A|PRG_PLC_B|FB_Access_Control|FB_AccessCode_Manager|FB_Astro_Timer|FB_BlackBox_Recorder|FB_Boiler_Cascade_Controller|FB_Boiler_Cascade_Manager|FB_Calibration_Manager|FB_CO_Detector|FB_CRC32_Calculator|FB_Debug_Logger|FB_Device_Predictive_Diag|FB_DHW_Manager|FB_Emergency_Valve_Open|FB_Exhaust_Ventilation_Controller|FB_Flood_Detector|FB_FloorHeating_Controller|FB_FloorHeating_Freeze_Protection|FB_FloorHeating_Overheat_Protection|FB_Gas_Methane_Detector|FB_Gas_Smoke_Manager|FB_Gas_Valve_Controller|FB_Gateway_Interface|FB_Heating_System_Manager|FB_History_Manager|FB_Lifetime_Predictor|FB_Lighting_Blinds_Manager|FB_Maintenance_Access|FB_Manifold_Mixing_Valve_Controller|FB_Manifold_Pump_Controller|FB_Manual_Valve_Control|FB_NVRAM_Manager|FB_Outdoor_Lighting_Controller|FB_PID_Controller|FB_PLC_Heartbeat|FB_Pre_Departure_Heating|FB_Presence_Playback|FB_Presence_Simulator|FB_Random_Generator|FB_Scenario_Manager|FB_Scenario_Transition_Controller|FB_Security_Alarm|FB_Security_System|FB_Security_System_Manager|FB_Sensor_Calibration_Processor|FB_Sensor_Distribution|FB_Simulation_Manager|FB_Smoke_Detector|FB_SMS_Notification|FB_State_Manager|FB_State_Snapshot_Manager|FB_State_Snapshot_NVRAM|FB_Supply_Ventilation_Controller|FB_Trend_Analyzer|FB_TwoFactor_Auth|FB_User_Rule_Engine|FB_Valve_Test|FB_Ventilation_System_Manager|FB_Water_Leakage_Manager|FB_Water_Valve_Controller|FB_Zone_Access_Manager|PRG_Main
./repo_logs/nvram/2026_04_16/step_16_nvram_runtime_flow.log:475:./workspace/export_forensics/sandbox/XML_BULK_SYNC_REPORT_FINAL.txt:22:FB_Gateway_Interface	ALREADY_SYNCED	FB_Gateway_Interface.st
./repo_logs/nvram/2026_04_16/step_16_nvram_runtime_flow.log:714:    fbGateway : FB_Gateway_Interface;
./repo_logs/assistant_bridge/2026_04_16/step_02_nvram_topology/nvram_topology.log:504:    fbGateway : FB_Gateway_Interface;
grep: ./repo_logs/assistant_bridge/2026_04_16/step_36_gateway_interface_audit_fixed/gateway_interface_audit_fixed.log: input file is also the output
./repo_logs/assistant_bridge/2026_04_16/step_01_repo_baseline/baseline.log:81:./FB_Gateway_Interface.st
./repo_logs/assistant_bridge/2026_04_16/step_01_repo_baseline/baseline.log:353:snapshots/project_clean_state_2026_04_16/FB_Gateway_Interface.st
./repo_logs/assistant_bridge/2026_04_16/step_36_gateway_interface_audit/gateway_interface_audit.log:548:./FB_Gateway_Interface.st:267:        E_Gateway_Command_Type.CMD_SET_SCENARIO: // Управление сценариями
./repo_logs/assistant_bridge/2026_04_16/step_36_gateway_interface_audit/gateway_interface_audit.log:549:./FB_Gateway_Interface.st:271:        E_Gateway_Command_Type.CMD_SET_LIGHT: // Управление освещением
./repo_logs/assistant_bridge/2026_04_16/step_36_gateway_interface_audit/gateway_interface_audit.log:550:./FB_Gateway_Interface.st:276:        E_Gateway_Command_Type.CMD_SET_BLINDS: // Управление шторами
./repo_logs/assistant_bridge/2026_04_16/step_36_gateway_interface_audit/gateway_interface_audit.log:551:./FB_Gateway_Interface.st:281:        E_Gateway_Command_Type.CMD_SET_SOCKET: // Розетки
./repo_logs/assistant_bridge/2026_04_16/step_36_gateway_interface_audit/gateway_interface_audit.log:552:./FB_Gateway_Interface.st:286:        E_Gateway_Command_Type.CMD_SET_SECURITY: // Охрана
./repo_logs/assistant_bridge/2026_04_16/step_36_gateway_interface_audit/gateway_interface_audit.log:553:./FB_Gateway_Interface.st:295:        E_Gateway_Command_Type.CMD_SET_TEMP: // Управление температурой
./repo_logs/assistant_bridge/2026_04_16/step_36_gateway_interface_audit/gateway_interface_audit.log:554:./FB_Gateway_Interface.st:302:        E_Gateway_Command_Type.CMD_SET_VENT: // Управление вентиляцией
./repo_logs/assistant_bridge/2026_04_16/step_36_gateway_interface_audit/gateway_interface_audit.log:555:./FB_Gateway_Interface.st:307:        E_Gateway_Command_Type.CMD_TELEGRAM_MSG: // Отправка сообщения в Telegram
./repo_logs/assistant_bridge/2026_04_16/step_36_gateway_interface_audit/gateway_interface_audit.log:913:./snapshots/project_clean_state_2026_04_16/FB_Gateway_Interface.st:267:        E_Gateway_Command_Type.CMD_SET_SCENARIO: // Управление сценариями
./repo_logs/assistant_bridge/2026_04_16/step_36_gateway_interface_audit/gateway_interface_audit.log:914:./snapshots/project_clean_state_2026_04_16/FB_Gateway_Interface.st:271:        E_Gateway_Command_Type.CMD_SET_LIGHT: // Управление освещением
./repo_logs/assistant_bridge/2026_04_16/step_36_gateway_interface_audit/gateway_interface_audit.log:915:./snapshots/project_clean_state_2026_04_16/FB_Gateway_Interface.st:276:        E_Gateway_Command_Type.CMD_SET_BLINDS: // Управление шторами
./repo_logs/assistant_bridge/2026_04_16/step_36_gateway_interface_audit/gateway_interface_audit.log:916:./snapshots/project_clean_state_2026_04_16/FB_Gateway_Interface.st:281:        E_Gateway_Command_Type.CMD_SET_SOCKET: // Розетки
./repo_logs/assistant_bridge/2026_04_16/step_36_gateway_interface_audit/gateway_interface_audit.log:917:./snapshots/project_clean_state_2026_04_16/FB_Gateway_Interface.st:286:        E_Gateway_Command_Type.CMD_SET_SECURITY: // Охрана
./repo_logs/assistant_bridge/2026_04_16/step_36_gateway_interface_audit/gateway_interface_audit.log:918:./snapshots/project_clean_state_2026_04_16/FB_Gateway_Interface.st:295:        E_Gateway_Command_Type.CMD_SET_TEMP: // Управление температурой
./repo_logs/assistant_bridge/2026_04_16/step_36_gateway_interface_audit/gateway_interface_audit.log:919:./snapshots/project_clean_state_2026_04_16/FB_Gateway_Interface.st:302:        E_Gateway_Command_Type.CMD_SET_VENT: // Управление вентиляцией
./repo_logs/assistant_bridge/2026_04_16/step_36_gateway_interface_audit/gateway_interface_audit.log:920:./snapshots/project_clean_state_2026_04_16/FB_Gateway_Interface.st:307:        E_Gateway_Command_Type.CMD_TELEGRAM_MSG: // Отправка сообщения в Telegram
./repo_logs/assistant_bridge/2026_04_16/step_36_gateway_interface_audit/gateway_interface_audit.log:1248:./steps/MASTER_PIPELINE/005_RESULT.xml:3929:<pou name="FB_Gateway_Interface" pouType="functionBlock">
./repo_logs/assistant_bridge/2026_04_16/step_36_gateway_interface_audit/gateway_interface_audit.log:1249:./steps/MASTER_PIPELINE/005_RESULT.xml:4513:// &gt;&gt;&gt; BULK_SYNC_ANCHOR: FB_Gateway_Interface &lt;&lt;&lt;</xhtml>
./repo_logs/assistant_bridge/2026_04_16/step_36_gateway_interface_audit/gateway_interface_audit.log:1250:./steps/MASTER_PIPELINE/005_RESULT.xml:9228:                <derived name="FB_Gateway_Interface" />
./repo_logs/assistant_bridge/2026_04_16/step_36_gateway_interface_audit/gateway_interface_audit.log:1251:./steps/MASTER_PIPELINE/005_RESULT.xml:10720:                <derived name="FB_Gateway_Interface" />
./repo_logs/assistant_bridge/2026_04_16/step_36_gateway_interface_audit/gateway_interface_audit.log:1252:./steps/MASTER_PIPELINE/005_RESULT.xml:12786:          <Object Name="FB_Gateway_Interface" />
./repo_logs/assistant_bridge/2026_04_16/step_36_gateway_interface_audit/gateway_interface_audit.log:1253:./steps/MASTER_PIPELINE/001_universal_pou_builder.log:14:POU=FB_Gateway_Interface XML_NAME=FB_Gateway_Interface TYPE=functionBlock TREE=pous VARS=67 OBJECT_ID=0ad81c58-3bb7-4e6b-9ebb-1edbf7dbe44a WARN=VAR: unparsed lines=1
./repo_logs/assistant_bridge/2026_04_16/step_36_gateway_interface_audit/gateway_interface_audit.log:1254:./steps/MASTER_PIPELINE/001_universal_pou_builder.log:49:OLD_POU_WINDOW_NAMES=PRG_PLC_A|PRG_PLC_B|FB_Access_Control|FB_AccessCode_Manager|FB_Astro_Timer|FB_BlackBox_Recorder|FB_Boiler_Cascade_Controller|FB_Boiler_Cascade_Manager|FB_Calibration_Manager|FB_CO_Detector|FB_CRC32_Calculator|FB_Debug_Logger|FB_Device_Predictive_Diag|FB_DHW_Manager|FB_Emergency_Valve_Open|FB_Exhaust_Ventilation_Controller|FB_Flood_Detector|FB_FloorHeating_Controller|FB_FloorHeating_Freeze_Protection|FB_FloorHeating_Overheat_Protection|FB_Gas_Methane_Detector|FB_Gas_Smoke_Manager|FB_Gas_Valve_Controller|FB_Gateway_Interface|FB_Heating_System_Manager|FB_History_Manager|FB_Lifetime_Predictor|FB_Lighting_Blinds_Manager|FB_Maintenance_Access|FB_Manifold_Mixing_Valve_Controller|FB_Manifold_Pump_Controller|FB_Manual_Valve_Control|FB_NVRAM_Manager|FB_Outdoor_Lighting_Controller|FB_PID_Controller|FB_PLC_Heartbeat|FB_Pre_Departure_Heating|FB_Presence_Playback|FB_Presence_Simulator|FB_Random_Generator|FB_Scenario_Manager|FB_Scenario_Transition_Controller|FB_Security_Alarm|FB_Security_System|FB_Security_System_Manager|FB_Sensor_Calibration_Processor|FB_Sensor_Distribution|FB_Simulation_Manager|FB_Smoke_Detector|FB_SMS_Notification|FB_State_Manager|FB_State_Snapshot_Manager|FB_State_Snapshot_NVRAM|FB_Supply_Ventilation_Controller|FB_Trend_Analyzer|FB_TwoFactor_Auth|FB_User_Rule_Engine|FB_Valve_Test|FB_Ventilation_System_Manager|FB_Water_Leakage_Manager|FB_Water_Valve_Controller|FB_Zone_Access_Manager|PRG_Main
./repo_logs/assistant_bridge/2026_04_16/step_36_gateway_interface_audit/gateway_interface_audit.log:1255:./steps/MASTER_PIPELINE/æ¿ßΓÑ¼á π¼¡«ú« ñ«¼á.xml:5182:      <pou name="FB_Gateway_Interface" pouType="functionBlock">
./repo_logs/assistant_bridge/2026_04_16/step_36_gateway_interface_audit/gateway_interface_audit.log:1256:./steps/MASTER_PIPELINE/æ¿ßΓÑ¼á π¼¡«ú« ñ«¼á.xml:10500:                <derived name="FB_Gateway_Interface" />
./repo_logs/assistant_bridge/2026_04_16/step_36_gateway_interface_audit/gateway_interface_audit.log:1257:./steps/MASTER_PIPELINE/æ¿ßΓÑ¼á π¼¡«ú« ñ«¼á.xml:12130:          <Object Name="FB_Gateway_Interface" ObjectId="8ff42a0e-a7c6-44f9-829e-53e627090381" />
./repo_logs/assistant_bridge/2026_04_16/step_36_gateway_interface_audit/gateway_interface_audit.log:1258:./steps/MASTER_PIPELINE/001_universal_v2.log:36:POU=FB_Gateway_Interface XML_NAME=FB_Gateway_Interface TYPE=functionBlock TREE=pous VARS=67 OBJECT_ID=f017a2cc-8244-4289-b9e5-269c38e51cdc WARN=VAR: unparsed lines=1
./repo_logs/assistant_bridge/2026_04_16/step_36_gateway_interface_audit/gateway_interface_audit.log:1259:./steps/MASTER_PIPELINE/001_universal_v2.log:108:OLD_POU_WINDOW_NAMES=PRG_PLC_A|PRG_PLC_B|FB_Access_Control|FB_AccessCode_Manager|FB_Astro_Timer|FB_BlackBox_Recorder|FB_Boiler_Cascade_Controller|FB_Boiler_Cascade_Manager|FB_Calibration_Manager|FB_CO_Detector|FB_CRC32_Calculator|FB_Debug_Logger|FB_Device_Predictive_Diag|FB_DHW_Manager|FB_Emergency_Valve_Open|FB_Exhaust_Ventilation_Controller|FB_Flood_Detector|FB_FloorHeating_Controller|FB_FloorHeating_Freeze_Protection|FB_FloorHeating_Overheat_Protection|FB_Gas_Methane_Detector|FB_Gas_Smoke_Manager|FB_Gas_Valve_Controller|FB_Gateway_Interface|FB_Heating_System_Manager|FB_History_Manager|FB_Lifetime_Predictor|FB_Lighting_Blinds_Manager|FB_Maintenance_Access|FB_Manifold_Mixing_Valve_Controller|FB_Manifold_Pump_Controller|FB_Manual_Valve_Control|FB_NVRAM_Manager|FB_Outdoor_Lighting_Controller|FB_PID_Controller|FB_PLC_Heartbeat|FB_Pre_Departure_Heating|FB_Presence_Playback|FB_Presence_Simulator|FB_Random_Generator|FB_Scenario_Manager|FB_Scenario_Transition_Controller|FB_Security_Alarm|FB_Security_System|FB_Security_System_Manager|FB_Sensor_Calibration_Processor|FB_Sensor_Distribution|FB_Simulation_Manager|FB_Smoke_Detector|FB_SMS_Notification|FB_State_Manager|FB_State_Snapshot_Manager|FB_State_Snapshot_NVRAM|FB_Supply_Ventilation_Controller|FB_Trend_Analyzer|FB_TwoFactor_Auth|FB_User_Rule_Engine|FB_Valve_Test|FB_Ventilation_System_Manager|FB_Water_Leakage_Manager|FB_Water_Valve_Controller|FB_Zone_Access_Manager|PRG_Main
./repo_logs/assistant_bridge/2026_04_16/step_36_gateway_interface_audit/gateway_interface_audit.log:1260:./steps/MASTER_PIPELINE/001_universal_v2.log:109:OLD_POUS_TREE_NAMES=FB_Lifetime_Predictor|FB_Gas_Valve_Controller|FB_TwoFactor_Auth|FB_Manual_Valve_Control|FB_Boiler_Cascade_Manager|FB_CRC32_Calculator|FB_Emergency_Valve_Open|FB_AccessCode_Manager|FB_Manifold_Pump_Controller|FB_Debug_Logger|FB_Astro_Timer|FB_BlackBox_Recorder|FB_PLC_Heartbeat|FB_User_Rule_Engine|FB_Water_Valve_Controller|FB_FloorHeating_Freeze_Protection|FB_Gateway_Interface|FB_Heating_System_Manager|FB_History_Manager|FB_Calibration_Manager|FB_CO_Detector|FB_FloorHeating_Overheat_Protection|FB_Gas_Methane_Detector|FB_Gas_Smoke_Manager|FB_Device_Predictive_Diag|FB_PID_Controller|FB_NVRAM_Manager|FB_Outdoor_Lighting_Controller|FB_Pre_Departure_Heating|FB_Exhaust_Ventilation_Controller|FB_Flood_Detector|FB_Valve_Test|FB_Zone_Access_Manager|FB_Ventilation_System_Manager|FB_Water_Leakage_Manager|FB_Random_Generator|FB_Scenario_Manager|FB_Scenario_Transition_Controller|FB_Boiler_Cascade_Controller|FB_Security_Alarm|FB_Security_System|FB_Security_System_Manager|FB_FloorHeating_Controller|FB_DHW_Manager|FB_Presence_Playback|FB_Presence_Simulator|FB_Lighting_Blinds_Manager|FB_Maintenance_Access|FB_Manifold_Mixing_Valve_Controller|FB_Sensor_Calibration_Processor|FB_Sensor_Distribution|FB_Simulation_Manager|FB_Smoke_Detector|FB_SMS_Notification|FB_State_Manager|FB_State_Snapshot_Manager|FB_State_Snapshot_NVRAM|FB_Supply_Ventilation_Controller|FB_Trend_Analyzer|FB_Access_Control
./repo_logs/assistant_bridge/2026_04_16/step_36_gateway_interface_audit/gateway_interface_audit.log:1261:./steps/MASTER_PIPELINE/004_RESULT.xml:7393:      <pou name="FB_Gateway_Interface" pouType="functionBlock">
./repo_logs/assistant_bridge/2026_04_16/step_36_gateway_interface_audit/gateway_interface_audit.log:1262:./steps/MASTER_PIPELINE/004_RESULT.xml:7977:// &gt;&gt;&gt; BULK_SYNC_ANCHOR: FB_Gateway_Interface &lt;&lt;&lt;</xhtml>
./repo_logs/assistant_bridge/2026_04_16/step_36_gateway_interface_audit/gateway_interface_audit.log:1263:./steps/MASTER_PIPELINE/004_RESULT.xml:9518:                <derived name="FB_Gateway_Interface" />
./repo_logs/assistant_bridge/2026_04_16/step_36_gateway_interface_audit/gateway_interface_audit.log:1264:./steps/MASTER_PIPELINE/004_RESULT.xml:11507:          <Object Name="FB_Gateway_Interface" ObjectId="35e75810-5286-4ff7-96c1-3c8befdde0cc" />
./repo_logs/assistant_bridge/2026_04_16/step_36_gateway_interface_audit/gateway_interface_audit.log:1265:./steps/MASTER_PIPELINE/003_GVL_BASELINE_INPUT.xml:5306:<pou name="FB_Gateway_Interface" pouType="functionBlock">
./repo_logs/assistant_bridge/2026_04_16/step_36_gateway_interface_audit/gateway_interface_audit.log:1266:./steps/MASTER_PIPELINE/003_GVL_BASELINE_INPUT.xml:5890:// &gt;&gt;&gt; BULK_SYNC_ANCHOR: FB_Gateway_Interface &lt;&lt;&lt;</xhtml>
./repo_logs/assistant_bridge/2026_04_16/step_36_gateway_interface_audit/gateway_interface_audit.log:1267:./steps/MASTER_PIPELINE/003_GVL_BASELINE_INPUT.xml:10605:                <derived name="FB_Gateway_Interface" />
./repo_logs/assistant_bridge/2026_04_16/step_36_gateway_interface_audit/gateway_interface_audit.log:1268:./steps/MASTER_PIPELINE/003_GVL_BASELINE_INPUT.xml:12217:          <Object Name="FB_Gateway_Interface" />
./repo_logs/assistant_bridge/2026_04_16/step_36_gateway_interface_audit/gateway_interface_audit.log:1269:./steps/MASTER_PIPELINE/out/004_RESULT.xml:7393:      <pou name="FB_Gateway_Interface" pouType="functionBlock">
./repo_logs/assistant_bridge/2026_04_16/step_36_gateway_interface_audit/gateway_interface_audit.log:1270:./steps/MASTER_PIPELINE/out/004_RESULT.xml:7977:// &gt;&gt;&gt; BULK_SYNC_ANCHOR: FB_Gateway_Interface &lt;&lt;&lt;</xhtml>
./repo_logs/assistant_bridge/2026_04_16/step_36_gateway_interface_audit/gateway_interface_audit.log:1271:./steps/MASTER_PIPELINE/out/004_RESULT.xml:9518:                <derived name="FB_Gateway_Interface" />
./repo_logs/assistant_bridge/2026_04_16/step_36_gateway_interface_audit/gateway_interface_audit.log:1272:./steps/MASTER_PIPELINE/out/004_RESULT.xml:11507:          <Object Name="FB_Gateway_Interface" ObjectId="2cc95ee2-fc8a-480e-a1ea-7b7390b8afc3" />
./repo_logs/assistant_bridge/2026_04_16/step_36_gateway_interface_audit/gateway_interface_audit.log:1273:./steps/MASTER_PIPELINE/out/003_RESULT.xml:8770:      <pou name="FB_Gateway_Interface" pouType="functionBlock">
./repo_logs/assistant_bridge/2026_04_16/step_36_gateway_interface_audit/gateway_interface_audit.log:1274:./steps/MASTER_PIPELINE/out/003_RESULT.xml:9354:// &gt;&gt;&gt; BULK_SYNC_ANCHOR: FB_Gateway_Interface &lt;&lt;&lt;</xhtml>
./repo_logs/assistant_bridge/2026_04_16/step_36_gateway_interface_audit/gateway_interface_audit.log:1275:./steps/MASTER_PIPELINE/out/003_RESULT.xml:10895:                <derived name="FB_Gateway_Interface" />
./repo_logs/assistant_bridge/2026_04_16/step_36_gateway_interface_audit/gateway_interface_audit.log:1276:./steps/MASTER_PIPELINE/out/003_RESULT.xml:12920:          <Object Name="FB_Gateway_Interface" ObjectId="7e9cb767-7f9b-479f-809a-1092900fe3b8" />
./repo_logs/assistant_bridge/2026_04_16/step_36_gateway_interface_audit/gateway_interface_audit.log:1277:./steps/MASTER_PIPELINE/002_BASE.xml:7044:      <pou name="FB_Gateway_Interface" pouType="functionBlock">
./repo_logs/assistant_bridge/2026_04_16/step_36_gateway_interface_audit/gateway_interface_audit.log:1278:./steps/MASTER_PIPELINE/002_BASE.xml:7621:// &gt;&gt;&gt; BULK_SYNC_ANCHOR: FB_Gateway_Interface &lt;&lt;&lt;</xhtml>
./repo_logs/assistant_bridge/2026_04_16/step_36_gateway_interface_audit/gateway_interface_audit.log:1279:./steps/MASTER_PIPELINE/002_BASE.xml:16940:                <derived name="FB_Gateway_Interface" />
./repo_logs/assistant_bridge/2026_04_16/step_36_gateway_interface_audit/gateway_interface_audit.log:1280:./steps/MASTER_PIPELINE/002_BASE.xml:19329:          <Object Name="FB_Gateway_Interface" ObjectId="f017a2cc-8244-4289-b9e5-269c38e51cdc" />
./repo_logs/assistant_bridge/2026_04_16/step_36_gateway_interface_audit/gateway_interface_audit.log:1281:./steps/MASTER_PIPELINE/001_universal_methods_v1.log:36:POU=FB_Gateway_Interface XML_NAME=FB_Gateway_Interface TYPE=functionBlock TREE=pous VARS=67 METHODS=0 OBJECT_ID=0f1c9340-ce4e-4a39-b1ae-b40b6a0bb4f7 WARN=VAR: unparsed lines=1
./repo_logs/assistant_bridge/2026_04_16/step_36_gateway_interface_audit/gateway_interface_audit.log:1282:./steps/MASTER_PIPELINE/001_universal_methods_v1.log:108:OLD_POU_WINDOW_NAMES=PRG_PLC_A|PRG_PLC_B|FB_Access_Control|FB_AccessCode_Manager|FB_Astro_Timer|FB_BlackBox_Recorder|FB_Boiler_Cascade_Controller|FB_Boiler_Cascade_Manager|FB_Calibration_Manager|FB_CO_Detector|FB_CRC32_Calculator|FB_Debug_Logger|FB_Device_Predictive_Diag|FB_DHW_Manager|FB_Emergency_Valve_Open|FB_Exhaust_Ventilation_Controller|FB_Flood_Detector|FB_FloorHeating_Controller|FB_FloorHeating_Freeze_Protection|FB_FloorHeating_Overheat_Protection|FB_Gas_Methane_Detector|FB_Gas_Smoke_Manager|FB_Gas_Valve_Controller|FB_Gateway_Interface|FB_Heating_System_Manager|FB_History_Manager|FB_Lifetime_Predictor|FB_Lighting_Blinds_Manager|FB_Maintenance_Access|FB_Manifold_Mixing_Valve_Controller|FB_Manifold_Pump_Controller|FB_Manual_Valve_Control|FB_NVRAM_Manager|FB_Outdoor_Lighting_Controller|FB_PID_Controller|FB_PLC_Heartbeat|FB_Pre_Departure_Heating|FB_Presence_Playback|FB_Presence_Simulator|FB_Random_Generator|FB_Scenario_Manager|FB_Scenario_Transition_Controller|FB_Security_Alarm|FB_Security_System|FB_Security_System_Manager|FB_Sensor_Calibration_Processor|FB_Sensor_Distribution|FB_Simulation_Manager|FB_Smoke_Detector|FB_SMS_Notification|FB_State_Manager|FB_State_Snapshot_Manager|FB_State_Snapshot_NVRAM|FB_Supply_Ventilation_Controller|FB_Trend_Analyzer|FB_TwoFactor_Auth|FB_User_Rule_Engine|FB_Valve_Test|FB_Ventilation_System_Manager|FB_Water_Leakage_Manager|FB_Water_Valve_Controller|FB_Zone_Access_Manager|PRG_Main
./repo_logs/assistant_bridge/2026_04_16/step_36_gateway_interface_audit/gateway_interface_audit.log:1283:./steps/MASTER_PIPELINE/001_universal_methods_v1.log:109:OLD_POUS_TREE_NAMES=FB_Lifetime_Predictor|FB_Gas_Valve_Controller|FB_TwoFactor_Auth|FB_Manual_Valve_Control|FB_Boiler_Cascade_Manager|FB_CRC32_Calculator|FB_Emergency_Valve_Open|FB_AccessCode_Manager|FB_Manifold_Pump_Controller|FB_Debug_Logger|FB_Astro_Timer|FB_BlackBox_Recorder|FB_PLC_Heartbeat|FB_User_Rule_Engine|FB_Water_Valve_Controller|FB_FloorHeating_Freeze_Protection|FB_Gateway_Interface|FB_Heating_System_Manager|FB_History_Manager|FB_Calibration_Manager|FB_CO_Detector|FB_FloorHeating_Overheat_Protection|FB_Gas_Methane_Detector|FB_Gas_Smoke_Manager|FB_Device_Predictive_Diag|FB_PID_Controller|FB_NVRAM_Manager|FB_Outdoor_Lighting_Controller|FB_Pre_Departure_Heating|FB_Exhaust_Ventilation_Controller|FB_Flood_Detector|FB_Valve_Test|FB_Zone_Access_Manager|FB_Ventilation_System_Manager|FB_Water_Leakage_Manager|FB_Random_Generator|FB_Scenario_Manager|FB_Scenario_Transition_Controller|FB_Boiler_Cascade_Controller|FB_Security_Alarm|FB_Security_System|FB_Security_System_Manager|FB_FloorHeating_Controller|FB_DHW_Manager|FB_Presence_Playback|FB_Presence_Simulator|FB_Lighting_Blinds_Manager|FB_Maintenance_Access|FB_Manifold_Mixing_Valve_Controller|FB_Sensor_Calibration_Processor|FB_Sensor_Distribution|FB_Simulation_Manager|FB_Smoke_Detector|FB_SMS_Notification|FB_State_Manager|FB_State_Snapshot_Manager|FB_State_Snapshot_NVRAM|FB_Supply_Ventilation_Controller|FB_Trend_Analyzer|FB_Access_Control
./repo_logs/assistant_bridge/2026_04_16/step_36_gateway_interface_audit/gateway_interface_audit.log:1284:./steps/MASTER_PIPELINE/003_RESULT.xml:8770:      <pou name="FB_Gateway_Interface" pouType="functionBlock">
./repo_logs/assistant_bridge/2026_04_16/step_36_gateway_interface_audit/gateway_interface_audit.log:1285:./steps/MASTER_PIPELINE/003_RESULT.xml:9354:// &gt;&gt;&gt; BULK_SYNC_ANCHOR: FB_Gateway_Interface &lt;&lt;&lt;</xhtml>
./repo_logs/assistant_bridge/2026_04_16/step_36_gateway_interface_audit/gateway_interface_audit.log:1286:./steps/MASTER_PIPELINE/003_RESULT.xml:10895:                <derived name="FB_Gateway_Interface" />
./repo_logs/assistant_bridge/2026_04_16/step_36_gateway_interface_audit/gateway_interface_audit.log:1287:./steps/MASTER_PIPELINE/003_RESULT.xml:12920:          <Object Name="FB_Gateway_Interface" ObjectId="35e75810-5286-4ff7-96c1-3c8befdde0cc" />
./repo_logs/assistant_bridge/2026_04_16/step_36_gateway_interface_audit/gateway_interface_audit.log:1288:./steps/MASTER_PIPELINE/001_universal.log:14:POU=FB_Gateway_Interface XML_NAME=FB_Gateway_Interface TYPE=functionBlock TREE=pous VARS=67 OBJECT_ID=0ad81c58-3bb7-4e6b-9ebb-1edbf7dbe44a WARN=VAR: unparsed lines=1
./repo_logs/assistant_bridge/2026_04_16/step_36_gateway_interface_audit/gateway_interface_audit.log:1289:./steps/MASTER_PIPELINE/001_universal.log:49:OLD_POU_WINDOW_NAMES=PRG_PLC_A|PRG_PLC_B|FB_Access_Control|FB_AccessCode_Manager|FB_Astro_Timer|FB_BlackBox_Recorder|FB_Boiler_Cascade_Controller|FB_Boiler_Cascade_Manager|FB_Calibration_Manager|FB_CO_Detector|FB_CRC32_Calculator|FB_Debug_Logger|FB_Device_Predictive_Diag|FB_DHW_Manager|FB_Emergency_Valve_Open|FB_Exhaust_Ventilation_Controller|FB_Flood_Detector|FB_FloorHeating_Controller|FB_FloorHeating_Freeze_Protection|FB_FloorHeating_Overheat_Protection|FB_Gas_Methane_Detector|FB_Gas_Smoke_Manager|FB_Gas_Valve_Controller|FB_Gateway_Interface|FB_Heating_System_Manager|FB_History_Manager|FB_Lifetime_Predictor|FB_Lighting_Blinds_Manager|FB_Maintenance_Access|FB_Manifold_Mixing_Valve_Controller|FB_Manifold_Pump_Controller|FB_Manual_Valve_Control|FB_NVRAM_Manager|FB_Outdoor_Lighting_Controller|FB_PID_Controller|FB_PLC_Heartbeat|FB_Pre_Departure_Heating|FB_Presence_Playback|FB_Presence_Simulator|FB_Random_Generator|FB_Scenario_Manager|FB_Scenario_Transition_Controller|FB_Security_Alarm|FB_Security_System|FB_Security_System_Manager|FB_Sensor_Calibration_Processor|FB_Sensor_Distribution|FB_Simulation_Manager|FB_Smoke_Detector|FB_SMS_Notification|FB_State_Manager|FB_State_Snapshot_Manager|FB_State_Snapshot_NVRAM|FB_Supply_Ventilation_Controller|FB_Trend_Analyzer|FB_TwoFactor_Auth|FB_User_Rule_Engine|FB_Valve_Test|FB_Ventilation_System_Manager|FB_Water_Leakage_Manager|FB_Water_Valve_Controller|FB_Zone_Access_Manager|PRG_Main
./repo_logs/assistant_bridge/2026_04_16/step_36_gateway_interface_audit/gateway_interface_audit.log:1290:./steps/MASTER_PIPELINE/archive_logs/003_GVL_XML_TEMPLATE_ANALYSIS.log:2902:<pou name="FB_Gateway_Interface" pouType="functionBlock">
./repo_logs/assistant_bridge/2026_04_16/step_36_gateway_interface_audit/gateway_interface_audit.log:1291:./steps/MASTER_PIPELINE/archive_logs/003_GVL_XML_TEMPLATE_ANALYSIS.log:5005:                <derived name="FB_Gateway_Interface" />
./repo_logs/assistant_bridge/2026_04_16/step_36_gateway_interface_audit/gateway_interface_audit.log:1292:./steps/MASTER_PIPELINE/archive_logs/002_build_clean_master_from_fb.log:20:FB=FB_Gateway_Interface VARS=67 WARN=VAR: unparsed lines=1
./repo_logs/assistant_bridge/2026_04_16/step_36_gateway_interface_audit/gateway_interface_audit.log:1293:./steps/MASTER_PIPELINE/archive_logs/002_insert_fb_from_st_and_refresh_projectstructure.log:20:FB=FB_Gateway_Interface VARS=67 WARN=VAR: unparsed lines=1
./repo_logs/assistant_bridge/2026_04_16/step_36_gateway_interface_audit/gateway_interface_audit.log:1294:./steps/MASTER_PIPELINE/archive_logs/002_run_full.log:20:FB=FB_Gateway_Interface VARS=67 WARN=VAR: unparsed lines=1
./repo_logs/assistant_bridge/2026_04_16/step_36_gateway_interface_audit/gateway_interface_audit.log:1295:./steps/MASTER_PIPELINE/001_BASE.xml:5299:      <pou name="FB_Gateway_Interface" pouType="functionBlock">
./repo_logs/assistant_bridge/2026_04_16/step_36_gateway_interface_audit/gateway_interface_audit.log:1296:./steps/MASTER_PIPELINE/001_BASE.xml:5883:// &gt;&gt;&gt; BULK_SYNC_ANCHOR: FB_Gateway_Interface &lt;&lt;&lt;</xhtml>
./repo_logs/assistant_bridge/2026_04_16/step_36_gateway_interface_audit/gateway_interface_audit.log:1297:./steps/MASTER_PIPELINE/001_BASE.xml:11687:                <derived name="FB_Gateway_Interface" />
./repo_logs/assistant_bridge/2026_04_16/step_36_gateway_interface_audit/gateway_interface_audit.log:1298:./Система умного дома.xml:5182:      <pou name="FB_Gateway_Interface" pouType="functionBlock">
./repo_logs/assistant_bridge/2026_04_16/step_36_gateway_interface_audit/gateway_interface_audit.log:1299:./Система умного дома.xml:10500:                <derived name="FB_Gateway_Interface" />
./repo_logs/assistant_bridge/2026_04_16/step_36_gateway_interface_audit/gateway_interface_audit.log:1300:./Система умного дома.xml:12130:          <Object Name="FB_Gateway_Interface" ObjectId="8ff42a0e-a7c6-44f9-829e-53e627090381" />
./repo_logs/assistant_bridge/2026_04_16/step_36_gateway_interface_audit/gateway_interface_audit.log:1301:./diagnostics/2026_04_16/step_10_git_commit_failure_debug.log:85:./FB_Gateway_Interface.st
./repo_logs/assistant_bridge/2026_04_16/step_36_gateway_interface_audit/gateway_interface_audit.log:1302:./diagnostics/2026_04_16/step_08_flatten_unpacked_root.log:65:./FB_Gateway_Interface.st
./repo_logs/assistant_bridge/2026_04_16/step_36_gateway_interface_audit/gateway_interface_audit.log:1303:./diagnostics/2026_04_16/step_13_full_project_snapshot.log:63:snapshots/project_clean_state_2026_04_16/FB_Gateway_Interface.st
./repo_logs/assistant_bridge/2026_04_16/step_36_gateway_interface_audit/gateway_interface_audit.log:1304:./diagnostics/2026_04_16/step_11_project_structure.log:62:./FB_Gateway_Interface.st
./repo_logs/assistant_bridge/2026_04_16/step_36_gateway_interface_audit/gateway_interface_audit.log:1305:./diagnostics/2026_04_16/step_11_project_structure.log:305:./FB_Gateway_Interface.st
./repo_logs/assistant_bridge/2026_04_16/step_36_gateway_interface_audit/gateway_interface_audit.log:1306:./diagnostics/2026_04_16/step_14_nvram_audit.log:353:./steps/MASTER_PIPELINE/001_universal_pou_builder.log:49:OLD_POU_WINDOW_NAMES=PRG_PLC_A|PRG_PLC_B|FB_Access_Control|FB_AccessCode_Manager|FB_Astro_Timer|FB_BlackBox_Recorder|FB_Boiler_Cascade_Controller|FB_Boiler_Cascade_Manager|FB_Calibration_Manager|FB_CO_Detector|FB_CRC32_Calculator|FB_Debug_Logger|FB_Device_Predictive_Diag|FB_DHW_Manager|FB_Emergency_Valve_Open|FB_Exhaust_Ventilation_Controller|FB_Flood_Detector|FB_FloorHeating_Controller|FB_FloorHeating_Freeze_Protection|FB_FloorHeating_Overheat_Protection|FB_Gas_Methane_Detector|FB_Gas_Smoke_Manager|FB_Gas_Valve_Controller|FB_Gateway_Interface|FB_Heating_System_Manager|FB_History_Manager|FB_Lifetime_Predictor|FB_Lighting_Blinds_Manager|FB_Maintenance_Access|FB_Manifold_Mixing_Valve_Controller|FB_Manifold_Pump_Controller|FB_Manual_Valve_Control|FB_NVRAM_Manager|FB_Outdoor_Lighting_Controller|FB_PID_Controller|FB_PLC_Heartbeat|FB_Pre_Departure_Heating|FB_Presence_Playback|FB_Presence_Simulator|FB_Random_Generator|FB_Scenario_Manager|FB_Scenario_Transition_Controller|FB_Security_Alarm|FB_Security_System|FB_Security_System_Manager|FB_Sensor_Calibration_Processor|FB_Sensor_Distribution|FB_Simulation_Manager|FB_Smoke_Detector|FB_SMS_Notification|FB_State_Manager|FB_State_Snapshot_Manager|FB_State_Snapshot_NVRAM|FB_Supply_Ventilation_Controller|FB_Trend_Analyzer|FB_TwoFactor_Auth|FB_User_Rule_Engine|FB_Valve_Test|FB_Ventilation_System_Manager|FB_Water_Leakage_Manager|FB_Water_Valve_Controller|FB_Zone_Access_Manager|PRG_Main
./repo_logs/assistant_bridge/2026_04_16/step_36_gateway_interface_audit/gateway_interface_audit.log:1307:./diagnostics/2026_04_16/step_14_nvram_audit.log:398:./steps/MASTER_PIPELINE/001_universal_v2.log:108:OLD_POU_WINDOW_NAMES=PRG_PLC_A|PRG_PLC_B|FB_Access_Control|FB_AccessCode_Manager|FB_Astro_Timer|FB_BlackBox_Recorder|FB_Boiler_Cascade_Controller|FB_Boiler_Cascade_Manager|FB_Calibration_Manager|FB_CO_Detector|FB_CRC32_Calculator|FB_Debug_Logger|FB_Device_Predictive_Diag|FB_DHW_Manager|FB_Emergency_Valve_Open|FB_Exhaust_Ventilation_Controller|FB_Flood_Detector|FB_FloorHeating_Controller|FB_FloorHeating_Freeze_Protection|FB_FloorHeating_Overheat_Protection|FB_Gas_Methane_Detector|FB_Gas_Smoke_Manager|FB_Gas_Valve_Controller|FB_Gateway_Interface|FB_Heating_System_Manager|FB_History_Manager|FB_Lifetime_Predictor|FB_Lighting_Blinds_Manager|FB_Maintenance_Access|FB_Manifold_Mixing_Valve_Controller|FB_Manifold_Pump_Controller|FB_Manual_Valve_Control|FB_NVRAM_Manager|FB_Outdoor_Lighting_Controller|FB_PID_Controller|FB_PLC_Heartbeat|FB_Pre_Departure_Heating|FB_Presence_Playback|FB_Presence_Simulator|FB_Random_Generator|FB_Scenario_Manager|FB_Scenario_Transition_Controller|FB_Security_Alarm|FB_Security_System|FB_Security_System_Manager|FB_Sensor_Calibration_Processor|FB_Sensor_Distribution|FB_Simulation_Manager|FB_Smoke_Detector|FB_SMS_Notification|FB_State_Manager|FB_State_Snapshot_Manager|FB_State_Snapshot_NVRAM|FB_Supply_Ventilation_Controller|FB_Trend_Analyzer|FB_TwoFactor_Auth|FB_User_Rule_Engine|FB_Valve_Test|FB_Ventilation_System_Manager|FB_Water_Leakage_Manager|FB_Water_Valve_Controller|FB_Zone_Access_Manager|PRG_Main
./repo_logs/assistant_bridge/2026_04_16/step_36_gateway_interface_audit/gateway_interface_audit.log:1308:./diagnostics/2026_04_16/step_14_nvram_audit.log:399:./steps/MASTER_PIPELINE/001_universal_v2.log:109:OLD_POUS_TREE_NAMES=FB_Lifetime_Predictor|FB_Gas_Valve_Controller|FB_TwoFactor_Auth|FB_Manual_Valve_Control|FB_Boiler_Cascade_Manager|FB_CRC32_Calculator|FB_Emergency_Valve_Open|FB_AccessCode_Manager|FB_Manifold_Pump_Controller|FB_Debug_Logger|FB_Astro_Timer|FB_BlackBox_Recorder|FB_PLC_Heartbeat|FB_User_Rule_Engine|FB_Water_Valve_Controller|FB_FloorHeating_Freeze_Protection|FB_Gateway_Interface|FB_Heating_System_Manager|FB_History_Manager|FB_Calibration_Manager|FB_CO_Detector|FB_FloorHeating_Overheat_Protection|FB_Gas_Methane_Detector|FB_Gas_Smoke_Manager|FB_Device_Predictive_Diag|FB_PID_Controller|FB_NVRAM_Manager|FB_Outdoor_Lighting_Controller|FB_Pre_Departure_Heating|FB_Exhaust_Ventilation_Controller|FB_Flood_Detector|FB_Valve_Test|FB_Zone_Access_Manager|FB_Ventilation_System_Manager|FB_Water_Leakage_Manager|FB_Random_Generator|FB_Scenario_Manager|FB_Scenario_Transition_Controller|FB_Boiler_Cascade_Controller|FB_Security_Alarm|FB_Security_System|FB_Security_System_Manager|FB_FloorHeating_Controller|FB_DHW_Manager|FB_Presence_Playback|FB_Presence_Simulator|FB_Lighting_Blinds_Manager|FB_Maintenance_Access|FB_Manifold_Mixing_Valve_Controller|FB_Sensor_Calibration_Processor|FB_Sensor_Distribution|FB_Simulation_Manager|FB_Smoke_Detector|FB_SMS_Notification|FB_State_Manager|FB_State_Snapshot_Manager|FB_State_Snapshot_NVRAM|FB_Supply_Ventilation_Controller|FB_Trend_Analyzer|FB_Access_Control
./repo_logs/assistant_bridge/2026_04_16/step_36_gateway_interface_audit/gateway_interface_audit.log:1309:./diagnostics/2026_04_16/step_14_nvram_audit.log:607:./steps/MASTER_PIPELINE/001_universal_methods_v1.log:108:OLD_POU_WINDOW_NAMES=PRG_PLC_A|PRG_PLC_B|FB_Access_Control|FB_AccessCode_Manager|FB_Astro_Timer|FB_BlackBox_Recorder|FB_Boiler_Cascade_Controller|FB_Boiler_Cascade_Manager|FB_Calibration_Manager|FB_CO_Detector|FB_CRC32_Calculator|FB_Debug_Logger|FB_Device_Predictive_Diag|FB_DHW_Manager|FB_Emergency_Valve_Open|FB_Exhaust_Ventilation_Controller|FB_Flood_Detector|FB_FloorHeating_Controller|FB_FloorHeating_Freeze_Protection|FB_FloorHeating_Overheat_Protection|FB_Gas_Methane_Detector|FB_Gas_Smoke_Manager|FB_Gas_Valve_Controller|FB_Gateway_Interface|FB_Heating_System_Manager|FB_History_Manager|FB_Lifetime_Predictor|FB_Lighting_Blinds_Manager|FB_Maintenance_Access|FB_Manifold_Mixing_Valve_Controller|FB_Manifold_Pump_Controller|FB_Manual_Valve_Control|FB_NVRAM_Manager|FB_Outdoor_Lighting_Controller|FB_PID_Controller|FB_PLC_Heartbeat|FB_Pre_Departure_Heating|FB_Presence_Playback|FB_Presence_Simulator|FB_Random_Generator|FB_Scenario_Manager|FB_Scenario_Transition_Controller|FB_Security_Alarm|FB_Security_System|FB_Security_System_Manager|FB_Sensor_Calibration_Processor|FB_Sensor_Distribution|FB_Simulation_Manager|FB_Smoke_Detector|FB_SMS_Notification|FB_State_Manager|FB_State_Snapshot_Manager|FB_State_Snapshot_NVRAM|FB_Supply_Ventilation_Controller|FB_Trend_Analyzer|FB_TwoFactor_Auth|FB_User_Rule_Engine|FB_Valve_Test|FB_Ventilation_System_Manager|FB_Water_Leakage_Manager|FB_Water_Valve_Controller|FB_Zone_Access_Manager|PRG_Main
./repo_logs/assistant_bridge/2026_04_16/step_36_gateway_interface_audit/gateway_interface_audit.log:1310:./diagnostics/2026_04_16/step_14_nvram_audit.log:608:./steps/MASTER_PIPELINE/001_universal_methods_v1.log:109:OLD_POUS_TREE_NAMES=FB_Lifetime_Predictor|FB_Gas_Valve_Controller|FB_TwoFactor_Auth|FB_Manual_Valve_Control|FB_Boiler_Cascade_Manager|FB_CRC32_Calculator|FB_Emergency_Valve_Open|FB_AccessCode_Manager|FB_Manifold_Pump_Controller|FB_Debug_Logger|FB_Astro_Timer|FB_BlackBox_Recorder|FB_PLC_Heartbeat|FB_User_Rule_Engine|FB_Water_Valve_Controller|FB_FloorHeating_Freeze_Protection|FB_Gateway_Interface|FB_Heating_System_Manager|FB_History_Manager|FB_Calibration_Manager|FB_CO_Detector|FB_FloorHeating_Overheat_Protection|FB_Gas_Methane_Detector|FB_Gas_Smoke_Manager|FB_Device_Predictive_Diag|FB_PID_Controller|FB_NVRAM_Manager|FB_Outdoor_Lighting_Controller|FB_Pre_Departure_Heating|FB_Exhaust_Ventilation_Controller|FB_Flood_Detector|FB_Valve_Test|FB_Zone_Access_Manager|FB_Ventilation_System_Manager|FB_Water_Leakage_Manager|FB_Random_Generator|FB_Scenario_Manager|FB_Scenario_Transition_Controller|FB_Boiler_Cascade_Controller|FB_Security_Alarm|FB_Security_System|FB_Security_System_Manager|FB_FloorHeating_Controller|FB_DHW_Manager|FB_Presence_Playback|FB_Presence_Simulator|FB_Lighting_Blinds_Manager|FB_Maintenance_Access|FB_Manifold_Mixing_Valve_Controller|FB_Sensor_Calibration_Processor|FB_Sensor_Distribution|FB_Simulation_Manager|FB_Smoke_Detector|FB_SMS_Notification|FB_State_Manager|FB_State_Snapshot_Manager|FB_State_Snapshot_NVRAM|FB_Supply_Ventilation_Controller|FB_Trend_Analyzer|FB_Access_Control
./repo_logs/assistant_bridge/2026_04_16/step_36_gateway_interface_audit/gateway_interface_audit.log:1311:./diagnostics/2026_04_16/step_14_nvram_audit.log:653:./steps/MASTER_PIPELINE/001_universal.log:49:OLD_POU_WINDOW_NAMES=PRG_PLC_A|PRG_PLC_B|FB_Access_Control|FB_AccessCode_Manager|FB_Astro_Timer|FB_BlackBox_Recorder|FB_Boiler_Cascade_Controller|FB_Boiler_Cascade_Manager|FB_Calibration_Manager|FB_CO_Detector|FB_CRC32_Calculator|FB_Debug_Logger|FB_Device_Predictive_Diag|FB_DHW_Manager|FB_Emergency_Valve_Open|FB_Exhaust_Ventilation_Controller|FB_Flood_Detector|FB_FloorHeating_Controller|FB_FloorHeating_Freeze_Protection|FB_FloorHeating_Overheat_Protection|FB_Gas_Methane_Detector|FB_Gas_Smoke_Manager|FB_Gas_Valve_Controller|FB_Gateway_Interface|FB_Heating_System_Manager|FB_History_Manager|FB_Lifetime_Predictor|FB_Lighting_Blinds_Manager|FB_Maintenance_Access|FB_Manifold_Mixing_Valve_Controller|FB_Manifold_Pump_Controller|FB_Manual_Valve_Control|FB_NVRAM_Manager|FB_Outdoor_Lighting_Controller|FB_PID_Controller|FB_PLC_Heartbeat|FB_Pre_Departure_Heating|FB_Presence_Playback|FB_Presence_Simulator|FB_Random_Generator|FB_Scenario_Manager|FB_Scenario_Transition_Controller|FB_Security_Alarm|FB_Security_System|FB_Security_System_Manager|FB_Sensor_Calibration_Processor|FB_Sensor_Distribution|FB_Simulation_Manager|FB_Smoke_Detector|FB_SMS_Notification|FB_State_Manager|FB_State_Snapshot_Manager|FB_State_Snapshot_NVRAM|FB_Supply_Ventilation_Controller|FB_Trend_Analyzer|FB_TwoFactor_Auth|FB_User_Rule_Engine|FB_Valve_Test|FB_Ventilation_System_Manager|FB_Water_Leakage_Manager|FB_Water_Valve_Controller|FB_Zone_Access_Manager|PRG_Main
./repo_logs/assistant_bridge/2026_04_16/step_36_gateway_interface_audit/gateway_interface_audit.log:1312:./компилятор/Система умного дома.xml:5182:      <pou name="FB_Gateway_Interface" pouType="functionBlock">
./repo_logs/assistant_bridge/2026_04_16/step_36_gateway_interface_audit/gateway_interface_audit.log:1313:./компилятор/Система умного дома.xml:10500:                <derived name="FB_Gateway_Interface" />
./repo_logs/assistant_bridge/2026_04_16/step_36_gateway_interface_audit/gateway_interface_audit.log:1314:./компилятор/Система умного дома.xml:12130:          <Object Name="FB_Gateway_Interface" ObjectId="8ff42a0e-a7c6-44f9-829e-53e627090381" />
./repo_logs/assistant_bridge/2026_04_16/step_36_gateway_interface_audit/gateway_interface_audit.log:1315:./компилятор/out/RESULT_methods_clean.xml:9962:      <pou name="FB_Gateway_Interface" pouType="functionBlock">
./repo_logs/assistant_bridge/2026_04_16/step_36_gateway_interface_audit/gateway_interface_audit.log:1316:./компилятор/out/RESULT_methods_clean.xml:10539:// &gt;&gt;&gt; BULK_SYNC_ANCHOR: FB_Gateway_Interface &lt;&lt;&lt;</xhtml>
./repo_logs/assistant_bridge/2026_04_16/step_36_gateway_interface_audit/gateway_interface_audit.log:1317:./компилятор/out/RESULT_methods_clean.xml:18759:                <derived name="FB_Gateway_Interface" />
./repo_logs/assistant_bridge/2026_04_16/step_36_gateway_interface_audit/gateway_interface_audit.log:1318:./компилятор/out/RESULT_methods_clean.xml:20250:          <Object Name="FB_Gateway_Interface" ObjectId="efca16ed-9233-4846-94b9-b6cd3faf4467" />
./repo_logs/assistant_bridge/2026_04_16/step_36_gateway_interface_audit/gateway_interface_audit.log:1319:./repo_logs/diagnostics/2026_04_16/constants_dut_usage.log:62:./FB_Gateway_Interface.st
./repo_logs/assistant_bridge/2026_04_16/step_36_gateway_interface_audit/gateway_interface_audit.log:1320:./repo_logs/diagnostics/2026_04_16/constants_dut_usage.log:645:./FB_Gateway_Interface.st:27:    VI_Manifold_Pressures       : ARRAY[1..GVL_CONSTANTS.C_MAX_MANIFOLDS] OF REAL;
./repo_logs/assistant_bridge/2026_04_16/step_36_gateway_interface_audit/gateway_interface_audit.log:1321:./repo_logs/diagnostics/2026_04_16/constants_dut_usage.log:646:./FB_Gateway_Interface.st:28:    VI_Manifold_Pump_States     : ARRAY[1..GVL_CONSTANTS.C_MAX_MANIFOLDS] OF BOOL;
./repo_logs/assistant_bridge/2026_04_16/step_36_gateway_interface_audit/gateway_interface_audit.log:1322:./repo_logs/diagnostics/2026_04_16/constants_dut_usage.log:647:./FB_Gateway_Interface.st:30:    VI_Socket_States            : ARRAY[1..GVL_CONSTANTS.C_MAX_SOCKETS] OF BOOL;
./repo_logs/assistant_bridge/2026_04_16/step_36_gateway_interface_audit/gateway_interface_audit.log:1323:./repo_logs/diagnostics/2026_04_16/constants_dut_usage.log:648:./FB_Gateway_Interface.st:31:    VI_Blinds_Positions         : ARRAY[1..GVL_CONSTANTS.C_MAX_BLINDS] OF BYTE;
./repo_logs/assistant_bridge/2026_04_16/step_36_gateway_interface_audit/gateway_interface_audit.log:1324:./repo_logs/diagnostics/2026_04_16/constants_dut_usage.log:649:./FB_Gateway_Interface.st:32:    VI_Allowed_IPs              : ARRAY[1..GVL_CONSTANTS.C_MAX_ALLOWED_IPS] OF STRING(15);
./repo_logs/assistant_bridge/2026_04_16/step_36_gateway_interface_audit/gateway_interface_audit.log:1325:./repo_logs/diagnostics/2026_04_16/constants_dut_usage.log:650:./FB_Gateway_Interface.st:36:    VO_Modbus_Registers         : ARRAY[0..GVL_CONSTANTS.C_MAX_MODBUS_REGISTERS-1] OF WORD; // Расширенный диапазон
./repo_logs/assistant_bridge/2026_04_16/step_36_gateway_interface_audit/gateway_interface_audit.log:1326:./repo_logs/diagnostics/2026_04_16/constants_dut_usage.log:651:./FB_Gateway_Interface.st:38:    VO_Blinds_Override          : ARRAY[1..GVL_CONSTANTS.C_MAX_BLINDS] OF BYTE;
./repo_logs/assistant_bridge/2026_04_16/step_36_gateway_interface_audit/gateway_interface_audit.log:1327:./repo_logs/diagnostics/2026_04_16/constants_dut_usage.log:652:./FB_Gateway_Interface.st:39:    VO_Socket_Override          : ARRAY[1..GVL_CONSTANTS.C_MAX_SOCKETS] OF BOOL;
./repo_logs/assistant_bridge/2026_04_16/step_36_gateway_interface_audit/gateway_interface_audit.log:1328:./repo_logs/diagnostics/2026_04_16/constants_dut_usage.log:653:./FB_Gateway_Interface.st:87:    L_Command_Buffer            : ARRAY[1..GVL_CONSTANTS.C_MAX_GATEWAY_COMMANDS] OF ST_Gateway_Command;
./repo_logs/assistant_bridge/2026_04_16/step_36_gateway_interface_audit/gateway_interface_audit.log:1329:./repo_logs/diagnostics/2026_04_16/constants_dut_usage.log:654:./FB_Gateway_Interface.st:121:IF (VI_System_Time_MS - L_last_update_time) >= GVL_CONSTANTS.C_MS_IN_SECOND THEN
./repo_logs/assistant_bridge/2026_04_16/step_36_gateway_interface_audit/gateway_interface_audit.log:1330:./repo_logs/diagnostics/2026_04_16/constants_dut_usage.log:655:./FB_Gateway_Interface.st:153:    FOR L_i := 1 TO GVL_CONSTANTS.C_MAX_MANIFOLDS DO
./repo_logs/assistant_bridge/2026_04_16/step_36_gateway_interface_audit/gateway_interface_audit.log:1331:./repo_logs/diagnostics/2026_04_16/constants_dut_usage.log:656:./FB_Gateway_Interface.st:163:    FOR L_i := 1 TO GVL_CONSTANTS.C_MAX_BLINDS DO
./repo_logs/assistant_bridge/2026_04_16/step_36_gateway_interface_audit/gateway_interface_audit.log:1332:./repo_logs/diagnostics/2026_04_16/constants_dut_usage.log:657:./FB_Gateway_Interface.st:168:    FOR L_i := 0 TO (GVL_CONSTANTS.C_MAX_SOCKETS - 1) / 16 DO
./repo_logs/assistant_bridge/2026_04_16/step_36_gateway_interface_audit/gateway_interface_audit.log:1333:./repo_logs/diagnostics/2026_04_16/constants_dut_usage.log:658:./FB_Gateway_Interface.st:172:            IF L_idx <= GVL_CONSTANTS.C_MAX_SOCKETS THEN
./repo_logs/assistant_bridge/2026_04_16/step_36_gateway_interface_audit/gateway_interface_audit.log:1334:./repo_logs/diagnostics/2026_04_16/constants_dut_usage.log:659:./FB_Gateway_Interface.st:214:        IF L_Buffer_Count < GVL_CONSTANTS.C_MAX_GATEWAY_COMMANDS THEN
./repo_logs/assistant_bridge/2026_04_16/step_36_gateway_interface_audit/gateway_interface_audit.log:1335:./repo_logs/diagnostics/2026_04_16/constants_dut_usage.log:660:./FB_Gateway_Interface.st:217:            IF L_Buffer_Head > GVL_CONSTANTS.C_MAX_GATEWAY_COMMANDS THEN L_Buffer_Head := 1; END_IF;
./repo_logs/assistant_bridge/2026_04_16/step_36_gateway_interface_audit/gateway_interface_audit.log:1336:./repo_logs/diagnostics/2026_04_16/constants_dut_usage.log:661:./FB_Gateway_Interface.st:227:    IF L_Buffer_Tail > GVL_CONSTANTS.C_MAX_GATEWAY_COMMANDS THEN L_Buffer_Tail := 1; END_IF;
./repo_logs/assistant_bridge/2026_04_16/step_36_gateway_interface_audit/gateway_interface_audit.log:1337:./repo_logs/diagnostics/2026_04_16/constants_dut_usage.log:662:./FB_Gateway_Interface.st:239:        FOR L_i := 1 TO GVL_CONSTANTS.C_MAX_ALLOWED_IPS DO
./repo_logs/assistant_bridge/2026_04_16/step_36_gateway_interface_audit/gateway_interface_audit.log:1338:./repo_logs/diagnostics/2026_04_16/constants_dut_usage.log:663:./FB_Gateway_Interface.st:277:            IF (L_Process_Command.target_zone >= 1) AND (L_Process_Command.target_zone <= GVL_CONSTANTS.C_MAX_BLINDS) THEN
./repo_logs/assistant_bridge/2026_04_16/step_36_gateway_interface_audit/gateway_interface_audit.log:1339:./repo_logs/diagnostics/2026_04_16/constants_dut_usage.log:664:./FB_Gateway_Interface.st:282:            IF (L_Process_Command.target_zone >= 1) AND (L_Process_Command.target_zone <= GVL_CONSTANTS.C_MAX_SOCKETS) THEN
./repo_logs/assistant_bridge/2026_04_16/step_36_gateway_interface_audit/gateway_interface_audit.log:1340:./repo_logs/nvram/2026_04_16/step_19_persist_write_precheck.log:16:    fbGateway : FB_Gateway_Interface;
./repo_logs/assistant_bridge/2026_04_16/step_36_gateway_interface_audit/gateway_interface_audit.log:1341:./repo_logs/nvram/2026_04_16/step_17_startup_entry.log:2311:    fbGateway : FB_Gateway_Interface;
./repo_logs/assistant_bridge/2026_04_16/step_36_gateway_interface_audit/gateway_interface_audit.log:1342:./repo_logs/nvram/2026_04_16/step_16_nvram_runtime_flow.log:16:./steps/MASTER_PIPELINE/001_universal_pou_builder.log:49:OLD_POU_WINDOW_NAMES=PRG_PLC_A|PRG_PLC_B|FB_Access_Control|FB_AccessCode_Manager|FB_Astro_Timer|FB_BlackBox_Recorder|FB_Boiler_Cascade_Controller|FB_Boiler_Cascade_Manager|FB_Calibration_Manager|FB_CO_Detector|FB_CRC32_Calculator|FB_Debug_Logger|FB_Device_Predictive_Diag|FB_DHW_Manager|FB_Emergency_Valve_Open|FB_Exhaust_Ventilation_Controller|FB_Flood_Detector|FB_FloorHeating_Controller|FB_FloorHeating_Freeze_Protection|FB_FloorHeating_Overheat_Protection|FB_Gas_Methane_Detector|FB_Gas_Smoke_Manager|FB_Gas_Valve_Controller|FB_Gateway_Interface|FB_Heating_System_Manager|FB_History_Manager|FB_Lifetime_Predictor|FB_Lighting_Blinds_Manager|FB_Maintenance_Access|FB_Manifold_Mixing_Valve_Controller|FB_Manifold_Pump_Controller|FB_Manual_Valve_Control|FB_NVRAM_Manager|FB_Outdoor_Lighting_Controller|FB_PID_Controller|FB_PLC_Heartbeat|FB_Pre_Departure_Heating|FB_Presence_Playback|FB_Presence_Simulator|FB_Random_Generator|FB_Scenario_Manager|FB_Scenario_Transition_Controller|FB_Security_Alarm|FB_Security_System|FB_Security_System_Manager|FB_Sensor_Calibration_Processor|FB_Sensor_Distribution|FB_Simulation_Manager|FB_Smoke_Detector|FB_SMS_Notification|FB_State_Manager|FB_State_Snapshot_Manager|FB_State_Snapshot_NVRAM|FB_Supply_Ventilation_Controller|FB_Trend_Analyzer|FB_TwoFactor_Auth|FB_User_Rule_Engine|FB_Valve_Test|FB_Ventilation_System_Manager|FB_Water_Leakage_Manager|FB_Water_Valve_Controller|FB_Zone_Access_Manager|PRG_Main
./repo_logs/assistant_bridge/2026_04_16/step_36_gateway_interface_audit/gateway_interface_audit.log:1343:./repo_logs/nvram/2026_04_16/step_16_nvram_runtime_flow.log:23:./steps/MASTER_PIPELINE/001_universal_v2.log:108:OLD_POU_WINDOW_NAMES=PRG_PLC_A|PRG_PLC_B|FB_Access_Control|FB_AccessCode_Manager|FB_Astro_Timer|FB_BlackBox_Recorder|FB_Boiler_Cascade_Controller|FB_Boiler_Cascade_Manager|FB_Calibration_Manager|FB_CO_Detector|FB_CRC32_Calculator|FB_Debug_Logger|FB_Device_Predictive_Diag|FB_DHW_Manager|FB_Emergency_Valve_Open|FB_Exhaust_Ventilation_Controller|FB_Flood_Detector|FB_FloorHeating_Controller|FB_FloorHeating_Freeze_Protection|FB_FloorHeating_Overheat_Protection|FB_Gas_Methane_Detector|FB_Gas_Smoke_Manager|FB_Gas_Valve_Controller|FB_Gateway_Interface|FB_Heating_System_Manager|FB_History_Manager|FB_Lifetime_Predictor|FB_Lighting_Blinds_Manager|FB_Maintenance_Access|FB_Manifold_Mixing_Valve_Controller|FB_Manifold_Pump_Controller|FB_Manual_Valve_Control|FB_NVRAM_Manager|FB_Outdoor_Lighting_Controller|FB_PID_Controller|FB_PLC_Heartbeat|FB_Pre_Departure_Heating|FB_Presence_Playback|FB_Presence_Simulator|FB_Random_Generator|FB_Scenario_Manager|FB_Scenario_Transition_Controller|FB_Security_Alarm|FB_Security_System|FB_Security_System_Manager|FB_Sensor_Calibration_Processor|FB_Sensor_Distribution|FB_Simulation_Manager|FB_Smoke_Detector|FB_SMS_Notification|FB_State_Manager|FB_State_Snapshot_Manager|FB_State_Snapshot_NVRAM|FB_Supply_Ventilation_Controller|FB_Trend_Analyzer|FB_TwoFactor_Auth|FB_User_Rule_Engine|FB_Valve_Test|FB_Ventilation_System_Manager|FB_Water_Leakage_Manager|FB_Water_Valve_Controller|FB_Zone_Access_Manager|PRG_Main
./repo_logs/assistant_bridge/2026_04_16/step_36_gateway_interface_audit/gateway_interface_audit.log:1344:./repo_logs/nvram/2026_04_16/step_16_nvram_runtime_flow.log:24:./steps/MASTER_PIPELINE/001_universal_v2.log:109:OLD_POUS_TREE_NAMES=FB_Lifetime_Predictor|FB_Gas_Valve_Controller|FB_TwoFactor_Auth|FB_Manual_Valve_Control|FB_Boiler_Cascade_Manager|FB_CRC32_Calculator|FB_Emergency_Valve_Open|FB_AccessCode_Manager|FB_Manifold_Pump_Controller|FB_Debug_Logger|FB_Astro_Timer|FB_BlackBox_Recorder|FB_PLC_Heartbeat|FB_User_Rule_Engine|FB_Water_Valve_Controller|FB_FloorHeating_Freeze_Protection|FB_Gateway_Interface|FB_Heating_System_Manager|FB_History_Manager|FB_Calibration_Manager|FB_CO_Detector|FB_FloorHeating_Overheat_Protection|FB_Gas_Methane_Detector|FB_Gas_Smoke_Manager|FB_Device_Predictive_Diag|FB_PID_Controller|FB_NVRAM_Manager|FB_Outdoor_Lighting_Controller|FB_Pre_Departure_Heating|FB_Exhaust_Ventilation_Controller|FB_Flood_Detector|FB_Valve_Test|FB_Zone_Access_Manager|FB_Ventilation_System_Manager|FB_Water_Leakage_Manager|FB_Random_Generator|FB_Scenario_Manager|FB_Scenario_Transition_Controller|FB_Boiler_Cascade_Controller|FB_Security_Alarm|FB_Security_System|FB_Security_System_Manager|FB_FloorHeating_Controller|FB_DHW_Manager|FB_Presence_Playback|FB_Presence_Simulator|FB_Lighting_Blinds_Manager|FB_Maintenance_Access|FB_Manifold_Mixing_Valve_Controller|FB_Sensor_Calibration_Processor|FB_Sensor_Distribution|FB_Simulation_Manager|FB_Smoke_Detector|FB_SMS_Notification|FB_State_Manager|FB_State_Snapshot_Manager|FB_State_Snapshot_NVRAM|FB_Supply_Ventilation_Controller|FB_Trend_Analyzer|FB_Access_Control
./repo_logs/assistant_bridge/2026_04_16/step_36_gateway_interface_audit/gateway_interface_audit.log:1345:./repo_logs/nvram/2026_04_16/step_16_nvram_runtime_flow.log:56:./steps/MASTER_PIPELINE/001_universal_methods_v1.log:108:OLD_POU_WINDOW_NAMES=PRG_PLC_A|PRG_PLC_B|FB_Access_Control|FB_AccessCode_Manager|FB_Astro_Timer|FB_BlackBox_Recorder|FB_Boiler_Cascade_Controller|FB_Boiler_Cascade_Manager|FB_Calibration_Manager|FB_CO_Detector|FB_CRC32_Calculator|FB_Debug_Logger|FB_Device_Predictive_Diag|FB_DHW_Manager|FB_Emergency_Valve_Open|FB_Exhaust_Ventilation_Controller|FB_Flood_Detector|FB_FloorHeating_Controller|FB_FloorHeating_Freeze_Protection|FB_FloorHeating_Overheat_Protection|FB_Gas_Methane_Detector|FB_Gas_Smoke_Manager|FB_Gas_Valve_Controller|FB_Gateway_Interface|FB_Heating_System_Manager|FB_History_Manager|FB_Lifetime_Predictor|FB_Lighting_Blinds_Manager|FB_Maintenance_Access|FB_Manifold_Mixing_Valve_Controller|FB_Manifold_Pump_Controller|FB_Manual_Valve_Control|FB_NVRAM_Manager|FB_Outdoor_Lighting_Controller|FB_PID_Controller|FB_PLC_Heartbeat|FB_Pre_Departure_Heating|FB_Presence_Playback|FB_Presence_Simulator|FB_Random_Generator|FB_Scenario_Manager|FB_Scenario_Transition_Controller|FB_Security_Alarm|FB_Security_System|FB_Security_System_Manager|FB_Sensor_Calibration_Processor|FB_Sensor_Distribution|FB_Simulation_Manager|FB_Smoke_Detector|FB_SMS_Notification|FB_State_Manager|FB_State_Snapshot_Manager|FB_State_Snapshot_NVRAM|FB_Supply_Ventilation_Controller|FB_Trend_Analyzer|FB_TwoFactor_Auth|FB_User_Rule_Engine|FB_Valve_Test|FB_Ventilation_System_Manager|FB_Water_Leakage_Manager|FB_Water_Valve_Controller|FB_Zone_Access_Manager|PRG_Main
./repo_logs/assistant_bridge/2026_04_16/step_36_gateway_interface_audit/gateway_interface_audit.log:1346:./repo_logs/nvram/2026_04_16/step_16_nvram_runtime_flow.log:57:./steps/MASTER_PIPELINE/001_universal_methods_v1.log:109:OLD_POUS_TREE_NAMES=FB_Lifetime_Predictor|FB_Gas_Valve_Controller|FB_TwoFactor_Auth|FB_Manual_Valve_Control|FB_Boiler_Cascade_Manager|FB_CRC32_Calculator|FB_Emergency_Valve_Open|FB_AccessCode_Manager|FB_Manifold_Pump_Controller|FB_Debug_Logger|FB_Astro_Timer|FB_BlackBox_Recorder|FB_PLC_Heartbeat|FB_User_Rule_Engine|FB_Water_Valve_Controller|FB_FloorHeating_Freeze_Protection|FB_Gateway_Interface|FB_Heating_System_Manager|FB_History_Manager|FB_Calibration_Manager|FB_CO_Detector|FB_FloorHeating_Overheat_Protection|FB_Gas_Methane_Detector|FB_Gas_Smoke_Manager|FB_Device_Predictive_Diag|FB_PID_Controller|FB_NVRAM_Manager|FB_Outdoor_Lighting_Controller|FB_Pre_Departure_Heating|FB_Exhaust_Ventilation_Controller|FB_Flood_Detector|FB_Valve_Test|FB_Zone_Access_Manager|FB_Ventilation_System_Manager|FB_Water_Leakage_Manager|FB_Random_Generator|FB_Scenario_Manager|FB_Scenario_Transition_Controller|FB_Boiler_Cascade_Controller|FB_Security_Alarm|FB_Security_System|FB_Security_System_Manager|FB_FloorHeating_Controller|FB_DHW_Manager|FB_Presence_Playback|FB_Presence_Simulator|FB_Lighting_Blinds_Manager|FB_Maintenance_Access|FB_Manifold_Mixing_Valve_Controller|FB_Sensor_Calibration_Processor|FB_Sensor_Distribution|FB_Simulation_Manager|FB_Smoke_Detector|FB_SMS_Notification|FB_State_Manager|FB_State_Snapshot_Manager|FB_State_Snapshot_NVRAM|FB_Supply_Ventilation_Controller|FB_Trend_Analyzer|FB_Access_Control
./repo_logs/assistant_bridge/2026_04_16/step_36_gateway_interface_audit/gateway_interface_audit.log:1347:./repo_logs/nvram/2026_04_16/step_16_nvram_runtime_flow.log:65:./steps/MASTER_PIPELINE/001_universal.log:49:OLD_POU_WINDOW_NAMES=PRG_PLC_A|PRG_PLC_B|FB_Access_Control|FB_AccessCode_Manager|FB_Astro_Timer|FB_BlackBox_Recorder|FB_Boiler_Cascade_Controller|FB_Boiler_Cascade_Manager|FB_Calibration_Manager|FB_CO_Detector|FB_CRC32_Calculator|FB_Debug_Logger|FB_Device_Predictive_Diag|FB_DHW_Manager|FB_Emergency_Valve_Open|FB_Exhaust_Ventilation_Controller|FB_Flood_Detector|FB_FloorHeating_Controller|FB_FloorHeating_Freeze_Protection|FB_FloorHeating_Overheat_Protection|FB_Gas_Methane_Detector|FB_Gas_Smoke_Manager|FB_Gas_Valve_Controller|FB_Gateway_Interface|FB_Heating_System_Manager|FB_History_Manager|FB_Lifetime_Predictor|FB_Lighting_Blinds_Manager|FB_Maintenance_Access|FB_Manifold_Mixing_Valve_Controller|FB_Manifold_Pump_Controller|FB_Manual_Valve_Control|FB_NVRAM_Manager|FB_Outdoor_Lighting_Controller|FB_PID_Controller|FB_PLC_Heartbeat|FB_Pre_Departure_Heating|FB_Presence_Playback|FB_Presence_Simulator|FB_Random_Generator|FB_Scenario_Manager|FB_Scenario_Transition_Controller|FB_Security_Alarm|FB_Security_System|FB_Security_System_Manager|FB_Sensor_Calibration_Processor|FB_Sensor_Distribution|FB_Simulation_Manager|FB_Smoke_Detector|FB_SMS_Notification|FB_State_Manager|FB_State_Snapshot_Manager|FB_State_Snapshot_NVRAM|FB_Supply_Ventilation_Controller|FB_Trend_Analyzer|FB_TwoFactor_Auth|FB_User_Rule_Engine|FB_Valve_Test|FB_Ventilation_System_Manager|FB_Water_Leakage_Manager|FB_Water_Valve_Controller|FB_Zone_Access_Manager|PRG_Main
./repo_logs/assistant_bridge/2026_04_16/step_36_gateway_interface_audit/gateway_interface_audit.log:1348:./repo_logs/nvram/2026_04_16/step_16_nvram_runtime_flow.log:172:./steps/MASTER_PIPELINE/001_universal_pou_builder.log:49:OLD_POU_WINDOW_NAMES=PRG_PLC_A|PRG_PLC_B|FB_Access_Control|FB_AccessCode_Manager|FB_Astro_Timer|FB_BlackBox_Recorder|FB_Boiler_Cascade_Controller|FB_Boiler_Cascade_Manager|FB_Calibration_Manager|FB_CO_Detector|FB_CRC32_Calculator|FB_Debug_Logger|FB_Device_Predictive_Diag|FB_DHW_Manager|FB_Emergency_Valve_Open|FB_Exhaust_Ventilation_Controller|FB_Flood_Detector|FB_FloorHeating_Controller|FB_FloorHeating_Freeze_Protection|FB_FloorHeating_Overheat_Protection|FB_Gas_Methane_Detector|FB_Gas_Smoke_Manager|FB_Gas_Valve_Controller|FB_Gateway_Interface|FB_Heating_System_Manager|FB_History_Manager|FB_Lifetime_Predictor|FB_Lighting_Blinds_Manager|FB_Maintenance_Access|FB_Manifold_Mixing_Valve_Controller|FB_Manifold_Pump_Controller|FB_Manual_Valve_Control|FB_NVRAM_Manager|FB_Outdoor_Lighting_Controller|FB_PID_Controller|FB_PLC_Heartbeat|FB_Pre_Departure_Heating|FB_Presence_Playback|FB_Presence_Simulator|FB_Random_Generator|FB_Scenario_Manager|FB_Scenario_Transition_Controller|FB_Security_Alarm|FB_Security_System|FB_Security_System_Manager|FB_Sensor_Calibration_Processor|FB_Sensor_Distribution|FB_Simulation_Manager|FB_Smoke_Detector|FB_SMS_Notification|FB_State_Manager|FB_State_Snapshot_Manager|FB_State_Snapshot_NVRAM|FB_Supply_Ventilation_Controller|FB_Trend_Analyzer|FB_TwoFactor_Auth|FB_User_Rule_Engine|FB_Valve_Test|FB_Ventilation_System_Manager|FB_Water_Leakage_Manager|FB_Water_Valve_Controller|FB_Zone_Access_Manager|PRG_Main
./repo_logs/assistant_bridge/2026_04_16/step_36_gateway_interface_audit/gateway_interface_audit.log:1349:./repo_logs/nvram/2026_04_16/step_16_nvram_runtime_flow.log:178:./steps/MASTER_PIPELINE/001_universal_v2.log:108:OLD_POU_WINDOW_NAMES=PRG_PLC_A|PRG_PLC_B|FB_Access_Control|FB_AccessCode_Manager|FB_Astro_Timer|FB_BlackBox_Recorder|FB_Boiler_Cascade_Controller|FB_Boiler_Cascade_Manager|FB_Calibration_Manager|FB_CO_Detector|FB_CRC32_Calculator|FB_Debug_Logger|FB_Device_Predictive_Diag|FB_DHW_Manager|FB_Emergency_Valve_Open|FB_Exhaust_Ventilation_Controller|FB_Flood_Detector|FB_FloorHeating_Controller|FB_FloorHeating_Freeze_Protection|FB_FloorHeating_Overheat_Protection|FB_Gas_Methane_Detector|FB_Gas_Smoke_Manager|FB_Gas_Valve_Controller|FB_Gateway_Interface|FB_Heating_System_Manager|FB_History_Manager|FB_Lifetime_Predictor|FB_Lighting_Blinds_Manager|FB_Maintenance_Access|FB_Manifold_Mixing_Valve_Controller|FB_Manifold_Pump_Controller|FB_Manual_Valve_Control|FB_NVRAM_Manager|FB_Outdoor_Lighting_Controller|FB_PID_Controller|FB_PLC_Heartbeat|FB_Pre_Departure_Heating|FB_Presence_Playback|FB_Presence_Simulator|FB_Random_Generator|FB_Scenario_Manager|FB_Scenario_Transition_Controller|FB_Security_Alarm|FB_Security_System|FB_Security_System_Manager|FB_Sensor_Calibration_Processor|FB_Sensor_Distribution|FB_Simulation_Manager|FB_Smoke_Detector|FB_SMS_Notification|FB_State_Manager|FB_State_Snapshot_Manager|FB_State_Snapshot_NVRAM|FB_Supply_Ventilation_Controller|FB_Trend_Analyzer|FB_TwoFactor_Auth|FB_User_Rule_Engine|FB_Valve_Test|FB_Ventilation_System_Manager|FB_Water_Leakage_Manager|FB_Water_Valve_Controller|FB_Zone_Access_Manager|PRG_Main
./repo_logs/assistant_bridge/2026_04_16/step_36_gateway_interface_audit/gateway_interface_audit.log:1350:./repo_logs/nvram/2026_04_16/step_16_nvram_runtime_flow.log:179:./steps/MASTER_PIPELINE/001_universal_v2.log:109:OLD_POUS_TREE_NAMES=FB_Lifetime_Predictor|FB_Gas_Valve_Controller|FB_TwoFactor_Auth|FB_Manual_Valve_Control|FB_Boiler_Cascade_Manager|FB_CRC32_Calculator|FB_Emergency_Valve_Open|FB_AccessCode_Manager|FB_Manifold_Pump_Controller|FB_Debug_Logger|FB_Astro_Timer|FB_BlackBox_Recorder|FB_PLC_Heartbeat|FB_User_Rule_Engine|FB_Water_Valve_Controller|FB_FloorHeating_Freeze_Protection|FB_Gateway_Interface|FB_Heating_System_Manager|FB_History_Manager|FB_Calibration_Manager|FB_CO_Detector|FB_FloorHeating_Overheat_Protection|FB_Gas_Methane_Detector|FB_Gas_Smoke_Manager|FB_Device_Predictive_Diag|FB_PID_Controller|FB_NVRAM_Manager|FB_Outdoor_Lighting_Controller|FB_Pre_Departure_Heating|FB_Exhaust_Ventilation_Controller|FB_Flood_Detector|FB_Valve_Test|FB_Zone_Access_Manager|FB_Ventilation_System_Manager|FB_Water_Leakage_Manager|FB_Random_Generator|FB_Scenario_Manager|FB_Scenario_Transition_Controller|FB_Boiler_Cascade_Controller|FB_Security_Alarm|FB_Security_System|FB_Security_System_Manager|FB_FloorHeating_Controller|FB_DHW_Manager|FB_Presence_Playback|FB_Presence_Simulator|FB_Lighting_Blinds_Manager|FB_Maintenance_Access|FB_Manifold_Mixing_Valve_Controller|FB_Sensor_Calibration_Processor|FB_Sensor_Distribution|FB_Simulation_Manager|FB_Smoke_Detector|FB_SMS_Notification|FB_State_Manager|FB_State_Snapshot_Manager|FB_State_Snapshot_NVRAM|FB_Supply_Ventilation_Controller|FB_Trend_Analyzer|FB_Access_Control
./repo_logs/assistant_bridge/2026_04_16/step_36_gateway_interface_audit/gateway_interface_audit.log:1351:./repo_logs/nvram/2026_04_16/step_16_nvram_runtime_flow.log:186:./steps/MASTER_PIPELINE/001_universal_methods_v1.log:108:OLD_POU_WINDOW_NAMES=PRG_PLC_A|PRG_PLC_B|FB_Access_Control|FB_AccessCode_Manager|FB_Astro_Timer|FB_BlackBox_Recorder|FB_Boiler_Cascade_Controller|FB_Boiler_Cascade_Manager|FB_Calibration_Manager|FB_CO_Detector|FB_CRC32_Calculator|FB_Debug_Logger|FB_Device_Predictive_Diag|FB_DHW_Manager|FB_Emergency_Valve_Open|FB_Exhaust_Ventilation_Controller|FB_Flood_Detector|FB_FloorHeating_Controller|FB_FloorHeating_Freeze_Protection|FB_FloorHeating_Overheat_Protection|FB_Gas_Methane_Detector|FB_Gas_Smoke_Manager|FB_Gas_Valve_Controller|FB_Gateway_Interface|FB_Heating_System_Manager|FB_History_Manager|FB_Lifetime_Predictor|FB_Lighting_Blinds_Manager|FB_Maintenance_Access|FB_Manifold_Mixing_Valve_Controller|FB_Manifold_Pump_Controller|FB_Manual_Valve_Control|FB_NVRAM_Manager|FB_Outdoor_Lighting_Controller|FB_PID_Controller|FB_PLC_Heartbeat|FB_Pre_Departure_Heating|FB_Presence_Playback|FB_Presence_Simulator|FB_Random_Generator|FB_Scenario_Manager|FB_Scenario_Transition_Controller|FB_Security_Alarm|FB_Security_System|FB_Security_System_Manager|FB_Sensor_Calibration_Processor|FB_Sensor_Distribution|FB_Simulation_Manager|FB_Smoke_Detector|FB_SMS_Notification|FB_State_Manager|FB_State_Snapshot_Manager|FB_State_Snapshot_NVRAM|FB_Supply_Ventilation_Controller|FB_Trend_Analyzer|FB_TwoFactor_Auth|FB_User_Rule_Engine|FB_Valve_Test|FB_Ventilation_System_Manager|FB_Water_Leakage_Manager|FB_Water_Valve_Controller|FB_Zone_Access_Manager|PRG_Main
./repo_logs/assistant_bridge/2026_04_16/step_36_gateway_interface_audit/gateway_interface_audit.log:1352:./repo_logs/nvram/2026_04_16/step_16_nvram_runtime_flow.log:187:./steps/MASTER_PIPELINE/001_universal_methods_v1.log:109:OLD_POUS_TREE_NAMES=FB_Lifetime_Predictor|FB_Gas_Valve_Controller|FB_TwoFactor_Auth|FB_Manual_Valve_Control|FB_Boiler_Cascade_Manager|FB_CRC32_Calculator|FB_Emergency_Valve_Open|FB_AccessCode_Manager|FB_Manifold_Pump_Controller|FB_Debug_Logger|FB_Astro_Timer|FB_BlackBox_Recorder|FB_PLC_Heartbeat|FB_User_Rule_Engine|FB_Water_Valve_Controller|FB_FloorHeating_Freeze_Protection|FB_Gateway_Interface|FB_Heating_System_Manager|FB_History_Manager|FB_Calibration_Manager|FB_CO_Detector|FB_FloorHeating_Overheat_Protection|FB_Gas_Methane_Detector|FB_Gas_Smoke_Manager|FB_Device_Predictive_Diag|FB_PID_Controller|FB_NVRAM_Manager|FB_Outdoor_Lighting_Controller|FB_Pre_Departure_Heating|FB_Exhaust_Ventilation_Controller|FB_Flood_Detector|FB_Valve_Test|FB_Zone_Access_Manager|FB_Ventilation_System_Manager|FB_Water_Leakage_Manager|FB_Random_Generator|FB_Scenario_Manager|FB_Scenario_Transition_Controller|FB_Boiler_Cascade_Controller|FB_Security_Alarm|FB_Security_System|FB_Security_System_Manager|FB_FloorHeating_Controller|FB_DHW_Manager|FB_Presence_Playback|FB_Presence_Simulator|FB_Lighting_Blinds_Manager|FB_Maintenance_Access|FB_Manifold_Mixing_Valve_Controller|FB_Sensor_Calibration_Processor|FB_Sensor_Distribution|FB_Simulation_Manager|FB_Smoke_Detector|FB_SMS_Notification|FB_State_Manager|FB_State_Snapshot_Manager|FB_State_Snapshot_NVRAM|FB_Supply_Ventilation_Controller|FB_Trend_Analyzer|FB_Access_Control
./repo_logs/assistant_bridge/2026_04_16/step_36_gateway_interface_audit/gateway_interface_audit.log:1353:./repo_logs/nvram/2026_04_16/step_16_nvram_runtime_flow.log:188:./steps/MASTER_PIPELINE/001_universal.log:49:OLD_POU_WINDOW_NAMES=PRG_PLC_A|PRG_PLC_B|FB_Access_Control|FB_AccessCode_Manager|FB_Astro_Timer|FB_BlackBox_Recorder|FB_Boiler_Cascade_Controller|FB_Boiler_Cascade_Manager|FB_Calibration_Manager|FB_CO_Detector|FB_CRC32_Calculator|FB_Debug_Logger|FB_Device_Predictive_Diag|FB_DHW_Manager|FB_Emergency_Valve_Open|FB_Exhaust_Ventilation_Controller|FB_Flood_Detector|FB_FloorHeating_Controller|FB_FloorHeating_Freeze_Protection|FB_FloorHeating_Overheat_Protection|FB_Gas_Methane_Detector|FB_Gas_Smoke_Manager|FB_Gas_Valve_Controller|FB_Gateway_Interface|FB_Heating_System_Manager|FB_History_Manager|FB_Lifetime_Predictor|FB_Lighting_Blinds_Manager|FB_Maintenance_Access|FB_Manifold_Mixing_Valve_Controller|FB_Manifold_Pump_Controller|FB_Manual_Valve_Control|FB_NVRAM_Manager|FB_Outdoor_Lighting_Controller|FB_PID_Controller|FB_PLC_Heartbeat|FB_Pre_Departure_Heating|FB_Presence_Playback|FB_Presence_Simulator|FB_Random_Generator|FB_Scenario_Manager|FB_Scenario_Transition_Controller|FB_Security_Alarm|FB_Security_System|FB_Security_System_Manager|FB_Sensor_Calibration_Processor|FB_Sensor_Distribution|FB_Simulation_Manager|FB_Smoke_Detector|FB_SMS_Notification|FB_State_Manager|FB_State_Snapshot_Manager|FB_State_Snapshot_NVRAM|FB_Supply_Ventilation_Controller|FB_Trend_Analyzer|FB_TwoFactor_Auth|FB_User_Rule_Engine|FB_Valve_Test|FB_Ventilation_System_Manager|FB_Water_Leakage_Manager|FB_Water_Valve_Controller|FB_Zone_Access_Manager|PRG_Main
./repo_logs/assistant_bridge/2026_04_16/step_36_gateway_interface_audit/gateway_interface_audit.log:1354:./repo_logs/nvram/2026_04_16/step_16_nvram_runtime_flow.log:475:./workspace/export_forensics/sandbox/XML_BULK_SYNC_REPORT_FINAL.txt:22:FB_Gateway_Interface	ALREADY_SYNCED	FB_Gateway_Interface.st
./repo_logs/assistant_bridge/2026_04_16/step_36_gateway_interface_audit/gateway_interface_audit.log:1355:./repo_logs/nvram/2026_04_16/step_16_nvram_runtime_flow.log:714:    fbGateway : FB_Gateway_Interface;
./repo_logs/assistant_bridge/2026_04_16/step_36_gateway_interface_audit/gateway_interface_audit.log:1356:./repo_logs/assistant_bridge/2026_04_16/step_02_nvram_topology/nvram_topology.log:504:    fbGateway : FB_Gateway_Interface;
./repo_logs/assistant_bridge/2026_04_16/step_36_gateway_interface_audit/gateway_interface_audit.log:1357:./repo_logs/assistant_bridge/2026_04_16/step_01_repo_baseline/baseline.log:81:./FB_Gateway_Interface.st
./repo_logs/assistant_bridge/2026_04_16/step_36_gateway_interface_audit/gateway_interface_audit.log:1358:./repo_logs/assistant_bridge/2026_04_16/step_01_repo_baseline/baseline.log:353:snapshots/project_clean_state_2026_04_16/FB_Gateway_Interface.st
./repo_logs/assistant_bridge/2026_04_16/step_36_gateway_interface_audit/gateway_interface_audit.log:1360:./FB_Gateway_Interface.st:1:FUNCTION_BLOCK FB_Gateway_Interface
./repo_logs/assistant_bridge/2026_04_16/step_36_gateway_interface_audit/gateway_interface_audit.log:1361:./FB_Gateway_Interface.st:320:// >>> BULK_SYNC_ANCHOR: FB_Gateway_Interface <<<
./repo_logs/assistant_bridge/2026_04_16/step_36_gateway_interface_audit/gateway_interface_audit.log:1362:./snapshots/project_clean_state_2026_04_16/steps/MASTER_PIPELINE/005_RESULT.xml:3929:<pou name="FB_Gateway_Interface" pouType="functionBlock">
./repo_logs/assistant_bridge/2026_04_16/step_36_gateway_interface_audit/gateway_interface_audit.log:1363:./snapshots/project_clean_state_2026_04_16/steps/MASTER_PIPELINE/005_RESULT.xml:4513:// &gt;&gt;&gt; BULK_SYNC_ANCHOR: FB_Gateway_Interface &lt;&lt;&lt;</xhtml>
./repo_logs/assistant_bridge/2026_04_16/step_36_gateway_interface_audit/gateway_interface_audit.log:1364:./snapshots/project_clean_state_2026_04_16/steps/MASTER_PIPELINE/005_RESULT.xml:9228:                <derived name="FB_Gateway_Interface" />
./repo_logs/assistant_bridge/2026_04_16/step_36_gateway_interface_audit/gateway_interface_audit.log:1365:./snapshots/project_clean_state_2026_04_16/steps/MASTER_PIPELINE/005_RESULT.xml:10720:                <derived name="FB_Gateway_Interface" />
./repo_logs/assistant_bridge/2026_04_16/step_36_gateway_interface_audit/gateway_interface_audit.log:1366:./snapshots/project_clean_state_2026_04_16/steps/MASTER_PIPELINE/005_RESULT.xml:12786:          <Object Name="FB_Gateway_Interface" />
./repo_logs/assistant_bridge/2026_04_16/step_36_gateway_interface_audit/gateway_interface_audit.log:1367:./snapshots/project_clean_state_2026_04_16/steps/MASTER_PIPELINE/001_universal_pou_builder.log:14:POU=FB_Gateway_Interface XML_NAME=FB_Gateway_Interface TYPE=functionBlock TREE=pous VARS=67 OBJECT_ID=0ad81c58-3bb7-4e6b-9ebb-1edbf7dbe44a WARN=VAR: unparsed lines=1
./repo_logs/assistant_bridge/2026_04_16/step_36_gateway_interface_audit/gateway_interface_audit.log:1368:./snapshots/project_clean_state_2026_04_16/steps/MASTER_PIPELINE/001_universal_pou_builder.log:49:OLD_POU_WINDOW_NAMES=PRG_PLC_A|PRG_PLC_B|FB_Access_Control|FB_AccessCode_Manager|FB_Astro_Timer|FB_BlackBox_Recorder|FB_Boiler_Cascade_Controller|FB_Boiler_Cascade_Manager|FB_Calibration_Manager|FB_CO_Detector|FB_CRC32_Calculator|FB_Debug_Logger|FB_Device_Predictive_Diag|FB_DHW_Manager|FB_Emergency_Valve_Open|FB_Exhaust_Ventilation_Controller|FB_Flood_Detector|FB_FloorHeating_Controller|FB_FloorHeating_Freeze_Protection|FB_FloorHeating_Overheat_Protection|FB_Gas_Methane_Detector|FB_Gas_Smoke_Manager|FB_Gas_Valve_Controller|FB_Gateway_Interface|FB_Heating_System_Manager|FB_History_Manager|FB_Lifetime_Predictor|FB_Lighting_Blinds_Manager|FB_Maintenance_Access|FB_Manifold_Mixing_Valve_Controller|FB_Manifold_Pump_Controller|FB_Manual_Valve_Control|FB_NVRAM_Manager|FB_Outdoor_Lighting_Controller|FB_PID_Controller|FB_PLC_Heartbeat|FB_Pre_Departure_Heating|FB_Presence_Playback|FB_Presence_Simulator|FB_Random_Generator|FB_Scenario_Manager|FB_Scenario_Transition_Controller|FB_Security_Alarm|FB_Security_System|FB_Security_System_Manager|FB_Sensor_Calibration_Processor|FB_Sensor_Distribution|FB_Simulation_Manager|FB_Smoke_Detector|FB_SMS_Notification|FB_State_Manager|FB_State_Snapshot_Manager|FB_State_Snapshot_NVRAM|FB_Supply_Ventilation_Controller|FB_Trend_Analyzer|FB_TwoFactor_Auth|FB_User_Rule_Engine|FB_Valve_Test|FB_Ventilation_System_Manager|FB_Water_Leakage_Manager|FB_Water_Valve_Controller|FB_Zone_Access_Manager|PRG_Main
./repo_logs/assistant_bridge/2026_04_16/step_36_gateway_interface_audit/gateway_interface_audit.log:1369:./snapshots/project_clean_state_2026_04_16/steps/MASTER_PIPELINE/æ¿ßΓÑ¼á π¼¡«ú« ñ«¼á.xml:5182:      <pou name="FB_Gateway_Interface" pouType="functionBlock">
./repo_logs/assistant_bridge/2026_04_16/step_36_gateway_interface_audit/gateway_interface_audit.log:1370:./snapshots/project_clean_state_2026_04_16/steps/MASTER_PIPELINE/æ¿ßΓÑ¼á π¼¡«ú« ñ«¼á.xml:10500:                <derived name="FB_Gateway_Interface" />
./repo_logs/assistant_bridge/2026_04_16/step_36_gateway_interface_audit/gateway_interface_audit.log:1371:./snapshots/project_clean_state_2026_04_16/steps/MASTER_PIPELINE/æ¿ßΓÑ¼á π¼¡«ú« ñ«¼á.xml:12130:          <Object Name="FB_Gateway_Interface" ObjectId="8ff42a0e-a7c6-44f9-829e-53e627090381" />
./repo_logs/assistant_bridge/2026_04_16/step_36_gateway_interface_audit/gateway_interface_audit.log:1372:./snapshots/project_clean_state_2026_04_16/steps/MASTER_PIPELINE/001_universal_v2.log:36:POU=FB_Gateway_Interface XML_NAME=FB_Gateway_Interface TYPE=functionBlock TREE=pous VARS=67 OBJECT_ID=f017a2cc-8244-4289-b9e5-269c38e51cdc WARN=VAR: unparsed lines=1
./repo_logs/assistant_bridge/2026_04_16/step_36_gateway_interface_audit/gateway_interface_audit.log:1373:./snapshots/project_clean_state_2026_04_16/steps/MASTER_PIPELINE/001_universal_v2.log:108:OLD_POU_WINDOW_NAMES=PRG_PLC_A|PRG_PLC_B|FB_Access_Control|FB_AccessCode_Manager|FB_Astro_Timer|FB_BlackBox_Recorder|FB_Boiler_Cascade_Controller|FB_Boiler_Cascade_Manager|FB_Calibration_Manager|FB_CO_Detector|FB_CRC32_Calculator|FB_Debug_Logger|FB_Device_Predictive_Diag|FB_DHW_Manager|FB_Emergency_Valve_Open|FB_Exhaust_Ventilation_Controller|FB_Flood_Detector|FB_FloorHeating_Controller|FB_FloorHeating_Freeze_Protection|FB_FloorHeating_Overheat_Protection|FB_Gas_Methane_Detector|FB_Gas_Smoke_Manager|FB_Gas_Valve_Controller|FB_Gateway_Interface|FB_Heating_System_Manager|FB_History_Manager|FB_Lifetime_Predictor|FB_Lighting_Blinds_Manager|FB_Maintenance_Access|FB_Manifold_Mixing_Valve_Controller|FB_Manifold_Pump_Controller|FB_Manual_Valve_Control|FB_NVRAM_Manager|FB_Outdoor_Lighting_Controller|FB_PID_Controller|FB_PLC_Heartbeat|FB_Pre_Departure_Heating|FB_Presence_Playback|FB_Presence_Simulator|FB_Random_Generator|FB_Scenario_Manager|FB_Scenario_Transition_Controller|FB_Security_Alarm|FB_Security_System|FB_Security_System_Manager|FB_Sensor_Calibration_Processor|FB_Sensor_Distribution|FB_Simulation_Manager|FB_Smoke_Detector|FB_SMS_Notification|FB_State_Manager|FB_State_Snapshot_Manager|FB_State_Snapshot_NVRAM|FB_Supply_Ventilation_Controller|FB_Trend_Analyzer|FB_TwoFactor_Auth|FB_User_Rule_Engine|FB_Valve_Test|FB_Ventilation_System_Manager|FB_Water_Leakage_Manager|FB_Water_Valve_Controller|FB_Zone_Access_Manager|PRG_Main
./repo_logs/assistant_bridge/2026_04_16/step_36_gateway_interface_audit/gateway_interface_audit.log:1374:./snapshots/project_clean_state_2026_04_16/steps/MASTER_PIPELINE/001_universal_v2.log:109:OLD_POUS_TREE_NAMES=FB_Lifetime_Predictor|FB_Gas_Valve_Controller|FB_TwoFactor_Auth|FB_Manual_Valve_Control|FB_Boiler_Cascade_Manager|FB_CRC32_Calculator|FB_Emergency_Valve_Open|FB_AccessCode_Manager|FB_Manifold_Pump_Controller|FB_Debug_Logger|FB_Astro_Timer|FB_BlackBox_Recorder|FB_PLC_Heartbeat|FB_User_Rule_Engine|FB_Water_Valve_Controller|FB_FloorHeating_Freeze_Protection|FB_Gateway_Interface|FB_Heating_System_Manager|FB_History_Manager|FB_Calibration_Manager|FB_CO_Detector|FB_FloorHeating_Overheat_Protection|FB_Gas_Methane_Detector|FB_Gas_Smoke_Manager|FB_Device_Predictive_Diag|FB_PID_Controller|FB_NVRAM_Manager|FB_Outdoor_Lighting_Controller|FB_Pre_Departure_Heating|FB_Exhaust_Ventilation_Controller|FB_Flood_Detector|FB_Valve_Test|FB_Zone_Access_Manager|FB_Ventilation_System_Manager|FB_Water_Leakage_Manager|FB_Random_Generator|FB_Scenario_Manager|FB_Scenario_Transition_Controller|FB_Boiler_Cascade_Controller|FB_Security_Alarm|FB_Security_System|FB_Security_System_Manager|FB_FloorHeating_Controller|FB_DHW_Manager|FB_Presence_Playback|FB_Presence_Simulator|FB_Lighting_Blinds_Manager|FB_Maintenance_Access|FB_Manifold_Mixing_Valve_Controller|FB_Sensor_Calibration_Processor|FB_Sensor_Distribution|FB_Simulation_Manager|FB_Smoke_Detector|FB_SMS_Notification|FB_State_Manager|FB_State_Snapshot_Manager|FB_State_Snapshot_NVRAM|FB_Supply_Ventilation_Controller|FB_Trend_Analyzer|FB_Access_Control
./repo_logs/assistant_bridge/2026_04_16/step_36_gateway_interface_audit/gateway_interface_audit.log:1375:./snapshots/project_clean_state_2026_04_16/steps/MASTER_PIPELINE/004_RESULT.xml:7393:      <pou name="FB_Gateway_Interface" pouType="functionBlock">
./repo_logs/assistant_bridge/2026_04_16/step_36_gateway_interface_audit/gateway_interface_audit.log:1376:./snapshots/project_clean_state_2026_04_16/steps/MASTER_PIPELINE/004_RESULT.xml:7977:// &gt;&gt;&gt; BULK_SYNC_ANCHOR: FB_Gateway_Interface &lt;&lt;&lt;</xhtml>
./repo_logs/assistant_bridge/2026_04_16/step_36_gateway_interface_audit/gateway_interface_audit.log:1377:./snapshots/project_clean_state_2026_04_16/steps/MASTER_PIPELINE/004_RESULT.xml:9518:                <derived name="FB_Gateway_Interface" />
./repo_logs/assistant_bridge/2026_04_16/step_36_gateway_interface_audit/gateway_interface_audit.log:1378:./snapshots/project_clean_state_2026_04_16/steps/MASTER_PIPELINE/004_RESULT.xml:11507:          <Object Name="FB_Gateway_Interface" ObjectId="35e75810-5286-4ff7-96c1-3c8befdde0cc" />
./repo_logs/assistant_bridge/2026_04_16/step_36_gateway_interface_audit/gateway_interface_audit.log:1379:./snapshots/project_clean_state_2026_04_16/steps/MASTER_PIPELINE/003_GVL_BASELINE_INPUT.xml:5306:<pou name="FB_Gateway_Interface" pouType="functionBlock">
./repo_logs/assistant_bridge/2026_04_16/step_36_gateway_interface_audit/gateway_interface_audit.log:1380:./snapshots/project_clean_state_2026_04_16/steps/MASTER_PIPELINE/003_GVL_BASELINE_INPUT.xml:5890:// &gt;&gt;&gt; BULK_SYNC_ANCHOR: FB_Gateway_Interface &lt;&lt;&lt;</xhtml>
./repo_logs/assistant_bridge/2026_04_16/step_36_gateway_interface_audit/gateway_interface_audit.log:1381:./snapshots/project_clean_state_2026_04_16/steps/MASTER_PIPELINE/003_GVL_BASELINE_INPUT.xml:10605:                <derived name="FB_Gateway_Interface" />
./repo_logs/assistant_bridge/2026_04_16/step_36_gateway_interface_audit/gateway_interface_audit.log:1382:./snapshots/project_clean_state_2026_04_16/steps/MASTER_PIPELINE/003_GVL_BASELINE_INPUT.xml:12217:          <Object Name="FB_Gateway_Interface" />
./repo_logs/assistant_bridge/2026_04_16/step_36_gateway_interface_audit/gateway_interface_audit.log:1383:./snapshots/project_clean_state_2026_04_16/steps/MASTER_PIPELINE/out/004_RESULT.xml:7393:      <pou name="FB_Gateway_Interface" pouType="functionBlock">
./repo_logs/assistant_bridge/2026_04_16/step_36_gateway_interface_audit/gateway_interface_audit.log:1384:./snapshots/project_clean_state_2026_04_16/steps/MASTER_PIPELINE/out/004_RESULT.xml:7977:// &gt;&gt;&gt; BULK_SYNC_ANCHOR: FB_Gateway_Interface &lt;&lt;&lt;</xhtml>
./repo_logs/assistant_bridge/2026_04_16/step_36_gateway_interface_audit/gateway_interface_audit.log:1385:./snapshots/project_clean_state_2026_04_16/steps/MASTER_PIPELINE/out/004_RESULT.xml:9518:                <derived name="FB_Gateway_Interface" />
./repo_logs/assistant_bridge/2026_04_16/step_36_gateway_interface_audit/gateway_interface_audit.log:1386:./snapshots/project_clean_state_2026_04_16/steps/MASTER_PIPELINE/out/004_RESULT.xml:11507:          <Object Name="FB_Gateway_Interface" ObjectId="2cc95ee2-fc8a-480e-a1ea-7b7390b8afc3" />
./repo_logs/assistant_bridge/2026_04_16/step_36_gateway_interface_audit/gateway_interface_audit.log:1387:./snapshots/project_clean_state_2026_04_16/steps/MASTER_PIPELINE/out/003_RESULT.xml:8770:      <pou name="FB_Gateway_Interface" pouType="functionBlock">
./repo_logs/assistant_bridge/2026_04_16/step_36_gateway_interface_audit/gateway_interface_audit.log:1388:./snapshots/project_clean_state_2026_04_16/steps/MASTER_PIPELINE/out/003_RESULT.xml:9354:// &gt;&gt;&gt; BULK_SYNC_ANCHOR: FB_Gateway_Interface &lt;&lt;&lt;</xhtml>
./repo_logs/assistant_bridge/2026_04_16/step_36_gateway_interface_audit/gateway_interface_audit.log:1389:./snapshots/project_clean_state_2026_04_16/steps/MASTER_PIPELINE/out/003_RESULT.xml:10895:                <derived name="FB_Gateway_Interface" />
./repo_logs/assistant_bridge/2026_04_16/step_36_gateway_interface_audit/gateway_interface_audit.log:1390:./snapshots/project_clean_state_2026_04_16/steps/MASTER_PIPELINE/out/003_RESULT.xml:12920:          <Object Name="FB_Gateway_Interface" ObjectId="7e9cb767-7f9b-479f-809a-1092900fe3b8" />
./repo_logs/assistant_bridge/2026_04_16/step_36_gateway_interface_audit/gateway_interface_audit.log:1391:./snapshots/project_clean_state_2026_04_16/steps/MASTER_PIPELINE/002_BASE.xml:7044:      <pou name="FB_Gateway_Interface" pouType="functionBlock">
./repo_logs/assistant_bridge/2026_04_16/step_36_gateway_interface_audit/gateway_interface_audit.log:1392:./snapshots/project_clean_state_2026_04_16/steps/MASTER_PIPELINE/002_BASE.xml:7621:// &gt;&gt;&gt; BULK_SYNC_ANCHOR: FB_Gateway_Interface &lt;&lt;&lt;</xhtml>
./repo_logs/assistant_bridge/2026_04_16/step_36_gateway_interface_audit/gateway_interface_audit.log:1393:./snapshots/project_clean_state_2026_04_16/steps/MASTER_PIPELINE/002_BASE.xml:16940:                <derived name="FB_Gateway_Interface" />
./repo_logs/assistant_bridge/2026_04_16/step_36_gateway_interface_audit/gateway_interface_audit.log:1394:./snapshots/project_clean_state_2026_04_16/steps/MASTER_PIPELINE/002_BASE.xml:19329:          <Object Name="FB_Gateway_Interface" ObjectId="f017a2cc-8244-4289-b9e5-269c38e51cdc" />
./repo_logs/assistant_bridge/2026_04_16/step_36_gateway_interface_audit/gateway_interface_audit.log:1395:./snapshots/project_clean_state_2026_04_16/steps/MASTER_PIPELINE/001_universal_methods_v1.log:36:POU=FB_Gateway_Interface XML_NAME=FB_Gateway_Interface TYPE=functionBlock TREE=pous VARS=67 METHODS=0 OBJECT_ID=0f1c9340-ce4e-4a39-b1ae-b40b6a0bb4f7 WARN=VAR: unparsed lines=1
./repo_logs/assistant_bridge/2026_04_16/step_36_gateway_interface_audit/gateway_interface_audit.log:1396:./snapshots/project_clean_state_2026_04_16/steps/MASTER_PIPELINE/001_universal_methods_v1.log:108:OLD_POU_WINDOW_NAMES=PRG_PLC_A|PRG_PLC_B|FB_Access_Control|FB_AccessCode_Manager|FB_Astro_Timer|FB_BlackBox_Recorder|FB_Boiler_Cascade_Controller|FB_Boiler_Cascade_Manager|FB_Calibration_Manager|FB_CO_Detector|FB_CRC32_Calculator|FB_Debug_Logger|FB_Device_Predictive_Diag|FB_DHW_Manager|FB_Emergency_Valve_Open|FB_Exhaust_Ventilation_Controller|FB_Flood_Detector|FB_FloorHeating_Controller|FB_FloorHeating_Freeze_Protection|FB_FloorHeating_Overheat_Protection|FB_Gas_Methane_Detector|FB_Gas_Smoke_Manager|FB_Gas_Valve_Controller|FB_Gateway_Interface|FB_Heating_System_Manager|FB_History_Manager|FB_Lifetime_Predictor|FB_Lighting_Blinds_Manager|FB_Maintenance_Access|FB_Manifold_Mixing_Valve_Controller|FB_Manifold_Pump_Controller|FB_Manual_Valve_Control|FB_NVRAM_Manager|FB_Outdoor_Lighting_Controller|FB_PID_Controller|FB_PLC_Heartbeat|FB_Pre_Departure_Heating|FB_Presence_Playback|FB_Presence_Simulator|FB_Random_Generator|FB_Scenario_Manager|FB_Scenario_Transition_Controller|FB_Security_Alarm|FB_Security_System|FB_Security_System_Manager|FB_Sensor_Calibration_Processor|FB_Sensor_Distribution|FB_Simulation_Manager|FB_Smoke_Detector|FB_SMS_Notification|FB_State_Manager|FB_State_Snapshot_Manager|FB_State_Snapshot_NVRAM|FB_Supply_Ventilation_Controller|FB_Trend_Analyzer|FB_TwoFactor_Auth|FB_User_Rule_Engine|FB_Valve_Test|FB_Ventilation_System_Manager|FB_Water_Leakage_Manager|FB_Water_Valve_Controller|FB_Zone_Access_Manager|PRG_Main
./repo_logs/assistant_bridge/2026_04_16/step_36_gateway_interface_audit/gateway_interface_audit.log:1397:./snapshots/project_clean_state_2026_04_16/steps/MASTER_PIPELINE/001_universal_methods_v1.log:109:OLD_POUS_TREE_NAMES=FB_Lifetime_Predictor|FB_Gas_Valve_Controller|FB_TwoFactor_Auth|FB_Manual_Valve_Control|FB_Boiler_Cascade_Manager|FB_CRC32_Calculator|FB_Emergency_Valve_Open|FB_AccessCode_Manager|FB_Manifold_Pump_Controller|FB_Debug_Logger|FB_Astro_Timer|FB_BlackBox_Recorder|FB_PLC_Heartbeat|FB_User_Rule_Engine|FB_Water_Valve_Controller|FB_FloorHeating_Freeze_Protection|FB_Gateway_Interface|FB_Heating_System_Manager|FB_History_Manager|FB_Calibration_Manager|FB_CO_Detector|FB_FloorHeating_Overheat_Protection|FB_Gas_Methane_Detector|FB_Gas_Smoke_Manager|FB_Device_Predictive_Diag|FB_PID_Controller|FB_NVRAM_Manager|FB_Outdoor_Lighting_Controller|FB_Pre_Departure_Heating|FB_Exhaust_Ventilation_Controller|FB_Flood_Detector|FB_Valve_Test|FB_Zone_Access_Manager|FB_Ventilation_System_Manager|FB_Water_Leakage_Manager|FB_Random_Generator|FB_Scenario_Manager|FB_Scenario_Transition_Controller|FB_Boiler_Cascade_Controller|FB_Security_Alarm|FB_Security_System|FB_Security_System_Manager|FB_FloorHeating_Controller|FB_DHW_Manager|FB_Presence_Playback|FB_Presence_Simulator|FB_Lighting_Blinds_Manager|FB_Maintenance_Access|FB_Manifold_Mixing_Valve_Controller|FB_Sensor_Calibration_Processor|FB_Sensor_Distribution|FB_Simulation_Manager|FB_Smoke_Detector|FB_SMS_Notification|FB_State_Manager|FB_State_Snapshot_Manager|FB_State_Snapshot_NVRAM|FB_Supply_Ventilation_Controller|FB_Trend_Analyzer|FB_Access_Control
./repo_logs/assistant_bridge/2026_04_16/step_36_gateway_interface_audit/gateway_interface_audit.log:1398:./snapshots/project_clean_state_2026_04_16/steps/MASTER_PIPELINE/003_RESULT.xml:8770:      <pou name="FB_Gateway_Interface" pouType="functionBlock">
./repo_logs/assistant_bridge/2026_04_16/step_36_gateway_interface_audit/gateway_interface_audit.log:1399:./snapshots/project_clean_state_2026_04_16/steps/MASTER_PIPELINE/003_RESULT.xml:9354:// &gt;&gt;&gt; BULK_SYNC_ANCHOR: FB_Gateway_Interface &lt;&lt;&lt;</xhtml>
./repo_logs/assistant_bridge/2026_04_16/step_36_gateway_interface_audit/gateway_interface_audit.log:1400:./snapshots/project_clean_state_2026_04_16/steps/MASTER_PIPELINE/003_RESULT.xml:10895:                <derived name="FB_Gateway_Interface" />
./repo_logs/assistant_bridge/2026_04_16/step_36_gateway_interface_audit/gateway_interface_audit.log:1401:./snapshots/project_clean_state_2026_04_16/steps/MASTER_PIPELINE/003_RESULT.xml:12920:          <Object Name="FB_Gateway_Interface" ObjectId="35e75810-5286-4ff7-96c1-3c8befdde0cc" />
./repo_logs/assistant_bridge/2026_04_16/step_36_gateway_interface_audit/gateway_interface_audit.log:1402:./snapshots/project_clean_state_2026_04_16/steps/MASTER_PIPELINE/001_universal.log:14:POU=FB_Gateway_Interface XML_NAME=FB_Gateway_Interface TYPE=functionBlock TREE=pous VARS=67 OBJECT_ID=0ad81c58-3bb7-4e6b-9ebb-1edbf7dbe44a WARN=VAR: unparsed lines=1
./repo_logs/assistant_bridge/2026_04_16/step_36_gateway_interface_audit/gateway_interface_audit.log:1403:./snapshots/project_clean_state_2026_04_16/steps/MASTER_PIPELINE/001_universal.log:49:OLD_POU_WINDOW_NAMES=PRG_PLC_A|PRG_PLC_B|FB_Access_Control|FB_AccessCode_Manager|FB_Astro_Timer|FB_BlackBox_Recorder|FB_Boiler_Cascade_Controller|FB_Boiler_Cascade_Manager|FB_Calibration_Manager|FB_CO_Detector|FB_CRC32_Calculator|FB_Debug_Logger|FB_Device_Predictive_Diag|FB_DHW_Manager|FB_Emergency_Valve_Open|FB_Exhaust_Ventilation_Controller|FB_Flood_Detector|FB_FloorHeating_Controller|FB_FloorHeating_Freeze_Protection|FB_FloorHeating_Overheat_Protection|FB_Gas_Methane_Detector|FB_Gas_Smoke_Manager|FB_Gas_Valve_Controller|FB_Gateway_Interface|FB_Heating_System_Manager|FB_History_Manager|FB_Lifetime_Predictor|FB_Lighting_Blinds_Manager|FB_Maintenance_Access|FB_Manifold_Mixing_Valve_Controller|FB_Manifold_Pump_Controller|FB_Manual_Valve_Control|FB_NVRAM_Manager|FB_Outdoor_Lighting_Controller|FB_PID_Controller|FB_PLC_Heartbeat|FB_Pre_Departure_Heating|FB_Presence_Playback|FB_Presence_Simulator|FB_Random_Generator|FB_Scenario_Manager|FB_Scenario_Transition_Controller|FB_Security_Alarm|FB_Security_System|FB_Security_System_Manager|FB_Sensor_Calibration_Processor|FB_Sensor_Distribution|FB_Simulation_Manager|FB_Smoke_Detector|FB_SMS_Notification|FB_State_Manager|FB_State_Snapshot_Manager|FB_State_Snapshot_NVRAM|FB_Supply_Ventilation_Controller|FB_Trend_Analyzer|FB_TwoFactor_Auth|FB_User_Rule_Engine|FB_Valve_Test|FB_Ventilation_System_Manager|FB_Water_Leakage_Manager|FB_Water_Valve_Controller|FB_Zone_Access_Manager|PRG_Main
./repo_logs/assistant_bridge/2026_04_16/step_36_gateway_interface_audit/gateway_interface_audit.log:1404:./snapshots/project_clean_state_2026_04_16/steps/MASTER_PIPELINE/archive_logs/003_GVL_XML_TEMPLATE_ANALYSIS.log:2902:<pou name="FB_Gateway_Interface" pouType="functionBlock">
./repo_logs/assistant_bridge/2026_04_16/step_36_gateway_interface_audit/gateway_interface_audit.log:1405:./snapshots/project_clean_state_2026_04_16/steps/MASTER_PIPELINE/archive_logs/003_GVL_XML_TEMPLATE_ANALYSIS.log:5005:                <derived name="FB_Gateway_Interface" />
./repo_logs/assistant_bridge/2026_04_16/step_36_gateway_interface_audit/gateway_interface_audit.log:1406:./snapshots/project_clean_state_2026_04_16/steps/MASTER_PIPELINE/archive_logs/002_build_clean_master_from_fb.log:20:FB=FB_Gateway_Interface VARS=67 WARN=VAR: unparsed lines=1
./repo_logs/assistant_bridge/2026_04_16/step_36_gateway_interface_audit/gateway_interface_audit.log:1407:./snapshots/project_clean_state_2026_04_16/steps/MASTER_PIPELINE/archive_logs/002_insert_fb_from_st_and_refresh_projectstructure.log:20:FB=FB_Gateway_Interface VARS=67 WARN=VAR: unparsed lines=1
./repo_logs/assistant_bridge/2026_04_16/step_36_gateway_interface_audit/gateway_interface_audit.log:1408:./snapshots/project_clean_state_2026_04_16/steps/MASTER_PIPELINE/archive_logs/002_run_full.log:20:FB=FB_Gateway_Interface VARS=67 WARN=VAR: unparsed lines=1
./repo_logs/assistant_bridge/2026_04_16/step_36_gateway_interface_audit/gateway_interface_audit.log:1409:./snapshots/project_clean_state_2026_04_16/steps/MASTER_PIPELINE/001_BASE.xml:5299:      <pou name="FB_Gateway_Interface" pouType="functionBlock">
./repo_logs/assistant_bridge/2026_04_16/step_36_gateway_interface_audit/gateway_interface_audit.log:1410:./snapshots/project_clean_state_2026_04_16/steps/MASTER_PIPELINE/001_BASE.xml:5883:// &gt;&gt;&gt; BULK_SYNC_ANCHOR: FB_Gateway_Interface &lt;&lt;&lt;</xhtml>
./repo_logs/assistant_bridge/2026_04_16/step_36_gateway_interface_audit/gateway_interface_audit.log:1411:./snapshots/project_clean_state_2026_04_16/steps/MASTER_PIPELINE/001_BASE.xml:11687:                <derived name="FB_Gateway_Interface" />
./repo_logs/assistant_bridge/2026_04_16/step_36_gateway_interface_audit/gateway_interface_audit.log:1412:./snapshots/project_clean_state_2026_04_16/Система умного дома.xml:5182:      <pou name="FB_Gateway_Interface" pouType="functionBlock">
./repo_logs/assistant_bridge/2026_04_16/step_36_gateway_interface_audit/gateway_interface_audit.log:1413:./snapshots/project_clean_state_2026_04_16/Система умного дома.xml:10500:                <derived name="FB_Gateway_Interface" />
./repo_logs/assistant_bridge/2026_04_16/step_36_gateway_interface_audit/gateway_interface_audit.log:1414:./snapshots/project_clean_state_2026_04_16/Система умного дома.xml:12130:          <Object Name="FB_Gateway_Interface" ObjectId="8ff42a0e-a7c6-44f9-829e-53e627090381" />
./repo_logs/assistant_bridge/2026_04_16/step_36_gateway_interface_audit/gateway_interface_audit.log:1415:./snapshots/project_clean_state_2026_04_16/diagnostics/2026_04_16/step_10_git_commit_failure_debug.log:85:./FB_Gateway_Interface.st
./repo_logs/assistant_bridge/2026_04_16/step_36_gateway_interface_audit/gateway_interface_audit.log:1416:./snapshots/project_clean_state_2026_04_16/diagnostics/2026_04_16/step_08_flatten_unpacked_root.log:65:./FB_Gateway_Interface.st
./repo_logs/assistant_bridge/2026_04_16/step_36_gateway_interface_audit/gateway_interface_audit.log:1417:./snapshots/project_clean_state_2026_04_16/diagnostics/2026_04_16/step_11_project_structure.log:62:./FB_Gateway_Interface.st
./repo_logs/assistant_bridge/2026_04_16/step_36_gateway_interface_audit/gateway_interface_audit.log:1418:./snapshots/project_clean_state_2026_04_16/diagnostics/2026_04_16/step_11_project_structure.log:305:./FB_Gateway_Interface.st
./repo_logs/assistant_bridge/2026_04_16/step_36_gateway_interface_audit/gateway_interface_audit.log:1419:./snapshots/project_clean_state_2026_04_16/компилятор/Система умного дома.xml:5182:      <pou name="FB_Gateway_Interface" pouType="functionBlock">
./repo_logs/assistant_bridge/2026_04_16/step_36_gateway_interface_audit/gateway_interface_audit.log:1420:./snapshots/project_clean_state_2026_04_16/компилятор/Система умного дома.xml:10500:                <derived name="FB_Gateway_Interface" />
./repo_logs/assistant_bridge/2026_04_16/step_36_gateway_interface_audit/gateway_interface_audit.log:1421:./snapshots/project_clean_state_2026_04_16/компилятор/Система умного дома.xml:12130:          <Object Name="FB_Gateway_Interface" ObjectId="8ff42a0e-a7c6-44f9-829e-53e627090381" />
./repo_logs/assistant_bridge/2026_04_16/step_36_gateway_interface_audit/gateway_interface_audit.log:1422:./snapshots/project_clean_state_2026_04_16/компилятор/out/RESULT_methods_clean.xml:9959:      <pou name="FB_Gateway_Interface" pouType="functionBlock">
./repo_logs/assistant_bridge/2026_04_16/step_36_gateway_interface_audit/gateway_interface_audit.log:1423:./snapshots/project_clean_state_2026_04_16/компилятор/out/RESULT_methods_clean.xml:10536:// &gt;&gt;&gt; BULK_SYNC_ANCHOR: FB_Gateway_Interface &lt;&lt;&lt;</xhtml>
./repo_logs/assistant_bridge/2026_04_16/step_36_gateway_interface_audit/gateway_interface_audit.log:1424:./snapshots/project_clean_state_2026_04_16/компилятор/out/RESULT_methods_clean.xml:18756:                <derived name="FB_Gateway_Interface" />
./repo_logs/assistant_bridge/2026_04_16/step_36_gateway_interface_audit/gateway_interface_audit.log:1425:./snapshots/project_clean_state_2026_04_16/компилятор/out/RESULT_methods_clean.xml:20257:          <Object Name="FB_Gateway_Interface" ObjectId="5ecdb311-fa59-446e-afa9-ad95e6ebaae3" />
./repo_logs/assistant_bridge/2026_04_16/step_36_gateway_interface_audit/gateway_interface_audit.log:1426:./snapshots/project_clean_state_2026_04_16/FB_Gateway_Interface.st:1:FUNCTION_BLOCK FB_Gateway_Interface
./repo_logs/assistant_bridge/2026_04_16/step_36_gateway_interface_audit/gateway_interface_audit.log:1427:./snapshots/project_clean_state_2026_04_16/FB_Gateway_Interface.st:320:// >>> BULK_SYNC_ANCHOR: FB_Gateway_Interface <<<
./repo_logs/assistant_bridge/2026_04_16/step_36_gateway_interface_audit/gateway_interface_audit.log:1428:./snapshots/project_clean_state_2026_04_16/диагностика/file_access_audit.log:95:FB_Gateway_Interface.st	file	yes	yes	yes	0o666
./repo_logs/assistant_bridge/2026_04_16/step_36_gateway_interface_audit/gateway_interface_audit.log:1429:./snapshots/project_clean_state_2026_04_16/диагностика/file_access_audit.log:582:save_2026-04-07/FB_Gateway_Interface.st	file	yes	yes	yes	0o666
./repo_logs/assistant_bridge/2026_04_16/step_36_gateway_interface_audit/gateway_interface_audit.log:1430:./snapshots/project_clean_state_2026_04_16/диагностика/file_access_audit.log:705:snapshots/clean_build_20260414_0820/FB_Gateway_Interface.st	file	yes	yes	yes	0o666
./repo_logs/assistant_bridge/2026_04_16/step_36_gateway_interface_audit/gateway_interface_audit.log:1431:./snapshots/project_clean_state_2026_04_16/диагностика/file_access_audit.log:1009:snapshots/clean_build_20260414_0820/save_2026-04-07/FB_Gateway_Interface.st	file	yes	yes	yes	0o666
./repo_logs/assistant_bridge/2026_04_16/step_36_gateway_interface_audit/gateway_interface_audit.log:1432:./snapshots/project_clean_state_2026_04_16/диагностика/file_access_audit.log:1585:snapshots/clean_build_2026_04_14/FB_Gateway_Interface.st	file	yes	yes	yes	0o666
./repo_logs/assistant_bridge/2026_04_16/step_36_gateway_interface_audit/gateway_interface_audit.log:1433:./snapshots/project_clean_state_2026_04_16/диагностика/file_access_audit.log:1890:snapshots/clean_build_2026_04_14/save_2026-04-07/FB_Gateway_Interface.st	file	yes	yes	yes	0o666
./repo_logs/assistant_bridge/2026_04_16/step_36_gateway_interface_audit/gateway_interface_audit.log:1434:./snapshots/project_clean_state_2026_04_16/диагностика/file_access_audit.log:2449:snapshots/clean_build_2026_04_15/FB_Gateway_Interface.st	file	yes	yes	yes	0o666
./repo_logs/assistant_bridge/2026_04_16/step_36_gateway_interface_audit/gateway_interface_audit.log:1435:./snapshots/project_clean_state_2026_04_16/диагностика/file_access_audit.log:2756:snapshots/clean_build_2026_04_15/save_2026-04-07/FB_Gateway_Interface.st	file	yes	yes	yes	0o666
./repo_logs/assistant_bridge/2026_04_16/step_36_gateway_interface_audit/gateway_interface_audit.log:1436:./snapshots/project_clean_state_2026_04_16/docs/FB_INVENTORY_AUDIT.md:94:| FB_Gateway_Interface | NOT_REVIEWED | TBD | TBD | TBD | Needs deeper audit | Open code and classify |
./repo_logs/assistant_bridge/2026_04_16/step_36_gateway_interface_audit/gateway_interface_audit.log:1437:./snapshots/project_clean_state_2026_04_16/workspace/export_forensics/sandbox/XML_INTERFACE_PREVIEW.txt:766:=== FB_Gateway_Interface.st ===
./repo_logs/assistant_bridge/2026_04_16/step_36_gateway_interface_audit/gateway_interface_audit.log:1438:./snapshots/project_clean_state_2026_04_16/workspace/export_forensics/sandbox/XML_BULK_SYNC_REPORT.txt:22:FB_Gateway_Interface	MISSING_IN_XML	FB_Gateway_Interface.st
./repo_logs/assistant_bridge/2026_04_16/step_36_gateway_interface_audit/gateway_interface_audit.log:1439:./snapshots/project_clean_state_2026_04_16/workspace/export_forensics/sandbox/SMART_HOME_SANDBOX_V7.xml:3986:      <pou name="FB_Gateway_Interface" pouType="functionBlock">
./repo_logs/assistant_bridge/2026_04_16/step_36_gateway_interface_audit/gateway_interface_audit.log:1440:./snapshots/project_clean_state_2026_04_16/workspace/export_forensics/sandbox/SMART_HOME_SANDBOX_V7.xml:8795:          <Object Name="FB_Gateway_Interface" ObjectId="8ff42a0e-a7c6-44f9-829e-53e627090381" />
./repo_logs/assistant_bridge/2026_04_16/step_36_gateway_interface_audit/gateway_interface_audit.log:1441:./snapshots/project_clean_state_2026_04_16/workspace/export_forensics/sandbox/SMART_HOME_SANDBOX_V6.xml:5182:      <pou name="FB_Gateway_Interface" pouType="functionBlock">
./repo_logs/assistant_bridge/2026_04_16/step_36_gateway_interface_audit/gateway_interface_audit.log:1442:./snapshots/project_clean_state_2026_04_16/workspace/export_forensics/sandbox/SMART_HOME_SANDBOX_V6.xml:10500:                <derived name="FB_Gateway_Interface" />
./repo_logs/assistant_bridge/2026_04_16/step_36_gateway_interface_audit/gateway_interface_audit.log:1443:./snapshots/project_clean_state_2026_04_16/workspace/export_forensics/sandbox/SMART_HOME_SANDBOX_V6.xml:14232:          <Object Name="FB_Gateway_Interface" ObjectId="8ff42a0e-a7c6-44f9-829e-53e627090381" />
./repo_logs/assistant_bridge/2026_04_16/step_36_gateway_interface_audit/gateway_interface_audit.log:1444:./snapshots/project_clean_state_2026_04_16/workspace/export_forensics/sandbox/XML_INTERFACE_PREVIEW_CLEAN.txt:731:=== FB_Gateway_Interface.st ===
./repo_logs/assistant_bridge/2026_04_16/step_36_gateway_interface_audit/gateway_interface_audit.log:1445:./snapshots/project_clean_state_2026_04_16/workspace/export_forensics/sandbox/XML_BULK_CLONE_VERIFIED_REPORT.txt:20:FB_Gateway_Interface
./repo_logs/assistant_bridge/2026_04_16/step_36_gateway_interface_audit/gateway_interface_audit.log:1446:./snapshots/project_clean_state_2026_04_16/workspace/export_forensics/sandbox/SMART_HOME_SANDBOX_V3.xml:5496:      <pou name="FB_Gateway_Interface" pouType="functionBlock">
./repo_logs/assistant_bridge/2026_04_16/step_36_gateway_interface_audit/gateway_interface_audit.log:1447:./snapshots/project_clean_state_2026_04_16/workspace/export_forensics/sandbox/SMART_HOME_SANDBOX_V3.xml:5947:// &gt;&gt;&gt; BULK_SYNC_ANCHOR: FB_Gateway_Interface &lt;&lt;&lt;
./repo_logs/assistant_bridge/2026_04_16/step_36_gateway_interface_audit/gateway_interface_audit.log:1448:./snapshots/project_clean_state_2026_04_16/workspace/export_forensics/sandbox/SMART_HOME_SANDBOX_V3.xml:11924:                <derived name="FB_Gateway_Interface" />
./repo_logs/assistant_bridge/2026_04_16/step_36_gateway_interface_audit/gateway_interface_audit.log:1449:./snapshots/project_clean_state_2026_04_16/workspace/export_forensics/sandbox/SMART_HOME_SANDBOX_V3.xml:14156:    fbGateway : FB_Gateway_Interface;
./repo_logs/assistant_bridge/2026_04_16/step_36_gateway_interface_audit/gateway_interface_audit.log:1450:./snapshots/project_clean_state_2026_04_16/workspace/export_forensics/sandbox/SMART_HOME_SANDBOX_V3.xml:16274:          <Object Name="FB_Gateway_Interface" ObjectId="8ff42a0e-a7c6-44f9-829e-53e627090381" />
./repo_logs/assistant_bridge/2026_04_16/step_36_gateway_interface_audit/gateway_interface_audit.log:1451:./snapshots/project_clean_state_2026_04_16/workspace/export_forensics/sandbox/SMART_HOME_SANDBOX.xml:5604:      <pou name="FB_Gateway_Interface" pouType="functionBlock">
./repo_logs/assistant_bridge/2026_04_16/step_36_gateway_interface_audit/gateway_interface_audit.log:1452:./snapshots/project_clean_state_2026_04_16/workspace/export_forensics/sandbox/SMART_HOME_SANDBOX.xml:12020:                <derived name="FB_Gateway_Interface" />
./repo_logs/assistant_bridge/2026_04_16/step_36_gateway_interface_audit/gateway_interface_audit.log:1453:./snapshots/project_clean_state_2026_04_16/workspace/export_forensics/sandbox/SMART_HOME_SANDBOX.xml:13650:          <Object Name="FB_Gateway_Interface" ObjectId="8ff42a0e-a7c6-44f9-829e-53e627090381" />
./repo_logs/assistant_bridge/2026_04_16/step_36_gateway_interface_audit/gateway_interface_audit.log:1454:./snapshots/project_clean_state_2026_04_16/workspace/export_forensics/sandbox/XML_BULK_SYNC_REPORT_V8.txt:22:FB_Gateway_Interface	PATCHED	FB_Gateway_Interface.st
./repo_logs/assistant_bridge/2026_04_16/step_36_gateway_interface_audit/gateway_interface_audit.log:1455:./snapshots/project_clean_state_2026_04_16/workspace/export_forensics/sandbox/SMART_HOME_SANDBOX_V4.xml:5496:      <pou name="FB_Gateway_Interface" pouType="functionBlock">
./repo_logs/assistant_bridge/2026_04_16/step_36_gateway_interface_audit/gateway_interface_audit.log:1456:./snapshots/project_clean_state_2026_04_16/workspace/export_forensics/sandbox/SMART_HOME_SANDBOX_V4.xml:5947:// &gt;&gt;&gt; BULK_SYNC_ANCHOR: FB_Gateway_Interface &lt;&lt;&lt;
./repo_logs/assistant_bridge/2026_04_16/step_36_gateway_interface_audit/gateway_interface_audit.log:1457:./snapshots/project_clean_state_2026_04_16/workspace/export_forensics/sandbox/SMART_HOME_SANDBOX_V4.xml:11924:                <derived name="FB_Gateway_Interface" />
./repo_logs/assistant_bridge/2026_04_16/step_36_gateway_interface_audit/gateway_interface_audit.log:1458:./snapshots/project_clean_state_2026_04_16/workspace/export_forensics/sandbox/SMART_HOME_SANDBOX_V4.xml:13770:          <Object Name="FB_Gateway_Interface" ObjectId="8ff42a0e-a7c6-44f9-829e-53e627090381" />
./repo_logs/assistant_bridge/2026_04_16/step_36_gateway_interface_audit/gateway_interface_audit.log:1459:./snapshots/project_clean_state_2026_04_16/workspace/export_forensics/sandbox/SMART_HOME_SANDBOX_V8.xml:5496:      <pou name="FB_Gateway_Interface" pouType="functionBlock">
./repo_logs/assistant_bridge/2026_04_16/step_36_gateway_interface_audit/gateway_interface_audit.log:1460:./snapshots/project_clean_state_2026_04_16/workspace/export_forensics/sandbox/SMART_HOME_SANDBOX_V8.xml:5947:// &gt;&gt;&gt; BULK_SYNC_ANCHOR: FB_Gateway_Interface &lt;&lt;&lt;
./repo_logs/assistant_bridge/2026_04_16/step_36_gateway_interface_audit/gateway_interface_audit.log:1461:./snapshots/project_clean_state_2026_04_16/workspace/export_forensics/sandbox/SMART_HOME_SANDBOX_V8.xml:11924:                <derived name="FB_Gateway_Interface" />
./repo_logs/assistant_bridge/2026_04_16/step_36_gateway_interface_audit/gateway_interface_audit.log:1462:./snapshots/project_clean_state_2026_04_16/workspace/export_forensics/sandbox/SMART_HOME_SANDBOX_V8.xml:15656:          <Object Name="FB_Gateway_Interface" ObjectId="8ff42a0e-a7c6-44f9-829e-53e627090381" />
./repo_logs/assistant_bridge/2026_04_16/step_36_gateway_interface_audit/gateway_interface_audit.log:1463:./snapshots/project_clean_state_2026_04_16/workspace/export_forensics/sandbox/XML_INTERFACE_PREVIEW_CLEAN_V2.txt:1825:=== FB_Gateway_Interface.st ===
./repo_logs/assistant_bridge/2026_04_16/step_36_gateway_interface_audit/gateway_interface_audit.log:1464:./snapshots/project_clean_state_2026_04_16/workspace/export_forensics/sandbox/XML_BULK_CLONE_PARAM_REPORT_V8.txt:30:FB_Gateway_Interface
./repo_logs/assistant_bridge/2026_04_16/step_36_gateway_interface_audit/gateway_interface_audit.log:1465:./snapshots/project_clean_state_2026_04_16/workspace/export_forensics/sandbox/XML_BULK_SYNC_REPORT_V3.txt:22:FB_Gateway_Interface	PATCHED	FB_Gateway_Interface.st
./repo_logs/assistant_bridge/2026_04_16/step_36_gateway_interface_audit/gateway_interface_audit.log:1466:./snapshots/project_clean_state_2026_04_16/workspace/export_forensics/sandbox/XML_BULK_SYNC_REPORT_FINAL.txt:22:FB_Gateway_Interface	ALREADY_SYNCED	FB_Gateway_Interface.st
./repo_logs/assistant_bridge/2026_04_16/step_36_gateway_interface_audit/gateway_interface_audit.log:1467:./snapshots/project_clean_state_2026_04_16/workspace/export_forensics/sandbox/SMART_HOME_SANDBOX_V2.xml:1666:                <Single Name="Text" Type="string">    fbGateway : FB_Gateway_Interface;</Single>
./repo_logs/assistant_bridge/2026_04_16/step_36_gateway_interface_audit/gateway_interface_audit.log:1468:./snapshots/project_clean_state_2026_04_16/workspace/export_forensics/sandbox/SMART_HOME_SANDBOX_V2.xml:12150:        <Single Name="Name" Type="string">FB_Gateway_Interface</Single>
./repo_logs/assistant_bridge/2026_04_16/step_36_gateway_interface_audit/gateway_interface_audit.log:1469:./snapshots/project_clean_state_2026_04_16/workspace/export_forensics/sandbox/SMART_HOME_SANDBOX_V2.xml:12623:                <Single Name="Text" Type="string">FUNCTION_BLOCK FB_Gateway_Interface</Single>
./repo_logs/assistant_bridge/2026_04_16/step_36_gateway_interface_audit/gateway_interface_audit.log:1470:./snapshots/project_clean_state_2026_04_16/workspace/export_forensics/sandbox/INTERFACE_PREVIEW.txt:690:=== FB_Gateway_Interface.st ===
./repo_logs/assistant_bridge/2026_04_16/step_36_gateway_interface_audit/gateway_interface_audit.log:1471:./snapshots/project_clean_state_2026_04_16/workspace/export_forensics/sandbox/BULK_ANCHOR_REPORT.txt:15:CHANGED	FB_Gateway_Interface.st
./repo_logs/assistant_bridge/2026_04_16/step_36_gateway_interface_audit/gateway_interface_audit.log:1472:./snapshots/project_clean_state_2026_04_16/workspace/export_forensics/sandbox/SMART_HOME_SANDBOX_MASTER_V001_BASE.xml:3212:                <derived name="FB_Gateway_Interface" />
./repo_logs/assistant_bridge/2026_04_16/step_36_gateway_interface_audit/gateway_interface_audit.log:1473:./snapshots/project_clean_state_2026_04_16/workspace/export_forensics/sandbox/SMART_HOME_SANDBOX_MASTER_V001_BASE.xml:4842:          <Object Name="FB_Gateway_Interface" ObjectId="8ff42a0e-a7c6-44f9-829e-53e627090381" />
./repo_logs/assistant_bridge/2026_04_16/step_36_gateway_interface_audit/gateway_interface_audit.log:1474:./snapshots/project_clean_state_2026_04_16/workspace/export_forensics/sandbox/SMART_HOME_SANDBOX_V9.xml:3214:                <derived name="FB_Gateway_Interface" />
./repo_logs/assistant_bridge/2026_04_16/step_36_gateway_interface_audit/gateway_interface_audit.log:1475:./snapshots/project_clean_state_2026_04_16/workspace/export_forensics/sandbox/SMART_HOME_SANDBOX_V9.xml:4856:          <Object Name="FB_Gateway_Interface" ObjectId="8ff42a0e-a7c6-44f9-829e-53e627090381" />
./repo_logs/assistant_bridge/2026_04_16/step_36_gateway_interface_audit/gateway_interface_audit.log:1476:./snapshots/project_clean_state_2026_04_16/workspace/export_forensics/sandbox/SMART_HOME_SANDBOX_V9.xml:5636:<pou name="FB_Gateway_Interface" pouType="functionBlock">
./repo_logs/assistant_bridge/2026_04_16/step_36_gateway_interface_audit/gateway_interface_audit.log:1477:./snapshots/project_clean_state_2026_04_16/workspace/export_forensics/sandbox/XML_BULK_SYNC_REPORT_V4.txt:22:FB_Gateway_Interface	PATCHED	FB_Gateway_Interface.st
./repo_logs/assistant_bridge/2026_04_16/step_36_gateway_interface_audit/gateway_interface_audit.log:1478:./snapshots/project_clean_state_2026_04_16/workspace/export_forensics/sandbox/SMART_HOME_SANDBOX_V5.xml:5182:      <pou name="FB_Gateway_Interface" pouType="functionBlock">
./repo_logs/assistant_bridge/2026_04_16/step_36_gateway_interface_audit/gateway_interface_audit.log:1479:./snapshots/project_clean_state_2026_04_16/workspace/export_forensics/sandbox/SMART_HOME_SANDBOX_V5.xml:10500:                <derived name="FB_Gateway_Interface" />
./repo_logs/assistant_bridge/2026_04_16/step_36_gateway_interface_audit/gateway_interface_audit.log:1480:./snapshots/project_clean_state_2026_04_16/workspace/export_forensics/sandbox/SMART_HOME_SANDBOX_V5.xml:14232:          <Object Name="FB_Gateway_Interface" ObjectId="8ff42a0e-a7c6-44f9-829e-53e627090381" />
./repo_logs/assistant_bridge/2026_04_16/step_36_gateway_interface_audit/gateway_interface_audit.log:1481:./snapshots/project_clean_state_2026_04_16/workspace/export_forensics/sandbox/REBUILD_FB_LOG_V9.txt:22:FB_Gateway_Interface: vars=0
./repo_logs/assistant_bridge/2026_04_16/step_36_gateway_interface_audit/gateway_interface_audit.log:1482:./snapshots/project_clean_state_2026_04_16/workspace/compile_green_cleanup_inventory_2026-04-12.md:42:- FB_Gateway_Interface.st
./repo_logs/assistant_bridge/2026_04_16/step_36_gateway_interface_audit/gateway_interface_audit.log:1483:./snapshots/project_clean_state_2026_04_16/workspace/index/root_repo_index.log:29:-rw-rw-rw-   1 codespace root         15621 Apr  7 11:33 FB_Gateway_Interface.st
./repo_logs/assistant_bridge/2026_04_16/step_36_gateway_interface_audit/gateway_interface_audit.log:1484:./snapshots/project_clean_state_2026_04_16/workspace/index/root_repo_index.log:130:./FB_Gateway_Interface.st
./repo_logs/assistant_bridge/2026_04_16/step_36_gateway_interface_audit/gateway_interface_audit.log:1485:./snapshots/project_clean_state_2026_04_16/workspace/system_layer_cleanup/inventory/00_expected_entrypoints.txt:5:FB_Gateway_Interface.st
./repo_logs/assistant_bridge/2026_04_16/step_36_gateway_interface_audit/gateway_interface_audit.log:1486:./snapshots/project_clean_state_2026_04_16/workspace/system_layer_cleanup/reports/01_system_entrypoints_discovery.txt:11:FB_Gateway_Interface.st :: score=4
./repo_logs/assistant_bridge/2026_04_16/step_36_gateway_interface_audit/gateway_interface_audit.log:1487:./snapshots/project_clean_state_2026_04_16/workspace/system_layer_cleanup/reports/02_system_entrypoints_filtered.txt:8:FB_Gateway_Interface.st
./repo_logs/assistant_bridge/2026_04_16/step_36_gateway_interface_audit/gateway_interface_audit.log:1488:./snapshots/project_clean_state_2026_04_16/workspace/gvl_constants_inventory_2026-04-12.md:11:- FB_Gateway_Interface
./repo_logs/assistant_bridge/2026_04_16/step_36_gateway_interface_audit/gateway_interface_audit.log:1489:./snapshots/project_clean_state_2026_04_16/workspace/gvl_constants_inventory_2026-04-12.md:18:- FB_Gateway_Interface
./repo_logs/assistant_bridge/2026_04_16/step_36_gateway_interface_audit/gateway_interface_audit.log:1490:./snapshots/project_clean_state_2026_04_16/workspace/gvl_constants_inventory_2026-04-12.md:24:- FB_Gateway_Interface
./repo_logs/assistant_bridge/2026_04_16/step_36_gateway_interface_audit/gateway_interface_audit.log:1491:./snapshots/project_clean_state_2026_04_16/PRG_System.st:13:    fbGateway : FB_Gateway_Interface;
./repo_logs/assistant_bridge/2026_04_16/step_36_gateway_interface_audit/gateway_interface_audit.log:1492:./snapshots/clean_build_2026_04_16/Система умного дома.xml:5182:      <pou name="FB_Gateway_Interface" pouType="functionBlock">
./repo_logs/assistant_bridge/2026_04_16/step_36_gateway_interface_audit/gateway_interface_audit.log:1493:./snapshots/clean_build_2026_04_16/Система умного дома.xml:10500:                <derived name="FB_Gateway_Interface" />
./repo_logs/assistant_bridge/2026_04_16/step_36_gateway_interface_audit/gateway_interface_audit.log:1494:./snapshots/clean_build_2026_04_16/Система умного дома.xml:12130:          <Object Name="FB_Gateway_Interface" ObjectId="8ff42a0e-a7c6-44f9-829e-53e627090381" />
./repo_logs/assistant_bridge/2026_04_16/step_36_gateway_interface_audit/gateway_interface_audit.log:1495:./snapshots/clean_build_2026_04_16/компилятор/Система умного дома.xml:5182:      <pou name="FB_Gateway_Interface" pouType="functionBlock">
./repo_logs/assistant_bridge/2026_04_16/step_36_gateway_interface_audit/gateway_interface_audit.log:1496:./snapshots/clean_build_2026_04_16/компилятор/Система умного дома.xml:10500:                <derived name="FB_Gateway_Interface" />
./repo_logs/assistant_bridge/2026_04_16/step_36_gateway_interface_audit/gateway_interface_audit.log:1497:./snapshots/clean_build_2026_04_16/компилятор/Система умного дома.xml:12130:          <Object Name="FB_Gateway_Interface" ObjectId="8ff42a0e-a7c6-44f9-829e-53e627090381" />
./repo_logs/assistant_bridge/2026_04_16/step_36_gateway_interface_audit/gateway_interface_audit.log:1498:./snapshots/clean_build_2026_04_16/компилятор/out/RESULT_methods_clean.xml:9959:      <pou name="FB_Gateway_Interface" pouType="functionBlock">
./repo_logs/assistant_bridge/2026_04_16/step_36_gateway_interface_audit/gateway_interface_audit.log:1499:./snapshots/clean_build_2026_04_16/компилятор/out/RESULT_methods_clean.xml:10536:// &gt;&gt;&gt; BULK_SYNC_ANCHOR: FB_Gateway_Interface &lt;&lt;&lt;</xhtml>
./repo_logs/assistant_bridge/2026_04_16/step_36_gateway_interface_audit/gateway_interface_audit.log:1500:./snapshots/clean_build_2026_04_16/компилятор/out/RESULT_methods_clean.xml:18756:                <derived name="FB_Gateway_Interface" />
./repo_logs/assistant_bridge/2026_04_16/step_36_gateway_interface_audit/gateway_interface_audit.log:1501:./snapshots/clean_build_2026_04_16/компилятор/out/RESULT_methods_clean.xml:20257:          <Object Name="FB_Gateway_Interface" ObjectId="5ecdb311-fa59-446e-afa9-ad95e6ebaae3" />
./repo_logs/assistant_bridge/2026_04_16/step_36_gateway_interface_audit/gateway_interface_audit.log:1502:./диагностика/file_access_audit.log:95:FB_Gateway_Interface.st	file	yes	yes	yes	0o666
./repo_logs/assistant_bridge/2026_04_16/step_36_gateway_interface_audit/gateway_interface_audit.log:1503:./диагностика/file_access_audit.log:582:save_2026-04-07/FB_Gateway_Interface.st	file	yes	yes	yes	0o666
./repo_logs/assistant_bridge/2026_04_16/step_36_gateway_interface_audit/gateway_interface_audit.log:1504:./диагностика/file_access_audit.log:705:snapshots/clean_build_20260414_0820/FB_Gateway_Interface.st	file	yes	yes	yes	0o666
./repo_logs/assistant_bridge/2026_04_16/step_36_gateway_interface_audit/gateway_interface_audit.log:1505:./диагностика/file_access_audit.log:1009:snapshots/clean_build_20260414_0820/save_2026-04-07/FB_Gateway_Interface.st	file	yes	yes	yes	0o666
./repo_logs/assistant_bridge/2026_04_16/step_36_gateway_interface_audit/gateway_interface_audit.log:1506:./диагностика/file_access_audit.log:1585:snapshots/clean_build_2026_04_14/FB_Gateway_Interface.st	file	yes	yes	yes	0o666
./repo_logs/assistant_bridge/2026_04_16/step_36_gateway_interface_audit/gateway_interface_audit.log:1507:./диагностика/file_access_audit.log:1890:snapshots/clean_build_2026_04_14/save_2026-04-07/FB_Gateway_Interface.st	file	yes	yes	yes	0o666
./repo_logs/assistant_bridge/2026_04_16/step_36_gateway_interface_audit/gateway_interface_audit.log:1508:./диагностика/file_access_audit.log:2449:snapshots/clean_build_2026_04_15/FB_Gateway_Interface.st	file	yes	yes	yes	0o666
./repo_logs/assistant_bridge/2026_04_16/step_36_gateway_interface_audit/gateway_interface_audit.log:1509:./диагностика/file_access_audit.log:2756:snapshots/clean_build_2026_04_15/save_2026-04-07/FB_Gateway_Interface.st	file	yes	yes	yes	0o666
./repo_logs/assistant_bridge/2026_04_16/step_36_gateway_interface_audit/gateway_interface_audit.log:1510:./docs/FB_INVENTORY_AUDIT.md:94:| FB_Gateway_Interface | NOT_REVIEWED | TBD | TBD | TBD | Needs deeper audit | Open code and classify |
./repo_logs/assistant_bridge/2026_04_16/step_36_gateway_interface_audit/gateway_interface_audit.log:1511:./workspace/export_forensics/sandbox/XML_INTERFACE_PREVIEW.txt:766:=== FB_Gateway_Interface.st ===
./repo_logs/assistant_bridge/2026_04_16/step_36_gateway_interface_audit/gateway_interface_audit.log:1512:./workspace/export_forensics/sandbox/XML_BULK_SYNC_REPORT.txt:22:FB_Gateway_Interface	MISSING_IN_XML	FB_Gateway_Interface.st
./repo_logs/assistant_bridge/2026_04_16/step_36_gateway_interface_audit/gateway_interface_audit.log:1513:./workspace/export_forensics/sandbox/SMART_HOME_SANDBOX_V7.xml:3986:      <pou name="FB_Gateway_Interface" pouType="functionBlock">
./repo_logs/assistant_bridge/2026_04_16/step_36_gateway_interface_audit/gateway_interface_audit.log:1514:./workspace/export_forensics/sandbox/SMART_HOME_SANDBOX_V7.xml:8795:          <Object Name="FB_Gateway_Interface" ObjectId="8ff42a0e-a7c6-44f9-829e-53e627090381" />
./repo_logs/assistant_bridge/2026_04_16/step_36_gateway_interface_audit/gateway_interface_audit.log:1515:./workspace/export_forensics/sandbox/SMART_HOME_SANDBOX_V6.xml:5182:      <pou name="FB_Gateway_Interface" pouType="functionBlock">
./repo_logs/assistant_bridge/2026_04_16/step_36_gateway_interface_audit/gateway_interface_audit.log:1516:./workspace/export_forensics/sandbox/SMART_HOME_SANDBOX_V6.xml:10500:                <derived name="FB_Gateway_Interface" />
./repo_logs/assistant_bridge/2026_04_16/step_36_gateway_interface_audit/gateway_interface_audit.log:1517:./workspace/export_forensics/sandbox/SMART_HOME_SANDBOX_V6.xml:14232:          <Object Name="FB_Gateway_Interface" ObjectId="8ff42a0e-a7c6-44f9-829e-53e627090381" />
./repo_logs/assistant_bridge/2026_04_16/step_36_gateway_interface_audit/gateway_interface_audit.log:1518:./workspace/export_forensics/sandbox/XML_INTERFACE_PREVIEW_CLEAN.txt:731:=== FB_Gateway_Interface.st ===
./repo_logs/assistant_bridge/2026_04_16/step_36_gateway_interface_audit/gateway_interface_audit.log:1519:./workspace/export_forensics/sandbox/XML_BULK_CLONE_VERIFIED_REPORT.txt:20:FB_Gateway_Interface
./repo_logs/assistant_bridge/2026_04_16/step_36_gateway_interface_audit/gateway_interface_audit.log:1520:./workspace/export_forensics/sandbox/SMART_HOME_SANDBOX_V3.xml:5496:      <pou name="FB_Gateway_Interface" pouType="functionBlock">
./repo_logs/assistant_bridge/2026_04_16/step_36_gateway_interface_audit/gateway_interface_audit.log:1521:./workspace/export_forensics/sandbox/SMART_HOME_SANDBOX_V3.xml:5947:// &gt;&gt;&gt; BULK_SYNC_ANCHOR: FB_Gateway_Interface &lt;&lt;&lt;
./repo_logs/assistant_bridge/2026_04_16/step_36_gateway_interface_audit/gateway_interface_audit.log:1522:./workspace/export_forensics/sandbox/SMART_HOME_SANDBOX_V3.xml:11924:                <derived name="FB_Gateway_Interface" />
./repo_logs/assistant_bridge/2026_04_16/step_36_gateway_interface_audit/gateway_interface_audit.log:1523:./workspace/export_forensics/sandbox/SMART_HOME_SANDBOX_V3.xml:14156:    fbGateway : FB_Gateway_Interface;
./repo_logs/assistant_bridge/2026_04_16/step_36_gateway_interface_audit/gateway_interface_audit.log:1524:./workspace/export_forensics/sandbox/SMART_HOME_SANDBOX_V3.xml:16274:          <Object Name="FB_Gateway_Interface" ObjectId="8ff42a0e-a7c6-44f9-829e-53e627090381" />
./repo_logs/assistant_bridge/2026_04_16/step_36_gateway_interface_audit/gateway_interface_audit.log:1525:./workspace/export_forensics/sandbox/SMART_HOME_SANDBOX.xml:5604:      <pou name="FB_Gateway_Interface" pouType="functionBlock">
./repo_logs/assistant_bridge/2026_04_16/step_36_gateway_interface_audit/gateway_interface_audit.log:1526:./workspace/export_forensics/sandbox/SMART_HOME_SANDBOX.xml:12020:                <derived name="FB_Gateway_Interface" />
./repo_logs/assistant_bridge/2026_04_16/step_36_gateway_interface_audit/gateway_interface_audit.log:1527:./workspace/export_forensics/sandbox/SMART_HOME_SANDBOX.xml:13650:          <Object Name="FB_Gateway_Interface" ObjectId="8ff42a0e-a7c6-44f9-829e-53e627090381" />
./repo_logs/assistant_bridge/2026_04_16/step_36_gateway_interface_audit/gateway_interface_audit.log:1528:./workspace/export_forensics/sandbox/XML_BULK_SYNC_REPORT_V8.txt:22:FB_Gateway_Interface	PATCHED	FB_Gateway_Interface.st
./repo_logs/assistant_bridge/2026_04_16/step_36_gateway_interface_audit/gateway_interface_audit.log:1529:./workspace/export_forensics/sandbox/SMART_HOME_SANDBOX_V4.xml:5496:      <pou name="FB_Gateway_Interface" pouType="functionBlock">
./repo_logs/assistant_bridge/2026_04_16/step_36_gateway_interface_audit/gateway_interface_audit.log:1530:./workspace/export_forensics/sandbox/SMART_HOME_SANDBOX_V4.xml:5947:// &gt;&gt;&gt; BULK_SYNC_ANCHOR: FB_Gateway_Interface &lt;&lt;&lt;
./repo_logs/assistant_bridge/2026_04_16/step_36_gateway_interface_audit/gateway_interface_audit.log:1531:./workspace/export_forensics/sandbox/SMART_HOME_SANDBOX_V4.xml:11924:                <derived name="FB_Gateway_Interface" />
./repo_logs/assistant_bridge/2026_04_16/step_36_gateway_interface_audit/gateway_interface_audit.log:1532:./workspace/export_forensics/sandbox/SMART_HOME_SANDBOX_V4.xml:13770:          <Object Name="FB_Gateway_Interface" ObjectId="8ff42a0e-a7c6-44f9-829e-53e627090381" />
./repo_logs/assistant_bridge/2026_04_16/step_36_gateway_interface_audit/gateway_interface_audit.log:1533:./workspace/export_forensics/sandbox/SMART_HOME_SANDBOX_V8.xml:5496:      <pou name="FB_Gateway_Interface" pouType="functionBlock">
./repo_logs/assistant_bridge/2026_04_16/step_36_gateway_interface_audit/gateway_interface_audit.log:1534:./workspace/export_forensics/sandbox/SMART_HOME_SANDBOX_V8.xml:5947:// &gt;&gt;&gt; BULK_SYNC_ANCHOR: FB_Gateway_Interface &lt;&lt;&lt;
./repo_logs/assistant_bridge/2026_04_16/step_36_gateway_interface_audit/gateway_interface_audit.log:1535:./workspace/export_forensics/sandbox/SMART_HOME_SANDBOX_V8.xml:11924:                <derived name="FB_Gateway_Interface" />
./repo_logs/assistant_bridge/2026_04_16/step_36_gateway_interface_audit/gateway_interface_audit.log:1536:./workspace/export_forensics/sandbox/SMART_HOME_SANDBOX_V8.xml:15656:          <Object Name="FB_Gateway_Interface" ObjectId="8ff42a0e-a7c6-44f9-829e-53e627090381" />
./repo_logs/assistant_bridge/2026_04_16/step_36_gateway_interface_audit/gateway_interface_audit.log:1537:./workspace/export_forensics/sandbox/XML_INTERFACE_PREVIEW_CLEAN_V2.txt:1825:=== FB_Gateway_Interface.st ===
./repo_logs/assistant_bridge/2026_04_16/step_36_gateway_interface_audit/gateway_interface_audit.log:1538:./workspace/export_forensics/sandbox/XML_BULK_CLONE_PARAM_REPORT_V8.txt:30:FB_Gateway_Interface
./repo_logs/assistant_bridge/2026_04_16/step_36_gateway_interface_audit/gateway_interface_audit.log:1539:./workspace/export_forensics/sandbox/XML_BULK_SYNC_REPORT_V3.txt:22:FB_Gateway_Interface	PATCHED	FB_Gateway_Interface.st
./repo_logs/assistant_bridge/2026_04_16/step_36_gateway_interface_audit/gateway_interface_audit.log:1540:./workspace/export_forensics/sandbox/XML_BULK_SYNC_REPORT_FINAL.txt:22:FB_Gateway_Interface	ALREADY_SYNCED	FB_Gateway_Interface.st
./repo_logs/assistant_bridge/2026_04_16/step_36_gateway_interface_audit/gateway_interface_audit.log:1541:./workspace/export_forensics/sandbox/SMART_HOME_SANDBOX_V2.xml:1666:                <Single Name="Text" Type="string">    fbGateway : FB_Gateway_Interface;</Single>
./repo_logs/assistant_bridge/2026_04_16/step_36_gateway_interface_audit/gateway_interface_audit.log:1542:./workspace/export_forensics/sandbox/SMART_HOME_SANDBOX_V2.xml:12150:        <Single Name="Name" Type="string">FB_Gateway_Interface</Single>
./repo_logs/assistant_bridge/2026_04_16/step_36_gateway_interface_audit/gateway_interface_audit.log:1543:./workspace/export_forensics/sandbox/SMART_HOME_SANDBOX_V2.xml:12623:                <Single Name="Text" Type="string">FUNCTION_BLOCK FB_Gateway_Interface</Single>
./repo_logs/assistant_bridge/2026_04_16/step_36_gateway_interface_audit/gateway_interface_audit.log:1544:./workspace/export_forensics/sandbox/INTERFACE_PREVIEW.txt:690:=== FB_Gateway_Interface.st ===
./repo_logs/assistant_bridge/2026_04_16/step_36_gateway_interface_audit/gateway_interface_audit.log:1545:./workspace/export_forensics/sandbox/BULK_ANCHOR_REPORT.txt:15:CHANGED	FB_Gateway_Interface.st
./repo_logs/assistant_bridge/2026_04_16/step_36_gateway_interface_audit/gateway_interface_audit.log:1546:./workspace/export_forensics/sandbox/SMART_HOME_SANDBOX_MASTER_V001_BASE.xml:3212:                <derived name="FB_Gateway_Interface" />
./repo_logs/assistant_bridge/2026_04_16/step_36_gateway_interface_audit/gateway_interface_audit.log:1547:./workspace/export_forensics/sandbox/SMART_HOME_SANDBOX_MASTER_V001_BASE.xml:4842:          <Object Name="FB_Gateway_Interface" ObjectId="8ff42a0e-a7c6-44f9-829e-53e627090381" />
./repo_logs/assistant_bridge/2026_04_16/step_36_gateway_interface_audit/gateway_interface_audit.log:1548:./workspace/export_forensics/sandbox/SMART_HOME_SANDBOX_V9.xml:3214:                <derived name="FB_Gateway_Interface" />
./repo_logs/assistant_bridge/2026_04_16/step_36_gateway_interface_audit/gateway_interface_audit.log:1549:./workspace/export_forensics/sandbox/SMART_HOME_SANDBOX_V9.xml:4856:          <Object Name="FB_Gateway_Interface" ObjectId="8ff42a0e-a7c6-44f9-829e-53e627090381" />
./repo_logs/assistant_bridge/2026_04_16/step_36_gateway_interface_audit/gateway_interface_audit.log:1550:./workspace/export_forensics/sandbox/SMART_HOME_SANDBOX_V9.xml:5636:<pou name="FB_Gateway_Interface" pouType="functionBlock">
./repo_logs/assistant_bridge/2026_04_16/step_36_gateway_interface_audit/gateway_interface_audit.log:1551:./workspace/export_forensics/sandbox/XML_BULK_SYNC_REPORT_V4.txt:22:FB_Gateway_Interface	PATCHED	FB_Gateway_Interface.st
./repo_logs/assistant_bridge/2026_04_16/step_36_gateway_interface_audit/gateway_interface_audit.log:1552:./workspace/export_forensics/sandbox/SMART_HOME_SANDBOX_V5.xml:5182:      <pou name="FB_Gateway_Interface" pouType="functionBlock">
./repo_logs/assistant_bridge/2026_04_16/step_36_gateway_interface_audit/gateway_interface_audit.log:1553:./workspace/export_forensics/sandbox/SMART_HOME_SANDBOX_V5.xml:10500:                <derived name="FB_Gateway_Interface" />
./repo_logs/assistant_bridge/2026_04_16/step_36_gateway_interface_audit/gateway_interface_audit.log:1554:./workspace/export_forensics/sandbox/SMART_HOME_SANDBOX_V5.xml:14232:          <Object Name="FB_Gateway_Interface" ObjectId="8ff42a0e-a7c6-44f9-829e-53e627090381" />
./repo_logs/assistant_bridge/2026_04_16/step_36_gateway_interface_audit/gateway_interface_audit.log:1555:./workspace/export_forensics/sandbox/REBUILD_FB_LOG_V9.txt:22:FB_Gateway_Interface: vars=0
./repo_logs/assistant_bridge/2026_04_16/step_36_gateway_interface_audit/gateway_interface_audit.log:1556:./workspace/compile_green_cleanup_inventory_2026-04-12.md:42:- FB_Gateway_Interface.st
./repo_logs/assistant_bridge/2026_04_16/step_36_gateway_interface_audit/gateway_interface_audit.log:1557:./workspace/index/root_repo_index.log:29:-rw-rw-rw-   1 codespace root         15621 Apr  7 11:33 FB_Gateway_Interface.st
./repo_logs/assistant_bridge/2026_04_16/step_36_gateway_interface_audit/gateway_interface_audit.log:1558:./workspace/index/root_repo_index.log:130:./FB_Gateway_Interface.st
./repo_logs/assistant_bridge/2026_04_16/step_36_gateway_interface_audit/gateway_interface_audit.log:1559:./workspace/system_layer_cleanup/inventory/00_expected_entrypoints.txt:5:FB_Gateway_Interface.st
./repo_logs/assistant_bridge/2026_04_16/step_36_gateway_interface_audit/gateway_interface_audit.log:1560:./workspace/system_layer_cleanup/reports/01_system_entrypoints_discovery.txt:11:FB_Gateway_Interface.st :: score=4
./repo_logs/assistant_bridge/2026_04_16/step_36_gateway_interface_audit/gateway_interface_audit.log:1561:./workspace/system_layer_cleanup/reports/02_system_entrypoints_filtered.txt:8:FB_Gateway_Interface.st
./repo_logs/assistant_bridge/2026_04_16/step_36_gateway_interface_audit/gateway_interface_audit.log:1562:./workspace/gvl_constants_inventory_2026-04-12.md:11:- FB_Gateway_Interface
./repo_logs/assistant_bridge/2026_04_16/step_36_gateway_interface_audit/gateway_interface_audit.log:1563:./workspace/gvl_constants_inventory_2026-04-12.md:18:- FB_Gateway_Interface
./repo_logs/assistant_bridge/2026_04_16/step_36_gateway_interface_audit/gateway_interface_audit.log:1564:./workspace/gvl_constants_inventory_2026-04-12.md:24:- FB_Gateway_Interface
./repo_logs/assistant_bridge/2026_04_16/step_36_gateway_interface_audit/gateway_interface_audit.log:1566:./PRG_System.st:13:    fbGateway : FB_Gateway_Interface;
./repo_logs/assistant_bridge/2026_04_16/step_36_gateway_interface_audit/gateway_interface_audit.log:1799:./steps/MASTER_PIPELINE/001_universal_pou_builder.log:49:OLD_POU_WINDOW_NAMES=PRG_PLC_A|PRG_PLC_B|FB_Access_Control|FB_AccessCode_Manager|FB_Astro_Timer|FB_BlackBox_Recorder|FB_Boiler_Cascade_Controller|FB_Boiler_Cascade_Manager|FB_Calibration_Manager|FB_CO_Detector|FB_CRC32_Calculator|FB_Debug_Logger|FB_Device_Predictive_Diag|FB_DHW_Manager|FB_Emergency_Valve_Open|FB_Exhaust_Ventilation_Controller|FB_Flood_Detector|FB_FloorHeating_Controller|FB_FloorHeating_Freeze_Protection|FB_FloorHeating_Overheat_Protection|FB_Gas_Methane_Detector|FB_Gas_Smoke_Manager|FB_Gas_Valve_Controller|FB_Gateway_Interface|FB_Heating_System_Manager|FB_History_Manager|FB_Lifetime_Predictor|FB_Lighting_Blinds_Manager|FB_Maintenance_Access|FB_Manifold_Mixing_Valve_Controller|FB_Manifold_Pump_Controller|FB_Manual_Valve_Control|FB_NVRAM_Manager|FB_Outdoor_Lighting_Controller|FB_PID_Controller|FB_PLC_Heartbeat|FB_Pre_Departure_Heating|FB_Presence_Playback|FB_Presence_Simulator|FB_Random_Generator|FB_Scenario_Manager|FB_Scenario_Transition_Controller|FB_Security_Alarm|FB_Security_System|FB_Security_System_Manager|FB_Sensor_Calibration_Processor|FB_Sensor_Distribution|FB_Simulation_Manager|FB_Smoke_Detector|FB_SMS_Notification|FB_State_Manager|FB_State_Snapshot_Manager|FB_State_Snapshot_NVRAM|FB_Supply_Ventilation_Controller|FB_Trend_Analyzer|FB_TwoFactor_Auth|FB_User_Rule_Engine|FB_Valve_Test|FB_Ventilation_System_Manager|FB_Water_Leakage_Manager|FB_Water_Valve_Controller|FB_Zone_Access_Manager|PRG_Main
./repo_logs/assistant_bridge/2026_04_16/step_36_gateway_interface_audit/gateway_interface_audit.log:1865:./steps/MASTER_PIPELINE/001_universal_v2.log:108:OLD_POU_WINDOW_NAMES=PRG_PLC_A|PRG_PLC_B|FB_Access_Control|FB_AccessCode_Manager|FB_Astro_Timer|FB_BlackBox_Recorder|FB_Boiler_Cascade_Controller|FB_Boiler_Cascade_Manager|FB_Calibration_Manager|FB_CO_Detector|FB_CRC32_Calculator|FB_Debug_Logger|FB_Device_Predictive_Diag|FB_DHW_Manager|FB_Emergency_Valve_Open|FB_Exhaust_Ventilation_Controller|FB_Flood_Detector|FB_FloorHeating_Controller|FB_FloorHeating_Freeze_Protection|FB_FloorHeating_Overheat_Protection|FB_Gas_Methane_Detector|FB_Gas_Smoke_Manager|FB_Gas_Valve_Controller|FB_Gateway_Interface|FB_Heating_System_Manager|FB_History_Manager|FB_Lifetime_Predictor|FB_Lighting_Blinds_Manager|FB_Maintenance_Access|FB_Manifold_Mixing_Valve_Controller|FB_Manifold_Pump_Controller|FB_Manual_Valve_Control|FB_NVRAM_Manager|FB_Outdoor_Lighting_Controller|FB_PID_Controller|FB_PLC_Heartbeat|FB_Pre_Departure_Heating|FB_Presence_Playback|FB_Presence_Simulator|FB_Random_Generator|FB_Scenario_Manager|FB_Scenario_Transition_Controller|FB_Security_Alarm|FB_Security_System|FB_Security_System_Manager|FB_Sensor_Calibration_Processor|FB_Sensor_Distribution|FB_Simulation_Manager|FB_Smoke_Detector|FB_SMS_Notification|FB_State_Manager|FB_State_Snapshot_Manager|FB_State_Snapshot_NVRAM|FB_Supply_Ventilation_Controller|FB_Trend_Analyzer|FB_TwoFactor_Auth|FB_User_Rule_Engine|FB_Valve_Test|FB_Ventilation_System_Manager|FB_Water_Leakage_Manager|FB_Water_Valve_Controller|FB_Zone_Access_Manager|PRG_Main
./repo_logs/assistant_bridge/2026_04_16/step_36_gateway_interface_audit/gateway_interface_audit.log:1866:./steps/MASTER_PIPELINE/001_universal_v2.log:109:OLD_POUS_TREE_NAMES=FB_Lifetime_Predictor|FB_Gas_Valve_Controller|FB_TwoFactor_Auth|FB_Manual_Valve_Control|FB_Boiler_Cascade_Manager|FB_CRC32_Calculator|FB_Emergency_Valve_Open|FB_AccessCode_Manager|FB_Manifold_Pump_Controller|FB_Debug_Logger|FB_Astro_Timer|FB_BlackBox_Recorder|FB_PLC_Heartbeat|FB_User_Rule_Engine|FB_Water_Valve_Controller|FB_FloorHeating_Freeze_Protection|FB_Gateway_Interface|FB_Heating_System_Manager|FB_History_Manager|FB_Calibration_Manager|FB_CO_Detector|FB_FloorHeating_Overheat_Protection|FB_Gas_Methane_Detector|FB_Gas_Smoke_Manager|FB_Device_Predictive_Diag|FB_PID_Controller|FB_NVRAM_Manager|FB_Outdoor_Lighting_Controller|FB_Pre_Departure_Heating|FB_Exhaust_Ventilation_Controller|FB_Flood_Detector|FB_Valve_Test|FB_Zone_Access_Manager|FB_Ventilation_System_Manager|FB_Water_Leakage_Manager|FB_Random_Generator|FB_Scenario_Manager|FB_Scenario_Transition_Controller|FB_Boiler_Cascade_Controller|FB_Security_Alarm|FB_Security_System|FB_Security_System_Manager|FB_FloorHeating_Controller|FB_DHW_Manager|FB_Presence_Playback|FB_Presence_Simulator|FB_Lighting_Blinds_Manager|FB_Maintenance_Access|FB_Manifold_Mixing_Valve_Controller|FB_Sensor_Calibration_Processor|FB_Sensor_Distribution|FB_Simulation_Manager|FB_Smoke_Detector|FB_SMS_Notification|FB_State_Manager|FB_State_Snapshot_Manager|FB_State_Snapshot_NVRAM|FB_Supply_Ventilation_Controller|FB_Trend_Analyzer|FB_Access_Control
./repo_logs/assistant_bridge/2026_04_16/step_36_gateway_interface_audit/gateway_interface_audit.log:2700:./steps/MASTER_PIPELINE/001_universal_methods_v1.log:108:OLD_POU_WINDOW_NAMES=PRG_PLC_A|PRG_PLC_B|FB_Access_Control|FB_AccessCode_Manager|FB_Astro_Timer|FB_BlackBox_Recorder|FB_Boiler_Cascade_Controller|FB_Boiler_Cascade_Manager|FB_Calibration_Manager|FB_CO_Detector|FB_CRC32_Calculator|FB_Debug_Logger|FB_Device_Predictive_Diag|FB_DHW_Manager|FB_Emergency_Valve_Open|FB_Exhaust_Ventilation_Controller|FB_Flood_Detector|FB_FloorHeating_Controller|FB_FloorHeating_Freeze_Protection|FB_FloorHeating_Overheat_Protection|FB_Gas_Methane_Detector|FB_Gas_Smoke_Manager|FB_Gas_Valve_Controller|FB_Gateway_Interface|FB_Heating_System_Manager|FB_History_Manager|FB_Lifetime_Predictor|FB_Lighting_Blinds_Manager|FB_Maintenance_Access|FB_Manifold_Mixing_Valve_Controller|FB_Manifold_Pump_Controller|FB_Manual_Valve_Control|FB_NVRAM_Manager|FB_Outdoor_Lighting_Controller|FB_PID_Controller|FB_PLC_Heartbeat|FB_Pre_Departure_Heating|FB_Presence_Playback|FB_Presence_Simulator|FB_Random_Generator|FB_Scenario_Manager|FB_Scenario_Transition_Controller|FB_Security_Alarm|FB_Security_System|FB_Security_System_Manager|FB_Sensor_Calibration_Processor|FB_Sensor_Distribution|FB_Simulation_Manager|FB_Smoke_Detector|FB_SMS_Notification|FB_State_Manager|FB_State_Snapshot_Manager|FB_State_Snapshot_NVRAM|FB_Supply_Ventilation_Controller|FB_Trend_Analyzer|FB_TwoFactor_Auth|FB_User_Rule_Engine|FB_Valve_Test|FB_Ventilation_System_Manager|FB_Water_Leakage_Manager|FB_Water_Valve_Controller|FB_Zone_Access_Manager|PRG_Main
./repo_logs/assistant_bridge/2026_04_16/step_36_gateway_interface_audit/gateway_interface_audit.log:2701:./steps/MASTER_PIPELINE/001_universal_methods_v1.log:109:OLD_POUS_TREE_NAMES=FB_Lifetime_Predictor|FB_Gas_Valve_Controller|FB_TwoFactor_Auth|FB_Manual_Valve_Control|FB_Boiler_Cascade_Manager|FB_CRC32_Calculator|FB_Emergency_Valve_Open|FB_AccessCode_Manager|FB_Manifold_Pump_Controller|FB_Debug_Logger|FB_Astro_Timer|FB_BlackBox_Recorder|FB_PLC_Heartbeat|FB_User_Rule_Engine|FB_Water_Valve_Controller|FB_FloorHeating_Freeze_Protection|FB_Gateway_Interface|FB_Heating_System_Manager|FB_History_Manager|FB_Calibration_Manager|FB_CO_Detector|FB_FloorHeating_Overheat_Protection|FB_Gas_Methane_Detector|FB_Gas_Smoke_Manager|FB_Device_Predictive_Diag|FB_PID_Controller|FB_NVRAM_Manager|FB_Outdoor_Lighting_Controller|FB_Pre_Departure_Heating|FB_Exhaust_Ventilation_Controller|FB_Flood_Detector|FB_Valve_Test|FB_Zone_Access_Manager|FB_Ventilation_System_Manager|FB_Water_Leakage_Manager|FB_Random_Generator|FB_Scenario_Manager|FB_Scenario_Transition_Controller|FB_Boiler_Cascade_Controller|FB_Security_Alarm|FB_Security_System|FB_Security_System_Manager|FB_FloorHeating_Controller|FB_DHW_Manager|FB_Presence_Playback|FB_Presence_Simulator|FB_Lighting_Blinds_Manager|FB_Maintenance_Access|FB_Manifold_Mixing_Valve_Controller|FB_Sensor_Calibration_Processor|FB_Sensor_Distribution|FB_Simulation_Manager|FB_Smoke_Detector|FB_SMS_Notification|FB_State_Manager|FB_State_Snapshot_Manager|FB_State_Snapshot_NVRAM|FB_Supply_Ventilation_Controller|FB_Trend_Analyzer|FB_Access_Control
./repo_logs/assistant_bridge/2026_04_16/step_36_gateway_interface_audit/gateway_interface_audit.log:2868:./steps/MASTER_PIPELINE/001_universal.log:49:OLD_POU_WINDOW_NAMES=PRG_PLC_A|PRG_PLC_B|FB_Access_Control|FB_AccessCode_Manager|FB_Astro_Timer|FB_BlackBox_Recorder|FB_Boiler_Cascade_Controller|FB_Boiler_Cascade_Manager|FB_Calibration_Manager|FB_CO_Detector|FB_CRC32_Calculator|FB_Debug_Logger|FB_Device_Predictive_Diag|FB_DHW_Manager|FB_Emergency_Valve_Open|FB_Exhaust_Ventilation_Controller|FB_Flood_Detector|FB_FloorHeating_Controller|FB_FloorHeating_Freeze_Protection|FB_FloorHeating_Overheat_Protection|FB_Gas_Methane_Detector|FB_Gas_Smoke_Manager|FB_Gas_Valve_Controller|FB_Gateway_Interface|FB_Heating_System_Manager|FB_History_Manager|FB_Lifetime_Predictor|FB_Lighting_Blinds_Manager|FB_Maintenance_Access|FB_Manifold_Mixing_Valve_Controller|FB_Manifold_Pump_Controller|FB_Manual_Valve_Control|FB_NVRAM_Manager|FB_Outdoor_Lighting_Controller|FB_PID_Controller|FB_PLC_Heartbeat|FB_Pre_Departure_Heating|FB_Presence_Playback|FB_Presence_Simulator|FB_Random_Generator|FB_Scenario_Manager|FB_Scenario_Transition_Controller|FB_Security_Alarm|FB_Security_System|FB_Security_System_Manager|FB_Sensor_Calibration_Processor|FB_Sensor_Distribution|FB_Simulation_Manager|FB_Smoke_Detector|FB_SMS_Notification|FB_State_Manager|FB_State_Snapshot_Manager|FB_State_Snapshot_NVRAM|FB_Supply_Ventilation_Controller|FB_Trend_Analyzer|FB_TwoFactor_Auth|FB_User_Rule_Engine|FB_Valve_Test|FB_Ventilation_System_Manager|FB_Water_Leakage_Manager|FB_Water_Valve_Controller|FB_Zone_Access_Manager|PRG_Main
./repo_logs/assistant_bridge/2026_04_16/step_36_gateway_interface_audit/gateway_interface_audit.log:3359:./diagnostics/2026_04_16/step_14_nvram_audit.log:353:./steps/MASTER_PIPELINE/001_universal_pou_builder.log:49:OLD_POU_WINDOW_NAMES=PRG_PLC_A|PRG_PLC_B|FB_Access_Control|FB_AccessCode_Manager|FB_Astro_Timer|FB_BlackBox_Recorder|FB_Boiler_Cascade_Controller|FB_Boiler_Cascade_Manager|FB_Calibration_Manager|FB_CO_Detector|FB_CRC32_Calculator|FB_Debug_Logger|FB_Device_Predictive_Diag|FB_DHW_Manager|FB_Emergency_Valve_Open|FB_Exhaust_Ventilation_Controller|FB_Flood_Detector|FB_FloorHeating_Controller|FB_FloorHeating_Freeze_Protection|FB_FloorHeating_Overheat_Protection|FB_Gas_Methane_Detector|FB_Gas_Smoke_Manager|FB_Gas_Valve_Controller|FB_Gateway_Interface|FB_Heating_System_Manager|FB_History_Manager|FB_Lifetime_Predictor|FB_Lighting_Blinds_Manager|FB_Maintenance_Access|FB_Manifold_Mixing_Valve_Controller|FB_Manifold_Pump_Controller|FB_Manual_Valve_Control|FB_NVRAM_Manager|FB_Outdoor_Lighting_Controller|FB_PID_Controller|FB_PLC_Heartbeat|FB_Pre_Departure_Heating|FB_Presence_Playback|FB_Presence_Simulator|FB_Random_Generator|FB_Scenario_Manager|FB_Scenario_Transition_Controller|FB_Security_Alarm|FB_Security_System|FB_Security_System_Manager|FB_Sensor_Calibration_Processor|FB_Sensor_Distribution|FB_Simulation_Manager|FB_Smoke_Detector|FB_SMS_Notification|FB_State_Manager|FB_State_Snapshot_Manager|FB_State_Snapshot_NVRAM|FB_Supply_Ventilation_Controller|FB_Trend_Analyzer|FB_TwoFactor_Auth|FB_User_Rule_Engine|FB_Valve_Test|FB_Ventilation_System_Manager|FB_Water_Leakage_Manager|FB_Water_Valve_Controller|FB_Zone_Access_Manager|PRG_Main
./repo_logs/assistant_bridge/2026_04_16/step_36_gateway_interface_audit/gateway_interface_audit.log:3363:./diagnostics/2026_04_16/step_14_nvram_audit.log:398:./steps/MASTER_PIPELINE/001_universal_v2.log:108:OLD_POU_WINDOW_NAMES=PRG_PLC_A|PRG_PLC_B|FB_Access_Control|FB_AccessCode_Manager|FB_Astro_Timer|FB_BlackBox_Recorder|FB_Boiler_Cascade_Controller|FB_Boiler_Cascade_Manager|FB_Calibration_Manager|FB_CO_Detector|FB_CRC32_Calculator|FB_Debug_Logger|FB_Device_Predictive_Diag|FB_DHW_Manager|FB_Emergency_Valve_Open|FB_Exhaust_Ventilation_Controller|FB_Flood_Detector|FB_FloorHeating_Controller|FB_FloorHeating_Freeze_Protection|FB_FloorHeating_Overheat_Protection|FB_Gas_Methane_Detector|FB_Gas_Smoke_Manager|FB_Gas_Valve_Controller|FB_Gateway_Interface|FB_Heating_System_Manager|FB_History_Manager|FB_Lifetime_Predictor|FB_Lighting_Blinds_Manager|FB_Maintenance_Access|FB_Manifold_Mixing_Valve_Controller|FB_Manifold_Pump_Controller|FB_Manual_Valve_Control|FB_NVRAM_Manager|FB_Outdoor_Lighting_Controller|FB_PID_Controller|FB_PLC_Heartbeat|FB_Pre_Departure_Heating|FB_Presence_Playback|FB_Presence_Simulator|FB_Random_Generator|FB_Scenario_Manager|FB_Scenario_Transition_Controller|FB_Security_Alarm|FB_Security_System|FB_Security_System_Manager|FB_Sensor_Calibration_Processor|FB_Sensor_Distribution|FB_Simulation_Manager|FB_Smoke_Detector|FB_SMS_Notification|FB_State_Manager|FB_State_Snapshot_Manager|FB_State_Snapshot_NVRAM|FB_Supply_Ventilation_Controller|FB_Trend_Analyzer|FB_TwoFactor_Auth|FB_User_Rule_Engine|FB_Valve_Test|FB_Ventilation_System_Manager|FB_Water_Leakage_Manager|FB_Water_Valve_Controller|FB_Zone_Access_Manager|PRG_Main
./repo_logs/assistant_bridge/2026_04_16/step_36_gateway_interface_audit/gateway_interface_audit.log:3364:./diagnostics/2026_04_16/step_14_nvram_audit.log:399:./steps/MASTER_PIPELINE/001_universal_v2.log:109:OLD_POUS_TREE_NAMES=FB_Lifetime_Predictor|FB_Gas_Valve_Controller|FB_TwoFactor_Auth|FB_Manual_Valve_Control|FB_Boiler_Cascade_Manager|FB_CRC32_Calculator|FB_Emergency_Valve_Open|FB_AccessCode_Manager|FB_Manifold_Pump_Controller|FB_Debug_Logger|FB_Astro_Timer|FB_BlackBox_Recorder|FB_PLC_Heartbeat|FB_User_Rule_Engine|FB_Water_Valve_Controller|FB_FloorHeating_Freeze_Protection|FB_Gateway_Interface|FB_Heating_System_Manager|FB_History_Manager|FB_Calibration_Manager|FB_CO_Detector|FB_FloorHeating_Overheat_Protection|FB_Gas_Methane_Detector|FB_Gas_Smoke_Manager|FB_Device_Predictive_Diag|FB_PID_Controller|FB_NVRAM_Manager|FB_Outdoor_Lighting_Controller|FB_Pre_Departure_Heating|FB_Exhaust_Ventilation_Controller|FB_Flood_Detector|FB_Valve_Test|FB_Zone_Access_Manager|FB_Ventilation_System_Manager|FB_Water_Leakage_Manager|FB_Random_Generator|FB_Scenario_Manager|FB_Scenario_Transition_Controller|FB_Boiler_Cascade_Controller|FB_Security_Alarm|FB_Security_System|FB_Security_System_Manager|FB_FloorHeating_Controller|FB_DHW_Manager|FB_Presence_Playback|FB_Presence_Simulator|FB_Lighting_Blinds_Manager|FB_Maintenance_Access|FB_Manifold_Mixing_Valve_Controller|FB_Sensor_Calibration_Processor|FB_Sensor_Distribution|FB_Simulation_Manager|FB_Smoke_Detector|FB_SMS_Notification|FB_State_Manager|FB_State_Snapshot_Manager|FB_State_Snapshot_NVRAM|FB_Supply_Ventilation_Controller|FB_Trend_Analyzer|FB_Access_Control
./repo_logs/assistant_bridge/2026_04_16/step_36_gateway_interface_audit/gateway_interface_audit.log:3372:./diagnostics/2026_04_16/step_14_nvram_audit.log:607:./steps/MASTER_PIPELINE/001_universal_methods_v1.log:108:OLD_POU_WINDOW_NAMES=PRG_PLC_A|PRG_PLC_B|FB_Access_Control|FB_AccessCode_Manager|FB_Astro_Timer|FB_BlackBox_Recorder|FB_Boiler_Cascade_Controller|FB_Boiler_Cascade_Manager|FB_Calibration_Manager|FB_CO_Detector|FB_CRC32_Calculator|FB_Debug_Logger|FB_Device_Predictive_Diag|FB_DHW_Manager|FB_Emergency_Valve_Open|FB_Exhaust_Ventilation_Controller|FB_Flood_Detector|FB_FloorHeating_Controller|FB_FloorHeating_Freeze_Protection|FB_FloorHeating_Overheat_Protection|FB_Gas_Methane_Detector|FB_Gas_Smoke_Manager|FB_Gas_Valve_Controller|FB_Gateway_Interface|FB_Heating_System_Manager|FB_History_Manager|FB_Lifetime_Predictor|FB_Lighting_Blinds_Manager|FB_Maintenance_Access|FB_Manifold_Mixing_Valve_Controller|FB_Manifold_Pump_Controller|FB_Manual_Valve_Control|FB_NVRAM_Manager|FB_Outdoor_Lighting_Controller|FB_PID_Controller|FB_PLC_Heartbeat|FB_Pre_Departure_Heating|FB_Presence_Playback|FB_Presence_Simulator|FB_Random_Generator|FB_Scenario_Manager|FB_Scenario_Transition_Controller|FB_Security_Alarm|FB_Security_System|FB_Security_System_Manager|FB_Sensor_Calibration_Processor|FB_Sensor_Distribution|FB_Simulation_Manager|FB_Smoke_Detector|FB_SMS_Notification|FB_State_Manager|FB_State_Snapshot_Manager|FB_State_Snapshot_NVRAM|FB_Supply_Ventilation_Controller|FB_Trend_Analyzer|FB_TwoFactor_Auth|FB_User_Rule_Engine|FB_Valve_Test|FB_Ventilation_System_Manager|FB_Water_Leakage_Manager|FB_Water_Valve_Controller|FB_Zone_Access_Manager|PRG_Main
./repo_logs/assistant_bridge/2026_04_16/step_36_gateway_interface_audit/gateway_interface_audit.log:3373:./diagnostics/2026_04_16/step_14_nvram_audit.log:608:./steps/MASTER_PIPELINE/001_universal_methods_v1.log:109:OLD_POUS_TREE_NAMES=FB_Lifetime_Predictor|FB_Gas_Valve_Controller|FB_TwoFactor_Auth|FB_Manual_Valve_Control|FB_Boiler_Cascade_Manager|FB_CRC32_Calculator|FB_Emergency_Valve_Open|FB_AccessCode_Manager|FB_Manifold_Pump_Controller|FB_Debug_Logger|FB_Astro_Timer|FB_BlackBox_Recorder|FB_PLC_Heartbeat|FB_User_Rule_Engine|FB_Water_Valve_Controller|FB_FloorHeating_Freeze_Protection|FB_Gateway_Interface|FB_Heating_System_Manager|FB_History_Manager|FB_Calibration_Manager|FB_CO_Detector|FB_FloorHeating_Overheat_Protection|FB_Gas_Methane_Detector|FB_Gas_Smoke_Manager|FB_Device_Predictive_Diag|FB_PID_Controller|FB_NVRAM_Manager|FB_Outdoor_Lighting_Controller|FB_Pre_Departure_Heating|FB_Exhaust_Ventilation_Controller|FB_Flood_Detector|FB_Valve_Test|FB_Zone_Access_Manager|FB_Ventilation_System_Manager|FB_Water_Leakage_Manager|FB_Random_Generator|FB_Scenario_Manager|FB_Scenario_Transition_Controller|FB_Boiler_Cascade_Controller|FB_Security_Alarm|FB_Security_System|FB_Security_System_Manager|FB_FloorHeating_Controller|FB_DHW_Manager|FB_Presence_Playback|FB_Presence_Simulator|FB_Lighting_Blinds_Manager|FB_Maintenance_Access|FB_Manifold_Mixing_Valve_Controller|FB_Sensor_Calibration_Processor|FB_Sensor_Distribution|FB_Simulation_Manager|FB_Smoke_Detector|FB_SMS_Notification|FB_State_Manager|FB_State_Snapshot_Manager|FB_State_Snapshot_NVRAM|FB_Supply_Ventilation_Controller|FB_Trend_Analyzer|FB_Access_Control
./repo_logs/assistant_bridge/2026_04_16/step_36_gateway_interface_audit/gateway_interface_audit.log:3376:./diagnostics/2026_04_16/step_14_nvram_audit.log:653:./steps/MASTER_PIPELINE/001_universal.log:49:OLD_POU_WINDOW_NAMES=PRG_PLC_A|PRG_PLC_B|FB_Access_Control|FB_AccessCode_Manager|FB_Astro_Timer|FB_BlackBox_Recorder|FB_Boiler_Cascade_Controller|FB_Boiler_Cascade_Manager|FB_Calibration_Manager|FB_CO_Detector|FB_CRC32_Calculator|FB_Debug_Logger|FB_Device_Predictive_Diag|FB_DHW_Manager|FB_Emergency_Valve_Open|FB_Exhaust_Ventilation_Controller|FB_Flood_Detector|FB_FloorHeating_Controller|FB_FloorHeating_Freeze_Protection|FB_FloorHeating_Overheat_Protection|FB_Gas_Methane_Detector|FB_Gas_Smoke_Manager|FB_Gas_Valve_Controller|FB_Gateway_Interface|FB_Heating_System_Manager|FB_History_Manager|FB_Lifetime_Predictor|FB_Lighting_Blinds_Manager|FB_Maintenance_Access|FB_Manifold_Mixing_Valve_Controller|FB_Manifold_Pump_Controller|FB_Manual_Valve_Control|FB_NVRAM_Manager|FB_Outdoor_Lighting_Controller|FB_PID_Controller|FB_PLC_Heartbeat|FB_Pre_Departure_Heating|FB_Presence_Playback|FB_Presence_Simulator|FB_Random_Generator|FB_Scenario_Manager|FB_Scenario_Transition_Controller|FB_Security_Alarm|FB_Security_System|FB_Security_System_Manager|FB_Sensor_Calibration_Processor|FB_Sensor_Distribution|FB_Simulation_Manager|FB_Smoke_Detector|FB_SMS_Notification|FB_State_Manager|FB_State_Snapshot_Manager|FB_State_Snapshot_NVRAM|FB_Supply_Ventilation_Controller|FB_Trend_Analyzer|FB_TwoFactor_Auth|FB_User_Rule_Engine|FB_Valve_Test|FB_Ventilation_System_Manager|FB_Water_Leakage_Manager|FB_Water_Valve_Controller|FB_Zone_Access_Manager|PRG_Main
./repo_logs/assistant_bridge/2026_04_16/step_36_gateway_interface_audit/gateway_interface_audit.log:3815:./repo_logs/nvram/2026_04_16/step_16_nvram_runtime_flow.log:16:./steps/MASTER_PIPELINE/001_universal_pou_builder.log:49:OLD_POU_WINDOW_NAMES=PRG_PLC_A|PRG_PLC_B|FB_Access_Control|FB_AccessCode_Manager|FB_Astro_Timer|FB_BlackBox_Recorder|FB_Boiler_Cascade_Controller|FB_Boiler_Cascade_Manager|FB_Calibration_Manager|FB_CO_Detector|FB_CRC32_Calculator|FB_Debug_Logger|FB_Device_Predictive_Diag|FB_DHW_Manager|FB_Emergency_Valve_Open|FB_Exhaust_Ventilation_Controller|FB_Flood_Detector|FB_FloorHeating_Controller|FB_FloorHeating_Freeze_Protection|FB_FloorHeating_Overheat_Protection|FB_Gas_Methane_Detector|FB_Gas_Smoke_Manager|FB_Gas_Valve_Controller|FB_Gateway_Interface|FB_Heating_System_Manager|FB_History_Manager|FB_Lifetime_Predictor|FB_Lighting_Blinds_Manager|FB_Maintenance_Access|FB_Manifold_Mixing_Valve_Controller|FB_Manifold_Pump_Controller|FB_Manual_Valve_Control|FB_NVRAM_Manager|FB_Outdoor_Lighting_Controller|FB_PID_Controller|FB_PLC_Heartbeat|FB_Pre_Departure_Heating|FB_Presence_Playback|FB_Presence_Simulator|FB_Random_Generator|FB_Scenario_Manager|FB_Scenario_Transition_Controller|FB_Security_Alarm|FB_Security_System|FB_Security_System_Manager|FB_Sensor_Calibration_Processor|FB_Sensor_Distribution|FB_Simulation_Manager|FB_Smoke_Detector|FB_SMS_Notification|FB_State_Manager|FB_State_Snapshot_Manager|FB_State_Snapshot_NVRAM|FB_Supply_Ventilation_Controller|FB_Trend_Analyzer|FB_TwoFactor_Auth|FB_User_Rule_Engine|FB_Valve_Test|FB_Ventilation_System_Manager|FB_Water_Leakage_Manager|FB_Water_Valve_Controller|FB_Zone_Access_Manager|PRG_Main
./repo_logs/assistant_bridge/2026_04_16/step_36_gateway_interface_audit/gateway_interface_audit.log:3817:./repo_logs/nvram/2026_04_16/step_16_nvram_runtime_flow.log:23:./steps/MASTER_PIPELINE/001_universal_v2.log:108:OLD_POU_WINDOW_NAMES=PRG_PLC_A|PRG_PLC_B|FB_Access_Control|FB_AccessCode_Manager|FB_Astro_Timer|FB_BlackBox_Recorder|FB_Boiler_Cascade_Controller|FB_Boiler_Cascade_Manager|FB_Calibration_Manager|FB_CO_Detector|FB_CRC32_Calculator|FB_Debug_Logger|FB_Device_Predictive_Diag|FB_DHW_Manager|FB_Emergency_Valve_Open|FB_Exhaust_Ventilation_Controller|FB_Flood_Detector|FB_FloorHeating_Controller|FB_FloorHeating_Freeze_Protection|FB_FloorHeating_Overheat_Protection|FB_Gas_Methane_Detector|FB_Gas_Smoke_Manager|FB_Gas_Valve_Controller|FB_Gateway_Interface|FB_Heating_System_Manager|FB_History_Manager|FB_Lifetime_Predictor|FB_Lighting_Blinds_Manager|FB_Maintenance_Access|FB_Manifold_Mixing_Valve_Controller|FB_Manifold_Pump_Controller|FB_Manual_Valve_Control|FB_NVRAM_Manager|FB_Outdoor_Lighting_Controller|FB_PID_Controller|FB_PLC_Heartbeat|FB_Pre_Departure_Heating|FB_Presence_Playback|FB_Presence_Simulator|FB_Random_Generator|FB_Scenario_Manager|FB_Scenario_Transition_Controller|FB_Security_Alarm|FB_Security_System|FB_Security_System_Manager|FB_Sensor_Calibration_Processor|FB_Sensor_Distribution|FB_Simulation_Manager|FB_Smoke_Detector|FB_SMS_Notification|FB_State_Manager|FB_State_Snapshot_Manager|FB_State_Snapshot_NVRAM|FB_Supply_Ventilation_Controller|FB_Trend_Analyzer|FB_TwoFactor_Auth|FB_User_Rule_Engine|FB_Valve_Test|FB_Ventilation_System_Manager|FB_Water_Leakage_Manager|FB_Water_Valve_Controller|FB_Zone_Access_Manager|PRG_Main
./repo_logs/assistant_bridge/2026_04_16/step_36_gateway_interface_audit/gateway_interface_audit.log:3818:./repo_logs/nvram/2026_04_16/step_16_nvram_runtime_flow.log:24:./steps/MASTER_PIPELINE/001_universal_v2.log:109:OLD_POUS_TREE_NAMES=FB_Lifetime_Predictor|FB_Gas_Valve_Controller|FB_TwoFactor_Auth|FB_Manual_Valve_Control|FB_Boiler_Cascade_Manager|FB_CRC32_Calculator|FB_Emergency_Valve_Open|FB_AccessCode_Manager|FB_Manifold_Pump_Controller|FB_Debug_Logger|FB_Astro_Timer|FB_BlackBox_Recorder|FB_PLC_Heartbeat|FB_User_Rule_Engine|FB_Water_Valve_Controller|FB_FloorHeating_Freeze_Protection|FB_Gateway_Interface|FB_Heating_System_Manager|FB_History_Manager|FB_Calibration_Manager|FB_CO_Detector|FB_FloorHeating_Overheat_Protection|FB_Gas_Methane_Detector|FB_Gas_Smoke_Manager|FB_Device_Predictive_Diag|FB_PID_Controller|FB_NVRAM_Manager|FB_Outdoor_Lighting_Controller|FB_Pre_Departure_Heating|FB_Exhaust_Ventilation_Controller|FB_Flood_Detector|FB_Valve_Test|FB_Zone_Access_Manager|FB_Ventilation_System_Manager|FB_Water_Leakage_Manager|FB_Random_Generator|FB_Scenario_Manager|FB_Scenario_Transition_Controller|FB_Boiler_Cascade_Controller|FB_Security_Alarm|FB_Security_System|FB_Security_System_Manager|FB_FloorHeating_Controller|FB_DHW_Manager|FB_Presence_Playback|FB_Presence_Simulator|FB_Lighting_Blinds_Manager|FB_Maintenance_Access|FB_Manifold_Mixing_Valve_Controller|FB_Sensor_Calibration_Processor|FB_Sensor_Distribution|FB_Simulation_Manager|FB_Smoke_Detector|FB_SMS_Notification|FB_State_Manager|FB_State_Snapshot_Manager|FB_State_Snapshot_NVRAM|FB_Supply_Ventilation_Controller|FB_Trend_Analyzer|FB_Access_Control
./repo_logs/assistant_bridge/2026_04_16/step_36_gateway_interface_audit/gateway_interface_audit.log:3820:./repo_logs/nvram/2026_04_16/step_16_nvram_runtime_flow.log:56:./steps/MASTER_PIPELINE/001_universal_methods_v1.log:108:OLD_POU_WINDOW_NAMES=PRG_PLC_A|PRG_PLC_B|FB_Access_Control|FB_AccessCode_Manager|FB_Astro_Timer|FB_BlackBox_Recorder|FB_Boiler_Cascade_Controller|FB_Boiler_Cascade_Manager|FB_Calibration_Manager|FB_CO_Detector|FB_CRC32_Calculator|FB_Debug_Logger|FB_Device_Predictive_Diag|FB_DHW_Manager|FB_Emergency_Valve_Open|FB_Exhaust_Ventilation_Controller|FB_Flood_Detector|FB_FloorHeating_Controller|FB_FloorHeating_Freeze_Protection|FB_FloorHeating_Overheat_Protection|FB_Gas_Methane_Detector|FB_Gas_Smoke_Manager|FB_Gas_Valve_Controller|FB_Gateway_Interface|FB_Heating_System_Manager|FB_History_Manager|FB_Lifetime_Predictor|FB_Lighting_Blinds_Manager|FB_Maintenance_Access|FB_Manifold_Mixing_Valve_Controller|FB_Manifold_Pump_Controller|FB_Manual_Valve_Control|FB_NVRAM_Manager|FB_Outdoor_Lighting_Controller|FB_PID_Controller|FB_PLC_Heartbeat|FB_Pre_Departure_Heating|FB_Presence_Playback|FB_Presence_Simulator|FB_Random_Generator|FB_Scenario_Manager|FB_Scenario_Transition_Controller|FB_Security_Alarm|FB_Security_System|FB_Security_System_Manager|FB_Sensor_Calibration_Processor|FB_Sensor_Distribution|FB_Simulation_Manager|FB_Smoke_Detector|FB_SMS_Notification|FB_State_Manager|FB_State_Snapshot_Manager|FB_State_Snapshot_NVRAM|FB_Supply_Ventilation_Controller|FB_Trend_Analyzer|FB_TwoFactor_Auth|FB_User_Rule_Engine|FB_Valve_Test|FB_Ventilation_System_Manager|FB_Water_Leakage_Manager|FB_Water_Valve_Controller|FB_Zone_Access_Manager|PRG_Main
./repo_logs/assistant_bridge/2026_04_16/step_36_gateway_interface_audit/gateway_interface_audit.log:3821:./repo_logs/nvram/2026_04_16/step_16_nvram_runtime_flow.log:57:./steps/MASTER_PIPELINE/001_universal_methods_v1.log:109:OLD_POUS_TREE_NAMES=FB_Lifetime_Predictor|FB_Gas_Valve_Controller|FB_TwoFactor_Auth|FB_Manual_Valve_Control|FB_Boiler_Cascade_Manager|FB_CRC32_Calculator|FB_Emergency_Valve_Open|FB_AccessCode_Manager|FB_Manifold_Pump_Controller|FB_Debug_Logger|FB_Astro_Timer|FB_BlackBox_Recorder|FB_PLC_Heartbeat|FB_User_Rule_Engine|FB_Water_Valve_Controller|FB_FloorHeating_Freeze_Protection|FB_Gateway_Interface|FB_Heating_System_Manager|FB_History_Manager|FB_Calibration_Manager|FB_CO_Detector|FB_FloorHeating_Overheat_Protection|FB_Gas_Methane_Detector|FB_Gas_Smoke_Manager|FB_Device_Predictive_Diag|FB_PID_Controller|FB_NVRAM_Manager|FB_Outdoor_Lighting_Controller|FB_Pre_Departure_Heating|FB_Exhaust_Ventilation_Controller|FB_Flood_Detector|FB_Valve_Test|FB_Zone_Access_Manager|FB_Ventilation_System_Manager|FB_Water_Leakage_Manager|FB_Random_Generator|FB_Scenario_Manager|FB_Scenario_Transition_Controller|FB_Boiler_Cascade_Controller|FB_Security_Alarm|FB_Security_System|FB_Security_System_Manager|FB_FloorHeating_Controller|FB_DHW_Manager|FB_Presence_Playback|FB_Presence_Simulator|FB_Lighting_Blinds_Manager|FB_Maintenance_Access|FB_Manifold_Mixing_Valve_Controller|FB_Sensor_Calibration_Processor|FB_Sensor_Distribution|FB_Simulation_Manager|FB_Smoke_Detector|FB_SMS_Notification|FB_State_Manager|FB_State_Snapshot_Manager|FB_State_Snapshot_NVRAM|FB_Supply_Ventilation_Controller|FB_Trend_Analyzer|FB_Access_Control
./repo_logs/assistant_bridge/2026_04_16/step_36_gateway_interface_audit/gateway_interface_audit.log:3822:./repo_logs/nvram/2026_04_16/step_16_nvram_runtime_flow.log:65:./steps/MASTER_PIPELINE/001_universal.log:49:OLD_POU_WINDOW_NAMES=PRG_PLC_A|PRG_PLC_B|FB_Access_Control|FB_AccessCode_Manager|FB_Astro_Timer|FB_BlackBox_Recorder|FB_Boiler_Cascade_Controller|FB_Boiler_Cascade_Manager|FB_Calibration_Manager|FB_CO_Detector|FB_CRC32_Calculator|FB_Debug_Logger|FB_Device_Predictive_Diag|FB_DHW_Manager|FB_Emergency_Valve_Open|FB_Exhaust_Ventilation_Controller|FB_Flood_Detector|FB_FloorHeating_Controller|FB_FloorHeating_Freeze_Protection|FB_FloorHeating_Overheat_Protection|FB_Gas_Methane_Detector|FB_Gas_Smoke_Manager|FB_Gas_Valve_Controller|FB_Gateway_Interface|FB_Heating_System_Manager|FB_History_Manager|FB_Lifetime_Predictor|FB_Lighting_Blinds_Manager|FB_Maintenance_Access|FB_Manifold_Mixing_Valve_Controller|FB_Manifold_Pump_Controller|FB_Manual_Valve_Control|FB_NVRAM_Manager|FB_Outdoor_Lighting_Controller|FB_PID_Controller|FB_PLC_Heartbeat|FB_Pre_Departure_Heating|FB_Presence_Playback|FB_Presence_Simulator|FB_Random_Generator|FB_Scenario_Manager|FB_Scenario_Transition_Controller|FB_Security_Alarm|FB_Security_System|FB_Security_System_Manager|FB_Sensor_Calibration_Processor|FB_Sensor_Distribution|FB_Simulation_Manager|FB_Smoke_Detector|FB_SMS_Notification|FB_State_Manager|FB_State_Snapshot_Manager|FB_State_Snapshot_NVRAM|FB_Supply_Ventilation_Controller|FB_Trend_Analyzer|FB_TwoFactor_Auth|FB_User_Rule_Engine|FB_Valve_Test|FB_Ventilation_System_Manager|FB_Water_Leakage_Manager|FB_Water_Valve_Controller|FB_Zone_Access_Manager|PRG_Main
./repo_logs/assistant_bridge/2026_04_16/step_36_gateway_interface_audit/gateway_interface_audit.log:3836:./repo_logs/nvram/2026_04_16/step_16_nvram_runtime_flow.log:172:./steps/MASTER_PIPELINE/001_universal_pou_builder.log:49:OLD_POU_WINDOW_NAMES=PRG_PLC_A|PRG_PLC_B|FB_Access_Control|FB_AccessCode_Manager|FB_Astro_Timer|FB_BlackBox_Recorder|FB_Boiler_Cascade_Controller|FB_Boiler_Cascade_Manager|FB_Calibration_Manager|FB_CO_Detector|FB_CRC32_Calculator|FB_Debug_Logger|FB_Device_Predictive_Diag|FB_DHW_Manager|FB_Emergency_Valve_Open|FB_Exhaust_Ventilation_Controller|FB_Flood_Detector|FB_FloorHeating_Controller|FB_FloorHeating_Freeze_Protection|FB_FloorHeating_Overheat_Protection|FB_Gas_Methane_Detector|FB_Gas_Smoke_Manager|FB_Gas_Valve_Controller|FB_Gateway_Interface|FB_Heating_System_Manager|FB_History_Manager|FB_Lifetime_Predictor|FB_Lighting_Blinds_Manager|FB_Maintenance_Access|FB_Manifold_Mixing_Valve_Controller|FB_Manifold_Pump_Controller|FB_Manual_Valve_Control|FB_NVRAM_Manager|FB_Outdoor_Lighting_Controller|FB_PID_Controller|FB_PLC_Heartbeat|FB_Pre_Departure_Heating|FB_Presence_Playback|FB_Presence_Simulator|FB_Random_Generator|FB_Scenario_Manager|FB_Scenario_Transition_Controller|FB_Security_Alarm|FB_Security_System|FB_Security_System_Manager|FB_Sensor_Calibration_Processor|FB_Sensor_Distribution|FB_Simulation_Manager|FB_Smoke_Detector|FB_SMS_Notification|FB_State_Manager|FB_State_Snapshot_Manager|FB_State_Snapshot_NVRAM|FB_Supply_Ventilation_Controller|FB_Trend_Analyzer|FB_TwoFactor_Auth|FB_User_Rule_Engine|FB_Valve_Test|FB_Ventilation_System_Manager|FB_Water_Leakage_Manager|FB_Water_Valve_Controller|FB_Zone_Access_Manager|PRG_Main
./repo_logs/assistant_bridge/2026_04_16/step_36_gateway_interface_audit/gateway_interface_audit.log:3837:./repo_logs/nvram/2026_04_16/step_16_nvram_runtime_flow.log:178:./steps/MASTER_PIPELINE/001_universal_v2.log:108:OLD_POU_WINDOW_NAMES=PRG_PLC_A|PRG_PLC_B|FB_Access_Control|FB_AccessCode_Manager|FB_Astro_Timer|FB_BlackBox_Recorder|FB_Boiler_Cascade_Controller|FB_Boiler_Cascade_Manager|FB_Calibration_Manager|FB_CO_Detector|FB_CRC32_Calculator|FB_Debug_Logger|FB_Device_Predictive_Diag|FB_DHW_Manager|FB_Emergency_Valve_Open|FB_Exhaust_Ventilation_Controller|FB_Flood_Detector|FB_FloorHeating_Controller|FB_FloorHeating_Freeze_Protection|FB_FloorHeating_Overheat_Protection|FB_Gas_Methane_Detector|FB_Gas_Smoke_Manager|FB_Gas_Valve_Controller|FB_Gateway_Interface|FB_Heating_System_Manager|FB_History_Manager|FB_Lifetime_Predictor|FB_Lighting_Blinds_Manager|FB_Maintenance_Access|FB_Manifold_Mixing_Valve_Controller|FB_Manifold_Pump_Controller|FB_Manual_Valve_Control|FB_NVRAM_Manager|FB_Outdoor_Lighting_Controller|FB_PID_Controller|FB_PLC_Heartbeat|FB_Pre_Departure_Heating|FB_Presence_Playback|FB_Presence_Simulator|FB_Random_Generator|FB_Scenario_Manager|FB_Scenario_Transition_Controller|FB_Security_Alarm|FB_Security_System|FB_Security_System_Manager|FB_Sensor_Calibration_Processor|FB_Sensor_Distribution|FB_Simulation_Manager|FB_Smoke_Detector|FB_SMS_Notification|FB_State_Manager|FB_State_Snapshot_Manager|FB_State_Snapshot_NVRAM|FB_Supply_Ventilation_Controller|FB_Trend_Analyzer|FB_TwoFactor_Auth|FB_User_Rule_Engine|FB_Valve_Test|FB_Ventilation_System_Manager|FB_Water_Leakage_Manager|FB_Water_Valve_Controller|FB_Zone_Access_Manager|PRG_Main
./repo_logs/assistant_bridge/2026_04_16/step_36_gateway_interface_audit/gateway_interface_audit.log:3838:./repo_logs/nvram/2026_04_16/step_16_nvram_runtime_flow.log:179:./steps/MASTER_PIPELINE/001_universal_v2.log:109:OLD_POUS_TREE_NAMES=FB_Lifetime_Predictor|FB_Gas_Valve_Controller|FB_TwoFactor_Auth|FB_Manual_Valve_Control|FB_Boiler_Cascade_Manager|FB_CRC32_Calculator|FB_Emergency_Valve_Open|FB_AccessCode_Manager|FB_Manifold_Pump_Controller|FB_Debug_Logger|FB_Astro_Timer|FB_BlackBox_Recorder|FB_PLC_Heartbeat|FB_User_Rule_Engine|FB_Water_Valve_Controller|FB_FloorHeating_Freeze_Protection|FB_Gateway_Interface|FB_Heating_System_Manager|FB_History_Manager|FB_Calibration_Manager|FB_CO_Detector|FB_FloorHeating_Overheat_Protection|FB_Gas_Methane_Detector|FB_Gas_Smoke_Manager|FB_Device_Predictive_Diag|FB_PID_Controller|FB_NVRAM_Manager|FB_Outdoor_Lighting_Controller|FB_Pre_Departure_Heating|FB_Exhaust_Ventilation_Controller|FB_Flood_Detector|FB_Valve_Test|FB_Zone_Access_Manager|FB_Ventilation_System_Manager|FB_Water_Leakage_Manager|FB_Random_Generator|FB_Scenario_Manager|FB_Scenario_Transition_Controller|FB_Boiler_Cascade_Controller|FB_Security_Alarm|FB_Security_System|FB_Security_System_Manager|FB_FloorHeating_Controller|FB_DHW_Manager|FB_Presence_Playback|FB_Presence_Simulator|FB_Lighting_Blinds_Manager|FB_Maintenance_Access|FB_Manifold_Mixing_Valve_Controller|FB_Sensor_Calibration_Processor|FB_Sensor_Distribution|FB_Simulation_Manager|FB_Smoke_Detector|FB_SMS_Notification|FB_State_Manager|FB_State_Snapshot_Manager|FB_State_Snapshot_NVRAM|FB_Supply_Ventilation_Controller|FB_Trend_Analyzer|FB_Access_Control
./repo_logs/assistant_bridge/2026_04_16/step_36_gateway_interface_audit/gateway_interface_audit.log:3839:./repo_logs/nvram/2026_04_16/step_16_nvram_runtime_flow.log:186:./steps/MASTER_PIPELINE/001_universal_methods_v1.log:108:OLD_POU_WINDOW_NAMES=PRG_PLC_A|PRG_PLC_B|FB_Access_Control|FB_AccessCode_Manager|FB_Astro_Timer|FB_BlackBox_Recorder|FB_Boiler_Cascade_Controller|FB_Boiler_Cascade_Manager|FB_Calibration_Manager|FB_CO_Detector|FB_CRC32_Calculator|FB_Debug_Logger|FB_Device_Predictive_Diag|FB_DHW_Manager|FB_Emergency_Valve_Open|FB_Exhaust_Ventilation_Controller|FB_Flood_Detector|FB_FloorHeating_Controller|FB_FloorHeating_Freeze_Protection|FB_FloorHeating_Overheat_Protection|FB_Gas_Methane_Detector|FB_Gas_Smoke_Manager|FB_Gas_Valve_Controller|FB_Gateway_Interface|FB_Heating_System_Manager|FB_History_Manager|FB_Lifetime_Predictor|FB_Lighting_Blinds_Manager|FB_Maintenance_Access|FB_Manifold_Mixing_Valve_Controller|FB_Manifold_Pump_Controller|FB_Manual_Valve_Control|FB_NVRAM_Manager|FB_Outdoor_Lighting_Controller|FB_PID_Controller|FB_PLC_Heartbeat|FB_Pre_Departure_Heating|FB_Presence_Playback|FB_Presence_Simulator|FB_Random_Generator|FB_Scenario_Manager|FB_Scenario_Transition_Controller|FB_Security_Alarm|FB_Security_System|FB_Security_System_Manager|FB_Sensor_Calibration_Processor|FB_Sensor_Distribution|FB_Simulation_Manager|FB_Smoke_Detector|FB_SMS_Notification|FB_State_Manager|FB_State_Snapshot_Manager|FB_State_Snapshot_NVRAM|FB_Supply_Ventilation_Controller|FB_Trend_Analyzer|FB_TwoFactor_Auth|FB_User_Rule_Engine|FB_Valve_Test|FB_Ventilation_System_Manager|FB_Water_Leakage_Manager|FB_Water_Valve_Controller|FB_Zone_Access_Manager|PRG_Main
./repo_logs/assistant_bridge/2026_04_16/step_36_gateway_interface_audit/gateway_interface_audit.log:3840:./repo_logs/nvram/2026_04_16/step_16_nvram_runtime_flow.log:187:./steps/MASTER_PIPELINE/001_universal_methods_v1.log:109:OLD_POUS_TREE_NAMES=FB_Lifetime_Predictor|FB_Gas_Valve_Controller|FB_TwoFactor_Auth|FB_Manual_Valve_Control|FB_Boiler_Cascade_Manager|FB_CRC32_Calculator|FB_Emergency_Valve_Open|FB_AccessCode_Manager|FB_Manifold_Pump_Controller|FB_Debug_Logger|FB_Astro_Timer|FB_BlackBox_Recorder|FB_PLC_Heartbeat|FB_User_Rule_Engine|FB_Water_Valve_Controller|FB_FloorHeating_Freeze_Protection|FB_Gateway_Interface|FB_Heating_System_Manager|FB_History_Manager|FB_Calibration_Manager|FB_CO_Detector|FB_FloorHeating_Overheat_Protection|FB_Gas_Methane_Detector|FB_Gas_Smoke_Manager|FB_Device_Predictive_Diag|FB_PID_Controller|FB_NVRAM_Manager|FB_Outdoor_Lighting_Controller|FB_Pre_Departure_Heating|FB_Exhaust_Ventilation_Controller|FB_Flood_Detector|FB_Valve_Test|FB_Zone_Access_Manager|FB_Ventilation_System_Manager|FB_Water_Leakage_Manager|FB_Random_Generator|FB_Scenario_Manager|FB_Scenario_Transition_Controller|FB_Boiler_Cascade_Controller|FB_Security_Alarm|FB_Security_System|FB_Security_System_Manager|FB_FloorHeating_Controller|FB_DHW_Manager|FB_Presence_Playback|FB_Presence_Simulator|FB_Lighting_Blinds_Manager|FB_Maintenance_Access|FB_Manifold_Mixing_Valve_Controller|FB_Sensor_Calibration_Processor|FB_Sensor_Distribution|FB_Simulation_Manager|FB_Smoke_Detector|FB_SMS_Notification|FB_State_Manager|FB_State_Snapshot_Manager|FB_State_Snapshot_NVRAM|FB_Supply_Ventilation_Controller|FB_Trend_Analyzer|FB_Access_Control
./repo_logs/assistant_bridge/2026_04_16/step_36_gateway_interface_audit/gateway_interface_audit.log:3841:./repo_logs/nvram/2026_04_16/step_16_nvram_runtime_flow.log:188:./steps/MASTER_PIPELINE/001_universal.log:49:OLD_POU_WINDOW_NAMES=PRG_PLC_A|PRG_PLC_B|FB_Access_Control|FB_AccessCode_Manager|FB_Astro_Timer|FB_BlackBox_Recorder|FB_Boiler_Cascade_Controller|FB_Boiler_Cascade_Manager|FB_Calibration_Manager|FB_CO_Detector|FB_CRC32_Calculator|FB_Debug_Logger|FB_Device_Predictive_Diag|FB_DHW_Manager|FB_Emergency_Valve_Open|FB_Exhaust_Ventilation_Controller|FB_Flood_Detector|FB_FloorHeating_Controller|FB_FloorHeating_Freeze_Protection|FB_FloorHeating_Overheat_Protection|FB_Gas_Methane_Detector|FB_Gas_Smoke_Manager|FB_Gas_Valve_Controller|FB_Gateway_Interface|FB_Heating_System_Manager|FB_History_Manager|FB_Lifetime_Predictor|FB_Lighting_Blinds_Manager|FB_Maintenance_Access|FB_Manifold_Mixing_Valve_Controller|FB_Manifold_Pump_Controller|FB_Manual_Valve_Control|FB_NVRAM_Manager|FB_Outdoor_Lighting_Controller|FB_PID_Controller|FB_PLC_Heartbeat|FB_Pre_Departure_Heating|FB_Presence_Playback|FB_Presence_Simulator|FB_Random_Generator|FB_Scenario_Manager|FB_Scenario_Transition_Controller|FB_Security_Alarm|FB_Security_System|FB_Security_System_Manager|FB_Sensor_Calibration_Processor|FB_Sensor_Distribution|FB_Simulation_Manager|FB_Smoke_Detector|FB_SMS_Notification|FB_State_Manager|FB_State_Snapshot_Manager|FB_State_Snapshot_NVRAM|FB_Supply_Ventilation_Controller|FB_Trend_Analyzer|FB_TwoFactor_Auth|FB_User_Rule_Engine|FB_Valve_Test|FB_Ventilation_System_Manager|FB_Water_Leakage_Manager|FB_Water_Valve_Controller|FB_Zone_Access_Manager|PRG_Main
./repo_logs/assistant_bridge/2026_04_16/step_36_gateway_interface_audit/gateway_interface_audit.log:4101:./FB_Gateway_Interface.st:58:    VO_Reset_Errors_Req         : BOOL; // Запрос на сброс ошибок/квитирование
./repo_logs/assistant_bridge/2026_04_16/step_36_gateway_interface_audit/gateway_interface_audit.log:4102:./FB_Gateway_Interface.st:201:VO_Reset_Errors_Req := FALSE;
./repo_logs/assistant_bridge/2026_04_16/step_36_gateway_interface_audit/gateway_interface_audit.log:4341:./snapshots/project_clean_state_2026_04_16/steps/MASTER_PIPELINE/001_universal_pou_builder.log:49:OLD_POU_WINDOW_NAMES=PRG_PLC_A|PRG_PLC_B|FB_Access_Control|FB_AccessCode_Manager|FB_Astro_Timer|FB_BlackBox_Recorder|FB_Boiler_Cascade_Controller|FB_Boiler_Cascade_Manager|FB_Calibration_Manager|FB_CO_Detector|FB_CRC32_Calculator|FB_Debug_Logger|FB_Device_Predictive_Diag|FB_DHW_Manager|FB_Emergency_Valve_Open|FB_Exhaust_Ventilation_Controller|FB_Flood_Detector|FB_FloorHeating_Controller|FB_FloorHeating_Freeze_Protection|FB_FloorHeating_Overheat_Protection|FB_Gas_Methane_Detector|FB_Gas_Smoke_Manager|FB_Gas_Valve_Controller|FB_Gateway_Interface|FB_Heating_System_Manager|FB_History_Manager|FB_Lifetime_Predictor|FB_Lighting_Blinds_Manager|FB_Maintenance_Access|FB_Manifold_Mixing_Valve_Controller|FB_Manifold_Pump_Controller|FB_Manual_Valve_Control|FB_NVRAM_Manager|FB_Outdoor_Lighting_Controller|FB_PID_Controller|FB_PLC_Heartbeat|FB_Pre_Departure_Heating|FB_Presence_Playback|FB_Presence_Simulator|FB_Random_Generator|FB_Scenario_Manager|FB_Scenario_Transition_Controller|FB_Security_Alarm|FB_Security_System|FB_Security_System_Manager|FB_Sensor_Calibration_Processor|FB_Sensor_Distribution|FB_Simulation_Manager|FB_Smoke_Detector|FB_SMS_Notification|FB_State_Manager|FB_State_Snapshot_Manager|FB_State_Snapshot_NVRAM|FB_Supply_Ventilation_Controller|FB_Trend_Analyzer|FB_TwoFactor_Auth|FB_User_Rule_Engine|FB_Valve_Test|FB_Ventilation_System_Manager|FB_Water_Leakage_Manager|FB_Water_Valve_Controller|FB_Zone_Access_Manager|PRG_Main
./repo_logs/assistant_bridge/2026_04_16/step_36_gateway_interface_audit/gateway_interface_audit.log:4407:./snapshots/project_clean_state_2026_04_16/steps/MASTER_PIPELINE/001_universal_v2.log:108:OLD_POU_WINDOW_NAMES=PRG_PLC_A|PRG_PLC_B|FB_Access_Control|FB_AccessCode_Manager|FB_Astro_Timer|FB_BlackBox_Recorder|FB_Boiler_Cascade_Controller|FB_Boiler_Cascade_Manager|FB_Calibration_Manager|FB_CO_Detector|FB_CRC32_Calculator|FB_Debug_Logger|FB_Device_Predictive_Diag|FB_DHW_Manager|FB_Emergency_Valve_Open|FB_Exhaust_Ventilation_Controller|FB_Flood_Detector|FB_FloorHeating_Controller|FB_FloorHeating_Freeze_Protection|FB_FloorHeating_Overheat_Protection|FB_Gas_Methane_Detector|FB_Gas_Smoke_Manager|FB_Gas_Valve_Controller|FB_Gateway_Interface|FB_Heating_System_Manager|FB_History_Manager|FB_Lifetime_Predictor|FB_Lighting_Blinds_Manager|FB_Maintenance_Access|FB_Manifold_Mixing_Valve_Controller|FB_Manifold_Pump_Controller|FB_Manual_Valve_Control|FB_NVRAM_Manager|FB_Outdoor_Lighting_Controller|FB_PID_Controller|FB_PLC_Heartbeat|FB_Pre_Departure_Heating|FB_Presence_Playback|FB_Presence_Simulator|FB_Random_Generator|FB_Scenario_Manager|FB_Scenario_Transition_Controller|FB_Security_Alarm|FB_Security_System|FB_Security_System_Manager|FB_Sensor_Calibration_Processor|FB_Sensor_Distribution|FB_Simulation_Manager|FB_Smoke_Detector|FB_SMS_Notification|FB_State_Manager|FB_State_Snapshot_Manager|FB_State_Snapshot_NVRAM|FB_Supply_Ventilation_Controller|FB_Trend_Analyzer|FB_TwoFactor_Auth|FB_User_Rule_Engine|FB_Valve_Test|FB_Ventilation_System_Manager|FB_Water_Leakage_Manager|FB_Water_Valve_Controller|FB_Zone_Access_Manager|PRG_Main
./repo_logs/assistant_bridge/2026_04_16/step_36_gateway_interface_audit/gateway_interface_audit.log:4408:./snapshots/project_clean_state_2026_04_16/steps/MASTER_PIPELINE/001_universal_v2.log:109:OLD_POUS_TREE_NAMES=FB_Lifetime_Predictor|FB_Gas_Valve_Controller|FB_TwoFactor_Auth|FB_Manual_Valve_Control|FB_Boiler_Cascade_Manager|FB_CRC32_Calculator|FB_Emergency_Valve_Open|FB_AccessCode_Manager|FB_Manifold_Pump_Controller|FB_Debug_Logger|FB_Astro_Timer|FB_BlackBox_Recorder|FB_PLC_Heartbeat|FB_User_Rule_Engine|FB_Water_Valve_Controller|FB_FloorHeating_Freeze_Protection|FB_Gateway_Interface|FB_Heating_System_Manager|FB_History_Manager|FB_Calibration_Manager|FB_CO_Detector|FB_FloorHeating_Overheat_Protection|FB_Gas_Methane_Detector|FB_Gas_Smoke_Manager|FB_Device_Predictive_Diag|FB_PID_Controller|FB_NVRAM_Manager|FB_Outdoor_Lighting_Controller|FB_Pre_Departure_Heating|FB_Exhaust_Ventilation_Controller|FB_Flood_Detector|FB_Valve_Test|FB_Zone_Access_Manager|FB_Ventilation_System_Manager|FB_Water_Leakage_Manager|FB_Random_Generator|FB_Scenario_Manager|FB_Scenario_Transition_Controller|FB_Boiler_Cascade_Controller|FB_Security_Alarm|FB_Security_System|FB_Security_System_Manager|FB_FloorHeating_Controller|FB_DHW_Manager|FB_Presence_Playback|FB_Presence_Simulator|FB_Lighting_Blinds_Manager|FB_Maintenance_Access|FB_Manifold_Mixing_Valve_Controller|FB_Sensor_Calibration_Processor|FB_Sensor_Distribution|FB_Simulation_Manager|FB_Smoke_Detector|FB_SMS_Notification|FB_State_Manager|FB_State_Snapshot_Manager|FB_State_Snapshot_NVRAM|FB_Supply_Ventilation_Controller|FB_Trend_Analyzer|FB_Access_Control
./repo_logs/assistant_bridge/2026_04_16/step_36_gateway_interface_audit/gateway_interface_audit.log:5241:./snapshots/project_clean_state_2026_04_16/steps/MASTER_PIPELINE/001_universal_methods_v1.log:108:OLD_POU_WINDOW_NAMES=PRG_PLC_A|PRG_PLC_B|FB_Access_Control|FB_AccessCode_Manager|FB_Astro_Timer|FB_BlackBox_Recorder|FB_Boiler_Cascade_Controller|FB_Boiler_Cascade_Manager|FB_Calibration_Manager|FB_CO_Detector|FB_CRC32_Calculator|FB_Debug_Logger|FB_Device_Predictive_Diag|FB_DHW_Manager|FB_Emergency_Valve_Open|FB_Exhaust_Ventilation_Controller|FB_Flood_Detector|FB_FloorHeating_Controller|FB_FloorHeating_Freeze_Protection|FB_FloorHeating_Overheat_Protection|FB_Gas_Methane_Detector|FB_Gas_Smoke_Manager|FB_Gas_Valve_Controller|FB_Gateway_Interface|FB_Heating_System_Manager|FB_History_Manager|FB_Lifetime_Predictor|FB_Lighting_Blinds_Manager|FB_Maintenance_Access|FB_Manifold_Mixing_Valve_Controller|FB_Manifold_Pump_Controller|FB_Manual_Valve_Control|FB_NVRAM_Manager|FB_Outdoor_Lighting_Controller|FB_PID_Controller|FB_PLC_Heartbeat|FB_Pre_Departure_Heating|FB_Presence_Playback|FB_Presence_Simulator|FB_Random_Generator|FB_Scenario_Manager|FB_Scenario_Transition_Controller|FB_Security_Alarm|FB_Security_System|FB_Security_System_Manager|FB_Sensor_Calibration_Processor|FB_Sensor_Distribution|FB_Simulation_Manager|FB_Smoke_Detector|FB_SMS_Notification|FB_State_Manager|FB_State_Snapshot_Manager|FB_State_Snapshot_NVRAM|FB_Supply_Ventilation_Controller|FB_Trend_Analyzer|FB_TwoFactor_Auth|FB_User_Rule_Engine|FB_Valve_Test|FB_Ventilation_System_Manager|FB_Water_Leakage_Manager|FB_Water_Valve_Controller|FB_Zone_Access_Manager|PRG_Main
./repo_logs/assistant_bridge/2026_04_16/step_36_gateway_interface_audit/gateway_interface_audit.log:5242:./snapshots/project_clean_state_2026_04_16/steps/MASTER_PIPELINE/001_universal_methods_v1.log:109:OLD_POUS_TREE_NAMES=FB_Lifetime_Predictor|FB_Gas_Valve_Controller|FB_TwoFactor_Auth|FB_Manual_Valve_Control|FB_Boiler_Cascade_Manager|FB_CRC32_Calculator|FB_Emergency_Valve_Open|FB_AccessCode_Manager|FB_Manifold_Pump_Controller|FB_Debug_Logger|FB_Astro_Timer|FB_BlackBox_Recorder|FB_PLC_Heartbeat|FB_User_Rule_Engine|FB_Water_Valve_Controller|FB_FloorHeating_Freeze_Protection|FB_Gateway_Interface|FB_Heating_System_Manager|FB_History_Manager|FB_Calibration_Manager|FB_CO_Detector|FB_FloorHeating_Overheat_Protection|FB_Gas_Methane_Detector|FB_Gas_Smoke_Manager|FB_Device_Predictive_Diag|FB_PID_Controller|FB_NVRAM_Manager|FB_Outdoor_Lighting_Controller|FB_Pre_Departure_Heating|FB_Exhaust_Ventilation_Controller|FB_Flood_Detector|FB_Valve_Test|FB_Zone_Access_Manager|FB_Ventilation_System_Manager|FB_Water_Leakage_Manager|FB_Random_Generator|FB_Scenario_Manager|FB_Scenario_Transition_Controller|FB_Boiler_Cascade_Controller|FB_Security_Alarm|FB_Security_System|FB_Security_System_Manager|FB_FloorHeating_Controller|FB_DHW_Manager|FB_Presence_Playback|FB_Presence_Simulator|FB_Lighting_Blinds_Manager|FB_Maintenance_Access|FB_Manifold_Mixing_Valve_Controller|FB_Sensor_Calibration_Processor|FB_Sensor_Distribution|FB_Simulation_Manager|FB_Smoke_Detector|FB_SMS_Notification|FB_State_Manager|FB_State_Snapshot_Manager|FB_State_Snapshot_NVRAM|FB_Supply_Ventilation_Controller|FB_Trend_Analyzer|FB_Access_Control
./repo_logs/assistant_bridge/2026_04_16/step_36_gateway_interface_audit/gateway_interface_audit.log:5409:./snapshots/project_clean_state_2026_04_16/steps/MASTER_PIPELINE/001_universal.log:49:OLD_POU_WINDOW_NAMES=PRG_PLC_A|PRG_PLC_B|FB_Access_Control|FB_AccessCode_Manager|FB_Astro_Timer|FB_BlackBox_Recorder|FB_Boiler_Cascade_Controller|FB_Boiler_Cascade_Manager|FB_Calibration_Manager|FB_CO_Detector|FB_CRC32_Calculator|FB_Debug_Logger|FB_Device_Predictive_Diag|FB_DHW_Manager|FB_Emergency_Valve_Open|FB_Exhaust_Ventilation_Controller|FB_Flood_Detector|FB_FloorHeating_Controller|FB_FloorHeating_Freeze_Protection|FB_FloorHeating_Overheat_Protection|FB_Gas_Methane_Detector|FB_Gas_Smoke_Manager|FB_Gas_Valve_Controller|FB_Gateway_Interface|FB_Heating_System_Manager|FB_History_Manager|FB_Lifetime_Predictor|FB_Lighting_Blinds_Manager|FB_Maintenance_Access|FB_Manifold_Mixing_Valve_Controller|FB_Manifold_Pump_Controller|FB_Manual_Valve_Control|FB_NVRAM_Manager|FB_Outdoor_Lighting_Controller|FB_PID_Controller|FB_PLC_Heartbeat|FB_Pre_Departure_Heating|FB_Presence_Playback|FB_Presence_Simulator|FB_Random_Generator|FB_Scenario_Manager|FB_Scenario_Transition_Controller|FB_Security_Alarm|FB_Security_System|FB_Security_System_Manager|FB_Sensor_Calibration_Processor|FB_Sensor_Distribution|FB_Simulation_Manager|FB_Smoke_Detector|FB_SMS_Notification|FB_State_Manager|FB_State_Snapshot_Manager|FB_State_Snapshot_NVRAM|FB_Supply_Ventilation_Controller|FB_Trend_Analyzer|FB_TwoFactor_Auth|FB_User_Rule_Engine|FB_Valve_Test|FB_Ventilation_System_Manager|FB_Water_Leakage_Manager|FB_Water_Valve_Controller|FB_Zone_Access_Manager|PRG_Main
./repo_logs/assistant_bridge/2026_04_16/step_36_gateway_interface_audit/gateway_interface_audit.log:6213:./snapshots/project_clean_state_2026_04_16/FB_Gateway_Interface.st:58:    VO_Reset_Errors_Req         : BOOL; // Запрос на сброс ошибок/квитирование
./repo_logs/assistant_bridge/2026_04_16/step_36_gateway_interface_audit/gateway_interface_audit.log:6214:./snapshots/project_clean_state_2026_04_16/FB_Gateway_Interface.st:201:VO_Reset_Errors_Req := FALSE;
./FB_Gateway_Interface.st:1:FUNCTION_BLOCK FB_Gateway_Interface
./FB_Gateway_Interface.st:320:// >>> BULK_SYNC_ANCHOR: FB_Gateway_Interface <<<
./snapshots/project_clean_state_2026_04_16/steps/MASTER_PIPELINE/005_RESULT.xml:3929:<pou name="FB_Gateway_Interface" pouType="functionBlock">
./snapshots/project_clean_state_2026_04_16/steps/MASTER_PIPELINE/005_RESULT.xml:4513:// &gt;&gt;&gt; BULK_SYNC_ANCHOR: FB_Gateway_Interface &lt;&lt;&lt;</xhtml>
./snapshots/project_clean_state_2026_04_16/steps/MASTER_PIPELINE/005_RESULT.xml:9228:                <derived name="FB_Gateway_Interface" />
./snapshots/project_clean_state_2026_04_16/steps/MASTER_PIPELINE/005_RESULT.xml:10720:                <derived name="FB_Gateway_Interface" />
./snapshots/project_clean_state_2026_04_16/steps/MASTER_PIPELINE/005_RESULT.xml:12786:          <Object Name="FB_Gateway_Interface" />
./snapshots/project_clean_state_2026_04_16/steps/MASTER_PIPELINE/001_universal_pou_builder.log:14:POU=FB_Gateway_Interface XML_NAME=FB_Gateway_Interface TYPE=functionBlock TREE=pous VARS=67 OBJECT_ID=0ad81c58-3bb7-4e6b-9ebb-1edbf7dbe44a WARN=VAR: unparsed lines=1
./snapshots/project_clean_state_2026_04_16/steps/MASTER_PIPELINE/001_universal_pou_builder.log:49:OLD_POU_WINDOW_NAMES=PRG_PLC_A|PRG_PLC_B|FB_Access_Control|FB_AccessCode_Manager|FB_Astro_Timer|FB_BlackBox_Recorder|FB_Boiler_Cascade_Controller|FB_Boiler_Cascade_Manager|FB_Calibration_Manager|FB_CO_Detector|FB_CRC32_Calculator|FB_Debug_Logger|FB_Device_Predictive_Diag|FB_DHW_Manager|FB_Emergency_Valve_Open|FB_Exhaust_Ventilation_Controller|FB_Flood_Detector|FB_FloorHeating_Controller|FB_FloorHeating_Freeze_Protection|FB_FloorHeating_Overheat_Protection|FB_Gas_Methane_Detector|FB_Gas_Smoke_Manager|FB_Gas_Valve_Controller|FB_Gateway_Interface|FB_Heating_System_Manager|FB_History_Manager|FB_Lifetime_Predictor|FB_Lighting_Blinds_Manager|FB_Maintenance_Access|FB_Manifold_Mixing_Valve_Controller|FB_Manifold_Pump_Controller|FB_Manual_Valve_Control|FB_NVRAM_Manager|FB_Outdoor_Lighting_Controller|FB_PID_Controller|FB_PLC_Heartbeat|FB_Pre_Departure_Heating|FB_Presence_Playback|FB_Presence_Simulator|FB_Random_Generator|FB_Scenario_Manager|FB_Scenario_Transition_Controller|FB_Security_Alarm|FB_Security_System|FB_Security_System_Manager|FB_Sensor_Calibration_Processor|FB_Sensor_Distribution|FB_Simulation_Manager|FB_Smoke_Detector|FB_SMS_Notification|FB_State_Manager|FB_State_Snapshot_Manager|FB_State_Snapshot_NVRAM|FB_Supply_Ventilation_Controller|FB_Trend_Analyzer|FB_TwoFactor_Auth|FB_User_Rule_Engine|FB_Valve_Test|FB_Ventilation_System_Manager|FB_Water_Leakage_Manager|FB_Water_Valve_Controller|FB_Zone_Access_Manager|PRG_Main
./snapshots/project_clean_state_2026_04_16/steps/MASTER_PIPELINE/æ¿ßΓÑ¼á π¼¡«ú« ñ«¼á.xml:5182:      <pou name="FB_Gateway_Interface" pouType="functionBlock">
./snapshots/project_clean_state_2026_04_16/steps/MASTER_PIPELINE/æ¿ßΓÑ¼á π¼¡«ú« ñ«¼á.xml:10500:                <derived name="FB_Gateway_Interface" />
./snapshots/project_clean_state_2026_04_16/steps/MASTER_PIPELINE/æ¿ßΓÑ¼á π¼¡«ú« ñ«¼á.xml:12130:          <Object Name="FB_Gateway_Interface" ObjectId="8ff42a0e-a7c6-44f9-829e-53e627090381" />
./snapshots/project_clean_state_2026_04_16/steps/MASTER_PIPELINE/001_universal_v2.log:36:POU=FB_Gateway_Interface XML_NAME=FB_Gateway_Interface TYPE=functionBlock TREE=pous VARS=67 OBJECT_ID=f017a2cc-8244-4289-b9e5-269c38e51cdc WARN=VAR: unparsed lines=1
./snapshots/project_clean_state_2026_04_16/steps/MASTER_PIPELINE/001_universal_v2.log:108:OLD_POU_WINDOW_NAMES=PRG_PLC_A|PRG_PLC_B|FB_Access_Control|FB_AccessCode_Manager|FB_Astro_Timer|FB_BlackBox_Recorder|FB_Boiler_Cascade_Controller|FB_Boiler_Cascade_Manager|FB_Calibration_Manager|FB_CO_Detector|FB_CRC32_Calculator|FB_Debug_Logger|FB_Device_Predictive_Diag|FB_DHW_Manager|FB_Emergency_Valve_Open|FB_Exhaust_Ventilation_Controller|FB_Flood_Detector|FB_FloorHeating_Controller|FB_FloorHeating_Freeze_Protection|FB_FloorHeating_Overheat_Protection|FB_Gas_Methane_Detector|FB_Gas_Smoke_Manager|FB_Gas_Valve_Controller|FB_Gateway_Interface|FB_Heating_System_Manager|FB_History_Manager|FB_Lifetime_Predictor|FB_Lighting_Blinds_Manager|FB_Maintenance_Access|FB_Manifold_Mixing_Valve_Controller|FB_Manifold_Pump_Controller|FB_Manual_Valve_Control|FB_NVRAM_Manager|FB_Outdoor_Lighting_Controller|FB_PID_Controller|FB_PLC_Heartbeat|FB_Pre_Departure_Heating|FB_Presence_Playback|FB_Presence_Simulator|FB_Random_Generator|FB_Scenario_Manager|FB_Scenario_Transition_Controller|FB_Security_Alarm|FB_Security_System|FB_Security_System_Manager|FB_Sensor_Calibration_Processor|FB_Sensor_Distribution|FB_Simulation_Manager|FB_Smoke_Detector|FB_SMS_Notification|FB_State_Manager|FB_State_Snapshot_Manager|FB_State_Snapshot_NVRAM|FB_Supply_Ventilation_Controller|FB_Trend_Analyzer|FB_TwoFactor_Auth|FB_User_Rule_Engine|FB_Valve_Test|FB_Ventilation_System_Manager|FB_Water_Leakage_Manager|FB_Water_Valve_Controller|FB_Zone_Access_Manager|PRG_Main
./snapshots/project_clean_state_2026_04_16/steps/MASTER_PIPELINE/001_universal_v2.log:109:OLD_POUS_TREE_NAMES=FB_Lifetime_Predictor|FB_Gas_Valve_Controller|FB_TwoFactor_Auth|FB_Manual_Valve_Control|FB_Boiler_Cascade_Manager|FB_CRC32_Calculator|FB_Emergency_Valve_Open|FB_AccessCode_Manager|FB_Manifold_Pump_Controller|FB_Debug_Logger|FB_Astro_Timer|FB_BlackBox_Recorder|FB_PLC_Heartbeat|FB_User_Rule_Engine|FB_Water_Valve_Controller|FB_FloorHeating_Freeze_Protection|FB_Gateway_Interface|FB_Heating_System_Manager|FB_History_Manager|FB_Calibration_Manager|FB_CO_Detector|FB_FloorHeating_Overheat_Protection|FB_Gas_Methane_Detector|FB_Gas_Smoke_Manager|FB_Device_Predictive_Diag|FB_PID_Controller|FB_NVRAM_Manager|FB_Outdoor_Lighting_Controller|FB_Pre_Departure_Heating|FB_Exhaust_Ventilation_Controller|FB_Flood_Detector|FB_Valve_Test|FB_Zone_Access_Manager|FB_Ventilation_System_Manager|FB_Water_Leakage_Manager|FB_Random_Generator|FB_Scenario_Manager|FB_Scenario_Transition_Controller|FB_Boiler_Cascade_Controller|FB_Security_Alarm|FB_Security_System|FB_Security_System_Manager|FB_FloorHeating_Controller|FB_DHW_Manager|FB_Presence_Playback|FB_Presence_Simulator|FB_Lighting_Blinds_Manager|FB_Maintenance_Access|FB_Manifold_Mixing_Valve_Controller|FB_Sensor_Calibration_Processor|FB_Sensor_Distribution|FB_Simulation_Manager|FB_Smoke_Detector|FB_SMS_Notification|FB_State_Manager|FB_State_Snapshot_Manager|FB_State_Snapshot_NVRAM|FB_Supply_Ventilation_Controller|FB_Trend_Analyzer|FB_Access_Control
./snapshots/project_clean_state_2026_04_16/steps/MASTER_PIPELINE/004_RESULT.xml:7393:      <pou name="FB_Gateway_Interface" pouType="functionBlock">
./snapshots/project_clean_state_2026_04_16/steps/MASTER_PIPELINE/004_RESULT.xml:7977:// &gt;&gt;&gt; BULK_SYNC_ANCHOR: FB_Gateway_Interface &lt;&lt;&lt;</xhtml>
./snapshots/project_clean_state_2026_04_16/steps/MASTER_PIPELINE/004_RESULT.xml:9518:                <derived name="FB_Gateway_Interface" />
./snapshots/project_clean_state_2026_04_16/steps/MASTER_PIPELINE/004_RESULT.xml:11507:          <Object Name="FB_Gateway_Interface" ObjectId="35e75810-5286-4ff7-96c1-3c8befdde0cc" />
./snapshots/project_clean_state_2026_04_16/steps/MASTER_PIPELINE/003_GVL_BASELINE_INPUT.xml:5306:<pou name="FB_Gateway_Interface" pouType="functionBlock">
./snapshots/project_clean_state_2026_04_16/steps/MASTER_PIPELINE/003_GVL_BASELINE_INPUT.xml:5890:// &gt;&gt;&gt; BULK_SYNC_ANCHOR: FB_Gateway_Interface &lt;&lt;&lt;</xhtml>
./snapshots/project_clean_state_2026_04_16/steps/MASTER_PIPELINE/003_GVL_BASELINE_INPUT.xml:10605:                <derived name="FB_Gateway_Interface" />
./snapshots/project_clean_state_2026_04_16/steps/MASTER_PIPELINE/003_GVL_BASELINE_INPUT.xml:12217:          <Object Name="FB_Gateway_Interface" />
./snapshots/project_clean_state_2026_04_16/steps/MASTER_PIPELINE/out/004_RESULT.xml:7393:      <pou name="FB_Gateway_Interface" pouType="functionBlock">
./snapshots/project_clean_state_2026_04_16/steps/MASTER_PIPELINE/out/004_RESULT.xml:7977:// &gt;&gt;&gt; BULK_SYNC_ANCHOR: FB_Gateway_Interface &lt;&lt;&lt;</xhtml>
./snapshots/project_clean_state_2026_04_16/steps/MASTER_PIPELINE/out/004_RESULT.xml:9518:                <derived name="FB_Gateway_Interface" />
./snapshots/project_clean_state_2026_04_16/steps/MASTER_PIPELINE/out/004_RESULT.xml:11507:          <Object Name="FB_Gateway_Interface" ObjectId="2cc95ee2-fc8a-480e-a1ea-7b7390b8afc3" />
./snapshots/project_clean_state_2026_04_16/steps/MASTER_PIPELINE/out/003_RESULT.xml:8770:      <pou name="FB_Gateway_Interface" pouType="functionBlock">
./snapshots/project_clean_state_2026_04_16/steps/MASTER_PIPELINE/out/003_RESULT.xml:9354:// &gt;&gt;&gt; BULK_SYNC_ANCHOR: FB_Gateway_Interface &lt;&lt;&lt;</xhtml>
./snapshots/project_clean_state_2026_04_16/steps/MASTER_PIPELINE/out/003_RESULT.xml:10895:                <derived name="FB_Gateway_Interface" />
./snapshots/project_clean_state_2026_04_16/steps/MASTER_PIPELINE/out/003_RESULT.xml:12920:          <Object Name="FB_Gateway_Interface" ObjectId="7e9cb767-7f9b-479f-809a-1092900fe3b8" />
./snapshots/project_clean_state_2026_04_16/steps/MASTER_PIPELINE/002_BASE.xml:7044:      <pou name="FB_Gateway_Interface" pouType="functionBlock">
./snapshots/project_clean_state_2026_04_16/steps/MASTER_PIPELINE/002_BASE.xml:7621:// &gt;&gt;&gt; BULK_SYNC_ANCHOR: FB_Gateway_Interface &lt;&lt;&lt;</xhtml>
./snapshots/project_clean_state_2026_04_16/steps/MASTER_PIPELINE/002_BASE.xml:16940:                <derived name="FB_Gateway_Interface" />
./snapshots/project_clean_state_2026_04_16/steps/MASTER_PIPELINE/002_BASE.xml:19329:          <Object Name="FB_Gateway_Interface" ObjectId="f017a2cc-8244-4289-b9e5-269c38e51cdc" />
./snapshots/project_clean_state_2026_04_16/steps/MASTER_PIPELINE/001_universal_methods_v1.log:36:POU=FB_Gateway_Interface XML_NAME=FB_Gateway_Interface TYPE=functionBlock TREE=pous VARS=67 METHODS=0 OBJECT_ID=0f1c9340-ce4e-4a39-b1ae-b40b6a0bb4f7 WARN=VAR: unparsed lines=1
./snapshots/project_clean_state_2026_04_16/steps/MASTER_PIPELINE/001_universal_methods_v1.log:108:OLD_POU_WINDOW_NAMES=PRG_PLC_A|PRG_PLC_B|FB_Access_Control|FB_AccessCode_Manager|FB_Astro_Timer|FB_BlackBox_Recorder|FB_Boiler_Cascade_Controller|FB_Boiler_Cascade_Manager|FB_Calibration_Manager|FB_CO_Detector|FB_CRC32_Calculator|FB_Debug_Logger|FB_Device_Predictive_Diag|FB_DHW_Manager|FB_Emergency_Valve_Open|FB_Exhaust_Ventilation_Controller|FB_Flood_Detector|FB_FloorHeating_Controller|FB_FloorHeating_Freeze_Protection|FB_FloorHeating_Overheat_Protection|FB_Gas_Methane_Detector|FB_Gas_Smoke_Manager|FB_Gas_Valve_Controller|FB_Gateway_Interface|FB_Heating_System_Manager|FB_History_Manager|FB_Lifetime_Predictor|FB_Lighting_Blinds_Manager|FB_Maintenance_Access|FB_Manifold_Mixing_Valve_Controller|FB_Manifold_Pump_Controller|FB_Manual_Valve_Control|FB_NVRAM_Manager|FB_Outdoor_Lighting_Controller|FB_PID_Controller|FB_PLC_Heartbeat|FB_Pre_Departure_Heating|FB_Presence_Playback|FB_Presence_Simulator|FB_Random_Generator|FB_Scenario_Manager|FB_Scenario_Transition_Controller|FB_Security_Alarm|FB_Security_System|FB_Security_System_Manager|FB_Sensor_Calibration_Processor|FB_Sensor_Distribution|FB_Simulation_Manager|FB_Smoke_Detector|FB_SMS_Notification|FB_State_Manager|FB_State_Snapshot_Manager|FB_State_Snapshot_NVRAM|FB_Supply_Ventilation_Controller|FB_Trend_Analyzer|FB_TwoFactor_Auth|FB_User_Rule_Engine|FB_Valve_Test|FB_Ventilation_System_Manager|FB_Water_Leakage_Manager|FB_Water_Valve_Controller|FB_Zone_Access_Manager|PRG_Main
./snapshots/project_clean_state_2026_04_16/steps/MASTER_PIPELINE/001_universal_methods_v1.log:109:OLD_POUS_TREE_NAMES=FB_Lifetime_Predictor|FB_Gas_Valve_Controller|FB_TwoFactor_Auth|FB_Manual_Valve_Control|FB_Boiler_Cascade_Manager|FB_CRC32_Calculator|FB_Emergency_Valve_Open|FB_AccessCode_Manager|FB_Manifold_Pump_Controller|FB_Debug_Logger|FB_Astro_Timer|FB_BlackBox_Recorder|FB_PLC_Heartbeat|FB_User_Rule_Engine|FB_Water_Valve_Controller|FB_FloorHeating_Freeze_Protection|FB_Gateway_Interface|FB_Heating_System_Manager|FB_History_Manager|FB_Calibration_Manager|FB_CO_Detector|FB_FloorHeating_Overheat_Protection|FB_Gas_Methane_Detector|FB_Gas_Smoke_Manager|FB_Device_Predictive_Diag|FB_PID_Controller|FB_NVRAM_Manager|FB_Outdoor_Lighting_Controller|FB_Pre_Departure_Heating|FB_Exhaust_Ventilation_Controller|FB_Flood_Detector|FB_Valve_Test|FB_Zone_Access_Manager|FB_Ventilation_System_Manager|FB_Water_Leakage_Manager|FB_Random_Generator|FB_Scenario_Manager|FB_Scenario_Transition_Controller|FB_Boiler_Cascade_Controller|FB_Security_Alarm|FB_Security_System|FB_Security_System_Manager|FB_FloorHeating_Controller|FB_DHW_Manager|FB_Presence_Playback|FB_Presence_Simulator|FB_Lighting_Blinds_Manager|FB_Maintenance_Access|FB_Manifold_Mixing_Valve_Controller|FB_Sensor_Calibration_Processor|FB_Sensor_Distribution|FB_Simulation_Manager|FB_Smoke_Detector|FB_SMS_Notification|FB_State_Manager|FB_State_Snapshot_Manager|FB_State_Snapshot_NVRAM|FB_Supply_Ventilation_Controller|FB_Trend_Analyzer|FB_Access_Control
./snapshots/project_clean_state_2026_04_16/steps/MASTER_PIPELINE/003_RESULT.xml:8770:      <pou name="FB_Gateway_Interface" pouType="functionBlock">
./snapshots/project_clean_state_2026_04_16/steps/MASTER_PIPELINE/003_RESULT.xml:9354:// &gt;&gt;&gt; BULK_SYNC_ANCHOR: FB_Gateway_Interface &lt;&lt;&lt;</xhtml>
./snapshots/project_clean_state_2026_04_16/steps/MASTER_PIPELINE/003_RESULT.xml:10895:                <derived name="FB_Gateway_Interface" />
./snapshots/project_clean_state_2026_04_16/steps/MASTER_PIPELINE/003_RESULT.xml:12920:          <Object Name="FB_Gateway_Interface" ObjectId="35e75810-5286-4ff7-96c1-3c8befdde0cc" />
./snapshots/project_clean_state_2026_04_16/steps/MASTER_PIPELINE/001_universal.log:14:POU=FB_Gateway_Interface XML_NAME=FB_Gateway_Interface TYPE=functionBlock TREE=pous VARS=67 OBJECT_ID=0ad81c58-3bb7-4e6b-9ebb-1edbf7dbe44a WARN=VAR: unparsed lines=1
./snapshots/project_clean_state_2026_04_16/steps/MASTER_PIPELINE/001_universal.log:49:OLD_POU_WINDOW_NAMES=PRG_PLC_A|PRG_PLC_B|FB_Access_Control|FB_AccessCode_Manager|FB_Astro_Timer|FB_BlackBox_Recorder|FB_Boiler_Cascade_Controller|FB_Boiler_Cascade_Manager|FB_Calibration_Manager|FB_CO_Detector|FB_CRC32_Calculator|FB_Debug_Logger|FB_Device_Predictive_Diag|FB_DHW_Manager|FB_Emergency_Valve_Open|FB_Exhaust_Ventilation_Controller|FB_Flood_Detector|FB_FloorHeating_Controller|FB_FloorHeating_Freeze_Protection|FB_FloorHeating_Overheat_Protection|FB_Gas_Methane_Detector|FB_Gas_Smoke_Manager|FB_Gas_Valve_Controller|FB_Gateway_Interface|FB_Heating_System_Manager|FB_History_Manager|FB_Lifetime_Predictor|FB_Lighting_Blinds_Manager|FB_Maintenance_Access|FB_Manifold_Mixing_Valve_Controller|FB_Manifold_Pump_Controller|FB_Manual_Valve_Control|FB_NVRAM_Manager|FB_Outdoor_Lighting_Controller|FB_PID_Controller|FB_PLC_Heartbeat|FB_Pre_Departure_Heating|FB_Presence_Playback|FB_Presence_Simulator|FB_Random_Generator|FB_Scenario_Manager|FB_Scenario_Transition_Controller|FB_Security_Alarm|FB_Security_System|FB_Security_System_Manager|FB_Sensor_Calibration_Processor|FB_Sensor_Distribution|FB_Simulation_Manager|FB_Smoke_Detector|FB_SMS_Notification|FB_State_Manager|FB_State_Snapshot_Manager|FB_State_Snapshot_NVRAM|FB_Supply_Ventilation_Controller|FB_Trend_Analyzer|FB_TwoFactor_Auth|FB_User_Rule_Engine|FB_Valve_Test|FB_Ventilation_System_Manager|FB_Water_Leakage_Manager|FB_Water_Valve_Controller|FB_Zone_Access_Manager|PRG_Main
./snapshots/project_clean_state_2026_04_16/steps/MASTER_PIPELINE/archive_logs/003_GVL_XML_TEMPLATE_ANALYSIS.log:2902:<pou name="FB_Gateway_Interface" pouType="functionBlock">
./snapshots/project_clean_state_2026_04_16/steps/MASTER_PIPELINE/archive_logs/003_GVL_XML_TEMPLATE_ANALYSIS.log:5005:                <derived name="FB_Gateway_Interface" />
./snapshots/project_clean_state_2026_04_16/steps/MASTER_PIPELINE/archive_logs/002_build_clean_master_from_fb.log:20:FB=FB_Gateway_Interface VARS=67 WARN=VAR: unparsed lines=1
./snapshots/project_clean_state_2026_04_16/steps/MASTER_PIPELINE/archive_logs/002_insert_fb_from_st_and_refresh_projectstructure.log:20:FB=FB_Gateway_Interface VARS=67 WARN=VAR: unparsed lines=1
./snapshots/project_clean_state_2026_04_16/steps/MASTER_PIPELINE/archive_logs/002_run_full.log:20:FB=FB_Gateway_Interface VARS=67 WARN=VAR: unparsed lines=1
./snapshots/project_clean_state_2026_04_16/steps/MASTER_PIPELINE/001_BASE.xml:5299:      <pou name="FB_Gateway_Interface" pouType="functionBlock">
./snapshots/project_clean_state_2026_04_16/steps/MASTER_PIPELINE/001_BASE.xml:5883:// &gt;&gt;&gt; BULK_SYNC_ANCHOR: FB_Gateway_Interface &lt;&lt;&lt;</xhtml>
./snapshots/project_clean_state_2026_04_16/steps/MASTER_PIPELINE/001_BASE.xml:11687:                <derived name="FB_Gateway_Interface" />
./snapshots/project_clean_state_2026_04_16/Система умного дома.xml:5182:      <pou name="FB_Gateway_Interface" pouType="functionBlock">
./snapshots/project_clean_state_2026_04_16/Система умного дома.xml:10500:                <derived name="FB_Gateway_Interface" />
./snapshots/project_clean_state_2026_04_16/Система умного дома.xml:12130:          <Object Name="FB_Gateway_Interface" ObjectId="8ff42a0e-a7c6-44f9-829e-53e627090381" />
./snapshots/project_clean_state_2026_04_16/diagnostics/2026_04_16/step_10_git_commit_failure_debug.log:85:./FB_Gateway_Interface.st
./snapshots/project_clean_state_2026_04_16/diagnostics/2026_04_16/step_08_flatten_unpacked_root.log:65:./FB_Gateway_Interface.st
./snapshots/project_clean_state_2026_04_16/diagnostics/2026_04_16/step_11_project_structure.log:62:./FB_Gateway_Interface.st
./snapshots/project_clean_state_2026_04_16/diagnostics/2026_04_16/step_11_project_structure.log:305:./FB_Gateway_Interface.st
./snapshots/project_clean_state_2026_04_16/компилятор/Система умного дома.xml:5182:      <pou name="FB_Gateway_Interface" pouType="functionBlock">
./snapshots/project_clean_state_2026_04_16/компилятор/Система умного дома.xml:10500:                <derived name="FB_Gateway_Interface" />
./snapshots/project_clean_state_2026_04_16/компилятор/Система умного дома.xml:12130:          <Object Name="FB_Gateway_Interface" ObjectId="8ff42a0e-a7c6-44f9-829e-53e627090381" />
./snapshots/project_clean_state_2026_04_16/компилятор/out/RESULT_methods_clean.xml:9959:      <pou name="FB_Gateway_Interface" pouType="functionBlock">
./snapshots/project_clean_state_2026_04_16/компилятор/out/RESULT_methods_clean.xml:10536:// &gt;&gt;&gt; BULK_SYNC_ANCHOR: FB_Gateway_Interface &lt;&lt;&lt;</xhtml>
./snapshots/project_clean_state_2026_04_16/компилятор/out/RESULT_methods_clean.xml:18756:                <derived name="FB_Gateway_Interface" />
./snapshots/project_clean_state_2026_04_16/компилятор/out/RESULT_methods_clean.xml:20257:          <Object Name="FB_Gateway_Interface" ObjectId="5ecdb311-fa59-446e-afa9-ad95e6ebaae3" />
./snapshots/project_clean_state_2026_04_16/FB_Gateway_Interface.st:1:FUNCTION_BLOCK FB_Gateway_Interface
./snapshots/project_clean_state_2026_04_16/FB_Gateway_Interface.st:320:// >>> BULK_SYNC_ANCHOR: FB_Gateway_Interface <<<
./snapshots/project_clean_state_2026_04_16/диагностика/file_access_audit.log:95:FB_Gateway_Interface.st	file	yes	yes	yes	0o666
./snapshots/project_clean_state_2026_04_16/диагностика/file_access_audit.log:582:save_2026-04-07/FB_Gateway_Interface.st	file	yes	yes	yes	0o666
./snapshots/project_clean_state_2026_04_16/диагностика/file_access_audit.log:705:snapshots/clean_build_20260414_0820/FB_Gateway_Interface.st	file	yes	yes	yes	0o666
./snapshots/project_clean_state_2026_04_16/диагностика/file_access_audit.log:1009:snapshots/clean_build_20260414_0820/save_2026-04-07/FB_Gateway_Interface.st	file	yes	yes	yes	0o666
./snapshots/project_clean_state_2026_04_16/диагностика/file_access_audit.log:1585:snapshots/clean_build_2026_04_14/FB_Gateway_Interface.st	file	yes	yes	yes	0o666
./snapshots/project_clean_state_2026_04_16/диагностика/file_access_audit.log:1890:snapshots/clean_build_2026_04_14/save_2026-04-07/FB_Gateway_Interface.st	file	yes	yes	yes	0o666
./snapshots/project_clean_state_2026_04_16/диагностика/file_access_audit.log:2449:snapshots/clean_build_2026_04_15/FB_Gateway_Interface.st	file	yes	yes	yes	0o666
./snapshots/project_clean_state_2026_04_16/диагностика/file_access_audit.log:2756:snapshots/clean_build_2026_04_15/save_2026-04-07/FB_Gateway_Interface.st	file	yes	yes	yes	0o666
./snapshots/project_clean_state_2026_04_16/docs/FB_INVENTORY_AUDIT.md:94:| FB_Gateway_Interface | NOT_REVIEWED | TBD | TBD | TBD | Needs deeper audit | Open code and classify |
./snapshots/project_clean_state_2026_04_16/workspace/export_forensics/sandbox/XML_INTERFACE_PREVIEW.txt:766:=== FB_Gateway_Interface.st ===
./snapshots/project_clean_state_2026_04_16/workspace/export_forensics/sandbox/XML_BULK_SYNC_REPORT.txt:22:FB_Gateway_Interface	MISSING_IN_XML	FB_Gateway_Interface.st
./snapshots/project_clean_state_2026_04_16/workspace/export_forensics/sandbox/SMART_HOME_SANDBOX_V7.xml:3986:      <pou name="FB_Gateway_Interface" pouType="functionBlock">
./snapshots/project_clean_state_2026_04_16/workspace/export_forensics/sandbox/SMART_HOME_SANDBOX_V7.xml:8795:          <Object Name="FB_Gateway_Interface" ObjectId="8ff42a0e-a7c6-44f9-829e-53e627090381" />
./snapshots/project_clean_state_2026_04_16/workspace/export_forensics/sandbox/SMART_HOME_SANDBOX_V6.xml:5182:      <pou name="FB_Gateway_Interface" pouType="functionBlock">
./snapshots/project_clean_state_2026_04_16/workspace/export_forensics/sandbox/SMART_HOME_SANDBOX_V6.xml:10500:                <derived name="FB_Gateway_Interface" />
./snapshots/project_clean_state_2026_04_16/workspace/export_forensics/sandbox/SMART_HOME_SANDBOX_V6.xml:14232:          <Object Name="FB_Gateway_Interface" ObjectId="8ff42a0e-a7c6-44f9-829e-53e627090381" />
./snapshots/project_clean_state_2026_04_16/workspace/export_forensics/sandbox/XML_INTERFACE_PREVIEW_CLEAN.txt:731:=== FB_Gateway_Interface.st ===
./snapshots/project_clean_state_2026_04_16/workspace/export_forensics/sandbox/XML_BULK_CLONE_VERIFIED_REPORT.txt:20:FB_Gateway_Interface
./snapshots/project_clean_state_2026_04_16/workspace/export_forensics/sandbox/SMART_HOME_SANDBOX_V3.xml:5496:      <pou name="FB_Gateway_Interface" pouType="functionBlock">
./snapshots/project_clean_state_2026_04_16/workspace/export_forensics/sandbox/SMART_HOME_SANDBOX_V3.xml:5947:// &gt;&gt;&gt; BULK_SYNC_ANCHOR: FB_Gateway_Interface &lt;&lt;&lt;
./snapshots/project_clean_state_2026_04_16/workspace/export_forensics/sandbox/SMART_HOME_SANDBOX_V3.xml:11924:                <derived name="FB_Gateway_Interface" />
./snapshots/project_clean_state_2026_04_16/workspace/export_forensics/sandbox/SMART_HOME_SANDBOX_V3.xml:14156:    fbGateway : FB_Gateway_Interface;
./snapshots/project_clean_state_2026_04_16/workspace/export_forensics/sandbox/SMART_HOME_SANDBOX_V3.xml:16274:          <Object Name="FB_Gateway_Interface" ObjectId="8ff42a0e-a7c6-44f9-829e-53e627090381" />
./snapshots/project_clean_state_2026_04_16/workspace/export_forensics/sandbox/SMART_HOME_SANDBOX.xml:5604:      <pou name="FB_Gateway_Interface" pouType="functionBlock">
./snapshots/project_clean_state_2026_04_16/workspace/export_forensics/sandbox/SMART_HOME_SANDBOX.xml:12020:                <derived name="FB_Gateway_Interface" />
./snapshots/project_clean_state_2026_04_16/workspace/export_forensics/sandbox/SMART_HOME_SANDBOX.xml:13650:          <Object Name="FB_Gateway_Interface" ObjectId="8ff42a0e-a7c6-44f9-829e-53e627090381" />
./snapshots/project_clean_state_2026_04_16/workspace/export_forensics/sandbox/XML_BULK_SYNC_REPORT_V8.txt:22:FB_Gateway_Interface	PATCHED	FB_Gateway_Interface.st
./snapshots/project_clean_state_2026_04_16/workspace/export_forensics/sandbox/SMART_HOME_SANDBOX_V4.xml:5496:      <pou name="FB_Gateway_Interface" pouType="functionBlock">
./snapshots/project_clean_state_2026_04_16/workspace/export_forensics/sandbox/SMART_HOME_SANDBOX_V4.xml:5947:// &gt;&gt;&gt; BULK_SYNC_ANCHOR: FB_Gateway_Interface &lt;&lt;&lt;
./snapshots/project_clean_state_2026_04_16/workspace/export_forensics/sandbox/SMART_HOME_SANDBOX_V4.xml:11924:                <derived name="FB_Gateway_Interface" />
./snapshots/project_clean_state_2026_04_16/workspace/export_forensics/sandbox/SMART_HOME_SANDBOX_V4.xml:13770:          <Object Name="FB_Gateway_Interface" ObjectId="8ff42a0e-a7c6-44f9-829e-53e627090381" />
./snapshots/project_clean_state_2026_04_16/workspace/export_forensics/sandbox/SMART_HOME_SANDBOX_V8.xml:5496:      <pou name="FB_Gateway_Interface" pouType="functionBlock">
./snapshots/project_clean_state_2026_04_16/workspace/export_forensics/sandbox/SMART_HOME_SANDBOX_V8.xml:5947:// &gt;&gt;&gt; BULK_SYNC_ANCHOR: FB_Gateway_Interface &lt;&lt;&lt;
./snapshots/project_clean_state_2026_04_16/workspace/export_forensics/sandbox/SMART_HOME_SANDBOX_V8.xml:11924:                <derived name="FB_Gateway_Interface" />
./snapshots/project_clean_state_2026_04_16/workspace/export_forensics/sandbox/SMART_HOME_SANDBOX_V8.xml:15656:          <Object Name="FB_Gateway_Interface" ObjectId="8ff42a0e-a7c6-44f9-829e-53e627090381" />
./snapshots/project_clean_state_2026_04_16/workspace/export_forensics/sandbox/XML_INTERFACE_PREVIEW_CLEAN_V2.txt:1825:=== FB_Gateway_Interface.st ===
./snapshots/project_clean_state_2026_04_16/workspace/export_forensics/sandbox/XML_BULK_CLONE_PARAM_REPORT_V8.txt:30:FB_Gateway_Interface
./snapshots/project_clean_state_2026_04_16/workspace/export_forensics/sandbox/XML_BULK_SYNC_REPORT_V3.txt:22:FB_Gateway_Interface	PATCHED	FB_Gateway_Interface.st
./snapshots/project_clean_state_2026_04_16/workspace/export_forensics/sandbox/XML_BULK_SYNC_REPORT_FINAL.txt:22:FB_Gateway_Interface	ALREADY_SYNCED	FB_Gateway_Interface.st
./snapshots/project_clean_state_2026_04_16/workspace/export_forensics/sandbox/SMART_HOME_SANDBOX_V2.xml:1666:                <Single Name="Text" Type="string">    fbGateway : FB_Gateway_Interface;</Single>
./snapshots/project_clean_state_2026_04_16/workspace/export_forensics/sandbox/SMART_HOME_SANDBOX_V2.xml:12150:        <Single Name="Name" Type="string">FB_Gateway_Interface</Single>
./snapshots/project_clean_state_2026_04_16/workspace/export_forensics/sandbox/SMART_HOME_SANDBOX_V2.xml:12623:                <Single Name="Text" Type="string">FUNCTION_BLOCK FB_Gateway_Interface</Single>
./snapshots/project_clean_state_2026_04_16/workspace/export_forensics/sandbox/INTERFACE_PREVIEW.txt:690:=== FB_Gateway_Interface.st ===
./snapshots/project_clean_state_2026_04_16/workspace/export_forensics/sandbox/BULK_ANCHOR_REPORT.txt:15:CHANGED	FB_Gateway_Interface.st
./snapshots/project_clean_state_2026_04_16/workspace/export_forensics/sandbox/SMART_HOME_SANDBOX_MASTER_V001_BASE.xml:3212:                <derived name="FB_Gateway_Interface" />
./snapshots/project_clean_state_2026_04_16/workspace/export_forensics/sandbox/SMART_HOME_SANDBOX_MASTER_V001_BASE.xml:4842:          <Object Name="FB_Gateway_Interface" ObjectId="8ff42a0e-a7c6-44f9-829e-53e627090381" />
./snapshots/project_clean_state_2026_04_16/workspace/export_forensics/sandbox/SMART_HOME_SANDBOX_V9.xml:3214:                <derived name="FB_Gateway_Interface" />
./snapshots/project_clean_state_2026_04_16/workspace/export_forensics/sandbox/SMART_HOME_SANDBOX_V9.xml:4856:          <Object Name="FB_Gateway_Interface" ObjectId="8ff42a0e-a7c6-44f9-829e-53e627090381" />
./snapshots/project_clean_state_2026_04_16/workspace/export_forensics/sandbox/SMART_HOME_SANDBOX_V9.xml:5636:<pou name="FB_Gateway_Interface" pouType="functionBlock">
./snapshots/project_clean_state_2026_04_16/workspace/export_forensics/sandbox/XML_BULK_SYNC_REPORT_V4.txt:22:FB_Gateway_Interface	PATCHED	FB_Gateway_Interface.st
./snapshots/project_clean_state_2026_04_16/workspace/export_forensics/sandbox/SMART_HOME_SANDBOX_V5.xml:5182:      <pou name="FB_Gateway_Interface" pouType="functionBlock">
./snapshots/project_clean_state_2026_04_16/workspace/export_forensics/sandbox/SMART_HOME_SANDBOX_V5.xml:10500:                <derived name="FB_Gateway_Interface" />
./snapshots/project_clean_state_2026_04_16/workspace/export_forensics/sandbox/SMART_HOME_SANDBOX_V5.xml:14232:          <Object Name="FB_Gateway_Interface" ObjectId="8ff42a0e-a7c6-44f9-829e-53e627090381" />
./snapshots/project_clean_state_2026_04_16/workspace/export_forensics/sandbox/REBUILD_FB_LOG_V9.txt:22:FB_Gateway_Interface: vars=0
./snapshots/project_clean_state_2026_04_16/workspace/compile_green_cleanup_inventory_2026-04-12.md:42:- FB_Gateway_Interface.st
./snapshots/project_clean_state_2026_04_16/workspace/index/root_repo_index.log:29:-rw-rw-rw-   1 codespace root         15621 Apr  7 11:33 FB_Gateway_Interface.st
./snapshots/project_clean_state_2026_04_16/workspace/index/root_repo_index.log:130:./FB_Gateway_Interface.st
./snapshots/project_clean_state_2026_04_16/workspace/system_layer_cleanup/inventory/00_expected_entrypoints.txt:5:FB_Gateway_Interface.st
./snapshots/project_clean_state_2026_04_16/workspace/system_layer_cleanup/reports/01_system_entrypoints_discovery.txt:11:FB_Gateway_Interface.st :: score=4
./snapshots/project_clean_state_2026_04_16/workspace/system_layer_cleanup/reports/02_system_entrypoints_filtered.txt:8:FB_Gateway_Interface.st
./snapshots/project_clean_state_2026_04_16/workspace/gvl_constants_inventory_2026-04-12.md:11:- FB_Gateway_Interface
./snapshots/project_clean_state_2026_04_16/workspace/gvl_constants_inventory_2026-04-12.md:18:- FB_Gateway_Interface
./snapshots/project_clean_state_2026_04_16/workspace/gvl_constants_inventory_2026-04-12.md:24:- FB_Gateway_Interface
./snapshots/project_clean_state_2026_04_16/PRG_System.st:13:    fbGateway : FB_Gateway_Interface;
./snapshots/clean_build_2026_04_16/Система умного дома.xml:5182:      <pou name="FB_Gateway_Interface" pouType="functionBlock">
./snapshots/clean_build_2026_04_16/Система умного дома.xml:10500:                <derived name="FB_Gateway_Interface" />
./snapshots/clean_build_2026_04_16/Система умного дома.xml:12130:          <Object Name="FB_Gateway_Interface" ObjectId="8ff42a0e-a7c6-44f9-829e-53e627090381" />
./snapshots/clean_build_2026_04_16/компилятор/Система умного дома.xml:5182:      <pou name="FB_Gateway_Interface" pouType="functionBlock">
./snapshots/clean_build_2026_04_16/компилятор/Система умного дома.xml:10500:                <derived name="FB_Gateway_Interface" />
./snapshots/clean_build_2026_04_16/компилятор/Система умного дома.xml:12130:          <Object Name="FB_Gateway_Interface" ObjectId="8ff42a0e-a7c6-44f9-829e-53e627090381" />
./snapshots/clean_build_2026_04_16/компилятор/out/RESULT_methods_clean.xml:9959:      <pou name="FB_Gateway_Interface" pouType="functionBlock">
./snapshots/clean_build_2026_04_16/компилятор/out/RESULT_methods_clean.xml:10536:// &gt;&gt;&gt; BULK_SYNC_ANCHOR: FB_Gateway_Interface &lt;&lt;&lt;</xhtml>
./snapshots/clean_build_2026_04_16/компилятор/out/RESULT_methods_clean.xml:18756:                <derived name="FB_Gateway_Interface" />
./snapshots/clean_build_2026_04_16/компилятор/out/RESULT_methods_clean.xml:20257:          <Object Name="FB_Gateway_Interface" ObjectId="5ecdb311-fa59-446e-afa9-ad95e6ebaae3" />
./диагностика/file_access_audit.log:95:FB_Gateway_Interface.st	file	yes	yes	yes	0o666
./диагностика/file_access_audit.log:582:save_2026-04-07/FB_Gateway_Interface.st	file	yes	yes	yes	0o666
./диагностика/file_access_audit.log:705:snapshots/clean_build_20260414_0820/FB_Gateway_Interface.st	file	yes	yes	yes	0o666
./диагностика/file_access_audit.log:1009:snapshots/clean_build_20260414_0820/save_2026-04-07/FB_Gateway_Interface.st	file	yes	yes	yes	0o666
./диагностика/file_access_audit.log:1585:snapshots/clean_build_2026_04_14/FB_Gateway_Interface.st	file	yes	yes	yes	0o666
./диагностика/file_access_audit.log:1890:snapshots/clean_build_2026_04_14/save_2026-04-07/FB_Gateway_Interface.st	file	yes	yes	yes	0o666
./диагностика/file_access_audit.log:2449:snapshots/clean_build_2026_04_15/FB_Gateway_Interface.st	file	yes	yes	yes	0o666
./диагностика/file_access_audit.log:2756:snapshots/clean_build_2026_04_15/save_2026-04-07/FB_Gateway_Interface.st	file	yes	yes	yes	0o666
./docs/FB_INVENTORY_AUDIT.md:94:| FB_Gateway_Interface | NOT_REVIEWED | TBD | TBD | TBD | Needs deeper audit | Open code and classify |
./workspace/export_forensics/sandbox/XML_INTERFACE_PREVIEW.txt:766:=== FB_Gateway_Interface.st ===
./workspace/export_forensics/sandbox/XML_BULK_SYNC_REPORT.txt:22:FB_Gateway_Interface	MISSING_IN_XML	FB_Gateway_Interface.st
./workspace/export_forensics/sandbox/SMART_HOME_SANDBOX_V7.xml:3986:      <pou name="FB_Gateway_Interface" pouType="functionBlock">
./workspace/export_forensics/sandbox/SMART_HOME_SANDBOX_V7.xml:8795:          <Object Name="FB_Gateway_Interface" ObjectId="8ff42a0e-a7c6-44f9-829e-53e627090381" />
./workspace/export_forensics/sandbox/SMART_HOME_SANDBOX_V6.xml:5182:      <pou name="FB_Gateway_Interface" pouType="functionBlock">
./workspace/export_forensics/sandbox/SMART_HOME_SANDBOX_V6.xml:10500:                <derived name="FB_Gateway_Interface" />
./workspace/export_forensics/sandbox/SMART_HOME_SANDBOX_V6.xml:14232:          <Object Name="FB_Gateway_Interface" ObjectId="8ff42a0e-a7c6-44f9-829e-53e627090381" />
./workspace/export_forensics/sandbox/XML_INTERFACE_PREVIEW_CLEAN.txt:731:=== FB_Gateway_Interface.st ===
./workspace/export_forensics/sandbox/XML_BULK_CLONE_VERIFIED_REPORT.txt:20:FB_Gateway_Interface
./workspace/export_forensics/sandbox/SMART_HOME_SANDBOX_V3.xml:5496:      <pou name="FB_Gateway_Interface" pouType="functionBlock">
./workspace/export_forensics/sandbox/SMART_HOME_SANDBOX_V3.xml:5947:// &gt;&gt;&gt; BULK_SYNC_ANCHOR: FB_Gateway_Interface &lt;&lt;&lt;
./workspace/export_forensics/sandbox/SMART_HOME_SANDBOX_V3.xml:11924:                <derived name="FB_Gateway_Interface" />
./workspace/export_forensics/sandbox/SMART_HOME_SANDBOX_V3.xml:14156:    fbGateway : FB_Gateway_Interface;
./workspace/export_forensics/sandbox/SMART_HOME_SANDBOX_V3.xml:16274:          <Object Name="FB_Gateway_Interface" ObjectId="8ff42a0e-a7c6-44f9-829e-53e627090381" />
./workspace/export_forensics/sandbox/SMART_HOME_SANDBOX.xml:5604:      <pou name="FB_Gateway_Interface" pouType="functionBlock">
./workspace/export_forensics/sandbox/SMART_HOME_SANDBOX.xml:12020:                <derived name="FB_Gateway_Interface" />
./workspace/export_forensics/sandbox/SMART_HOME_SANDBOX.xml:13650:          <Object Name="FB_Gateway_Interface" ObjectId="8ff42a0e-a7c6-44f9-829e-53e627090381" />
./workspace/export_forensics/sandbox/XML_BULK_SYNC_REPORT_V8.txt:22:FB_Gateway_Interface	PATCHED	FB_Gateway_Interface.st
./workspace/export_forensics/sandbox/SMART_HOME_SANDBOX_V4.xml:5496:      <pou name="FB_Gateway_Interface" pouType="functionBlock">
./workspace/export_forensics/sandbox/SMART_HOME_SANDBOX_V4.xml:5947:// &gt;&gt;&gt; BULK_SYNC_ANCHOR: FB_Gateway_Interface &lt;&lt;&lt;
./workspace/export_forensics/sandbox/SMART_HOME_SANDBOX_V4.xml:11924:                <derived name="FB_Gateway_Interface" />
./workspace/export_forensics/sandbox/SMART_HOME_SANDBOX_V4.xml:13770:          <Object Name="FB_Gateway_Interface" ObjectId="8ff42a0e-a7c6-44f9-829e-53e627090381" />
./workspace/export_forensics/sandbox/SMART_HOME_SANDBOX_V8.xml:5496:      <pou name="FB_Gateway_Interface" pouType="functionBlock">
./workspace/export_forensics/sandbox/SMART_HOME_SANDBOX_V8.xml:5947:// &gt;&gt;&gt; BULK_SYNC_ANCHOR: FB_Gateway_Interface &lt;&lt;&lt;
./workspace/export_forensics/sandbox/SMART_HOME_SANDBOX_V8.xml:11924:                <derived name="FB_Gateway_Interface" />
./workspace/export_forensics/sandbox/SMART_HOME_SANDBOX_V8.xml:15656:          <Object Name="FB_Gateway_Interface" ObjectId="8ff42a0e-a7c6-44f9-829e-53e627090381" />
./workspace/export_forensics/sandbox/XML_INTERFACE_PREVIEW_CLEAN_V2.txt:1825:=== FB_Gateway_Interface.st ===
./workspace/export_forensics/sandbox/XML_BULK_CLONE_PARAM_REPORT_V8.txt:30:FB_Gateway_Interface
./workspace/export_forensics/sandbox/XML_BULK_SYNC_REPORT_V3.txt:22:FB_Gateway_Interface	PATCHED	FB_Gateway_Interface.st
./workspace/export_forensics/sandbox/XML_BULK_SYNC_REPORT_FINAL.txt:22:FB_Gateway_Interface	ALREADY_SYNCED	FB_Gateway_Interface.st
./workspace/export_forensics/sandbox/SMART_HOME_SANDBOX_V2.xml:1666:                <Single Name="Text" Type="string">    fbGateway : FB_Gateway_Interface;</Single>
./workspace/export_forensics/sandbox/SMART_HOME_SANDBOX_V2.xml:12150:        <Single Name="Name" Type="string">FB_Gateway_Interface</Single>
./workspace/export_forensics/sandbox/SMART_HOME_SANDBOX_V2.xml:12623:                <Single Name="Text" Type="string">FUNCTION_BLOCK FB_Gateway_Interface</Single>
./workspace/export_forensics/sandbox/INTERFACE_PREVIEW.txt:690:=== FB_Gateway_Interface.st ===
./workspace/export_forensics/sandbox/BULK_ANCHOR_REPORT.txt:15:CHANGED	FB_Gateway_Interface.st
./workspace/export_forensics/sandbox/SMART_HOME_SANDBOX_MASTER_V001_BASE.xml:3212:                <derived name="FB_Gateway_Interface" />
./workspace/export_forensics/sandbox/SMART_HOME_SANDBOX_MASTER_V001_BASE.xml:4842:          <Object Name="FB_Gateway_Interface" ObjectId="8ff42a0e-a7c6-44f9-829e-53e627090381" />
./workspace/export_forensics/sandbox/SMART_HOME_SANDBOX_V9.xml:3214:                <derived name="FB_Gateway_Interface" />
./workspace/export_forensics/sandbox/SMART_HOME_SANDBOX_V9.xml:4856:          <Object Name="FB_Gateway_Interface" ObjectId="8ff42a0e-a7c6-44f9-829e-53e627090381" />
./workspace/export_forensics/sandbox/SMART_HOME_SANDBOX_V9.xml:5636:<pou name="FB_Gateway_Interface" pouType="functionBlock">
./workspace/export_forensics/sandbox/XML_BULK_SYNC_REPORT_V4.txt:22:FB_Gateway_Interface	PATCHED	FB_Gateway_Interface.st
./workspace/export_forensics/sandbox/SMART_HOME_SANDBOX_V5.xml:5182:      <pou name="FB_Gateway_Interface" pouType="functionBlock">
./workspace/export_forensics/sandbox/SMART_HOME_SANDBOX_V5.xml:10500:                <derived name="FB_Gateway_Interface" />
./workspace/export_forensics/sandbox/SMART_HOME_SANDBOX_V5.xml:14232:          <Object Name="FB_Gateway_Interface" ObjectId="8ff42a0e-a7c6-44f9-829e-53e627090381" />
./workspace/export_forensics/sandbox/REBUILD_FB_LOG_V9.txt:22:FB_Gateway_Interface: vars=0
./workspace/compile_green_cleanup_inventory_2026-04-12.md:42:- FB_Gateway_Interface.st
./workspace/index/root_repo_index.log:29:-rw-rw-rw-   1 codespace root         15621 Apr  7 11:33 FB_Gateway_Interface.st
./workspace/index/root_repo_index.log:130:./FB_Gateway_Interface.st
./workspace/system_layer_cleanup/inventory/00_expected_entrypoints.txt:5:FB_Gateway_Interface.st
./workspace/system_layer_cleanup/reports/01_system_entrypoints_discovery.txt:11:FB_Gateway_Interface.st :: score=4
./workspace/system_layer_cleanup/reports/02_system_entrypoints_filtered.txt:8:FB_Gateway_Interface.st
./workspace/gvl_constants_inventory_2026-04-12.md:11:- FB_Gateway_Interface
./workspace/gvl_constants_inventory_2026-04-12.md:18:- FB_Gateway_Interface
./workspace/gvl_constants_inventory_2026-04-12.md:24:- FB_Gateway_Interface
grep: ./.git/index: binary file matches
./PRG_System.st:13:    fbGateway : FB_Gateway_Interface;

=== END STEP 36 FIX ===
