]633;E;echo "=== STEP 45 FIX: SCENARIO LAYER AUDIT ===";f1165683-fe3b-4368-874e-5c1706c7b9d6]633;C=== STEP 45 FIX: SCENARIO LAYER AUDIT ===
timestamp_utc=2026-04-16T18:40:45Z

=== CURRENT DIR ===
/workspaces/SmartHomeNew

=== FILE LIST (.st / .gvl / .dut) ===
./DUT/ST_Persist.dut
./E_ALERT_PRIORITY.dut
./E_Debug_Log_Level.dut
./E_Gateway_Command_Type.dut
./E_Lifetime_Device_Type.dut
./E_Outdoor_Mode.dut
./E_PLC_ROLE.dut
./E_Rule_Action_Type.dut
./E_Rule_Comparison.dut
./E_Rule_Condition_Type.dut
./E_SCENARIO_SOURCE.dut
./E_SCENARIO_TYPE.dut
./E_SENSOR_TYPE.dut
./E_System_Operating_Mode.dut
./E_System_Root_Cause.dut
./E_System_Severity.dut
./E_Trend_Parameter_Type.dut
./E_TwoFactor_Method.dut
./E_VALVE_TYPE.dut
./E_VENTILATION_LOCATION.dut
./E_VENTILATION_UNIT_TYPE.dut
./E_Valve_Test_Result.dut
./E_WEATHER_COMPENSATION_METHOD.dut
./E_Zone_Access_Level.dut
./FB_AccessCode_Manager.st
./FB_Access_Control.st
./FB_Alarm_Compatibility_Package.st
./FB_Alarm_Manager.st
./FB_Alarm_V2_Core.st
./FB_Analog_Validator.st
./FB_Astro_Timer.st
./FB_BlackBox_Recorder.st
./FB_BlackBox_V2_Core.st
./FB_Blinds_V2_Staging.st
./FB_Boiler_Cascade_Manager.st
./FB_Boiler_OpenTherm_Interface.st
./FB_CO_Detector.st
./FB_CRC32_Calculator.st
./FB_Calibration_Manager.st
./FB_Command_Deduplication.st
./FB_CoreKernel_Live_Observer.st
./FB_DHW_Manager.st
./FB_DHW_V2_Staging.st
./FB_Debug_Logger.st
./FB_Device_Predictive_Diag.st
./FB_Emergency_Valve_Open.st
./FB_Exhaust_Ventilation_Controller.st
./FB_Fault_Logger.st
./FB_FloorHeating_Controller.st
./FB_FloorHeating_Freeze_Protection.st
./FB_FloorHeating_Overheat_Protection.st
./FB_Gas_Methane_Detector.st
./FB_Gas_Smoke_Manager.st
./FB_Gas_Valve_Controller.st
./FB_Gateway_Interface.st
./FB_HMAC_SHA1.st
./FB_HMI_Interface.st
./FB_Heating_System_Manager.st
./FB_Heating_V2_Staging.st
./FB_History_Manager.st
./FB_History_V2_Core.st
./FB_IO_Module_Watchdog.st
./FB_Lifetime_Predictor.st
./FB_Lighting_Blinds_Manager.st
./FB_Lighting_V2_Staging.st
./FB_LogEvent.st
./FB_Maintenance_Access.st
./FB_Manifold_Pump_Controller.st
./FB_Manual_Valve_Control.st
./FB_NVRAM_Manager.st
./FB_Outdoor_Lighting_Controller.st
./FB_PID_Controller.st
./FB_PLC_Heartbeat.st
./FB_Pre_Departure_Heating.st
./FB_Presence_Playback.st
./FB_Presence_Simulator.st
./FB_Random_Generator.st
./FB_Redundancy_Manager.st
./FB_Rule_Compatibility_Package.st
./FB_Rule_Engine.st
./FB_SHA1.st
./FB_Safety_Manager.st
./FB_Scenario_Manager.st
./FB_Scenario_Transition_Controller.st
./FB_Security_Alarm.st
./FB_Security_System_Manager.st
./FB_Sensor_Analog_Processing.st
./FB_Sensor_Calibration.st
./FB_Sensor_Calibration_Processor.st
./FB_Sensor_Distribution.st
./FB_Simulation_Manager.st
./FB_Smoke_Detector.st
./FB_Socket_Manager.st
./FB_Socket_V2_Staging.st
./FB_State_Manager.st
./FB_State_Manager_MVP.st
./FB_State_Replication.st
./FB_State_Snapshot_Manager.st
./FB_State_Snapshot_NVRAM.st
./FB_Supply_Ventilation_Controller.st
./FB_System_Health.st
./FB_System_Timer.st
./FB_System_Timer_TOF.st
./FB_Trend_Analyzer.st
./FB_Trend_Logger.st
./FB_TwoFactor_Auth.st
./FB_Valve_Test.st
./FB_Valve_Test_Manager.st
./FB_Ventilation_System_Manager.st
./FB_Ventilation_V2_Staging.st
./FB_Watchdog.st
./FB_Water_Leakage_Manager.st
./FB_Water_Valve_Controller.st
./FB_Zone_Access_Manager.st
./GVL_ALARM.gvl
./GVL_BlackBox.gvl
./GVL_COMMAND.gvl
./GVL_CONFIG.gvl
./GVL_CONSTANTS.gvl
./GVL_DEBUG.gvl
./GVL_EVENT.gvl
./GVL_GATEWAY.gvl
./GVL_HEALTH_BRIDGE.gvl
./GVL_IO.gvl
./GVL_MODBUS.gvl
./GVL_PERSISTENT.gvl
./GVL_Retain.gvl
./GVL_STATE.gvl
./GVL_STATUS.gvl
./GVL_TIME.gvl
./IValveController.st
./MAIN.st
./PRG_Heating.st
./PRG_IO_Read.st
./PRG_IO_Write.st
./PRG_Lighting.st
./PRG_PLC_A.st
./PRG_PLC_B.st
./PRG_Safety.st
./PRG_Security.st
./PRG_System.st
./PRG_Test.st
./PRG_Ventilation.st
./ST_Alarm_Record.dut
./ST_Astro_Time.dut
./ST_BlackBox_Record.dut
./ST_BlackBox_Snapshot_V2.dut
./ST_Blinds_Command_V2.dut
./ST_Blinds_State_V2.dut
./ST_Boiler_Status.dut
./ST_Component_Maintenance.dut
./ST_DHW_Command_V2.dut
./ST_DHW_Config.dut
./ST_DHW_State_V2.dut
./ST_DHW_Status.dut
./ST_Debug_Log_Record.dut
./ST_Debug_Logger_Config.dut
./ST_Device_Health.dut
./ST_EVENT.dut
./ST_Flood_Config.dut
./ST_Flood_Global_Config.dut
./ST_FloorHeating_Circuit_Config.dut
./ST_FloorHeating_Global_Config.dut
./ST_FloorHeating_Manifold_Config.dut
./ST_Gas_Valve_Configuration.dut
./ST_Gateway_Command.dut
./ST_Heating_Command_V2.dut
./ST_Heating_Config.dut
./ST_Heating_State_V2.dut
./ST_History_Event_V2.dut
./ST_History_Record.dut
./ST_Lifetime_Status.dut
./ST_Lighting_Command_V2.dut
./ST_Lighting_State_V2.dut
./ST_Maintenance_Access_Config.dut
./ST_Manifold_Status.dut
./ST_Operator_Zone_Rights.dut
./ST_Outdoor_Zone_Config.dut
./ST_Owen_Analog_Value.dut
./ST_Rule.dut
./ST_Rule_Action.dut
./ST_Scenario_Config.dut
./ST_Scenario_Transition_Config.dut
./ST_Security_Global_Config.dut
./ST_Security_Zone_State.dut
./ST_Sensor_Calibration_Record.dut
./ST_Socket_Command_V2.dut
./ST_Socket_State_V2.dut
./ST_State_Snapshot.dut
./ST_System_Diagnostics.dut
./ST_System_State_Snapshot.dut
./ST_System_State_Summary.dut
./ST_Tariff_Config.dut
./ST_Trend_Config.dut
./ST_Trend_Data.dut
./ST_Trend_Header.dut
./ST_Trend_History_Record.dut
./ST_TwoFactor_Auth_State.dut
./ST_TwoFactor_Data.dut
./ST_User_Rule.dut
./ST_Valve_Test_Config.dut
./ST_Ventilation_Command_V2.dut
./ST_Ventilation_Config.dut
./ST_Ventilation_Global_Config.dut
./ST_Ventilation_Scenario_Mode.dut
./ST_Ventilation_State_V2.dut
./ST_Ventilation_Unit.dut
./ST_Ventilation_Unit_Config.dut
./ST_Zone_Sensors.dut
./snapshots/project_clean_state_2026_04_16/CONSTANTS.dut
./snapshots/project_clean_state_2026_04_16/E_ALERT_PRIORITY.dut
./snapshots/project_clean_state_2026_04_16/E_Debug_Log_Level.dut
./snapshots/project_clean_state_2026_04_16/E_Gateway_Command_Type.dut
./snapshots/project_clean_state_2026_04_16/E_Lifetime_Device_Type.dut
./snapshots/project_clean_state_2026_04_16/E_Outdoor_Mode.dut
./snapshots/project_clean_state_2026_04_16/E_PLC_ROLE.dut
./snapshots/project_clean_state_2026_04_16/E_Rule_Action_Type.dut
./snapshots/project_clean_state_2026_04_16/E_Rule_Comparison.dut
./snapshots/project_clean_state_2026_04_16/E_Rule_Condition_Type.dut
./snapshots/project_clean_state_2026_04_16/E_SCENARIO_SOURCE.dut
./snapshots/project_clean_state_2026_04_16/E_SCENARIO_TYPE.dut
./snapshots/project_clean_state_2026_04_16/E_SENSOR_TYPE.dut
./snapshots/project_clean_state_2026_04_16/E_System_Operating_Mode.dut
./snapshots/project_clean_state_2026_04_16/E_System_Root_Cause.dut
./snapshots/project_clean_state_2026_04_16/E_System_Severity.dut
./snapshots/project_clean_state_2026_04_16/E_Trend_Parameter_Type.dut
./snapshots/project_clean_state_2026_04_16/E_TwoFactor_Method.dut
./snapshots/project_clean_state_2026_04_16/E_VALVE_TYPE.dut
./snapshots/project_clean_state_2026_04_16/E_VENTILATION_LOCATION.dut
./snapshots/project_clean_state_2026_04_16/E_VENTILATION_UNIT_TYPE.dut
./snapshots/project_clean_state_2026_04_16/E_Valve_Test_Result.dut
./snapshots/project_clean_state_2026_04_16/E_WEATHER_COMPENSATION_METHOD.dut
./snapshots/project_clean_state_2026_04_16/E_Zone_Access_Level.dut
./snapshots/project_clean_state_2026_04_16/FB_AccessCode_Manager.st
./snapshots/project_clean_state_2026_04_16/FB_Access_Control.st
./snapshots/project_clean_state_2026_04_16/FB_Alarm_Compatibility_Package.st
./snapshots/project_clean_state_2026_04_16/FB_Alarm_Manager.st
./snapshots/project_clean_state_2026_04_16/FB_Alarm_V2_Core.st
./snapshots/project_clean_state_2026_04_16/FB_Analog_Validator.st
./snapshots/project_clean_state_2026_04_16/FB_Astro_Timer.st
./snapshots/project_clean_state_2026_04_16/FB_BlackBox_Recorder.st
./snapshots/project_clean_state_2026_04_16/FB_BlackBox_V2_Core.st
./snapshots/project_clean_state_2026_04_16/FB_Blinds_V2_Staging.st
./snapshots/project_clean_state_2026_04_16/FB_Boiler_Cascade_Manager.st
./snapshots/project_clean_state_2026_04_16/FB_Boiler_OpenTherm_Interface.st
./snapshots/project_clean_state_2026_04_16/FB_CO_Detector.st
./snapshots/project_clean_state_2026_04_16/FB_CRC32_Calculator.st
./snapshots/project_clean_state_2026_04_16/FB_Calibration_Manager.st
./snapshots/project_clean_state_2026_04_16/FB_Command_Deduplication.st
./snapshots/project_clean_state_2026_04_16/FB_CoreKernel_Live_Observer.st
./snapshots/project_clean_state_2026_04_16/FB_DHW_Manager.st
./snapshots/project_clean_state_2026_04_16/FB_DHW_V2_Staging.st
./snapshots/project_clean_state_2026_04_16/FB_Debug_Logger.st
./snapshots/project_clean_state_2026_04_16/FB_Device_Predictive_Diag.st
./snapshots/project_clean_state_2026_04_16/FB_Emergency_Valve_Open.st
./snapshots/project_clean_state_2026_04_16/FB_Exhaust_Ventilation_Controller.st
./snapshots/project_clean_state_2026_04_16/FB_Fault_Logger.st
./snapshots/project_clean_state_2026_04_16/FB_FloorHeating_Controller.st
./snapshots/project_clean_state_2026_04_16/FB_FloorHeating_Freeze_Protection.st
./snapshots/project_clean_state_2026_04_16/FB_FloorHeating_Overheat_Protection.st
./snapshots/project_clean_state_2026_04_16/FB_Gas_Methane_Detector.st
./snapshots/project_clean_state_2026_04_16/FB_Gas_Smoke_Manager.st
./snapshots/project_clean_state_2026_04_16/FB_Gas_Valve_Controller.st
./snapshots/project_clean_state_2026_04_16/FB_Gateway_Interface.st
./snapshots/project_clean_state_2026_04_16/FB_HMAC_SHA1.st
./snapshots/project_clean_state_2026_04_16/FB_HMI_Interface.st
./snapshots/project_clean_state_2026_04_16/FB_Heating_System_Manager.st
./snapshots/project_clean_state_2026_04_16/FB_Heating_V2_Staging.st
./snapshots/project_clean_state_2026_04_16/FB_History_Manager.st
./snapshots/project_clean_state_2026_04_16/FB_History_V2_Core.st
./snapshots/project_clean_state_2026_04_16/FB_IO_Module_Watchdog.st
./snapshots/project_clean_state_2026_04_16/FB_Lifetime_Predictor.st
./snapshots/project_clean_state_2026_04_16/FB_Lighting_Blinds_Manager.st
./snapshots/project_clean_state_2026_04_16/FB_Lighting_V2_Staging.st
./snapshots/project_clean_state_2026_04_16/FB_LogEvent.st
./snapshots/project_clean_state_2026_04_16/FB_Maintenance_Access.st
./snapshots/project_clean_state_2026_04_16/FB_Manifold_Pump_Controller.st
./snapshots/project_clean_state_2026_04_16/FB_Manual_Valve_Control.st
./snapshots/project_clean_state_2026_04_16/FB_NVRAM_Manager.st
./snapshots/project_clean_state_2026_04_16/FB_Outdoor_Lighting_Controller.st
./snapshots/project_clean_state_2026_04_16/FB_PID_Controller.st
./snapshots/project_clean_state_2026_04_16/FB_PLC_Heartbeat.st
./snapshots/project_clean_state_2026_04_16/FB_Pre_Departure_Heating.st
./snapshots/project_clean_state_2026_04_16/FB_Presence_Playback.st
./snapshots/project_clean_state_2026_04_16/FB_Presence_Simulator.st
./snapshots/project_clean_state_2026_04_16/FB_Random_Generator.st
./snapshots/project_clean_state_2026_04_16/FB_Redundancy_Manager.st
./snapshots/project_clean_state_2026_04_16/FB_Rule_Compatibility_Package.st
./snapshots/project_clean_state_2026_04_16/FB_Rule_Engine.st
./snapshots/project_clean_state_2026_04_16/FB_SHA1.st
./snapshots/project_clean_state_2026_04_16/FB_Safety_Manager.st
./snapshots/project_clean_state_2026_04_16/FB_Scenario_Manager.st
./snapshots/project_clean_state_2026_04_16/FB_Scenario_Transition_Controller.st
./snapshots/project_clean_state_2026_04_16/FB_Security_Alarm.st
./snapshots/project_clean_state_2026_04_16/FB_Security_System_Manager.st
./snapshots/project_clean_state_2026_04_16/FB_Sensor_Analog_Processing.st
./snapshots/project_clean_state_2026_04_16/FB_Sensor_Calibration.st
./snapshots/project_clean_state_2026_04_16/FB_Sensor_Calibration_Processor.st
./snapshots/project_clean_state_2026_04_16/FB_Sensor_Distribution.st
./snapshots/project_clean_state_2026_04_16/FB_Simulation_Manager.st
./snapshots/project_clean_state_2026_04_16/FB_Smoke_Detector.st
./snapshots/project_clean_state_2026_04_16/FB_Socket_Manager.st
./snapshots/project_clean_state_2026_04_16/FB_Socket_V2_Staging.st
./snapshots/project_clean_state_2026_04_16/FB_State_Manager.st
./snapshots/project_clean_state_2026_04_16/FB_State_Manager_MVP.st
./snapshots/project_clean_state_2026_04_16/FB_State_Replication.st
./snapshots/project_clean_state_2026_04_16/FB_State_Snapshot_Manager.st
./snapshots/project_clean_state_2026_04_16/FB_State_Snapshot_NVRAM.st
./snapshots/project_clean_state_2026_04_16/FB_Supply_Ventilation_Controller.st
./snapshots/project_clean_state_2026_04_16/FB_System_Health.st
./snapshots/project_clean_state_2026_04_16/FB_System_Timer.st
./snapshots/project_clean_state_2026_04_16/FB_System_Timer_TOF.st
./snapshots/project_clean_state_2026_04_16/FB_Trend_Analyzer.st
./snapshots/project_clean_state_2026_04_16/FB_Trend_Logger.st
./snapshots/project_clean_state_2026_04_16/FB_TwoFactor_Auth.st
./snapshots/project_clean_state_2026_04_16/FB_Valve_Test.st
./snapshots/project_clean_state_2026_04_16/FB_Valve_Test_Manager.st
./snapshots/project_clean_state_2026_04_16/FB_Ventilation_System_Manager.st
./snapshots/project_clean_state_2026_04_16/FB_Ventilation_V2_Staging.st
./snapshots/project_clean_state_2026_04_16/FB_Watchdog.st
./snapshots/project_clean_state_2026_04_16/FB_Water_Leakage_Manager.st
./snapshots/project_clean_state_2026_04_16/FB_Water_Valve_Controller.st
./snapshots/project_clean_state_2026_04_16/FB_Zone_Access_Manager.st
./snapshots/project_clean_state_2026_04_16/GVL_ALARM.gvl
./snapshots/project_clean_state_2026_04_16/GVL_BlackBox.gvl
./snapshots/project_clean_state_2026_04_16/GVL_COMMAND.gvl
./snapshots/project_clean_state_2026_04_16/GVL_CONFIG.gvl
./snapshots/project_clean_state_2026_04_16/GVL_CONSTANTS.gvl
./snapshots/project_clean_state_2026_04_16/GVL_DEBUG.gvl
./snapshots/project_clean_state_2026_04_16/GVL_EVENT.gvl
./snapshots/project_clean_state_2026_04_16/GVL_GATEWAY.gvl
./snapshots/project_clean_state_2026_04_16/GVL_HEALTH_BRIDGE.gvl
./snapshots/project_clean_state_2026_04_16/GVL_IO.gvl
./snapshots/project_clean_state_2026_04_16/GVL_MODBUS.gvl
./snapshots/project_clean_state_2026_04_16/GVL_PERSISTENT.gvl
./snapshots/project_clean_state_2026_04_16/GVL_Retain.gvl
./snapshots/project_clean_state_2026_04_16/GVL_STATE.gvl
./snapshots/project_clean_state_2026_04_16/GVL_STATUS.gvl
./snapshots/project_clean_state_2026_04_16/GVL_TIME.gvl
./snapshots/project_clean_state_2026_04_16/IValveController.st
./snapshots/project_clean_state_2026_04_16/MAIN.st
./snapshots/project_clean_state_2026_04_16/PRG_Heating.st
./snapshots/project_clean_state_2026_04_16/PRG_IO_Read.st
./snapshots/project_clean_state_2026_04_16/PRG_IO_Write.st
./snapshots/project_clean_state_2026_04_16/PRG_Lighting.st
./snapshots/project_clean_state_2026_04_16/PRG_PLC_A.st
./snapshots/project_clean_state_2026_04_16/PRG_PLC_B.st
./snapshots/project_clean_state_2026_04_16/PRG_Safety.st
./snapshots/project_clean_state_2026_04_16/PRG_Security.st
./snapshots/project_clean_state_2026_04_16/PRG_System.st
./snapshots/project_clean_state_2026_04_16/PRG_Test.st
./snapshots/project_clean_state_2026_04_16/PRG_Ventilation.st
./snapshots/project_clean_state_2026_04_16/ST_Alarm_Record.dut
./snapshots/project_clean_state_2026_04_16/ST_Astro_Time.dut
./snapshots/project_clean_state_2026_04_16/ST_BlackBox_Record.dut
./snapshots/project_clean_state_2026_04_16/ST_BlackBox_Snapshot_V2.dut
./snapshots/project_clean_state_2026_04_16/ST_Blinds_Command_V2.dut
./snapshots/project_clean_state_2026_04_16/ST_Blinds_State_V2.dut
./snapshots/project_clean_state_2026_04_16/ST_Boiler_Status.dut
./snapshots/project_clean_state_2026_04_16/ST_Component_Maintenance.dut
./snapshots/project_clean_state_2026_04_16/ST_DHW_Command_V2.dut
./snapshots/project_clean_state_2026_04_16/ST_DHW_Config.dut
./snapshots/project_clean_state_2026_04_16/ST_DHW_State_V2.dut
./snapshots/project_clean_state_2026_04_16/ST_DHW_Status.dut
./snapshots/project_clean_state_2026_04_16/ST_Debug_Log_Record.dut
./snapshots/project_clean_state_2026_04_16/ST_Debug_Logger_Config.dut
./snapshots/project_clean_state_2026_04_16/ST_Device_Health.dut
./snapshots/project_clean_state_2026_04_16/ST_EVENT.dut
./snapshots/project_clean_state_2026_04_16/ST_Flood_Config.dut
./snapshots/project_clean_state_2026_04_16/ST_Flood_Global_Config.dut
./snapshots/project_clean_state_2026_04_16/ST_FloorHeating_Circuit_Config.dut
./snapshots/project_clean_state_2026_04_16/ST_FloorHeating_Global_Config.dut
./snapshots/project_clean_state_2026_04_16/ST_FloorHeating_Manifold_Config.dut
./snapshots/project_clean_state_2026_04_16/ST_Gas_Valve_Configuration.dut
./snapshots/project_clean_state_2026_04_16/ST_Gateway_Command.dut
./snapshots/project_clean_state_2026_04_16/ST_Heating_Command_V2.dut
./snapshots/project_clean_state_2026_04_16/ST_Heating_Config.dut
./snapshots/project_clean_state_2026_04_16/ST_Heating_State_V2.dut
./snapshots/project_clean_state_2026_04_16/ST_History_Event_V2.dut
./snapshots/project_clean_state_2026_04_16/ST_History_Record.dut
./snapshots/project_clean_state_2026_04_16/ST_Lifetime_Status.dut
./snapshots/project_clean_state_2026_04_16/ST_Lighting_Command_V2.dut
./snapshots/project_clean_state_2026_04_16/ST_Lighting_State_V2.dut
./snapshots/project_clean_state_2026_04_16/ST_Maintenance_Access_Config.dut
./snapshots/project_clean_state_2026_04_16/ST_Manifold_Status.dut
./snapshots/project_clean_state_2026_04_16/ST_Operator_Zone_Rights.dut
./snapshots/project_clean_state_2026_04_16/ST_Outdoor_Zone_Config.dut
./snapshots/project_clean_state_2026_04_16/ST_Owen_Analog_Value.dut
./snapshots/project_clean_state_2026_04_16/ST_Rule.dut
./snapshots/project_clean_state_2026_04_16/ST_Rule_Action.dut
./snapshots/project_clean_state_2026_04_16/ST_Scenario_Config.dut
./snapshots/project_clean_state_2026_04_16/ST_Scenario_Transition_Config.dut
./snapshots/project_clean_state_2026_04_16/ST_Security_Global_Config.dut
./snapshots/project_clean_state_2026_04_16/ST_Security_Zone_State.dut
./snapshots/project_clean_state_2026_04_16/ST_Sensor_Calibration_Record.dut
./snapshots/project_clean_state_2026_04_16/ST_Socket_Command_V2.dut
./snapshots/project_clean_state_2026_04_16/ST_Socket_State_V2.dut
./snapshots/project_clean_state_2026_04_16/ST_State_Snapshot.dut
./snapshots/project_clean_state_2026_04_16/ST_System_Diagnostics.dut
./snapshots/project_clean_state_2026_04_16/ST_System_State_Snapshot.dut
./snapshots/project_clean_state_2026_04_16/ST_System_State_Summary.dut
./snapshots/project_clean_state_2026_04_16/ST_Tariff_Config.dut
./snapshots/project_clean_state_2026_04_16/ST_Trend_Config.dut
./snapshots/project_clean_state_2026_04_16/ST_Trend_Data.dut
./snapshots/project_clean_state_2026_04_16/ST_Trend_Header.dut
./snapshots/project_clean_state_2026_04_16/ST_Trend_History_Record.dut
./snapshots/project_clean_state_2026_04_16/ST_TwoFactor_Auth_State.dut
./snapshots/project_clean_state_2026_04_16/ST_TwoFactor_Data.dut
./snapshots/project_clean_state_2026_04_16/ST_User_Rule.dut
./snapshots/project_clean_state_2026_04_16/ST_Valve_Test_Config.dut
./snapshots/project_clean_state_2026_04_16/ST_Ventilation_Command_V2.dut
./snapshots/project_clean_state_2026_04_16/ST_Ventilation_Config.dut
./snapshots/project_clean_state_2026_04_16/ST_Ventilation_Global_Config.dut
./snapshots/project_clean_state_2026_04_16/ST_Ventilation_Scenario_Mode.dut
./snapshots/project_clean_state_2026_04_16/ST_Ventilation_State_V2.dut
./snapshots/project_clean_state_2026_04_16/ST_Ventilation_Unit.dut
./snapshots/project_clean_state_2026_04_16/ST_Ventilation_Unit_Config.dut
./snapshots/project_clean_state_2026_04_16/ST_Zone_Sensors.dut
./snapshots/project_clean_state_2026_04_16/workspace/dut_rebuild/alarm/FB_Alarm_Compatibility_Package_DRAFT.st
./snapshots/project_clean_state_2026_04_16/workspace/dut_rebuild/alarm/FB_Alarm_Legacy_To_V2_Adapter_DRAFT.st
./snapshots/project_clean_state_2026_04_16/workspace/dut_rebuild/alarm/FB_Alarm_V2_To_Legacy_Adapter_DRAFT.st
./snapshots/project_clean_state_2026_04_16/workspace/dut_rebuild/alarm/ST_Alarm_Core_Record_V2.dut
./snapshots/project_clean_state_2026_04_16/workspace/dut_rebuild/alarm/ST_Alarm_Event_V2.dut
./snapshots/project_clean_state_2026_04_16/workspace/dut_rebuild/alarm/ST_Alarm_V2.dut
./snapshots/project_clean_state_2026_04_16/workspace/dut_rebuild/alarm/ST_Alarm_View_Record_V2.dut
./snapshots/project_clean_state_2026_04_16/workspace/dut_rebuild/alarm/runtime_hook/staging_clone/FB_Alarm_Manager_STAGING.st
./snapshots/project_clean_state_2026_04_16/workspace/dut_rebuild/alarm/v2_core/FB_Alarm_V2_Core_DRAFT.st
./snapshots/project_clean_state_2026_04_16/workspace/dut_rebuild/blinds_v2/ST_Blinds_Command_V2.dut
./snapshots/project_clean_state_2026_04_16/workspace/dut_rebuild/blinds_v2/ST_Blinds_State_V2.dut
./snapshots/project_clean_state_2026_04_16/workspace/dut_rebuild/blinds_v2/compatibility/FB_Blinds_Legacy_To_V2_Command_Adapter_DRAFT.st
./snapshots/project_clean_state_2026_04_16/workspace/dut_rebuild/blinds_v2/compatibility/FB_Blinds_Legacy_To_V2_State_Adapter_DRAFT.st
./snapshots/project_clean_state_2026_04_16/workspace/dut_rebuild/blinds_v2/extraction/FB_Blinds_Command_Extractor_DRAFT.st
./snapshots/project_clean_state_2026_04_16/workspace/dut_rebuild/blinds_v2/extraction/FB_Blinds_State_Extractor_DRAFT.st
./snapshots/project_clean_state_2026_04_16/workspace/dut_rebuild/blinds_v2/staging/FB_Blinds_V2_Staging_DRAFT.st
./snapshots/project_clean_state_2026_04_16/workspace/dut_rebuild/blinds_v2/v2_core/FB_Blinds_V2_Core_DRAFT.st
./snapshots/project_clean_state_2026_04_16/workspace/dut_rebuild/dhw_v2/ST_DHW_Command_V2.dut
./snapshots/project_clean_state_2026_04_16/workspace/dut_rebuild/dhw_v2/ST_DHW_State_V2.dut
./snapshots/project_clean_state_2026_04_16/workspace/dut_rebuild/dhw_v2/compatibility/FB_DHW_Legacy_To_V2_Command_Adapter_DRAFT.st
./snapshots/project_clean_state_2026_04_16/workspace/dut_rebuild/dhw_v2/compatibility/FB_DHW_Legacy_To_V2_State_Adapter_DRAFT.st
./snapshots/project_clean_state_2026_04_16/workspace/dut_rebuild/dhw_v2/extraction/FB_DHW_Command_Extractor_DRAFT.st
./snapshots/project_clean_state_2026_04_16/workspace/dut_rebuild/dhw_v2/extraction/FB_DHW_State_Extractor_DRAFT.st
./snapshots/project_clean_state_2026_04_16/workspace/dut_rebuild/dhw_v2/staging/FB_DHW_V2_Staging_DRAFT.st
./snapshots/project_clean_state_2026_04_16/workspace/dut_rebuild/dhw_v2/v2_core/FB_DHW_V2_Core_DRAFT.st
./snapshots/project_clean_state_2026_04_16/workspace/dut_rebuild/heating_v2/ST_Heating_Command_V2.dut
./snapshots/project_clean_state_2026_04_16/workspace/dut_rebuild/heating_v2/ST_Heating_State_V2.dut
./snapshots/project_clean_state_2026_04_16/workspace/dut_rebuild/heating_v2/compatibility/FB_Heating_Legacy_To_V2_Command_Adapter_DRAFT.st
./snapshots/project_clean_state_2026_04_16/workspace/dut_rebuild/heating_v2/compatibility/FB_Heating_Legacy_To_V2_State_Adapter_DRAFT.st
./snapshots/project_clean_state_2026_04_16/workspace/dut_rebuild/heating_v2/staging/FB_Heating_V2_Staging_DRAFT.st
./snapshots/project_clean_state_2026_04_16/workspace/dut_rebuild/heating_v2/v2_core/FB_Heating_Command_Path_DRAFT.st
./snapshots/project_clean_state_2026_04_16/workspace/dut_rebuild/heating_v2/v2_core/FB_Heating_State_Path_DRAFT.st
./snapshots/project_clean_state_2026_04_16/workspace/dut_rebuild/heating_v2/v2_core/FB_Heating_V2_Core_DRAFT.st
./snapshots/project_clean_state_2026_04_16/workspace/dut_rebuild/history_blackbox/ST_BlackBox_Snapshot_V2.dut
./snapshots/project_clean_state_2026_04_16/workspace/dut_rebuild/history_blackbox/ST_History_Event_V2.dut
./snapshots/project_clean_state_2026_04_16/workspace/dut_rebuild/history_blackbox_v2/ST_BlackBox_Snapshot_V2.dut
./snapshots/project_clean_state_2026_04_16/workspace/dut_rebuild/history_blackbox_v2/ST_History_Event_V2.dut
./snapshots/project_clean_state_2026_04_16/workspace/dut_rebuild/history_blackbox_v2/compatibility/FB_BlackBox_Legacy_To_V2_Adapter_DRAFT.st
./snapshots/project_clean_state_2026_04_16/workspace/dut_rebuild/history_blackbox_v2/compatibility/FB_History_Legacy_To_V2_Adapter_DRAFT.st
./snapshots/project_clean_state_2026_04_16/workspace/dut_rebuild/history_blackbox_v2/v2_core/FB_BlackBox_V2_Core_DRAFT.st
./snapshots/project_clean_state_2026_04_16/workspace/dut_rebuild/history_blackbox_v2/v2_core/FB_History_V2_Core_DRAFT.st
./snapshots/project_clean_state_2026_04_16/workspace/dut_rebuild/integration/FB_Rule_Legacy_To_V2_Adapter_DRAFT.st
./snapshots/project_clean_state_2026_04_16/workspace/dut_rebuild/integration/FB_Rule_V2_To_Legacy_Adapter_DRAFT.st
./snapshots/project_clean_state_2026_04_16/workspace/dut_rebuild/integration/runtime_hook/FB_Rule_Compatibility_Package_DRAFT.st
./snapshots/project_clean_state_2026_04_16/workspace/dut_rebuild/integration/runtime_hook/staging_clone/FB_Rule_Engine_STAGING_BRIDGE_DRAFT.st
./snapshots/project_clean_state_2026_04_16/workspace/dut_rebuild/lighting_v2/ST_Lighting_Command_V2.dut
./snapshots/project_clean_state_2026_04_16/workspace/dut_rebuild/lighting_v2/ST_Lighting_State_V2.dut
./snapshots/project_clean_state_2026_04_16/workspace/dut_rebuild/lighting_v2/compatibility/FB_Lighting_Legacy_To_V2_Command_Adapter_DRAFT.st
./snapshots/project_clean_state_2026_04_16/workspace/dut_rebuild/lighting_v2/compatibility/FB_Lighting_Legacy_To_V2_State_Adapter_DRAFT.st
./snapshots/project_clean_state_2026_04_16/workspace/dut_rebuild/lighting_v2/extraction/FB_Lighting_Command_Extractor_DRAFT.st
./snapshots/project_clean_state_2026_04_16/workspace/dut_rebuild/lighting_v2/extraction/FB_Lighting_State_Extractor_DRAFT.st
./snapshots/project_clean_state_2026_04_16/workspace/dut_rebuild/lighting_v2/staging/FB_Lighting_V2_Staging_DRAFT.st
./snapshots/project_clean_state_2026_04_16/workspace/dut_rebuild/lighting_v2/v2_core/FB_Lighting_V2_Core_DRAFT.st
./snapshots/project_clean_state_2026_04_16/workspace/dut_rebuild/rule_engine/E_Rule_Data_Source_V2.dut
./snapshots/project_clean_state_2026_04_16/workspace/dut_rebuild/rule_engine/E_Rule_Target_Domain_V2.dut
./snapshots/project_clean_state_2026_04_16/workspace/dut_rebuild/rule_engine/E_Rule_Value_Type_V2.dut
./snapshots/project_clean_state_2026_04_16/workspace/dut_rebuild/rule_engine/ST_Rule_Action_V2.dut
./snapshots/project_clean_state_2026_04_16/workspace/dut_rebuild/rule_engine/ST_Rule_Condition_V2.dut
./snapshots/project_clean_state_2026_04_16/workspace/dut_rebuild/rule_engine/ST_User_Rule_V2.dut
./snapshots/project_clean_state_2026_04_16/workspace/dut_rebuild/socket_v2/ST_Socket_Command_V2.dut
./snapshots/project_clean_state_2026_04_16/workspace/dut_rebuild/socket_v2/ST_Socket_State_V2.dut
./snapshots/project_clean_state_2026_04_16/workspace/dut_rebuild/socket_v2/compatibility/FB_Socket_Legacy_To_V2_Command_Adapter_DRAFT.st
./snapshots/project_clean_state_2026_04_16/workspace/dut_rebuild/socket_v2/compatibility/FB_Socket_Legacy_To_V2_State_Adapter_DRAFT.st
./snapshots/project_clean_state_2026_04_16/workspace/dut_rebuild/socket_v2/extraction/FB_Socket_Command_Extractor_DRAFT.st
./snapshots/project_clean_state_2026_04_16/workspace/dut_rebuild/socket_v2/extraction/FB_Socket_State_Extractor_DRAFT.st
./snapshots/project_clean_state_2026_04_16/workspace/dut_rebuild/socket_v2/staging/FB_Socket_V2_Staging_DRAFT.st
./snapshots/project_clean_state_2026_04_16/workspace/dut_rebuild/socket_v2/v2_core/FB_Socket_V2_Core_DRAFT.st
./snapshots/project_clean_state_2026_04_16/workspace/dut_rebuild/ventilation_v2/ST_Ventilation_Command_V2.dut
./snapshots/project_clean_state_2026_04_16/workspace/dut_rebuild/ventilation_v2/ST_Ventilation_State_V2.dut
./snapshots/project_clean_state_2026_04_16/workspace/dut_rebuild/ventilation_v2/compatibility/FB_Ventilation_Legacy_To_V2_Command_Adapter_DRAFT.st
./snapshots/project_clean_state_2026_04_16/workspace/dut_rebuild/ventilation_v2/compatibility/FB_Ventilation_Legacy_To_V2_State_Adapter_DRAFT.st
./snapshots/project_clean_state_2026_04_16/workspace/dut_rebuild/ventilation_v2/staging/FB_Ventilation_V2_Staging_DRAFT.st
./snapshots/project_clean_state_2026_04_16/workspace/dut_rebuild/ventilation_v2/v2_core/FB_Ventilation_Command_Path_DRAFT.st
./snapshots/project_clean_state_2026_04_16/workspace/dut_rebuild/ventilation_v2/v2_core/FB_Ventilation_State_Path_DRAFT.st
./snapshots/project_clean_state_2026_04_16/workspace/dut_rebuild/ventilation_v2/v2_core/FB_Ventilation_V2_Core_DRAFT.st
./snapshots/project_clean_state_2026_04_16/workspace/export_forensics/sandbox/fb_astro_timer_diff/02_repo_st_source.st
./snapshots/project_clean_state_2026_04_16/workspace/export_forensics/sandbox/fb_astro_timer_diff/04_xml_body_extracted.st
./snapshots/project_clean_state_2026_04_16/workspace/system_layer_cleanup/comparison/flags/FB_CoreKernel_Comparison_Flags_DRAFT.st
./snapshots/project_clean_state_2026_04_16/workspace/system_layer_cleanup/comparison/harness/FB_CoreKernel_Comparison_Harness_DRAFT.st
./snapshots/project_clean_state_2026_04_16/workspace/system_layer_cleanup/comparison/harness/FB_CoreKernel_First_Live_Binding_DRAFT.st
./snapshots/project_clean_state_2026_04_16/workspace/system_layer_cleanup/comparison/live_observer/FB_CoreKernel_Live_Observer_DRAFT.st
./snapshots/project_clean_state_2026_04_16/workspace/system_layer_cleanup/comparison/shadow_outputs/FB_CoreKernel_Shadow_Outputs_DRAFT.st
./snapshots/project_clean_state_2026_04_16/workspace/system_layer_cleanup/split_scaffold/alarm_layer/FB_AlarmLayer_DRAFT.st
./snapshots/project_clean_state_2026_04_16/workspace/system_layer_cleanup/split_scaffold/core_kernel/FB_CoreKernel_DRAFT.st
./snapshots/project_clean_state_2026_04_16/workspace/system_layer_cleanup/split_scaffold/core_kernel/FB_CoreKernel_Shadow_Exec_DRAFT.st
./snapshots/project_clean_state_2026_04_16/workspace/system_layer_cleanup/split_scaffold/core_kernel/FB_CoreKernel_Shadow_Stub_DRAFT.st
./snapshots/project_clean_state_2026_04_16/workspace/system_layer_cleanup/split_scaffold/core_kernel/redundancy_slice/FB_Redundancy_Shadow_Slice_DRAFT.st
./snapshots/project_clean_state_2026_04_16/workspace/system_layer_cleanup/split_scaffold/core_kernel/safety_slice/FB_Safety_Shadow_Slice_DRAFT.st
./snapshots/project_clean_state_2026_04_16/workspace/system_layer_cleanup/split_scaffold/core_kernel/state_manager_slice/FB_StateManager_Shadow_Slice_DRAFT.st
./snapshots/project_clean_state_2026_04_16/workspace/system_layer_cleanup/split_scaffold/core_kernel/watchdog_health_slice/FB_SystemHealth_Shadow_Slice_DRAFT.st
./snapshots/project_clean_state_2026_04_16/workspace/system_layer_cleanup/split_scaffold/core_kernel/watchdog_health_slice/FB_Watchdog_Shadow_Slice_DRAFT.st
./snapshots/project_clean_state_2026_04_16/workspace/system_layer_cleanup/split_scaffold/external_interface/FB_ExternalInterface_DRAFT.st
./snapshots/project_clean_state_2026_04_16/workspace/system_layer_cleanup/split_scaffold/persistence/FB_PersistenceLayer_DRAFT.st
./snapshots/project_clean_state_2026_04_16/workspace/system_layer_cleanup/split_scaffold/scenario_layer/FB_ScenarioLayer_DRAFT.st
./snapshots/project_clean_state_2026_04_16/workspace/system_layer_cleanup/split_scaffold/time_context/FB_TimeContext_DRAFT.st
./workspace/dut_rebuild/alarm/FB_Alarm_Compatibility_Package_DRAFT.st
./workspace/dut_rebuild/alarm/FB_Alarm_Legacy_To_V2_Adapter_DRAFT.st
./workspace/dut_rebuild/alarm/FB_Alarm_V2_To_Legacy_Adapter_DRAFT.st
./workspace/dut_rebuild/alarm/ST_Alarm_Core_Record_V2.dut
./workspace/dut_rebuild/alarm/ST_Alarm_Event_V2.dut
./workspace/dut_rebuild/alarm/ST_Alarm_V2.dut
./workspace/dut_rebuild/alarm/ST_Alarm_View_Record_V2.dut
./workspace/dut_rebuild/alarm/runtime_hook/staging_clone/FB_Alarm_Manager_STAGING.st
./workspace/dut_rebuild/alarm/v2_core/FB_Alarm_V2_Core_DRAFT.st
./workspace/dut_rebuild/blinds_v2/ST_Blinds_Command_V2.dut
./workspace/dut_rebuild/blinds_v2/ST_Blinds_State_V2.dut
./workspace/dut_rebuild/blinds_v2/compatibility/FB_Blinds_Legacy_To_V2_Command_Adapter_DRAFT.st
./workspace/dut_rebuild/blinds_v2/compatibility/FB_Blinds_Legacy_To_V2_State_Adapter_DRAFT.st
./workspace/dut_rebuild/blinds_v2/extraction/FB_Blinds_Command_Extractor_DRAFT.st
./workspace/dut_rebuild/blinds_v2/extraction/FB_Blinds_State_Extractor_DRAFT.st
./workspace/dut_rebuild/blinds_v2/staging/FB_Blinds_V2_Staging_DRAFT.st
./workspace/dut_rebuild/blinds_v2/v2_core/FB_Blinds_V2_Core_DRAFT.st
./workspace/dut_rebuild/dhw_v2/ST_DHW_Command_V2.dut
./workspace/dut_rebuild/dhw_v2/ST_DHW_State_V2.dut
./workspace/dut_rebuild/dhw_v2/compatibility/FB_DHW_Legacy_To_V2_Command_Adapter_DRAFT.st
./workspace/dut_rebuild/dhw_v2/compatibility/FB_DHW_Legacy_To_V2_State_Adapter_DRAFT.st
./workspace/dut_rebuild/dhw_v2/extraction/FB_DHW_Command_Extractor_DRAFT.st
./workspace/dut_rebuild/dhw_v2/extraction/FB_DHW_State_Extractor_DRAFT.st
./workspace/dut_rebuild/dhw_v2/staging/FB_DHW_V2_Staging_DRAFT.st
./workspace/dut_rebuild/dhw_v2/v2_core/FB_DHW_V2_Core_DRAFT.st
./workspace/dut_rebuild/heating_v2/ST_Heating_Command_V2.dut
./workspace/dut_rebuild/heating_v2/ST_Heating_State_V2.dut
./workspace/dut_rebuild/heating_v2/compatibility/FB_Heating_Legacy_To_V2_Command_Adapter_DRAFT.st
./workspace/dut_rebuild/heating_v2/compatibility/FB_Heating_Legacy_To_V2_State_Adapter_DRAFT.st
./workspace/dut_rebuild/heating_v2/staging/FB_Heating_V2_Staging_DRAFT.st
./workspace/dut_rebuild/heating_v2/v2_core/FB_Heating_Command_Path_DRAFT.st
./workspace/dut_rebuild/heating_v2/v2_core/FB_Heating_State_Path_DRAFT.st
./workspace/dut_rebuild/heating_v2/v2_core/FB_Heating_V2_Core_DRAFT.st
./workspace/dut_rebuild/history_blackbox/ST_BlackBox_Snapshot_V2.dut
./workspace/dut_rebuild/history_blackbox/ST_History_Event_V2.dut
./workspace/dut_rebuild/history_blackbox_v2/ST_BlackBox_Snapshot_V2.dut
./workspace/dut_rebuild/history_blackbox_v2/ST_History_Event_V2.dut
./workspace/dut_rebuild/history_blackbox_v2/compatibility/FB_BlackBox_Legacy_To_V2_Adapter_DRAFT.st
./workspace/dut_rebuild/history_blackbox_v2/compatibility/FB_History_Legacy_To_V2_Adapter_DRAFT.st
./workspace/dut_rebuild/history_blackbox_v2/v2_core/FB_BlackBox_V2_Core_DRAFT.st
./workspace/dut_rebuild/history_blackbox_v2/v2_core/FB_History_V2_Core_DRAFT.st
./workspace/dut_rebuild/integration/FB_Rule_Legacy_To_V2_Adapter_DRAFT.st
./workspace/dut_rebuild/integration/FB_Rule_V2_To_Legacy_Adapter_DRAFT.st
./workspace/dut_rebuild/integration/runtime_hook/FB_Rule_Compatibility_Package_DRAFT.st
./workspace/dut_rebuild/integration/runtime_hook/staging_clone/FB_Rule_Engine_STAGING_BRIDGE_DRAFT.st
./workspace/dut_rebuild/lighting_v2/ST_Lighting_Command_V2.dut
./workspace/dut_rebuild/lighting_v2/ST_Lighting_State_V2.dut
./workspace/dut_rebuild/lighting_v2/compatibility/FB_Lighting_Legacy_To_V2_Command_Adapter_DRAFT.st
./workspace/dut_rebuild/lighting_v2/compatibility/FB_Lighting_Legacy_To_V2_State_Adapter_DRAFT.st
./workspace/dut_rebuild/lighting_v2/extraction/FB_Lighting_Command_Extractor_DRAFT.st
./workspace/dut_rebuild/lighting_v2/extraction/FB_Lighting_State_Extractor_DRAFT.st
./workspace/dut_rebuild/lighting_v2/staging/FB_Lighting_V2_Staging_DRAFT.st
./workspace/dut_rebuild/lighting_v2/v2_core/FB_Lighting_V2_Core_DRAFT.st
./workspace/dut_rebuild/rule_engine/E_Rule_Data_Source_V2.dut
./workspace/dut_rebuild/rule_engine/E_Rule_Target_Domain_V2.dut
./workspace/dut_rebuild/rule_engine/E_Rule_Value_Type_V2.dut
./workspace/dut_rebuild/rule_engine/ST_Rule_Action_V2.dut
./workspace/dut_rebuild/rule_engine/ST_Rule_Condition_V2.dut
./workspace/dut_rebuild/rule_engine/ST_User_Rule_V2.dut
./workspace/dut_rebuild/socket_v2/ST_Socket_Command_V2.dut
./workspace/dut_rebuild/socket_v2/ST_Socket_State_V2.dut
./workspace/dut_rebuild/socket_v2/compatibility/FB_Socket_Legacy_To_V2_Command_Adapter_DRAFT.st
./workspace/dut_rebuild/socket_v2/compatibility/FB_Socket_Legacy_To_V2_State_Adapter_DRAFT.st
./workspace/dut_rebuild/socket_v2/extraction/FB_Socket_Command_Extractor_DRAFT.st
./workspace/dut_rebuild/socket_v2/extraction/FB_Socket_State_Extractor_DRAFT.st
./workspace/dut_rebuild/socket_v2/staging/FB_Socket_V2_Staging_DRAFT.st
./workspace/dut_rebuild/socket_v2/v2_core/FB_Socket_V2_Core_DRAFT.st
./workspace/dut_rebuild/ventilation_v2/ST_Ventilation_Command_V2.dut
./workspace/dut_rebuild/ventilation_v2/ST_Ventilation_State_V2.dut
./workspace/dut_rebuild/ventilation_v2/compatibility/FB_Ventilation_Legacy_To_V2_Command_Adapter_DRAFT.st
./workspace/dut_rebuild/ventilation_v2/compatibility/FB_Ventilation_Legacy_To_V2_State_Adapter_DRAFT.st
./workspace/dut_rebuild/ventilation_v2/staging/FB_Ventilation_V2_Staging_DRAFT.st
./workspace/dut_rebuild/ventilation_v2/v2_core/FB_Ventilation_Command_Path_DRAFT.st
./workspace/dut_rebuild/ventilation_v2/v2_core/FB_Ventilation_State_Path_DRAFT.st
./workspace/dut_rebuild/ventilation_v2/v2_core/FB_Ventilation_V2_Core_DRAFT.st
./workspace/export_forensics/sandbox/fb_astro_timer_diff/02_repo_st_source.st
./workspace/export_forensics/sandbox/fb_astro_timer_diff/04_xml_body_extracted.st
./workspace/system_layer_cleanup/comparison/flags/FB_CoreKernel_Comparison_Flags_DRAFT.st
./workspace/system_layer_cleanup/comparison/harness/FB_CoreKernel_Comparison_Harness_DRAFT.st
./workspace/system_layer_cleanup/comparison/harness/FB_CoreKernel_First_Live_Binding_DRAFT.st
./workspace/system_layer_cleanup/comparison/live_observer/FB_CoreKernel_Live_Observer_DRAFT.st
./workspace/system_layer_cleanup/comparison/shadow_outputs/FB_CoreKernel_Shadow_Outputs_DRAFT.st
./workspace/system_layer_cleanup/split_scaffold/alarm_layer/FB_AlarmLayer_DRAFT.st
./workspace/system_layer_cleanup/split_scaffold/core_kernel/FB_CoreKernel_DRAFT.st
./workspace/system_layer_cleanup/split_scaffold/core_kernel/FB_CoreKernel_Shadow_Exec_DRAFT.st
./workspace/system_layer_cleanup/split_scaffold/core_kernel/FB_CoreKernel_Shadow_Stub_DRAFT.st
./workspace/system_layer_cleanup/split_scaffold/core_kernel/redundancy_slice/FB_Redundancy_Shadow_Slice_DRAFT.st
./workspace/system_layer_cleanup/split_scaffold/core_kernel/safety_slice/FB_Safety_Shadow_Slice_DRAFT.st
./workspace/system_layer_cleanup/split_scaffold/core_kernel/state_manager_slice/FB_StateManager_Shadow_Slice_DRAFT.st
./workspace/system_layer_cleanup/split_scaffold/core_kernel/watchdog_health_slice/FB_SystemHealth_Shadow_Slice_DRAFT.st
./workspace/system_layer_cleanup/split_scaffold/core_kernel/watchdog_health_slice/FB_Watchdog_Shadow_Slice_DRAFT.st
./workspace/system_layer_cleanup/split_scaffold/external_interface/FB_ExternalInterface_DRAFT.st
./workspace/system_layer_cleanup/split_scaffold/persistence/FB_PersistenceLayer_DRAFT.st
./workspace/system_layer_cleanup/split_scaffold/scenario_layer/FB_ScenarioLayer_DRAFT.st
./workspace/system_layer_cleanup/split_scaffold/time_context/FB_TimeContext_DRAFT.st

=== SCENARIO ENUM / TYPE DEFINITIONS ===
./ST_Scenario_Config.dut:4:    scenario_id : E_SCENARIO_TYPE;
./GVL_STATUS.gvl:9:    G_Current_Scenario : E_SCENARIO_TYPE := E_SCENARIO_TYPE.SCENARIO_NONE; // Текущий активный сценарий
./GVL_STATUS.gvl:10:    G_Previous_Scenario : E_SCENARIO_TYPE := E_SCENARIO_TYPE.SCENARIO_NONE; // Предыдущий сценарий
./ST_State_Snapshot.dut:6:    scenario_id : E_SCENARIO_TYPE := E_SCENARIO_TYPE.SCENARIO_NONE;
./FB_Lighting_Blinds_Manager.st:7:    VI_Current_Scenario : E_SCENARIO_TYPE; // Текущий глобальный сценарий (Утро, Вечер, Сон, Никого нет)
./FB_Lighting_Blinds_Manager.st:52:    L_Prev_Scenario : E_SCENARIO_TYPE;
./FB_Lighting_Blinds_Manager.st:65:    L_Effective_Scenario : E_SCENARIO_TYPE;
./FB_Lighting_Blinds_Manager.st:99:        L_Effective_Scenario := E_SCENARIO_TYPE.SCENARIO_NONE;
./FB_Lighting_Blinds_Manager.st:138:IF VI_Is_Night AND L_Effective_Scenario <> E_SCENARIO_TYPE.SCENARIO_AWAY AND L_Effective_Scenario <> E_SCENARIO_TYPE.SCENARIO_SLEEP THEN
./FB_Lighting_Blinds_Manager.st:226:    IF L_Effective_Scenario = E_SCENARIO_TYPE.SCENARIO_AWAY AND L_Effective_Simulation_Active THEN
./FB_Heating_System_Manager.st:26:    VI_Current_Scenario : E_SCENARIO_TYPE; // Текущий сценарий
./FB_Heating_System_Manager.st:87:    L_Prev_Scenario : E_SCENARIO_TYPE;
./FB_Simulation_Manager.st:5:    VI_Scenario       : E_SCENARIO_TYPE; // Текущий активный сценарий
./FB_Simulation_Manager.st:23:IF VI_Scenario = E_SCENARIO_TYPE.SCENARIO_AWAY AND VI_Config.Presence_Simulation_Enabled THEN
./E_SCENARIO_TYPE.dut:2:TYPE E_SCENARIO_TYPE :
./ST_System_State_Snapshot.dut:5:    Current_Scenario : E_SCENARIO_TYPE;
./FB_Gateway_Interface.st:15:    VI_Active_Scenario          : E_SCENARIO_TYPE;
./FB_Gateway_Interface.st:52:    VO_Target_Scenario          : E_SCENARIO_TYPE;
./snapshots/project_clean_state_2026_04_16/ST_Scenario_Config.dut:4:    scenario_id : E_SCENARIO_TYPE;
./snapshots/project_clean_state_2026_04_16/GVL_STATUS.gvl:9:    G_Current_Scenario : E_SCENARIO_TYPE := E_SCENARIO_TYPE.SCENARIO_NONE; // Текущий активный сценарий
./snapshots/project_clean_state_2026_04_16/GVL_STATUS.gvl:10:    G_Previous_Scenario : E_SCENARIO_TYPE := E_SCENARIO_TYPE.SCENARIO_NONE; // Предыдущий сценарий
./snapshots/project_clean_state_2026_04_16/ST_State_Snapshot.dut:6:    scenario_id : E_SCENARIO_TYPE := E_SCENARIO_TYPE.SCENARIO_NONE;
./snapshots/project_clean_state_2026_04_16/FB_Lighting_Blinds_Manager.st:7:    VI_Current_Scenario : E_SCENARIO_TYPE; // Текущий глобальный сценарий (Утро, Вечер, Сон, Никого нет)
./snapshots/project_clean_state_2026_04_16/FB_Lighting_Blinds_Manager.st:52:    L_Prev_Scenario : E_SCENARIO_TYPE;
./snapshots/project_clean_state_2026_04_16/FB_Lighting_Blinds_Manager.st:65:    L_Effective_Scenario : E_SCENARIO_TYPE;
./snapshots/project_clean_state_2026_04_16/FB_Lighting_Blinds_Manager.st:99:        L_Effective_Scenario := E_SCENARIO_TYPE.SCENARIO_NONE;
./snapshots/project_clean_state_2026_04_16/FB_Lighting_Blinds_Manager.st:138:IF VI_Is_Night AND L_Effective_Scenario <> E_SCENARIO_TYPE.SCENARIO_AWAY AND L_Effective_Scenario <> E_SCENARIO_TYPE.SCENARIO_SLEEP THEN
./snapshots/project_clean_state_2026_04_16/FB_Lighting_Blinds_Manager.st:226:    IF L_Effective_Scenario = E_SCENARIO_TYPE.SCENARIO_AWAY AND L_Effective_Simulation_Active THEN
./snapshots/project_clean_state_2026_04_16/FB_Heating_System_Manager.st:26:    VI_Current_Scenario : E_SCENARIO_TYPE; // Текущий сценарий
./snapshots/project_clean_state_2026_04_16/FB_Heating_System_Manager.st:87:    L_Prev_Scenario : E_SCENARIO_TYPE;
./snapshots/project_clean_state_2026_04_16/FB_Simulation_Manager.st:5:    VI_Scenario       : E_SCENARIO_TYPE; // Текущий активный сценарий
./snapshots/project_clean_state_2026_04_16/FB_Simulation_Manager.st:23:IF VI_Scenario = E_SCENARIO_TYPE.SCENARIO_AWAY AND VI_Config.Presence_Simulation_Enabled THEN
./snapshots/project_clean_state_2026_04_16/E_SCENARIO_TYPE.dut:2:TYPE E_SCENARIO_TYPE :
./snapshots/project_clean_state_2026_04_16/ST_System_State_Snapshot.dut:5:    Current_Scenario : E_SCENARIO_TYPE;
./snapshots/project_clean_state_2026_04_16/FB_Gateway_Interface.st:15:    VI_Active_Scenario          : E_SCENARIO_TYPE;
./snapshots/project_clean_state_2026_04_16/FB_Gateway_Interface.st:52:    VO_Target_Scenario          : E_SCENARIO_TYPE;
./snapshots/project_clean_state_2026_04_16/FB_Scenario_Manager.st:4:    VI_Activate_Request : E_SCENARIO_TYPE; // Запрос на активацию сценария
./snapshots/project_clean_state_2026_04_16/FB_Scenario_Manager.st:9:    VO_Current_Scenario : E_SCENARIO_TYPE; // Текущий активный сценарий
./snapshots/project_clean_state_2026_04_16/FB_Scenario_Manager.st:24:        IF VO_Current_Scenario <> E_SCENARIO_TYPE.SCENARIO_NONE THEN
./snapshots/project_clean_state_2026_04_16/FB_Scenario_Manager.st:25:            VO_Current_Scenario := E_SCENARIO_TYPE.SCENARIO_NONE;
./snapshots/project_clean_state_2026_04_16/FB_Scenario_Manager.st:37:    IF (VI_System_Time_MS - L_Last_Scenario_Time) >= 60000 OR VO_Current_Scenario = E_SCENARIO_TYPE.SCENARIO_NONE THEN
./snapshots/project_clean_state_2026_04_16/FB_Scenario_Manager.st:43:        E_SCENARIO_TYPE.SCENARIO_NONE:
./snapshots/project_clean_state_2026_04_16/FB_Scenario_Manager.st:45:        E_SCENARIO_TYPE.SCENARIO_AWAY:
./snapshots/project_clean_state_2026_04_16/FB_Scenario_Manager.st:47:        E_SCENARIO_TYPE.SCENARIO_SLEEP:
./snapshots/project_clean_state_2026_04_16/FB_Scenario_Manager.st:49:        E_SCENARIO_TYPE.SCENARIO_PRESENCE:
./snapshots/project_clean_state_2026_04_16/ST_Scenario_Transition_Config.dut:4:    current_scenario : E_SCENARIO_TYPE;
./snapshots/project_clean_state_2026_04_16/ST_Scenario_Transition_Config.dut:5:    target_scenario : E_SCENARIO_TYPE;
./snapshots/project_clean_state_2026_04_16/FB_Socket_Manager.st:7:    VI_Scenario : E_SCENARIO_TYPE; // Текущий глобальный сценарий
./snapshots/project_clean_state_2026_04_16/FB_Socket_Manager.st:90:    ELSIF VI_Scenario = E_SCENARIO_TYPE.SCENARIO_AWAY OR VI_Security_Armed THEN
./snapshots/project_clean_state_2026_04_16/GVL_COMMAND.gvl:19:    G_Scenario_Request : E_SCENARIO_TYPE := E_SCENARIO_TYPE.SCENARIO_NONE;
./snapshots/project_clean_state_2026_04_16/GVL_COMMAND.gvl:20:    G_Scenario_Request_Operator : E_SCENARIO_TYPE := E_SCENARIO_TYPE.SCENARIO_NONE; // Запрос на активацию сценария
./snapshots/project_clean_state_2026_04_16/FB_Ventilation_System_Manager.st:6:    VI_Current_Scenario : E_SCENARIO_TYPE; // Текущий глобальный сценарий
./snapshots/project_clean_state_2026_04_16/FB_Ventilation_System_Manager.st:148:    E_SCENARIO_TYPE.SCENARIO_AWAY:
./snapshots/project_clean_state_2026_04_16/FB_Ventilation_System_Manager.st:151:    E_SCENARIO_TYPE.SCENARIO_SLEEP:
./snapshots/project_clean_state_2026_04_16/PRG_System.st:60:    L_Scenario_Req_Operator : E_SCENARIO_TYPE;
./snapshots/project_clean_state_2026_04_16/PRG_System.st:61:    L_Scenario_Req_Gateway  : E_SCENARIO_TYPE;
./snapshots/project_clean_state_2026_04_16/PRG_System.st:62:    L_Scenario_Req_Rule     : E_SCENARIO_TYPE;
./snapshots/project_clean_state_2026_04_16/PRG_System.st:63:    L_Scenario_Req_Final    : E_SCENARIO_TYPE; // TRACE ONLY: arbitration result before policy
./snapshots/project_clean_state_2026_04_16/PRG_System.st:64:    L_Scenario_Intent       : E_SCENARIO_TYPE;
./snapshots/project_clean_state_2026_04_16/PRG_System.st:355:    L_Scenario_Req_Operator := E_SCENARIO_TYPE.SCENARIO_NONE;
./snapshots/project_clean_state_2026_04_16/PRG_System.st:527:// Actual enum range in E_SCENARIO_TYPE is 0..7.
./snapshots/project_clean_state_2026_04_16/PRG_System.st:529:    L_Scenario_Req_Operator := E_SCENARIO_TYPE.SCENARIO_NONE;
./snapshots/project_clean_state_2026_04_16/PRG_System.st:533:    L_Scenario_Req_Gateway := E_SCENARIO_TYPE.SCENARIO_NONE;
./snapshots/project_clean_state_2026_04_16/PRG_System.st:537:    L_Scenario_Req_Rule := E_SCENARIO_TYPE.SCENARIO_NONE;
./snapshots/project_clean_state_2026_04_16/PRG_System.st:584:        L_Scenario_Intent := E_SCENARIO_TYPE.SCENARIO_NONE;
./snapshots/project_clean_state_2026_04_16/PRG_System.st:587:        L_Scenario_Intent := E_SCENARIO_TYPE.SCENARIO_NONE;
./snapshots/project_clean_state_2026_04_16/PRG_System.st:591:            E_SCENARIO_TYPE.SCENARIO_NONE,
./snapshots/project_clean_state_2026_04_16/PRG_System.st:592:            E_SCENARIO_TYPE.SCENARIO_PRESENCE,
./snapshots/project_clean_state_2026_04_16/PRG_System.st:593:            E_SCENARIO_TYPE.SCENARIO_AWAY,
./snapshots/project_clean_state_2026_04_16/PRG_System.st:594:            E_SCENARIO_TYPE.SCENARIO_SLEEP:
./snapshots/project_clean_state_2026_04_16/PRG_System.st:597:            L_Scenario_Intent := E_SCENARIO_TYPE.SCENARIO_NONE;
./snapshots/project_clean_state_2026_04_16/PRG_System.st:606:       (L_Scenario_Req_Operator = E_SCENARIO_TYPE.SCENARIO_NONE) AND
./snapshots/project_clean_state_2026_04_16/PRG_System.st:607:       (L_Scenario_Req_Gateway = E_SCENARIO_TYPE.SCENARIO_NONE) AND
./snapshots/project_clean_state_2026_04_16/PRG_System.st:608:       (L_Scenario_Req_Rule = E_SCENARIO_TYPE.SCENARIO_NONE) AND
./snapshots/project_clean_state_2026_04_16/PRG_System.st:609:       (L_Scenario_Intent <> E_SCENARIO_TYPE.SCENARIO_AWAY) THEN
./snapshots/project_clean_state_2026_04_16/PRG_System.st:611:        IF L_Scenario_Intent <> E_SCENARIO_TYPE.SCENARIO_AWAY THEN
./snapshots/project_clean_state_2026_04_16/PRG_System.st:612:            L_Scenario_Intent := E_SCENARIO_TYPE.SCENARIO_AWAY;
./snapshots/project_clean_state_2026_04_16/PRG_System.st:619:                VI_Param2 := TO_UDINT(E_SCENARIO_TYPE.SCENARIO_AWAY)
./snapshots/project_clean_state_2026_04_16/PRG_System.st:629:    IF (L_Scenario_Req_Operator = E_SCENARIO_TYPE.SCENARIO_NONE) AND
./snapshots/project_clean_state_2026_04_16/PRG_System.st:630:       (L_Scenario_Req_Gateway = E_SCENARIO_TYPE.SCENARIO_NONE) AND
./snapshots/project_clean_state_2026_04_16/PRG_System.st:631:       (L_Scenario_Req_Rule = E_SCENARIO_TYPE.SCENARIO_NONE) THEN
./snapshots/project_clean_state_2026_04_16/PRG_System.st:634:            IF L_Scenario_Intent <> E_SCENARIO_TYPE.SCENARIO_AWAY THEN
./snapshots/project_clean_state_2026_04_16/PRG_System.st:635:                L_Scenario_Intent := E_SCENARIO_TYPE.SCENARIO_AWAY;
./snapshots/project_clean_state_2026_04_16/PRG_System.st:642:                    VI_Param2 := TO_UDINT(E_SCENARIO_TYPE.SCENARIO_AWAY)
./snapshots/project_clean_state_2026_04_16/PRG_System.st:646:        ELSIF L_Scenario_Intent = E_SCENARIO_TYPE.SCENARIO_PRESENCE THEN
./snapshots/project_clean_state_2026_04_16/PRG_System.st:647:            IF L_Scenario_Intent <> E_SCENARIO_TYPE.SCENARIO_SLEEP THEN
./snapshots/project_clean_state_2026_04_16/PRG_System.st:648:                L_Scenario_Intent := E_SCENARIO_TYPE.SCENARIO_SLEEP;
./snapshots/project_clean_state_2026_04_16/PRG_System.st:655:                    VI_Param2 := TO_UDINT(E_SCENARIO_TYPE.SCENARIO_SLEEP)
./snapshots/project_clean_state_2026_04_16/ST_Gateway_Command.dut:11:    target_scenario : E_SCENARIO_TYPE;
./FB_Scenario_Manager.st:4:    VI_Activate_Request : E_SCENARIO_TYPE; // Запрос на активацию сценария
./FB_Scenario_Manager.st:9:    VO_Current_Scenario : E_SCENARIO_TYPE; // Текущий активный сценарий
./FB_Scenario_Manager.st:24:        IF VO_Current_Scenario <> E_SCENARIO_TYPE.SCENARIO_NONE THEN
./FB_Scenario_Manager.st:25:            VO_Current_Scenario := E_SCENARIO_TYPE.SCENARIO_NONE;
./FB_Scenario_Manager.st:37:    IF (VI_System_Time_MS - L_Last_Scenario_Time) >= 60000 OR VO_Current_Scenario = E_SCENARIO_TYPE.SCENARIO_NONE THEN
./FB_Scenario_Manager.st:43:        E_SCENARIO_TYPE.SCENARIO_NONE:
./FB_Scenario_Manager.st:45:        E_SCENARIO_TYPE.SCENARIO_AWAY:
./FB_Scenario_Manager.st:47:        E_SCENARIO_TYPE.SCENARIO_SLEEP:
./FB_Scenario_Manager.st:49:        E_SCENARIO_TYPE.SCENARIO_PRESENCE:
./ST_Scenario_Transition_Config.dut:4:    current_scenario : E_SCENARIO_TYPE;
./ST_Scenario_Transition_Config.dut:5:    target_scenario : E_SCENARIO_TYPE;
./FB_Socket_Manager.st:7:    VI_Scenario : E_SCENARIO_TYPE; // Текущий глобальный сценарий
./FB_Socket_Manager.st:90:    ELSIF VI_Scenario = E_SCENARIO_TYPE.SCENARIO_AWAY OR VI_Security_Armed THEN
./GVL_COMMAND.gvl:19:    G_Scenario_Request : E_SCENARIO_TYPE := E_SCENARIO_TYPE.SCENARIO_NONE;
./GVL_COMMAND.gvl:20:    G_Scenario_Request_Operator : E_SCENARIO_TYPE := E_SCENARIO_TYPE.SCENARIO_NONE; // Запрос на активацию сценария
./FB_Ventilation_System_Manager.st:6:    VI_Current_Scenario : E_SCENARIO_TYPE; // Текущий глобальный сценарий
./FB_Ventilation_System_Manager.st:148:    E_SCENARIO_TYPE.SCENARIO_AWAY:
./FB_Ventilation_System_Manager.st:151:    E_SCENARIO_TYPE.SCENARIO_SLEEP:
./PRG_System.st:61:    L_Scenario_Req_Operator : E_SCENARIO_TYPE;
./PRG_System.st:62:    L_Scenario_Req_Gateway  : E_SCENARIO_TYPE;
./PRG_System.st:63:    L_Scenario_Req_Rule     : E_SCENARIO_TYPE;
./PRG_System.st:64:    L_Scenario_Req_Final    : E_SCENARIO_TYPE; // TRACE ONLY: arbitration result before policy
./PRG_System.st:65:    L_Scenario_Intent       : E_SCENARIO_TYPE;
./PRG_System.st:357:    L_Scenario_Req_Operator := E_SCENARIO_TYPE.SCENARIO_NONE;
./PRG_System.st:529:// Actual enum range in E_SCENARIO_TYPE is 0..7.
./PRG_System.st:531:    L_Scenario_Req_Operator := E_SCENARIO_TYPE.SCENARIO_NONE;
./PRG_System.st:535:    L_Scenario_Req_Gateway := E_SCENARIO_TYPE.SCENARIO_NONE;
./PRG_System.st:539:    L_Scenario_Req_Rule := E_SCENARIO_TYPE.SCENARIO_NONE;
./PRG_System.st:586:        L_Scenario_Intent := E_SCENARIO_TYPE.SCENARIO_NONE;
./PRG_System.st:589:        L_Scenario_Intent := E_SCENARIO_TYPE.SCENARIO_NONE;
./PRG_System.st:593:            E_SCENARIO_TYPE.SCENARIO_NONE,
./PRG_System.st:594:            E_SCENARIO_TYPE.SCENARIO_PRESENCE,
./PRG_System.st:595:            E_SCENARIO_TYPE.SCENARIO_AWAY,
./PRG_System.st:596:            E_SCENARIO_TYPE.SCENARIO_SLEEP:
./PRG_System.st:599:            L_Scenario_Intent := E_SCENARIO_TYPE.SCENARIO_NONE;
./PRG_System.st:608:       (L_Scenario_Req_Operator = E_SCENARIO_TYPE.SCENARIO_NONE) AND
./PRG_System.st:609:       (L_Scenario_Req_Gateway = E_SCENARIO_TYPE.SCENARIO_NONE) AND
./PRG_System.st:610:       (L_Scenario_Req_Rule = E_SCENARIO_TYPE.SCENARIO_NONE) AND
./PRG_System.st:611:       (L_Scenario_Intent <> E_SCENARIO_TYPE.SCENARIO_AWAY) THEN
./PRG_System.st:613:        IF L_Scenario_Intent <> E_SCENARIO_TYPE.SCENARIO_AWAY THEN
./PRG_System.st:614:            L_Scenario_Intent := E_SCENARIO_TYPE.SCENARIO_AWAY;
./PRG_System.st:623:                    VI_Param2 := TO_UDINT(E_SCENARIO_TYPE.SCENARIO_AWAY)
./PRG_System.st:635:    IF (L_Scenario_Req_Operator = E_SCENARIO_TYPE.SCENARIO_NONE) AND
./PRG_System.st:636:       (L_Scenario_Req_Gateway = E_SCENARIO_TYPE.SCENARIO_NONE) AND
./PRG_System.st:637:       (L_Scenario_Req_Rule = E_SCENARIO_TYPE.SCENARIO_NONE) THEN
./PRG_System.st:640:            IF L_Scenario_Intent <> E_SCENARIO_TYPE.SCENARIO_AWAY THEN
./PRG_System.st:641:                L_Scenario_Intent := E_SCENARIO_TYPE.SCENARIO_AWAY;
./PRG_System.st:650:                        VI_Param2 := TO_UDINT(E_SCENARIO_TYPE.SCENARIO_AWAY)
./PRG_System.st:656:        ELSIF L_Scenario_Intent = E_SCENARIO_TYPE.SCENARIO_PRESENCE THEN
./PRG_System.st:657:            IF L_Scenario_Intent <> E_SCENARIO_TYPE.SCENARIO_SLEEP THEN
./PRG_System.st:658:                L_Scenario_Intent := E_SCENARIO_TYPE.SCENARIO_SLEEP;
./PRG_System.st:667:                        VI_Param2 := TO_UDINT(E_SCENARIO_TYPE.SCENARIO_SLEEP)
./ST_Gateway_Command.dut:11:    target_scenario : E_SCENARIO_TYPE;

=== ALL SCENARIO TOKENS ===
./ST_Scenario_Config.dut:2:TYPE ST_Scenario_Config :
./ST_Scenario_Config.dut:4:    scenario_id : E_SCENARIO_TYPE;
./GVL_STATUS.gvl:9:    G_Current_Scenario : E_SCENARIO_TYPE := E_SCENARIO_TYPE.SCENARIO_NONE; // Текущий активный сценарий
./GVL_STATUS.gvl:10:    G_Previous_Scenario : E_SCENARIO_TYPE := E_SCENARIO_TYPE.SCENARIO_NONE; // Предыдущий сценарий
./ST_Ventilation_Global_Config.dut:9:    Scenario_Modes : ARRAY[1..GVL_CONSTANTS.C_MAX_SCENARIOS] OF ST_Ventilation_Scenario_Mode;
./ST_State_Snapshot.dut:6:    scenario_id : E_SCENARIO_TYPE := E_SCENARIO_TYPE.SCENARIO_NONE;
./FB_Lighting_Blinds_Manager.st:7:    VI_Current_Scenario : E_SCENARIO_TYPE; // Текущий глобальный сценарий (Утро, Вечер, Сон, Никого нет)
./FB_Lighting_Blinds_Manager.st:22:    VI_Scenario_Configs : ARRAY[1..GVL_CONSTANTS.C_MAX_SCENARIOS] OF ST_Scenario_Config; // Конфигурации сценариев
./FB_Lighting_Blinds_Manager.st:52:    L_Prev_Scenario : E_SCENARIO_TYPE;
./FB_Lighting_Blinds_Manager.st:53:    L_Transition_Light : FB_Scenario_Transition_Controller;
./FB_Lighting_Blinds_Manager.st:54:    L_Transition_Blinds : FB_Scenario_Transition_Controller;
./FB_Lighting_Blinds_Manager.st:65:    L_Effective_Scenario : E_SCENARIO_TYPE;
./FB_Lighting_Blinds_Manager.st:99:        L_Effective_Scenario := E_SCENARIO_TYPE.SCENARIO_NONE;
./FB_Lighting_Blinds_Manager.st:130:    L_Target_Base_Light := VI_Scenario_Configs[L_Effective_Scenario].lighting_level_base;
./FB_Lighting_Blinds_Manager.st:131:    L_Target_Base_Blinds := VI_Scenario_Configs[L_Effective_Scenario].blinds_position_percent;
./FB_Lighting_Blinds_Manager.st:138:IF VI_Is_Night AND L_Effective_Scenario <> E_SCENARIO_TYPE.SCENARIO_AWAY AND L_Effective_Scenario <> E_SCENARIO_TYPE.SCENARIO_SLEEP THEN
./FB_Lighting_Blinds_Manager.st:226:    IF L_Effective_Scenario = E_SCENARIO_TYPE.SCENARIO_AWAY AND L_Effective_Simulation_Active THEN
./FB_Lighting_Blinds_Manager.st:331:    VI_Scenario_ID := TO_INT(L_Effective_Scenario),
./FB_Heating_System_Manager.st:26:    VI_Current_Scenario : E_SCENARIO_TYPE; // Текущий сценарий
./FB_Heating_System_Manager.st:44:    VI_Scenario_Configs : ARRAY[1..GVL_CONSTANTS.C_MAX_SCENARIOS] OF ST_Scenario_Config; // Конфигурации сценариев
./FB_Heating_System_Manager.st:87:    L_Prev_Scenario : E_SCENARIO_TYPE;
./FB_Heating_System_Manager.st:88:    L_Scenario_Adjust : REAL;
./FB_Heating_System_Manager.st:89:    L_Target_Scenario_Adjust : REAL;
./FB_Heating_System_Manager.st:90:    L_Transition_Temp : FB_Scenario_Transition_Controller;
./FB_Heating_System_Manager.st:302:    L_Target_Scenario_Adjust := VI_Scenario_Configs[VI_Current_Scenario].floor_heating_adjust_celsius;
./FB_Heating_System_Manager.st:304:    L_Target_Scenario_Adjust := 0.0;
./FB_Heating_System_Manager.st:312:        VI_Start_Value := L_Scenario_Adjust,
./FB_Heating_System_Manager.st:313:        VI_End_Value := L_Target_Scenario_Adjust
./FB_Heating_System_Manager.st:322:        VI_End_Value := L_Target_Scenario_Adjust
./FB_Heating_System_Manager.st:325:L_Scenario_Adjust := L_Transition_Temp.VO_Current_Value;
./FB_Heating_System_Manager.st:398:        L_Zone_Config.design_temp := L_Zone_Config.design_temp + L_Scenario_Adjust;
./FB_Simulation_Manager.st:5:    VI_Scenario       : E_SCENARIO_TYPE; // Текущий активный сценарий
./FB_Simulation_Manager.st:6:    VI_Config         : ST_Scenario_Config; // Конфигурация сценариев
./FB_Simulation_Manager.st:23:IF VI_Scenario = E_SCENARIO_TYPE.SCENARIO_AWAY AND VI_Config.Presence_Simulation_Enabled THEN
./E_SCENARIO_TYPE.dut:2:TYPE E_SCENARIO_TYPE :
./E_SCENARIO_TYPE.dut:4:    SCENARIO_NONE := 0,
./E_SCENARIO_TYPE.dut:5:    SCENARIO_MORNING := 1,
./E_SCENARIO_TYPE.dut:6:    SCENARIO_EVENING := 2,
./E_SCENARIO_TYPE.dut:7:    SCENARIO_AWAY := 3,
./E_SCENARIO_TYPE.dut:8:    SCENARIO_PARTY := 4,
./E_SCENARIO_TYPE.dut:9:    SCENARIO_SLEEP := 5,
./E_SCENARIO_TYPE.dut:10:    SCENARIO_EMERGENCY := 6,
./E_SCENARIO_TYPE.dut:11:    SCENARIO_PRESENCE := 7
./ST_System_State_Snapshot.dut:5:    Current_Scenario : E_SCENARIO_TYPE;
./FB_Gateway_Interface.st:15:    VI_Active_Scenario          : E_SCENARIO_TYPE;
./FB_Gateway_Interface.st:51:    VO_Set_Scenario_Req         : BOOL;
./FB_Gateway_Interface.st:52:    VO_Target_Scenario          : E_SCENARIO_TYPE;
./FB_Gateway_Interface.st:198:VO_Set_Scenario_Req := FALSE;
./FB_Gateway_Interface.st:268:            VO_Set_Scenario_Req := TRUE;
./snapshots/project_clean_state_2026_04_16/ST_Scenario_Config.dut:2:TYPE ST_Scenario_Config :
./snapshots/project_clean_state_2026_04_16/ST_Scenario_Config.dut:4:    scenario_id : E_SCENARIO_TYPE;
./snapshots/project_clean_state_2026_04_16/GVL_STATUS.gvl:9:    G_Current_Scenario : E_SCENARIO_TYPE := E_SCENARIO_TYPE.SCENARIO_NONE; // Текущий активный сценарий
./snapshots/project_clean_state_2026_04_16/GVL_STATUS.gvl:10:    G_Previous_Scenario : E_SCENARIO_TYPE := E_SCENARIO_TYPE.SCENARIO_NONE; // Предыдущий сценарий
./snapshots/project_clean_state_2026_04_16/ST_Ventilation_Global_Config.dut:9:    Scenario_Modes : ARRAY[1..GVL_CONSTANTS.C_MAX_SCENARIOS] OF ST_Ventilation_Scenario_Mode;
./snapshots/project_clean_state_2026_04_16/ST_State_Snapshot.dut:6:    scenario_id : E_SCENARIO_TYPE := E_SCENARIO_TYPE.SCENARIO_NONE;
./snapshots/project_clean_state_2026_04_16/FB_Lighting_Blinds_Manager.st:7:    VI_Current_Scenario : E_SCENARIO_TYPE; // Текущий глобальный сценарий (Утро, Вечер, Сон, Никого нет)
./snapshots/project_clean_state_2026_04_16/FB_Lighting_Blinds_Manager.st:22:    VI_Scenario_Configs : ARRAY[1..GVL_CONSTANTS.C_MAX_SCENARIOS] OF ST_Scenario_Config; // Конфигурации сценариев
./snapshots/project_clean_state_2026_04_16/FB_Lighting_Blinds_Manager.st:52:    L_Prev_Scenario : E_SCENARIO_TYPE;
./snapshots/project_clean_state_2026_04_16/FB_Lighting_Blinds_Manager.st:53:    L_Transition_Light : FB_Scenario_Transition_Controller;
./snapshots/project_clean_state_2026_04_16/FB_Lighting_Blinds_Manager.st:54:    L_Transition_Blinds : FB_Scenario_Transition_Controller;
./snapshots/project_clean_state_2026_04_16/FB_Lighting_Blinds_Manager.st:65:    L_Effective_Scenario : E_SCENARIO_TYPE;
./snapshots/project_clean_state_2026_04_16/FB_Lighting_Blinds_Manager.st:99:        L_Effective_Scenario := E_SCENARIO_TYPE.SCENARIO_NONE;
./snapshots/project_clean_state_2026_04_16/FB_Lighting_Blinds_Manager.st:130:    L_Target_Base_Light := VI_Scenario_Configs[L_Effective_Scenario].lighting_level_base;
./snapshots/project_clean_state_2026_04_16/FB_Lighting_Blinds_Manager.st:131:    L_Target_Base_Blinds := VI_Scenario_Configs[L_Effective_Scenario].blinds_position_percent;
./snapshots/project_clean_state_2026_04_16/FB_Lighting_Blinds_Manager.st:138:IF VI_Is_Night AND L_Effective_Scenario <> E_SCENARIO_TYPE.SCENARIO_AWAY AND L_Effective_Scenario <> E_SCENARIO_TYPE.SCENARIO_SLEEP THEN
./snapshots/project_clean_state_2026_04_16/FB_Lighting_Blinds_Manager.st:226:    IF L_Effective_Scenario = E_SCENARIO_TYPE.SCENARIO_AWAY AND L_Effective_Simulation_Active THEN
./snapshots/project_clean_state_2026_04_16/FB_Lighting_Blinds_Manager.st:331:    VI_Scenario_ID := TO_INT(L_Effective_Scenario),
./snapshots/project_clean_state_2026_04_16/FB_Heating_System_Manager.st:26:    VI_Current_Scenario : E_SCENARIO_TYPE; // Текущий сценарий
./snapshots/project_clean_state_2026_04_16/FB_Heating_System_Manager.st:44:    VI_Scenario_Configs : ARRAY[1..GVL_CONSTANTS.C_MAX_SCENARIOS] OF ST_Scenario_Config; // Конфигурации сценариев
./snapshots/project_clean_state_2026_04_16/FB_Heating_System_Manager.st:87:    L_Prev_Scenario : E_SCENARIO_TYPE;
./snapshots/project_clean_state_2026_04_16/FB_Heating_System_Manager.st:88:    L_Scenario_Adjust : REAL;
./snapshots/project_clean_state_2026_04_16/FB_Heating_System_Manager.st:89:    L_Target_Scenario_Adjust : REAL;
./snapshots/project_clean_state_2026_04_16/FB_Heating_System_Manager.st:90:    L_Transition_Temp : FB_Scenario_Transition_Controller;
./snapshots/project_clean_state_2026_04_16/FB_Heating_System_Manager.st:302:    L_Target_Scenario_Adjust := VI_Scenario_Configs[VI_Current_Scenario].floor_heating_adjust_celsius;
./snapshots/project_clean_state_2026_04_16/FB_Heating_System_Manager.st:304:    L_Target_Scenario_Adjust := 0.0;
./snapshots/project_clean_state_2026_04_16/FB_Heating_System_Manager.st:312:        VI_Start_Value := L_Scenario_Adjust,
./snapshots/project_clean_state_2026_04_16/FB_Heating_System_Manager.st:313:        VI_End_Value := L_Target_Scenario_Adjust
./snapshots/project_clean_state_2026_04_16/FB_Heating_System_Manager.st:322:        VI_End_Value := L_Target_Scenario_Adjust
./snapshots/project_clean_state_2026_04_16/FB_Heating_System_Manager.st:325:L_Scenario_Adjust := L_Transition_Temp.VO_Current_Value;
./snapshots/project_clean_state_2026_04_16/FB_Heating_System_Manager.st:398:        L_Zone_Config.design_temp := L_Zone_Config.design_temp + L_Scenario_Adjust;
./snapshots/project_clean_state_2026_04_16/FB_Simulation_Manager.st:5:    VI_Scenario       : E_SCENARIO_TYPE; // Текущий активный сценарий
./snapshots/project_clean_state_2026_04_16/FB_Simulation_Manager.st:6:    VI_Config         : ST_Scenario_Config; // Конфигурация сценариев
./snapshots/project_clean_state_2026_04_16/FB_Simulation_Manager.st:23:IF VI_Scenario = E_SCENARIO_TYPE.SCENARIO_AWAY AND VI_Config.Presence_Simulation_Enabled THEN
./snapshots/project_clean_state_2026_04_16/E_SCENARIO_TYPE.dut:2:TYPE E_SCENARIO_TYPE :
./snapshots/project_clean_state_2026_04_16/E_SCENARIO_TYPE.dut:4:    SCENARIO_NONE := 0,
./snapshots/project_clean_state_2026_04_16/E_SCENARIO_TYPE.dut:5:    SCENARIO_MORNING := 1,
./snapshots/project_clean_state_2026_04_16/E_SCENARIO_TYPE.dut:6:    SCENARIO_EVENING := 2,
./snapshots/project_clean_state_2026_04_16/E_SCENARIO_TYPE.dut:7:    SCENARIO_AWAY := 3,
./snapshots/project_clean_state_2026_04_16/E_SCENARIO_TYPE.dut:8:    SCENARIO_PARTY := 4,
./snapshots/project_clean_state_2026_04_16/E_SCENARIO_TYPE.dut:9:    SCENARIO_SLEEP := 5,
./snapshots/project_clean_state_2026_04_16/E_SCENARIO_TYPE.dut:10:    SCENARIO_EMERGENCY := 6,
./snapshots/project_clean_state_2026_04_16/E_SCENARIO_TYPE.dut:11:    SCENARIO_PRESENCE := 7
./snapshots/project_clean_state_2026_04_16/ST_System_State_Snapshot.dut:5:    Current_Scenario : E_SCENARIO_TYPE;
./snapshots/project_clean_state_2026_04_16/FB_Gateway_Interface.st:15:    VI_Active_Scenario          : E_SCENARIO_TYPE;
./snapshots/project_clean_state_2026_04_16/FB_Gateway_Interface.st:51:    VO_Set_Scenario_Req         : BOOL;
./snapshots/project_clean_state_2026_04_16/FB_Gateway_Interface.st:52:    VO_Target_Scenario          : E_SCENARIO_TYPE;
./snapshots/project_clean_state_2026_04_16/FB_Gateway_Interface.st:198:VO_Set_Scenario_Req := FALSE;
./snapshots/project_clean_state_2026_04_16/FB_Gateway_Interface.st:268:            VO_Set_Scenario_Req := TRUE;
./snapshots/project_clean_state_2026_04_16/FB_Scenario_Manager.st:1:FUNCTION_BLOCK FB_Scenario_Manager
./snapshots/project_clean_state_2026_04_16/FB_Scenario_Manager.st:4:    VI_Activate_Request : E_SCENARIO_TYPE; // Запрос на активацию сценария
./snapshots/project_clean_state_2026_04_16/FB_Scenario_Manager.st:9:    VO_Current_Scenario : E_SCENARIO_TYPE; // Текущий активный сценарий
./snapshots/project_clean_state_2026_04_16/FB_Scenario_Manager.st:14:    L_Last_Scenario_Time : UDINT;
./snapshots/project_clean_state_2026_04_16/FB_Scenario_Manager.st:24:        IF VO_Current_Scenario <> E_SCENARIO_TYPE.SCENARIO_NONE THEN
./snapshots/project_clean_state_2026_04_16/FB_Scenario_Manager.st:25:            VO_Current_Scenario := E_SCENARIO_TYPE.SCENARIO_NONE;
./snapshots/project_clean_state_2026_04_16/FB_Scenario_Manager.st:37:    IF (VI_System_Time_MS - L_Last_Scenario_Time) >= 60000 OR VO_Current_Scenario = E_SCENARIO_TYPE.SCENARIO_NONE THEN
./snapshots/project_clean_state_2026_04_16/FB_Scenario_Manager.st:40:        L_Last_Scenario_Time := VI_System_Time_MS;
./snapshots/project_clean_state_2026_04_16/FB_Scenario_Manager.st:43:        E_SCENARIO_TYPE.SCENARIO_NONE:
./snapshots/project_clean_state_2026_04_16/FB_Scenario_Manager.st:45:        E_SCENARIO_TYPE.SCENARIO_AWAY:
./snapshots/project_clean_state_2026_04_16/FB_Scenario_Manager.st:47:        E_SCENARIO_TYPE.SCENARIO_SLEEP:
./snapshots/project_clean_state_2026_04_16/FB_Scenario_Manager.st:49:        E_SCENARIO_TYPE.SCENARIO_PRESENCE:
./snapshots/project_clean_state_2026_04_16/FB_Scenario_Manager.st:54:// >>> BULK_SYNC_ANCHOR: FB_Scenario_Manager <<<
./snapshots/project_clean_state_2026_04_16/ST_Scenario_Transition_Config.dut:2:TYPE ST_Scenario_Transition_Config :
./snapshots/project_clean_state_2026_04_16/ST_Scenario_Transition_Config.dut:4:    current_scenario : E_SCENARIO_TYPE;
./snapshots/project_clean_state_2026_04_16/ST_Scenario_Transition_Config.dut:5:    target_scenario : E_SCENARIO_TYPE;
./snapshots/project_clean_state_2026_04_16/PRG_Lighting.st:42:    VI_Scenario_Configs := GVL_CONFIG.G_HMI_Scenario_Configs,
./snapshots/project_clean_state_2026_04_16/FB_Socket_Manager.st:7:    VI_Scenario : E_SCENARIO_TYPE; // Текущий глобальный сценарий
./snapshots/project_clean_state_2026_04_16/FB_Socket_Manager.st:90:    ELSIF VI_Scenario = E_SCENARIO_TYPE.SCENARIO_AWAY OR VI_Security_Armed THEN
./snapshots/project_clean_state_2026_04_16/FB_Socket_Manager.st:119:    VI_Scenario_ID := TO_INT(VI_Scenario),
./snapshots/project_clean_state_2026_04_16/FB_Scenario_Transition_Controller.st:1:FUNCTION_BLOCK FB_Scenario_Transition_Controller
./snapshots/project_clean_state_2026_04_16/workspace/dut_rebuild/blinds_v2/ST_Blinds_Command_V2.dut:7:    Scenario_ID : INT;
./snapshots/project_clean_state_2026_04_16/workspace/dut_rebuild/blinds_v2/staging/FB_Blinds_V2_Staging_DRAFT.st:7:    VI_Scenario_ID : INT;
./snapshots/project_clean_state_2026_04_16/workspace/dut_rebuild/blinds_v2/staging/FB_Blinds_V2_Staging_DRAFT.st:32:    VI_Scenario_ID := VI_Scenario_ID,
./snapshots/project_clean_state_2026_04_16/workspace/dut_rebuild/blinds_v2/compatibility/FB_Blinds_Legacy_To_V2_Command_Adapter_DRAFT.st:7:    VI_Scenario_ID : INT;
./snapshots/project_clean_state_2026_04_16/workspace/dut_rebuild/blinds_v2/compatibility/FB_Blinds_Legacy_To_V2_Command_Adapter_DRAFT.st:19:VO_Command_V2.Scenario_ID := VI_Scenario_ID;
./snapshots/project_clean_state_2026_04_16/workspace/dut_rebuild/socket_v2/staging/FB_Socket_V2_Staging_DRAFT.st:8:    VI_Scenario_ID : INT;
./snapshots/project_clean_state_2026_04_16/workspace/dut_rebuild/socket_v2/staging/FB_Socket_V2_Staging_DRAFT.st:33:    VI_Scenario_ID := VI_Scenario_ID,
./snapshots/project_clean_state_2026_04_16/workspace/dut_rebuild/socket_v2/ST_Socket_Command_V2.dut:8:    Scenario_ID : INT;
./snapshots/project_clean_state_2026_04_16/workspace/dut_rebuild/socket_v2/compatibility/FB_Socket_Legacy_To_V2_Command_Adapter_DRAFT.st:8:    VI_Scenario_ID : INT;
./snapshots/project_clean_state_2026_04_16/workspace/dut_rebuild/socket_v2/compatibility/FB_Socket_Legacy_To_V2_Command_Adapter_DRAFT.st:20:VO_Command_V2.Scenario_ID := VI_Scenario_ID;
./snapshots/project_clean_state_2026_04_16/PRG_Heating.st:62:    VI_Scenario_Configs := GVL_CONFIG.G_HMI_Scenario_Configs,
./snapshots/project_clean_state_2026_04_16/GVL_COMMAND.gvl:19:    G_Scenario_Request : E_SCENARIO_TYPE := E_SCENARIO_TYPE.SCENARIO_NONE;
./snapshots/project_clean_state_2026_04_16/GVL_COMMAND.gvl:20:    G_Scenario_Request_Operator : E_SCENARIO_TYPE := E_SCENARIO_TYPE.SCENARIO_NONE; // Запрос на активацию сценария
./snapshots/project_clean_state_2026_04_16/FB_Ventilation_System_Manager.st:6:    VI_Current_Scenario : E_SCENARIO_TYPE; // Текущий глобальный сценарий
./snapshots/project_clean_state_2026_04_16/FB_Ventilation_System_Manager.st:148:    E_SCENARIO_TYPE.SCENARIO_AWAY:
./snapshots/project_clean_state_2026_04_16/FB_Ventilation_System_Manager.st:149:        L_Base_Speed := VI_Config.Scenario_Modes[3].Base_Fan_Speed;
./snapshots/project_clean_state_2026_04_16/FB_Ventilation_System_Manager.st:150:        L_Target_Temp := VI_Config.Scenario_Modes[3].Target_Temp;
./snapshots/project_clean_state_2026_04_16/FB_Ventilation_System_Manager.st:151:    E_SCENARIO_TYPE.SCENARIO_SLEEP:
./snapshots/project_clean_state_2026_04_16/FB_Ventilation_System_Manager.st:152:        L_Base_Speed := VI_Config.Scenario_Modes[2].Base_Fan_Speed;
./snapshots/project_clean_state_2026_04_16/FB_Ventilation_System_Manager.st:153:        L_Target_Temp := VI_Config.Scenario_Modes[2].Target_Temp;
./snapshots/project_clean_state_2026_04_16/FB_Ventilation_System_Manager.st:155:        L_Base_Speed := VI_Config.Scenario_Modes[1].Base_Fan_Speed;
./snapshots/project_clean_state_2026_04_16/FB_Ventilation_System_Manager.st:156:        L_Target_Temp := VI_Config.Scenario_Modes[1].Target_Temp;
./snapshots/project_clean_state_2026_04_16/FB_Blinds_V2_Staging.st:7:    VI_Scenario_ID : INT;
./snapshots/project_clean_state_2026_04_16/ST_Ventilation_Scenario_Mode.dut:2:TYPE ST_Ventilation_Scenario_Mode :
./snapshots/project_clean_state_2026_04_16/ST_Ventilation_Scenario_Mode.dut:4:  Scenario_ID : BYTE;
./snapshots/project_clean_state_2026_04_16/ST_Ventilation_Scenario_Mode.dut:5:  Scenario_Priority : BYTE;
./snapshots/project_clean_state_2026_04_16/PRG_System.st:14:    fbScenarioManager : FB_Scenario_Manager;
./snapshots/project_clean_state_2026_04_16/PRG_System.st:41:    L_Scenario_Idx : INT;
./snapshots/project_clean_state_2026_04_16/PRG_System.st:60:    L_Scenario_Req_Operator : E_SCENARIO_TYPE;
./snapshots/project_clean_state_2026_04_16/PRG_System.st:61:    L_Scenario_Req_Gateway  : E_SCENARIO_TYPE;
./snapshots/project_clean_state_2026_04_16/PRG_System.st:62:    L_Scenario_Req_Rule     : E_SCENARIO_TYPE;
./snapshots/project_clean_state_2026_04_16/PRG_System.st:63:    L_Scenario_Req_Final    : E_SCENARIO_TYPE; // TRACE ONLY: arbitration result before policy
./snapshots/project_clean_state_2026_04_16/PRG_System.st:64:    L_Scenario_Intent       : E_SCENARIO_TYPE;
./snapshots/project_clean_state_2026_04_16/PRG_System.st:65:L_Scenario_Source       : E_SCENARIO_SOURCE;
./snapshots/project_clean_state_2026_04_16/PRG_System.st:66:L_Scenario_Changed      : BOOL;
./snapshots/project_clean_state_2026_04_16/PRG_System.st:67:L_Last_Scenario_Change_Time : UDINT;
./snapshots/project_clean_state_2026_04_16/PRG_System.st:353:    L_Scenario_Req_Operator := GVL_COMMAND.G_Scenario_Request_Operator;
./snapshots/project_clean_state_2026_04_16/PRG_System.st:355:    L_Scenario_Req_Operator := E_SCENARIO_TYPE.SCENARIO_NONE;
./snapshots/project_clean_state_2026_04_16/PRG_System.st:357:L_Scenario_Req_Gateway := 0;
./snapshots/project_clean_state_2026_04_16/PRG_System.st:358:L_Scenario_Req_Rule := 0;
./snapshots/project_clean_state_2026_04_16/PRG_System.st:369:L_Scenario_Idx := TO_INT(GVL_STATUS.G_Current_Scenario);
./snapshots/project_clean_state_2026_04_16/PRG_System.st:370:IF L_Scenario_Idx < 0 OR L_Scenario_Idx > 7 THEN
./snapshots/project_clean_state_2026_04_16/PRG_System.st:371:    L_Scenario_Idx := 0;
./snapshots/project_clean_state_2026_04_16/PRG_System.st:379:    VI_Config := GVL_CONFIG.G_HMI_Scenario_Configs[L_Scenario_Idx],
./snapshots/project_clean_state_2026_04_16/PRG_System.st:408:        L_Scenario_Req_Rule := TO_BYTE(GVL_STATE.G_Rule_Actions[L_i].Value);
./snapshots/project_clean_state_2026_04_16/PRG_System.st:495:   fbGateway.VO_Set_Scenario_Req AND
./snapshots/project_clean_state_2026_04_16/PRG_System.st:498:    L_Scenario_Req_Gateway := fbGateway.VO_Target_Scenario;
./snapshots/project_clean_state_2026_04_16/PRG_System.st:527:// Actual enum range in E_SCENARIO_TYPE is 0..7.
./snapshots/project_clean_state_2026_04_16/PRG_System.st:528:IF TO_USINT(L_Scenario_Req_Operator) > 7 THEN
./snapshots/project_clean_state_2026_04_16/PRG_System.st:529:    L_Scenario_Req_Operator := E_SCENARIO_TYPE.SCENARIO_NONE;
./snapshots/project_clean_state_2026_04_16/PRG_System.st:532:IF TO_USINT(L_Scenario_Req_Gateway) > 7 THEN
./snapshots/project_clean_state_2026_04_16/PRG_System.st:533:    L_Scenario_Req_Gateway := E_SCENARIO_TYPE.SCENARIO_NONE;
./snapshots/project_clean_state_2026_04_16/PRG_System.st:536:IF TO_USINT(L_Scenario_Req_Rule) > 7 THEN
./snapshots/project_clean_state_2026_04_16/PRG_System.st:537:    L_Scenario_Req_Rule := E_SCENARIO_TYPE.SCENARIO_NONE;
./snapshots/project_clean_state_2026_04_16/PRG_System.st:544:    GVL_COMMAND.G_Scenario_Request_Operator := 0;
./snapshots/project_clean_state_2026_04_16/PRG_System.st:561:// Produces L_Scenario_Req_Final (TRACE ONLY, not executed directly)
./snapshots/project_clean_state_2026_04_16/PRG_System.st:563:    L_Scenario_Req_Final := 0;
./snapshots/project_clean_state_2026_04_16/PRG_System.st:564:    L_Scenario_Source := SRC_SAFETY;
./snapshots/project_clean_state_2026_04_16/PRG_System.st:565:ELSIF L_Scenario_Req_Operator <> 0 THEN
./snapshots/project_clean_state_2026_04_16/PRG_System.st:566:    L_Scenario_Req_Final := L_Scenario_Req_Operator;
./snapshots/project_clean_state_2026_04_16/PRG_System.st:567:    L_Scenario_Source := SRC_OPERATOR;
./snapshots/project_clean_state_2026_04_16/PRG_System.st:568:ELSIF L_Scenario_Req_Gateway <> 0 THEN
./snapshots/project_clean_state_2026_04_16/PRG_System.st:569:    L_Scenario_Req_Final := L_Scenario_Req_Gateway;
./snapshots/project_clean_state_2026_04_16/PRG_System.st:570:    L_Scenario_Source := SRC_GATEWAY;
./snapshots/project_clean_state_2026_04_16/PRG_System.st:571:ELSIF L_Scenario_Req_Rule <> 0 THEN
./snapshots/project_clean_state_2026_04_16/PRG_System.st:572:    L_Scenario_Req_Final := L_Scenario_Req_Rule;
./snapshots/project_clean_state_2026_04_16/PRG_System.st:573:    L_Scenario_Source := SRC_RULE;
./snapshots/project_clean_state_2026_04_16/PRG_System.st:575:    L_Scenario_Req_Final := GVL_STATUS.G_Current_Scenario;
./snapshots/project_clean_state_2026_04_16/PRG_System.st:576:    L_Scenario_Source := SRC_NONE;
./snapshots/project_clean_state_2026_04_16/PRG_System.st:579:L_Scenario_Intent := L_Scenario_Req_Final;
./snapshots/project_clean_state_2026_04_16/PRG_System.st:584:        L_Scenario_Intent := E_SCENARIO_TYPE.SCENARIO_NONE;
./snapshots/project_clean_state_2026_04_16/PRG_System.st:587:        L_Scenario_Intent := E_SCENARIO_TYPE.SCENARIO_NONE;
./snapshots/project_clean_state_2026_04_16/PRG_System.st:590:        CASE L_Scenario_Intent OF
./snapshots/project_clean_state_2026_04_16/PRG_System.st:591:            E_SCENARIO_TYPE.SCENARIO_NONE,
./snapshots/project_clean_state_2026_04_16/PRG_System.st:592:            E_SCENARIO_TYPE.SCENARIO_PRESENCE,
./snapshots/project_clean_state_2026_04_16/PRG_System.st:593:            E_SCENARIO_TYPE.SCENARIO_AWAY,
./snapshots/project_clean_state_2026_04_16/PRG_System.st:594:            E_SCENARIO_TYPE.SCENARIO_SLEEP:
./snapshots/project_clean_state_2026_04_16/PRG_System.st:597:            L_Scenario_Intent := E_SCENARIO_TYPE.SCENARIO_NONE;
./snapshots/project_clean_state_2026_04_16/PRG_System.st:606:       (L_Scenario_Req_Operator = E_SCENARIO_TYPE.SCENARIO_NONE) AND
./snapshots/project_clean_state_2026_04_16/PRG_System.st:607:       (L_Scenario_Req_Gateway = E_SCENARIO_TYPE.SCENARIO_NONE) AND
./snapshots/project_clean_state_2026_04_16/PRG_System.st:608:       (L_Scenario_Req_Rule = E_SCENARIO_TYPE.SCENARIO_NONE) AND
./snapshots/project_clean_state_2026_04_16/PRG_System.st:609:       (L_Scenario_Intent <> E_SCENARIO_TYPE.SCENARIO_AWAY) THEN
./snapshots/project_clean_state_2026_04_16/PRG_System.st:611:        IF L_Scenario_Intent <> E_SCENARIO_TYPE.SCENARIO_AWAY THEN
./snapshots/project_clean_state_2026_04_16/PRG_System.st:612:            L_Scenario_Intent := E_SCENARIO_TYPE.SCENARIO_AWAY;
./snapshots/project_clean_state_2026_04_16/PRG_System.st:613:            L_Scenario_Source := SRC_POLICY;
./snapshots/project_clean_state_2026_04_16/PRG_System.st:618:                VI_Param1 := TO_UDINT(L_Scenario_Source),
./snapshots/project_clean_state_2026_04_16/PRG_System.st:619:                VI_Param2 := TO_UDINT(E_SCENARIO_TYPE.SCENARIO_AWAY)
./snapshots/project_clean_state_2026_04_16/PRG_System.st:629:    IF (L_Scenario_Req_Operator = E_SCENARIO_TYPE.SCENARIO_NONE) AND
./snapshots/project_clean_state_2026_04_16/PRG_System.st:630:       (L_Scenario_Req_Gateway = E_SCENARIO_TYPE.SCENARIO_NONE) AND
./snapshots/project_clean_state_2026_04_16/PRG_System.st:631:       (L_Scenario_Req_Rule = E_SCENARIO_TYPE.SCENARIO_NONE) THEN
./snapshots/project_clean_state_2026_04_16/PRG_System.st:634:            IF L_Scenario_Intent <> E_SCENARIO_TYPE.SCENARIO_AWAY THEN
./snapshots/project_clean_state_2026_04_16/PRG_System.st:635:                L_Scenario_Intent := E_SCENARIO_TYPE.SCENARIO_AWAY;
./snapshots/project_clean_state_2026_04_16/PRG_System.st:636:                L_Scenario_Source := SRC_POLICY;
./snapshots/project_clean_state_2026_04_16/PRG_System.st:641:                    VI_Param1 := TO_UDINT(L_Scenario_Source),
./snapshots/project_clean_state_2026_04_16/PRG_System.st:642:                    VI_Param2 := TO_UDINT(E_SCENARIO_TYPE.SCENARIO_AWAY)
./snapshots/project_clean_state_2026_04_16/PRG_System.st:646:        ELSIF L_Scenario_Intent = E_SCENARIO_TYPE.SCENARIO_PRESENCE THEN
./snapshots/project_clean_state_2026_04_16/PRG_System.st:647:            IF L_Scenario_Intent <> E_SCENARIO_TYPE.SCENARIO_SLEEP THEN
./snapshots/project_clean_state_2026_04_16/PRG_System.st:648:                L_Scenario_Intent := E_SCENARIO_TYPE.SCENARIO_SLEEP;
./snapshots/project_clean_state_2026_04_16/PRG_System.st:649:                L_Scenario_Source := SRC_POLICY;
./snapshots/project_clean_state_2026_04_16/PRG_System.st:654:                    VI_Param1 := TO_UDINT(L_Scenario_Source),
./snapshots/project_clean_state_2026_04_16/PRG_System.st:655:                    VI_Param2 := TO_UDINT(E_SCENARIO_TYPE.SCENARIO_SLEEP)
./snapshots/project_clean_state_2026_04_16/PRG_System.st:664:    VI_Activate_Request := L_Scenario_Intent,
./snapshots/project_clean_state_2026_04_16/PRG_System.st:1008:IF L_Scenario_Changed THEN
./snapshots/project_clean_state_2026_04_16/PRG_System.st:1012:        VI_Param1 := TO_UDINT(L_Scenario_Source),
./snapshots/project_clean_state_2026_04_16/PRG_System.st:1013:        VI_Param2 := TO_UDINT(L_Scenario_Intent)
./snapshots/project_clean_state_2026_04_16/GVL_CONFIG.gvl:16:    G_HMI_Scenario_Configs : ARRAY[1..GVL_CONSTANTS.C_MAX_SCENARIOS] OF ST_Scenario_Config; // Конфигурации сценариев
./snapshots/project_clean_state_2026_04_16/ST_Gateway_Command.dut:11:    target_scenario : E_SCENARIO_TYPE;
./snapshots/project_clean_state_2026_04_16/E_SCENARIO_SOURCE.dut:1:TYPE E_SCENARIO_SOURCE :
./snapshots/project_clean_state_2026_04_16/FB_Socket_V2_Staging.st:8:    VI_Scenario_ID : INT;
./FB_Scenario_Manager.st:1:FUNCTION_BLOCK FB_Scenario_Manager
./FB_Scenario_Manager.st:4:    VI_Activate_Request : E_SCENARIO_TYPE; // Запрос на активацию сценария
./FB_Scenario_Manager.st:9:    VO_Current_Scenario : E_SCENARIO_TYPE; // Текущий активный сценарий
./FB_Scenario_Manager.st:14:    L_Last_Scenario_Time : UDINT;
./FB_Scenario_Manager.st:24:        IF VO_Current_Scenario <> E_SCENARIO_TYPE.SCENARIO_NONE THEN
./FB_Scenario_Manager.st:25:            VO_Current_Scenario := E_SCENARIO_TYPE.SCENARIO_NONE;
./FB_Scenario_Manager.st:37:    IF (VI_System_Time_MS - L_Last_Scenario_Time) >= 60000 OR VO_Current_Scenario = E_SCENARIO_TYPE.SCENARIO_NONE THEN
./FB_Scenario_Manager.st:40:        L_Last_Scenario_Time := VI_System_Time_MS;
./FB_Scenario_Manager.st:43:        E_SCENARIO_TYPE.SCENARIO_NONE:
./FB_Scenario_Manager.st:45:        E_SCENARIO_TYPE.SCENARIO_AWAY:
./FB_Scenario_Manager.st:47:        E_SCENARIO_TYPE.SCENARIO_SLEEP:
./FB_Scenario_Manager.st:49:        E_SCENARIO_TYPE.SCENARIO_PRESENCE:
./FB_Scenario_Manager.st:54:// >>> BULK_SYNC_ANCHOR: FB_Scenario_Manager <<<
./ST_Scenario_Transition_Config.dut:2:TYPE ST_Scenario_Transition_Config :
./ST_Scenario_Transition_Config.dut:4:    current_scenario : E_SCENARIO_TYPE;
./ST_Scenario_Transition_Config.dut:5:    target_scenario : E_SCENARIO_TYPE;
./PRG_Lighting.st:42:    VI_Scenario_Configs := GVL_CONFIG.G_HMI_Scenario_Configs,
./FB_Socket_Manager.st:7:    VI_Scenario : E_SCENARIO_TYPE; // Текущий глобальный сценарий
./FB_Socket_Manager.st:90:    ELSIF VI_Scenario = E_SCENARIO_TYPE.SCENARIO_AWAY OR VI_Security_Armed THEN
./FB_Socket_Manager.st:119:    VI_Scenario_ID := TO_INT(VI_Scenario),
./FB_Scenario_Transition_Controller.st:1:FUNCTION_BLOCK FB_Scenario_Transition_Controller
./workspace/dut_rebuild/blinds_v2/ST_Blinds_Command_V2.dut:7:    Scenario_ID : INT;
./workspace/dut_rebuild/blinds_v2/staging/FB_Blinds_V2_Staging_DRAFT.st:7:    VI_Scenario_ID : INT;
./workspace/dut_rebuild/blinds_v2/staging/FB_Blinds_V2_Staging_DRAFT.st:32:    VI_Scenario_ID := VI_Scenario_ID,
./workspace/dut_rebuild/blinds_v2/compatibility/FB_Blinds_Legacy_To_V2_Command_Adapter_DRAFT.st:7:    VI_Scenario_ID : INT;
./workspace/dut_rebuild/blinds_v2/compatibility/FB_Blinds_Legacy_To_V2_Command_Adapter_DRAFT.st:19:VO_Command_V2.Scenario_ID := VI_Scenario_ID;
./workspace/dut_rebuild/socket_v2/staging/FB_Socket_V2_Staging_DRAFT.st:8:    VI_Scenario_ID : INT;
./workspace/dut_rebuild/socket_v2/staging/FB_Socket_V2_Staging_DRAFT.st:33:    VI_Scenario_ID := VI_Scenario_ID,
./workspace/dut_rebuild/socket_v2/ST_Socket_Command_V2.dut:8:    Scenario_ID : INT;
./workspace/dut_rebuild/socket_v2/compatibility/FB_Socket_Legacy_To_V2_Command_Adapter_DRAFT.st:8:    VI_Scenario_ID : INT;
./workspace/dut_rebuild/socket_v2/compatibility/FB_Socket_Legacy_To_V2_Command_Adapter_DRAFT.st:20:VO_Command_V2.Scenario_ID := VI_Scenario_ID;
./PRG_Heating.st:62:    VI_Scenario_Configs := GVL_CONFIG.G_HMI_Scenario_Configs,
./GVL_COMMAND.gvl:19:    G_Scenario_Request : E_SCENARIO_TYPE := E_SCENARIO_TYPE.SCENARIO_NONE;
./GVL_COMMAND.gvl:20:    G_Scenario_Request_Operator : E_SCENARIO_TYPE := E_SCENARIO_TYPE.SCENARIO_NONE; // Запрос на активацию сценария
./FB_Ventilation_System_Manager.st:6:    VI_Current_Scenario : E_SCENARIO_TYPE; // Текущий глобальный сценарий
./FB_Ventilation_System_Manager.st:148:    E_SCENARIO_TYPE.SCENARIO_AWAY:
./FB_Ventilation_System_Manager.st:149:        L_Base_Speed := VI_Config.Scenario_Modes[3].Base_Fan_Speed;
./FB_Ventilation_System_Manager.st:150:        L_Target_Temp := VI_Config.Scenario_Modes[3].Target_Temp;
./FB_Ventilation_System_Manager.st:151:    E_SCENARIO_TYPE.SCENARIO_SLEEP:
./FB_Ventilation_System_Manager.st:152:        L_Base_Speed := VI_Config.Scenario_Modes[2].Base_Fan_Speed;
./FB_Ventilation_System_Manager.st:153:        L_Target_Temp := VI_Config.Scenario_Modes[2].Target_Temp;
./FB_Ventilation_System_Manager.st:155:        L_Base_Speed := VI_Config.Scenario_Modes[1].Base_Fan_Speed;
./FB_Ventilation_System_Manager.st:156:        L_Target_Temp := VI_Config.Scenario_Modes[1].Target_Temp;
./FB_Blinds_V2_Staging.st:7:    VI_Scenario_ID : INT;
./ST_Ventilation_Scenario_Mode.dut:2:TYPE ST_Ventilation_Scenario_Mode :
./ST_Ventilation_Scenario_Mode.dut:4:  Scenario_ID : BYTE;
./ST_Ventilation_Scenario_Mode.dut:5:  Scenario_Priority : BYTE;
./PRG_System.st:14:    fbScenarioManager : FB_Scenario_Manager;
./PRG_System.st:40:    L_Scenario_Idx : INT;
./PRG_System.st:61:    L_Scenario_Req_Operator : E_SCENARIO_TYPE;
./PRG_System.st:62:    L_Scenario_Req_Gateway  : E_SCENARIO_TYPE;
./PRG_System.st:63:    L_Scenario_Req_Rule     : E_SCENARIO_TYPE;
./PRG_System.st:64:    L_Scenario_Req_Final    : E_SCENARIO_TYPE; // TRACE ONLY: arbitration result before policy
./PRG_System.st:65:    L_Scenario_Intent       : E_SCENARIO_TYPE;
./PRG_System.st:66:L_Scenario_Source       : E_SCENARIO_SOURCE;
./PRG_System.st:355:    L_Scenario_Req_Operator := GVL_COMMAND.G_Scenario_Request_Operator;
./PRG_System.st:357:    L_Scenario_Req_Operator := E_SCENARIO_TYPE.SCENARIO_NONE;
./PRG_System.st:359:L_Scenario_Req_Gateway := 0;
./PRG_System.st:360:L_Scenario_Req_Rule := 0;
./PRG_System.st:371:L_Scenario_Idx := TO_INT(GVL_STATUS.G_Current_Scenario);
./PRG_System.st:372:IF L_Scenario_Idx < 0 OR L_Scenario_Idx > 7 THEN
./PRG_System.st:373:    L_Scenario_Idx := 0;
./PRG_System.st:381:    VI_Config := GVL_CONFIG.G_HMI_Scenario_Configs[L_Scenario_Idx],
./PRG_System.st:410:        L_Scenario_Req_Rule := TO_BYTE(GVL_STATE.G_Rule_Actions[L_i].Value);
./PRG_System.st:497:   fbGateway.VO_Set_Scenario_Req AND
./PRG_System.st:500:    L_Scenario_Req_Gateway := fbGateway.VO_Target_Scenario;
./PRG_System.st:529:// Actual enum range in E_SCENARIO_TYPE is 0..7.
./PRG_System.st:530:IF TO_USINT(L_Scenario_Req_Operator) > 7 THEN
./PRG_System.st:531:    L_Scenario_Req_Operator := E_SCENARIO_TYPE.SCENARIO_NONE;
./PRG_System.st:534:IF TO_USINT(L_Scenario_Req_Gateway) > 7 THEN
./PRG_System.st:535:    L_Scenario_Req_Gateway := E_SCENARIO_TYPE.SCENARIO_NONE;
./PRG_System.st:538:IF TO_USINT(L_Scenario_Req_Rule) > 7 THEN
./PRG_System.st:539:    L_Scenario_Req_Rule := E_SCENARIO_TYPE.SCENARIO_NONE;
./PRG_System.st:546:    GVL_COMMAND.G_Scenario_Request_Operator := 0;
./PRG_System.st:563:// Produces L_Scenario_Req_Final (TRACE ONLY, not executed directly)
./PRG_System.st:565:    L_Scenario_Req_Final := 0;
./PRG_System.st:566:    L_Scenario_Source := SRC_SAFETY;
./PRG_System.st:567:ELSIF L_Scenario_Req_Operator <> 0 THEN
./PRG_System.st:568:    L_Scenario_Req_Final := L_Scenario_Req_Operator;
./PRG_System.st:569:    L_Scenario_Source := SRC_OPERATOR;
./PRG_System.st:570:ELSIF L_Scenario_Req_Gateway <> 0 THEN
./PRG_System.st:571:    L_Scenario_Req_Final := L_Scenario_Req_Gateway;
./PRG_System.st:572:    L_Scenario_Source := SRC_GATEWAY;
./PRG_System.st:573:ELSIF L_Scenario_Req_Rule <> 0 THEN
./PRG_System.st:574:    L_Scenario_Req_Final := L_Scenario_Req_Rule;
./PRG_System.st:575:    L_Scenario_Source := SRC_RULE;
./PRG_System.st:577:    L_Scenario_Req_Final := GVL_STATUS.G_Current_Scenario;
./PRG_System.st:578:    L_Scenario_Source := SRC_NONE;
./PRG_System.st:581:L_Scenario_Intent := L_Scenario_Req_Final;
./PRG_System.st:586:        L_Scenario_Intent := E_SCENARIO_TYPE.SCENARIO_NONE;
./PRG_System.st:589:        L_Scenario_Intent := E_SCENARIO_TYPE.SCENARIO_NONE;
./PRG_System.st:592:        CASE L_Scenario_Intent OF
./PRG_System.st:593:            E_SCENARIO_TYPE.SCENARIO_NONE,
./PRG_System.st:594:            E_SCENARIO_TYPE.SCENARIO_PRESENCE,
./PRG_System.st:595:            E_SCENARIO_TYPE.SCENARIO_AWAY,
./PRG_System.st:596:            E_SCENARIO_TYPE.SCENARIO_SLEEP:
./PRG_System.st:599:            L_Scenario_Intent := E_SCENARIO_TYPE.SCENARIO_NONE;
./PRG_System.st:608:       (L_Scenario_Req_Operator = E_SCENARIO_TYPE.SCENARIO_NONE) AND
./PRG_System.st:609:       (L_Scenario_Req_Gateway = E_SCENARIO_TYPE.SCENARIO_NONE) AND
./PRG_System.st:610:       (L_Scenario_Req_Rule = E_SCENARIO_TYPE.SCENARIO_NONE) AND
./PRG_System.st:611:       (L_Scenario_Intent <> E_SCENARIO_TYPE.SCENARIO_AWAY) THEN
./PRG_System.st:613:        IF L_Scenario_Intent <> E_SCENARIO_TYPE.SCENARIO_AWAY THEN
./PRG_System.st:614:            L_Scenario_Intent := E_SCENARIO_TYPE.SCENARIO_AWAY;
./PRG_System.st:615:            L_Scenario_Source := SRC_POLICY;
./PRG_System.st:622:                    VI_Param1 := TO_UDINT(L_Scenario_Source),
./PRG_System.st:623:                    VI_Param2 := TO_UDINT(E_SCENARIO_TYPE.SCENARIO_AWAY)
./PRG_System.st:635:    IF (L_Scenario_Req_Operator = E_SCENARIO_TYPE.SCENARIO_NONE) AND
./PRG_System.st:636:       (L_Scenario_Req_Gateway = E_SCENARIO_TYPE.SCENARIO_NONE) AND
./PRG_System.st:637:       (L_Scenario_Req_Rule = E_SCENARIO_TYPE.SCENARIO_NONE) THEN
./PRG_System.st:640:            IF L_Scenario_Intent <> E_SCENARIO_TYPE.SCENARIO_AWAY THEN
./PRG_System.st:641:                L_Scenario_Intent := E_SCENARIO_TYPE.SCENARIO_AWAY;
./PRG_System.st:642:                L_Scenario_Source := SRC_POLICY;
./PRG_System.st:649:                        VI_Param1 := TO_UDINT(L_Scenario_Source),
./PRG_System.st:650:                        VI_Param2 := TO_UDINT(E_SCENARIO_TYPE.SCENARIO_AWAY)
./PRG_System.st:656:        ELSIF L_Scenario_Intent = E_SCENARIO_TYPE.SCENARIO_PRESENCE THEN
./PRG_System.st:657:            IF L_Scenario_Intent <> E_SCENARIO_TYPE.SCENARIO_SLEEP THEN
./PRG_System.st:658:                L_Scenario_Intent := E_SCENARIO_TYPE.SCENARIO_SLEEP;
./PRG_System.st:659:                L_Scenario_Source := SRC_POLICY;
./PRG_System.st:666:                        VI_Param1 := TO_UDINT(L_Scenario_Source),
./PRG_System.st:667:                        VI_Param2 := TO_UDINT(E_SCENARIO_TYPE.SCENARIO_SLEEP)
./PRG_System.st:678:    VI_Activate_Request := L_Scenario_Intent,
./PRG_System.st:834:        VI_Param1 := TO_UDINT(L_Scenario_Source),
./GVL_CONFIG.gvl:16:    G_HMI_Scenario_Configs : ARRAY[1..GVL_CONSTANTS.C_MAX_SCENARIOS] OF ST_Scenario_Config; // Конфигурации сценариев
./ST_Gateway_Command.dut:11:    target_scenario : E_SCENARIO_TYPE;
./E_SCENARIO_SOURCE.dut:1:TYPE E_SCENARIO_SOURCE :
./FB_Socket_V2_Staging.st:8:    VI_Scenario_ID : INT;

=== CURRENT / PREVIOUS / TARGET / ACTIVE SCENARIO ===
./GVL_STATUS.gvl:9:    G_Current_Scenario : E_SCENARIO_TYPE := E_SCENARIO_TYPE.SCENARIO_NONE; // Текущий активный сценарий
./GVL_STATUS.gvl:10:    G_Previous_Scenario : E_SCENARIO_TYPE := E_SCENARIO_TYPE.SCENARIO_NONE; // Предыдущий сценарий
./FB_Lighting_Blinds_Manager.st:7:    VI_Current_Scenario : E_SCENARIO_TYPE; // Текущий глобальный сценарий (Утро, Вечер, Сон, Никого нет)
./FB_Lighting_Blinds_Manager.st:83:L_Effective_Scenario := VI_Current_Scenario;
./FB_Heating_System_Manager.st:26:    VI_Current_Scenario : E_SCENARIO_TYPE; // Текущий сценарий
./FB_Heating_System_Manager.st:89:    L_Target_Scenario_Adjust : REAL;
./FB_Heating_System_Manager.st:301:IF VI_Current_Scenario >= 1 AND VI_Current_Scenario <= GVL_CONSTANTS.C_MAX_SCENARIOS THEN
./FB_Heating_System_Manager.st:302:    L_Target_Scenario_Adjust := VI_Scenario_Configs[VI_Current_Scenario].floor_heating_adjust_celsius;
./FB_Heating_System_Manager.st:304:    L_Target_Scenario_Adjust := 0.0;
./FB_Heating_System_Manager.st:307:IF VI_Current_Scenario <> L_Prev_Scenario THEN
./FB_Heating_System_Manager.st:313:        VI_End_Value := L_Target_Scenario_Adjust
./FB_Heating_System_Manager.st:315:    L_Prev_Scenario := VI_Current_Scenario;
./FB_Heating_System_Manager.st:322:        VI_End_Value := L_Target_Scenario_Adjust
./ST_System_State_Snapshot.dut:5:    Current_Scenario : E_SCENARIO_TYPE;
./FB_Gateway_Interface.st:15:    VI_Active_Scenario          : E_SCENARIO_TYPE;
./FB_Gateway_Interface.st:52:    VO_Target_Scenario          : E_SCENARIO_TYPE;
./FB_Gateway_Interface.st:269:            VO_Target_Scenario := L_Process_Command.target_scenario;
./snapshots/project_clean_state_2026_04_16/GVL_STATUS.gvl:9:    G_Current_Scenario : E_SCENARIO_TYPE := E_SCENARIO_TYPE.SCENARIO_NONE; // Текущий активный сценарий
./snapshots/project_clean_state_2026_04_16/GVL_STATUS.gvl:10:    G_Previous_Scenario : E_SCENARIO_TYPE := E_SCENARIO_TYPE.SCENARIO_NONE; // Предыдущий сценарий
./snapshots/project_clean_state_2026_04_16/FB_Lighting_Blinds_Manager.st:7:    VI_Current_Scenario : E_SCENARIO_TYPE; // Текущий глобальный сценарий (Утро, Вечер, Сон, Никого нет)
./snapshots/project_clean_state_2026_04_16/FB_Lighting_Blinds_Manager.st:83:L_Effective_Scenario := VI_Current_Scenario;
./snapshots/project_clean_state_2026_04_16/FB_Heating_System_Manager.st:26:    VI_Current_Scenario : E_SCENARIO_TYPE; // Текущий сценарий
./snapshots/project_clean_state_2026_04_16/FB_Heating_System_Manager.st:89:    L_Target_Scenario_Adjust : REAL;
./snapshots/project_clean_state_2026_04_16/FB_Heating_System_Manager.st:301:IF VI_Current_Scenario >= 1 AND VI_Current_Scenario <= GVL_CONSTANTS.C_MAX_SCENARIOS THEN
./snapshots/project_clean_state_2026_04_16/FB_Heating_System_Manager.st:302:    L_Target_Scenario_Adjust := VI_Scenario_Configs[VI_Current_Scenario].floor_heating_adjust_celsius;
./snapshots/project_clean_state_2026_04_16/FB_Heating_System_Manager.st:304:    L_Target_Scenario_Adjust := 0.0;
./snapshots/project_clean_state_2026_04_16/FB_Heating_System_Manager.st:307:IF VI_Current_Scenario <> L_Prev_Scenario THEN
./snapshots/project_clean_state_2026_04_16/FB_Heating_System_Manager.st:313:        VI_End_Value := L_Target_Scenario_Adjust
./snapshots/project_clean_state_2026_04_16/FB_Heating_System_Manager.st:315:    L_Prev_Scenario := VI_Current_Scenario;
./snapshots/project_clean_state_2026_04_16/FB_Heating_System_Manager.st:322:        VI_End_Value := L_Target_Scenario_Adjust
./snapshots/project_clean_state_2026_04_16/ST_System_State_Snapshot.dut:5:    Current_Scenario : E_SCENARIO_TYPE;
./snapshots/project_clean_state_2026_04_16/FB_Gateway_Interface.st:15:    VI_Active_Scenario          : E_SCENARIO_TYPE;
./snapshots/project_clean_state_2026_04_16/FB_Gateway_Interface.st:52:    VO_Target_Scenario          : E_SCENARIO_TYPE;
./snapshots/project_clean_state_2026_04_16/FB_Gateway_Interface.st:269:            VO_Target_Scenario := L_Process_Command.target_scenario;
./snapshots/project_clean_state_2026_04_16/FB_Scenario_Manager.st:9:    VO_Current_Scenario : E_SCENARIO_TYPE; // Текущий активный сценарий
./snapshots/project_clean_state_2026_04_16/FB_Scenario_Manager.st:24:        IF VO_Current_Scenario <> E_SCENARIO_TYPE.SCENARIO_NONE THEN
./snapshots/project_clean_state_2026_04_16/FB_Scenario_Manager.st:25:            VO_Current_Scenario := E_SCENARIO_TYPE.SCENARIO_NONE;
./snapshots/project_clean_state_2026_04_16/FB_Scenario_Manager.st:35:IF VI_Activate_Request <> VO_Current_Scenario THEN
./snapshots/project_clean_state_2026_04_16/FB_Scenario_Manager.st:37:    IF (VI_System_Time_MS - L_Last_Scenario_Time) >= 60000 OR VO_Current_Scenario = E_SCENARIO_TYPE.SCENARIO_NONE THEN
./snapshots/project_clean_state_2026_04_16/FB_Scenario_Manager.st:39:        VO_Current_Scenario := VI_Activate_Request;
./snapshots/project_clean_state_2026_04_16/FB_Scenario_Manager.st:42:        CASE VO_Current_Scenario OF
./snapshots/project_clean_state_2026_04_16/ST_Scenario_Transition_Config.dut:4:    current_scenario : E_SCENARIO_TYPE;
./snapshots/project_clean_state_2026_04_16/ST_Scenario_Transition_Config.dut:5:    target_scenario : E_SCENARIO_TYPE;
./snapshots/project_clean_state_2026_04_16/PRG_Lighting.st:30:    VI_Current_Scenario := GVL_STATUS.G_Current_Scenario,
./snapshots/project_clean_state_2026_04_16/PRG_Lighting.st:51:    VI_Scenario := GVL_STATUS.G_Current_Scenario,
./snapshots/project_clean_state_2026_04_16/workspace/dut_rebuild/rule_engine/E_Rule_Target_Domain_V2.dut:3:    RULE_TARGET_SCENARIO := 1,
./snapshots/project_clean_state_2026_04_16/workspace/dut_rebuild/integration/FB_Rule_V2_To_Legacy_Adapter_DRAFT.st:56:    E_Rule_Target_Domain_V2.RULE_TARGET_SCENARIO:
./snapshots/project_clean_state_2026_04_16/workspace/dut_rebuild/integration/FB_Rule_Legacy_To_V2_Adapter_DRAFT.st:69:        VO_Rule_V2.action.target_domain := E_Rule_Target_Domain_V2.RULE_TARGET_SCENARIO;
./snapshots/project_clean_state_2026_04_16/PRG_Heating.st:58:    VI_Current_Scenario := GVL_STATUS.G_Current_Scenario,
./snapshots/project_clean_state_2026_04_16/FB_Ventilation_System_Manager.st:6:    VI_Current_Scenario : E_SCENARIO_TYPE; // Текущий глобальный сценарий
./snapshots/project_clean_state_2026_04_16/FB_Ventilation_System_Manager.st:147:CASE VI_Current_Scenario OF
./snapshots/project_clean_state_2026_04_16/PRG_Ventilation.st:70:    VI_Current_Scenario := GVL_STATUS.G_Current_Scenario,
./snapshots/project_clean_state_2026_04_16/PRG_System.st:139:L_Local_State.Current_Scenario := GVL_STATUS.G_Current_Scenario;
./snapshots/project_clean_state_2026_04_16/PRG_System.st:167:    GVL_STATUS.G_Current_Scenario := fbRedundancy.VO_Synced_State.Current_Scenario;
./snapshots/project_clean_state_2026_04_16/PRG_System.st:369:L_Scenario_Idx := TO_INT(GVL_STATUS.G_Current_Scenario);
./snapshots/project_clean_state_2026_04_16/PRG_System.st:378:    VI_Scenario := GVL_STATUS.G_Current_Scenario,
./snapshots/project_clean_state_2026_04_16/PRG_System.st:473:    VI_Active_Scenario := GVL_STATUS.G_Current_Scenario,
./snapshots/project_clean_state_2026_04_16/PRG_System.st:498:    L_Scenario_Req_Gateway := fbGateway.VO_Target_Scenario;
./snapshots/project_clean_state_2026_04_16/PRG_System.st:575:    L_Scenario_Req_Final := GVL_STATUS.G_Current_Scenario;
./snapshots/project_clean_state_2026_04_16/PRG_System.st:667:    VO_Current_Scenario => GVL_STATUS.G_Current_Scenario
./snapshots/project_clean_state_2026_04_16/PRG_System.st:814:ELSIF GVL_STATUS.G_Current_Scenario <> GVL_STATUS.G_Previous_Scenario THEN
./snapshots/project_clean_state_2026_04_16/PRG_System.st:817:    L_History_Event.event_value := TO_REAL(GVL_STATUS.G_Current_Scenario);
./snapshots/project_clean_state_2026_04_16/PRG_System.st:821:    GVL_STATUS.G_Previous_Scenario := GVL_STATUS.G_Current_Scenario;
./snapshots/project_clean_state_2026_04_16/ST_Gateway_Command.dut:11:    target_scenario : E_SCENARIO_TYPE;
./FB_Scenario_Manager.st:9:    VO_Current_Scenario : E_SCENARIO_TYPE; // Текущий активный сценарий
./FB_Scenario_Manager.st:24:        IF VO_Current_Scenario <> E_SCENARIO_TYPE.SCENARIO_NONE THEN
./FB_Scenario_Manager.st:25:            VO_Current_Scenario := E_SCENARIO_TYPE.SCENARIO_NONE;
./FB_Scenario_Manager.st:35:IF VI_Activate_Request <> VO_Current_Scenario THEN
./FB_Scenario_Manager.st:37:    IF (VI_System_Time_MS - L_Last_Scenario_Time) >= 60000 OR VO_Current_Scenario = E_SCENARIO_TYPE.SCENARIO_NONE THEN
./FB_Scenario_Manager.st:39:        VO_Current_Scenario := VI_Activate_Request;
./FB_Scenario_Manager.st:42:        CASE VO_Current_Scenario OF
./ST_Scenario_Transition_Config.dut:4:    current_scenario : E_SCENARIO_TYPE;
./ST_Scenario_Transition_Config.dut:5:    target_scenario : E_SCENARIO_TYPE;
./PRG_Lighting.st:30:    VI_Current_Scenario := GVL_STATUS.G_Current_Scenario,
./PRG_Lighting.st:51:    VI_Scenario := GVL_STATUS.G_Current_Scenario,
./workspace/dut_rebuild/rule_engine/E_Rule_Target_Domain_V2.dut:3:    RULE_TARGET_SCENARIO := 1,
./workspace/dut_rebuild/integration/FB_Rule_V2_To_Legacy_Adapter_DRAFT.st:56:    E_Rule_Target_Domain_V2.RULE_TARGET_SCENARIO:
./workspace/dut_rebuild/integration/FB_Rule_Legacy_To_V2_Adapter_DRAFT.st:69:        VO_Rule_V2.action.target_domain := E_Rule_Target_Domain_V2.RULE_TARGET_SCENARIO;
./PRG_Heating.st:58:    VI_Current_Scenario := GVL_STATUS.G_Current_Scenario,
./FB_Ventilation_System_Manager.st:6:    VI_Current_Scenario : E_SCENARIO_TYPE; // Текущий глобальный сценарий
./FB_Ventilation_System_Manager.st:147:CASE VI_Current_Scenario OF
./PRG_Ventilation.st:70:    VI_Current_Scenario := GVL_STATUS.G_Current_Scenario,
./PRG_System.st:141:L_Local_State.Current_Scenario := GVL_STATUS.G_Current_Scenario;
./PRG_System.st:169:    GVL_STATUS.G_Current_Scenario := fbRedundancy.VO_Synced_State.Current_Scenario;
./PRG_System.st:371:L_Scenario_Idx := TO_INT(GVL_STATUS.G_Current_Scenario);
./PRG_System.st:380:    VI_Scenario := GVL_STATUS.G_Current_Scenario,
./PRG_System.st:475:    VI_Active_Scenario := GVL_STATUS.G_Current_Scenario,
./PRG_System.st:500:    L_Scenario_Req_Gateway := fbGateway.VO_Target_Scenario;
./PRG_System.st:577:    L_Scenario_Req_Final := GVL_STATUS.G_Current_Scenario;
./PRG_System.st:681:    VO_Current_Scenario => GVL_STATUS.G_Current_Scenario
./PRG_System.st:823:ELSIF GVL_STATUS.G_Current_Scenario <> GVL_STATUS.G_Previous_Scenario THEN
./PRG_System.st:826:    L_History_Event.event_value := TO_REAL(GVL_STATUS.G_Current_Scenario);
./PRG_System.st:835:        VI_Param2 := TO_UDINT(GVL_STATUS.G_Current_Scenario)
./PRG_System.st:838:    GVL_STATUS.G_Previous_Scenario := GVL_STATUS.G_Current_Scenario;
./ST_Gateway_Command.dut:11:    target_scenario : E_SCENARIO_TYPE;

=== SCENARIO REQUESTS / TRANSITIONS ===
./FB_Heating_System_Manager.st:89:    L_Target_Scenario_Adjust : REAL;
./FB_Heating_System_Manager.st:302:    L_Target_Scenario_Adjust := VI_Scenario_Configs[VI_Current_Scenario].floor_heating_adjust_celsius;
./FB_Heating_System_Manager.st:304:    L_Target_Scenario_Adjust := 0.0;
./FB_Heating_System_Manager.st:313:        VI_End_Value := L_Target_Scenario_Adjust
./FB_Heating_System_Manager.st:322:        VI_End_Value := L_Target_Scenario_Adjust
./E_Gateway_Command_Type.dut:4:    CMD_SET_SCENARIO := 1,
./FB_Gateway_Interface.st:51:    VO_Set_Scenario_Req         : BOOL;
./FB_Gateway_Interface.st:52:    VO_Target_Scenario          : E_SCENARIO_TYPE;
./FB_Gateway_Interface.st:198:VO_Set_Scenario_Req := FALSE;
./FB_Gateway_Interface.st:267:        E_Gateway_Command_Type.CMD_SET_SCENARIO: // Управление сценариями
./FB_Gateway_Interface.st:268:            VO_Set_Scenario_Req := TRUE;
./FB_Gateway_Interface.st:269:            VO_Target_Scenario := L_Process_Command.target_scenario;
./snapshots/project_clean_state_2026_04_16/FB_Heating_System_Manager.st:89:    L_Target_Scenario_Adjust : REAL;
./snapshots/project_clean_state_2026_04_16/FB_Heating_System_Manager.st:302:    L_Target_Scenario_Adjust := VI_Scenario_Configs[VI_Current_Scenario].floor_heating_adjust_celsius;
./snapshots/project_clean_state_2026_04_16/FB_Heating_System_Manager.st:304:    L_Target_Scenario_Adjust := 0.0;
./snapshots/project_clean_state_2026_04_16/FB_Heating_System_Manager.st:313:        VI_End_Value := L_Target_Scenario_Adjust
./snapshots/project_clean_state_2026_04_16/FB_Heating_System_Manager.st:322:        VI_End_Value := L_Target_Scenario_Adjust
./snapshots/project_clean_state_2026_04_16/E_Gateway_Command_Type.dut:4:    CMD_SET_SCENARIO := 1,
./snapshots/project_clean_state_2026_04_16/FB_Gateway_Interface.st:51:    VO_Set_Scenario_Req         : BOOL;
./snapshots/project_clean_state_2026_04_16/FB_Gateway_Interface.st:52:    VO_Target_Scenario          : E_SCENARIO_TYPE;
./snapshots/project_clean_state_2026_04_16/FB_Gateway_Interface.st:198:VO_Set_Scenario_Req := FALSE;
./snapshots/project_clean_state_2026_04_16/FB_Gateway_Interface.st:267:        E_Gateway_Command_Type.CMD_SET_SCENARIO: // Управление сценариями
./snapshots/project_clean_state_2026_04_16/FB_Gateway_Interface.st:268:            VO_Set_Scenario_Req := TRUE;
./snapshots/project_clean_state_2026_04_16/FB_Gateway_Interface.st:269:            VO_Target_Scenario := L_Process_Command.target_scenario;
./snapshots/project_clean_state_2026_04_16/ST_Scenario_Transition_Config.dut:5:    target_scenario : E_SCENARIO_TYPE;
./snapshots/project_clean_state_2026_04_16/workspace/dut_rebuild/rule_engine/E_Rule_Target_Domain_V2.dut:3:    RULE_TARGET_SCENARIO := 1,
./snapshots/project_clean_state_2026_04_16/workspace/dut_rebuild/integration/FB_Rule_V2_To_Legacy_Adapter_DRAFT.st:56:    E_Rule_Target_Domain_V2.RULE_TARGET_SCENARIO:
./snapshots/project_clean_state_2026_04_16/workspace/dut_rebuild/integration/FB_Rule_Legacy_To_V2_Adapter_DRAFT.st:69:        VO_Rule_V2.action.target_domain := E_Rule_Target_Domain_V2.RULE_TARGET_SCENARIO;
./snapshots/project_clean_state_2026_04_16/GVL_COMMAND.gvl:19:    G_Scenario_Request : E_SCENARIO_TYPE := E_SCENARIO_TYPE.SCENARIO_NONE;
./snapshots/project_clean_state_2026_04_16/GVL_COMMAND.gvl:20:    G_Scenario_Request_Operator : E_SCENARIO_TYPE := E_SCENARIO_TYPE.SCENARIO_NONE; // Запрос на активацию сценария
./snapshots/project_clean_state_2026_04_16/PRG_System.st:353:    L_Scenario_Req_Operator := GVL_COMMAND.G_Scenario_Request_Operator;
./snapshots/project_clean_state_2026_04_16/PRG_System.st:495:   fbGateway.VO_Set_Scenario_Req AND
./snapshots/project_clean_state_2026_04_16/PRG_System.st:498:    L_Scenario_Req_Gateway := fbGateway.VO_Target_Scenario;
./snapshots/project_clean_state_2026_04_16/PRG_System.st:544:    GVL_COMMAND.G_Scenario_Request_Operator := 0;
./snapshots/project_clean_state_2026_04_16/ST_Gateway_Command.dut:11:    target_scenario : E_SCENARIO_TYPE;
./ST_Scenario_Transition_Config.dut:5:    target_scenario : E_SCENARIO_TYPE;
./workspace/dut_rebuild/rule_engine/E_Rule_Target_Domain_V2.dut:3:    RULE_TARGET_SCENARIO := 1,
./workspace/dut_rebuild/integration/FB_Rule_V2_To_Legacy_Adapter_DRAFT.st:56:    E_Rule_Target_Domain_V2.RULE_TARGET_SCENARIO:
./workspace/dut_rebuild/integration/FB_Rule_Legacy_To_V2_Adapter_DRAFT.st:69:        VO_Rule_V2.action.target_domain := E_Rule_Target_Domain_V2.RULE_TARGET_SCENARIO;
./GVL_COMMAND.gvl:19:    G_Scenario_Request : E_SCENARIO_TYPE := E_SCENARIO_TYPE.SCENARIO_NONE;
./GVL_COMMAND.gvl:20:    G_Scenario_Request_Operator : E_SCENARIO_TYPE := E_SCENARIO_TYPE.SCENARIO_NONE; // Запрос на активацию сценария
./PRG_System.st:355:    L_Scenario_Req_Operator := GVL_COMMAND.G_Scenario_Request_Operator;
./PRG_System.st:497:   fbGateway.VO_Set_Scenario_Req AND
./PRG_System.st:500:    L_Scenario_Req_Gateway := fbGateway.VO_Target_Scenario;
./PRG_System.st:546:    GVL_COMMAND.G_Scenario_Request_Operator := 0;
./ST_Gateway_Command.dut:11:    target_scenario : E_SCENARIO_TYPE;

=== PRG_SYSTEM SCENARIO AREA ===
14:    fbScenarioManager : FB_Scenario_Manager;
40:    L_Scenario_Idx : INT;
61:    L_Scenario_Req_Operator : E_SCENARIO_TYPE;
62:    L_Scenario_Req_Gateway  : E_SCENARIO_TYPE;
63:    L_Scenario_Req_Rule     : E_SCENARIO_TYPE;
64:    L_Scenario_Req_Final    : E_SCENARIO_TYPE; // TRACE ONLY: arbitration result before policy
65:    L_Scenario_Intent       : E_SCENARIO_TYPE;
66:L_Scenario_Source       : E_SCENARIO_SOURCE;
141:L_Local_State.Current_Scenario := GVL_STATUS.G_Current_Scenario;
169:    GVL_STATUS.G_Current_Scenario := fbRedundancy.VO_Synced_State.Current_Scenario;
353:// Scenario request (direct + early operator gate)
355:    L_Scenario_Req_Operator := GVL_COMMAND.G_Scenario_Request_Operator;
357:    L_Scenario_Req_Operator := E_SCENARIO_TYPE.SCENARIO_NONE;
359:L_Scenario_Req_Gateway := 0;
360:L_Scenario_Req_Rule := 0;
371:L_Scenario_Idx := TO_INT(GVL_STATUS.G_Current_Scenario);
372:IF L_Scenario_Idx < 0 OR L_Scenario_Idx > 7 THEN
373:    L_Scenario_Idx := 0;
380:    VI_Scenario := GVL_STATUS.G_Current_Scenario,
381:    VI_Config := GVL_CONFIG.G_HMI_Scenario_Configs[L_Scenario_Idx],
410:        L_Scenario_Req_Rule := TO_BYTE(GVL_STATE.G_Rule_Actions[L_i].Value);
475:    VI_Active_Scenario := GVL_STATUS.G_Current_Scenario,
497:   fbGateway.VO_Set_Scenario_Req AND
500:    L_Scenario_Req_Gateway := fbGateway.VO_Target_Scenario;
529:// Actual enum range in E_SCENARIO_TYPE is 0..7.
530:IF TO_USINT(L_Scenario_Req_Operator) > 7 THEN
531:    L_Scenario_Req_Operator := E_SCENARIO_TYPE.SCENARIO_NONE;
534:IF TO_USINT(L_Scenario_Req_Gateway) > 7 THEN
535:    L_Scenario_Req_Gateway := E_SCENARIO_TYPE.SCENARIO_NONE;
538:IF TO_USINT(L_Scenario_Req_Rule) > 7 THEN
539:    L_Scenario_Req_Rule := E_SCENARIO_TYPE.SCENARIO_NONE;
546:    GVL_COMMAND.G_Scenario_Request_Operator := 0;
563:// Produces L_Scenario_Req_Final (TRACE ONLY, not executed directly)
565:    L_Scenario_Req_Final := 0;
566:    L_Scenario_Source := SRC_SAFETY;
567:ELSIF L_Scenario_Req_Operator <> 0 THEN
568:    L_Scenario_Req_Final := L_Scenario_Req_Operator;
569:    L_Scenario_Source := SRC_OPERATOR;
570:ELSIF L_Scenario_Req_Gateway <> 0 THEN
571:    L_Scenario_Req_Final := L_Scenario_Req_Gateway;
572:    L_Scenario_Source := SRC_GATEWAY;
573:ELSIF L_Scenario_Req_Rule <> 0 THEN
574:    L_Scenario_Req_Final := L_Scenario_Req_Rule;
575:    L_Scenario_Source := SRC_RULE;
577:    L_Scenario_Req_Final := GVL_STATUS.G_Current_Scenario;
578:    L_Scenario_Source := SRC_NONE;
581:L_Scenario_Intent := L_Scenario_Req_Final;
586:        L_Scenario_Intent := E_SCENARIO_TYPE.SCENARIO_NONE;
589:        L_Scenario_Intent := E_SCENARIO_TYPE.SCENARIO_NONE;
592:        CASE L_Scenario_Intent OF
593:            E_SCENARIO_TYPE.SCENARIO_NONE,
594:            E_SCENARIO_TYPE.SCENARIO_PRESENCE,
595:            E_SCENARIO_TYPE.SCENARIO_AWAY,
596:            E_SCENARIO_TYPE.SCENARIO_SLEEP:
599:            L_Scenario_Intent := E_SCENARIO_TYPE.SCENARIO_NONE;
608:       (L_Scenario_Req_Operator = E_SCENARIO_TYPE.SCENARIO_NONE) AND
609:       (L_Scenario_Req_Gateway = E_SCENARIO_TYPE.SCENARIO_NONE) AND
610:       (L_Scenario_Req_Rule = E_SCENARIO_TYPE.SCENARIO_NONE) AND
611:       (L_Scenario_Intent <> E_SCENARIO_TYPE.SCENARIO_AWAY) THEN
613:        IF L_Scenario_Intent <> E_SCENARIO_TYPE.SCENARIO_AWAY THEN
614:            L_Scenario_Intent := E_SCENARIO_TYPE.SCENARIO_AWAY;
615:            L_Scenario_Source := SRC_POLICY;
622:                    VI_Param1 := TO_UDINT(L_Scenario_Source),
623:                    VI_Param2 := TO_UDINT(E_SCENARIO_TYPE.SCENARIO_AWAY)
635:    IF (L_Scenario_Req_Operator = E_SCENARIO_TYPE.SCENARIO_NONE) AND
636:       (L_Scenario_Req_Gateway = E_SCENARIO_TYPE.SCENARIO_NONE) AND
637:       (L_Scenario_Req_Rule = E_SCENARIO_TYPE.SCENARIO_NONE) THEN
640:            IF L_Scenario_Intent <> E_SCENARIO_TYPE.SCENARIO_AWAY THEN
641:                L_Scenario_Intent := E_SCENARIO_TYPE.SCENARIO_AWAY;
642:                L_Scenario_Source := SRC_POLICY;
649:                        VI_Param1 := TO_UDINT(L_Scenario_Source),
650:                        VI_Param2 := TO_UDINT(E_SCENARIO_TYPE.SCENARIO_AWAY)
656:        ELSIF L_Scenario_Intent = E_SCENARIO_TYPE.SCENARIO_PRESENCE THEN
657:            IF L_Scenario_Intent <> E_SCENARIO_TYPE.SCENARIO_SLEEP THEN
658:                L_Scenario_Intent := E_SCENARIO_TYPE.SCENARIO_SLEEP;
659:                L_Scenario_Source := SRC_POLICY;
666:                        VI_Param1 := TO_UDINT(L_Scenario_Source),
667:                        VI_Param2 := TO_UDINT(E_SCENARIO_TYPE.SCENARIO_SLEEP)
676:fbScenarioManager(
678:    VI_Activate_Request := L_Scenario_Intent,
681:    VO_Current_Scenario => GVL_STATUS.G_Current_Scenario
823:ELSIF GVL_STATUS.G_Current_Scenario <> GVL_STATUS.G_Previous_Scenario THEN
825:    L_History_Event.event_code := 1001; // Scenario transition
826:    L_History_Event.event_value := TO_REAL(GVL_STATUS.G_Current_Scenario);
834:        VI_Param1 := TO_UDINT(L_Scenario_Source),
835:        VI_Param2 := TO_UDINT(GVL_STATUS.G_Current_Scenario)
838:    GVL_STATUS.G_Previous_Scenario := GVL_STATUS.G_Current_Scenario;

=== END STEP 45 FIX ===
