]633;E;echo "===== FILE ACCESS AUDIT =====";e775d918-891c-48df-a093-fb6809d689d8]633;C===== FILE ACCESS AUDIT =====
Thu Apr 16 07:00:26 UTC 2026

===== REPO ROOT =====
/workspaces/SmartHomeNew

===== CURRENT BRANCH =====
main

===== REMOTES =====
origin	https://github.com/builovmaikl-art/SmartHomeNew (fetch)
origin	https://github.com/builovmaikl-art/SmartHomeNew (push)

===== STATUS =====
?? archive/broken_compiler_191903/import_codesys_FINAL.py.bak
?? archive/broken_compiler_191903/method_overlay_clean.py.bak
?? archive/broken_compiler_2026_04_15_172639/
?? archive/broken_compiler_2026_04_15_185323/import_codesys_FINAL.py.bak
?? archive/broken_compiler_2026_04_15_185323/method_overlay_clean.py.bak
?? диагностика/file_access_audit.log
?? компилятор/import_codesys_FINAL.py.bak
?? компилятор/method_overlay_clean.py.bak

===== LAST COMMITS =====
858b2b4 diag: confirm repo rights and origin url
96e1a29 diag: check repo access via git (fetch/push/status)
244e4fc diag: publish nvram real audit to assistant bridge
f75fad8 diag: mirror nvram real log to repo_logs
3822de6 diag: refresh nvram_REAL_latest log
152e9ed Merge pull request #15 from builovmaikl-art/builovmaikl-art-patch-1
6826312 Delete .gitignore
fa1c6e1 diag: refresh nvram_REAL_latest log
5d4ad8a diag: refresh nvram_REAL_latest log
d883f67 diag: update nvram REAL audit

===== TRACKED FILES: READ/WRITE CHECK =====
path	kind	exists	read	write	mode
-files | grep 'methods_v1_interface_check.txt'	file	yes	yes	yes	0o644
: refresh method interface check" || true	file	yes	yes	yes	0o644
AGENTS.md	file	yes	yes	yes	0o666
CONSTANTS.dut	file	yes	yes	yes	0o666
E_ALERT_PRIORITY.dut	file	yes	yes	yes	0o666
E_Debug_Log_Level.dut	file	yes	yes	yes	0o666
E_Gateway_Command_Type.dut	file	yes	yes	yes	0o666
E_Lifetime_Device_Type.dut	file	yes	yes	yes	0o666
E_Outdoor_Mode.dut	file	yes	yes	yes	0o666
E_PLC_ROLE.dut	file	yes	yes	yes	0o666
E_Rule_Action_Type.dut	file	yes	yes	yes	0o666
E_Rule_Comparison.dut	file	yes	yes	yes	0o666
E_Rule_Condition_Type.dut	file	yes	yes	yes	0o666
E_SCENARIO_SOURCE.dut	file	yes	yes	yes	0o666
E_SCENARIO_TYPE.dut	file	yes	yes	yes	0o666
E_SENSOR_TYPE.dut	file	yes	yes	yes	0o666
E_System_Operating_Mode.dut	file	yes	yes	yes	0o666
E_System_Root_Cause.dut	file	yes	yes	yes	0o666
E_System_Severity.dut	file	yes	yes	yes	0o666
E_Trend_Parameter_Type.dut	file	yes	yes	yes	0o666
E_TwoFactor_Method.dut	file	yes	yes	yes	0o666
E_VALVE_TYPE.dut	file	yes	yes	yes	0o666
E_VENTILATION_LOCATION.dut	file	yes	yes	yes	0o666
E_VENTILATION_UNIT_TYPE.dut	file	yes	yes	yes	0o666
E_Valve_Test_Result.dut	file	yes	yes	yes	0o666
E_WEATHER_COMPENSATION_METHOD.dut	file	yes	yes	yes	0o666
E_Zone_Access_Level.dut	file	yes	yes	yes	0o666
FB_AccessCode_Manager.st	file	yes	yes	yes	0o666
FB_Access_Control.st	file	yes	yes	yes	0o666
FB_Alarm_Compatibility_Package.st	file	yes	yes	yes	0o666
FB_Alarm_Manager.st	file	yes	yes	yes	0o666
FB_Alarm_V2_Core.st	file	yes	yes	yes	0o666
FB_Analog_Validator.st	file	yes	yes	yes	0o666
FB_Astro_Timer.st	file	yes	yes	yes	0o666
FB_BlackBox_Recorder.st	file	yes	yes	yes	0o666
FB_BlackBox_V2_Core.st	file	yes	yes	yes	0o666
FB_Blinds_V2_Staging.st	file	yes	yes	yes	0o666
FB_Boiler_Cascade_Manager.st	file	yes	yes	yes	0o666
FB_Boiler_OpenTherm_Interface.st	file	yes	yes	yes	0o666
FB_CO_Detector.st	file	yes	yes	yes	0o666
FB_CRC32_Calculator.st	file	yes	yes	yes	0o666
FB_Calibration_Manager.st	file	yes	yes	yes	0o666
FB_Command_Deduplication.st	file	yes	yes	yes	0o666
FB_CoreKernel_Live_Observer.st	file	yes	yes	yes	0o666
FB_DHW_Manager.st	file	yes	yes	yes	0o666
FB_DHW_V2_Staging.st	file	yes	yes	yes	0o666
FB_Debug_Logger.st	file	yes	yes	yes	0o666
FB_Device_Predictive_Diag.st	file	yes	yes	yes	0o666
FB_Emergency_Valve_Open.st	file	yes	yes	yes	0o666
FB_Exhaust_Ventilation_Controller.st	file	yes	yes	yes	0o666
FB_Fault_Logger.st	file	yes	yes	yes	0o666
FB_FloorHeating_Controller.st	file	yes	yes	yes	0o666
FB_FloorHeating_Freeze_Protection.st	file	yes	yes	yes	0o666
FB_FloorHeating_Overheat_Protection.st	file	yes	yes	yes	0o666
FB_Gas_Methane_Detector.st	file	yes	yes	yes	0o666
FB_Gas_Smoke_Manager.st	file	yes	yes	yes	0o666
FB_Gas_Valve_Controller.st	file	yes	yes	yes	0o666
FB_Gateway_Interface.st	file	yes	yes	yes	0o666
FB_HMAC_SHA1.st	file	yes	yes	yes	0o666
FB_HMI_Interface.st	file	yes	yes	yes	0o666
FB_Heating_System_Manager.st	file	yes	yes	yes	0o666
FB_Heating_V2_Staging.st	file	yes	yes	yes	0o666
FB_History_Manager.st	file	yes	yes	yes	0o666
FB_History_V2_Core.st	file	yes	yes	yes	0o666
FB_IO_Module_Watchdog.st	file	yes	yes	yes	0o666
FB_Lifetime_Predictor.st	file	yes	yes	yes	0o666
FB_Lighting_Blinds_Manager.st	file	yes	yes	yes	0o666
FB_Lighting_V2_Staging.st	file	yes	yes	yes	0o666
FB_LogEvent.st	file	yes	yes	yes	0o666
FB_Maintenance_Access.st	file	yes	yes	yes	0o666
FB_Manifold_Pump_Controller.st	file	yes	yes	yes	0o666
FB_Manual_Valve_Control.st	file	yes	yes	yes	0o666
FB_NVRAM_Manager.st	file	yes	yes	yes	0o666
FB_Outdoor_Lighting_Controller.st	file	yes	yes	yes	0o666
FB_PID_Controller.st	file	yes	yes	yes	0o666
FB_PLC_Heartbeat.st	file	yes	yes	yes	0o666
FB_Pre_Departure_Heating.st	file	yes	yes	yes	0o666
FB_Presence_Playback.st	file	yes	yes	yes	0o666
FB_Presence_Simulator.st	file	yes	yes	yes	0o666
FB_Random_Generator.st	file	yes	yes	yes	0o666
FB_Redundancy_Manager.st	file	yes	yes	yes	0o666
FB_Rule_Compatibility_Package.st	file	yes	yes	yes	0o666
FB_Rule_Engine.st	file	yes	yes	yes	0o666
FB_SHA1.st	file	yes	yes	yes	0o666
FB_Safety_Manager.st	file	yes	yes	yes	0o666
FB_Scenario_Manager.st	file	yes	yes	yes	0o666
FB_Scenario_Transition_Controller.st	file	yes	yes	yes	0o666
FB_Security_Alarm.st	file	yes	yes	yes	0o666
FB_Security_System_Manager.st	file	yes	yes	yes	0o666
FB_Sensor_Analog_Processing.st	file	yes	yes	yes	0o666
FB_Sensor_Calibration.st	file	yes	yes	yes	0o666
FB_Sensor_Calibration_Processor.st	file	yes	yes	yes	0o666
FB_Sensor_Distribution.st	file	yes	yes	yes	0o666
FB_Simulation_Manager.st	file	yes	yes	yes	0o666
FB_Smoke_Detector.st	file	yes	yes	yes	0o666
FB_Socket_Manager.st	file	yes	yes	yes	0o666
FB_Socket_V2_Staging.st	file	yes	yes	yes	0o666
FB_State_Manager.st	file	yes	yes	yes	0o666
FB_State_Manager_MVP.st	file	yes	yes	yes	0o666
FB_State_Replication.st	file	yes	yes	yes	0o666
FB_State_Snapshot_Manager.st	file	yes	yes	yes	0o666
FB_State_Snapshot_NVRAM.st	file	yes	yes	yes	0o666
FB_Supply_Ventilation_Controller.st	file	yes	yes	yes	0o666
FB_System_Health.st	file	yes	yes	yes	0o666
FB_System_Timer.st	file	yes	yes	yes	0o666
FB_System_Timer_TOF.st	file	yes	yes	yes	0o666
FB_Trend_Analyzer.st	file	yes	yes	yes	0o666
FB_Trend_Logger.st	file	yes	yes	yes	0o666
FB_TwoFactor_Auth.st	file	yes	yes	yes	0o666
FB_Valve_Test.st	file	yes	yes	yes	0o666
FB_Valve_Test_Manager.st	file	yes	yes	yes	0o666
FB_Ventilation_System_Manager.st	file	yes	yes	yes	0o666
FB_Ventilation_V2_Staging.st	file	yes	yes	yes	0o666
FB_Watchdog.st	file	yes	yes	yes	0o666
FB_Water_Leakage_Manager.st	file	yes	yes	yes	0o666
FB_Water_Valve_Controller.st	file	yes	yes	yes	0o666
FB_Zone_Access_Manager.st	file	yes	yes	yes	0o666
GVL_ALARM.gvl	file	yes	yes	yes	0o666
GVL_BlackBox.gvl	file	yes	yes	yes	0o666
GVL_COMMAND.gvl	file	yes	yes	yes	0o666
GVL_CONFIG.gvl	file	yes	yes	yes	0o666
GVL_CONSTANTS.gvl	file	yes	yes	yes	0o666
GVL_DEBUG.gvl	file	yes	yes	yes	0o666
GVL_EVENT.gvl	file	yes	yes	yes	0o666
GVL_GATEWAY.gvl	file	yes	yes	yes	0o666
GVL_HEALTH_BRIDGE.gvl	file	yes	yes	yes	0o666
GVL_IO.gvl	file	yes	yes	yes	0o666
GVL_MODBUS.gvl	file	yes	yes	yes	0o666
GVL_PERSISTENT.gvl	file	yes	yes	yes	0o666
GVL_Retain.gvl	file	yes	yes	yes	0o666
GVL_STATE.gvl	file	yes	yes	yes	0o666
GVL_STATUS.gvl	file	yes	yes	yes	0o666
GVL_TIME.gvl	file	yes	yes	yes	0o666
IValveController.st	file	yes	yes	yes	0o666
MAIN.st	file	yes	yes	yes	0o666
PRG_Heating.st	file	yes	yes	yes	0o666
PRG_IO_Read.st	file	yes	yes	yes	0o666
PRG_IO_Write.st	file	yes	yes	yes	0o666
PRG_Lighting.st	file	yes	yes	yes	0o666
PRG_PLC_A.st	file	yes	yes	yes	0o666
PRG_PLC_B.st	file	yes	yes	yes	0o666
PRG_Safety.st	file	yes	yes	yes	0o666
PRG_Security.st	file	yes	yes	yes	0o666
PRG_System.st	file	yes	yes	yes	0o666
PRG_Test.st	file	yes	yes	yes	0o666
PRG_Ventilation.st	file	yes	yes	yes	0o666
ST_Alarm_Record.dut	file	yes	yes	yes	0o666
ST_Astro_Time.dut	file	yes	yes	yes	0o666
ST_BlackBox_Record.dut	file	yes	yes	yes	0o666
ST_BlackBox_Snapshot_V2.dut	file	yes	yes	yes	0o666
ST_Blinds_Command_V2.dut	file	yes	yes	yes	0o666
ST_Blinds_State_V2.dut	file	yes	yes	yes	0o666
ST_Boiler_Status.dut	file	yes	yes	yes	0o666
ST_Component_Maintenance.dut	file	yes	yes	yes	0o666
ST_DHW_Command_V2.dut	file	yes	yes	yes	0o666
ST_DHW_Config.dut	file	yes	yes	yes	0o666
ST_DHW_State_V2.dut	file	yes	yes	yes	0o666
ST_DHW_Status.dut	file	yes	yes	yes	0o666
ST_Debug_Log_Record.dut	file	yes	yes	yes	0o666
ST_Debug_Logger_Config.dut	file	yes	yes	yes	0o666
ST_Device_Health.dut	file	yes	yes	yes	0o666
ST_EVENT.dut	file	yes	yes	yes	0o666
ST_Flood_Config.dut	file	yes	yes	yes	0o666
ST_Flood_Global_Config.dut	file	yes	yes	yes	0o666
ST_FloorHeating_Circuit_Config.dut	file	yes	yes	yes	0o666
ST_FloorHeating_Global_Config.dut	file	yes	yes	yes	0o666
ST_FloorHeating_Manifold_Config.dut	file	yes	yes	yes	0o666
ST_Gas_Valve_Configuration.dut	file	yes	yes	yes	0o666
ST_Gateway_Command.dut	file	yes	yes	yes	0o666
ST_Heating_Command_V2.dut	file	yes	yes	yes	0o666
ST_Heating_Config.dut	file	yes	yes	yes	0o666
ST_Heating_State_V2.dut	file	yes	yes	yes	0o666
ST_History_Event_V2.dut	file	yes	yes	yes	0o666
ST_History_Record.dut	file	yes	yes	yes	0o666
ST_Lifetime_Status.dut	file	yes	yes	yes	0o666
ST_Lighting_Command_V2.dut	file	yes	yes	yes	0o666
ST_Lighting_State_V2.dut	file	yes	yes	yes	0o666
ST_Maintenance_Access_Config.dut	file	yes	yes	yes	0o666
ST_Manifold_Status.dut	file	yes	yes	yes	0o666
ST_Operator_Zone_Rights.dut	file	yes	yes	yes	0o666
ST_Outdoor_Zone_Config.dut	file	yes	yes	yes	0o666
ST_Owen_Analog_Value.dut	file	yes	yes	yes	0o666
ST_Rule.dut	file	yes	yes	yes	0o666
ST_Rule_Action.dut	file	yes	yes	yes	0o666
ST_Scenario_Config.dut	file	yes	yes	yes	0o666
ST_Scenario_Transition_Config.dut	file	yes	yes	yes	0o666
ST_Security_Global_Config.dut	file	yes	yes	yes	0o666
ST_Security_Zone_State.dut	file	yes	yes	yes	0o666
ST_Sensor_Calibration_Record.dut	file	yes	yes	yes	0o666
ST_Socket_Command_V2.dut	file	yes	yes	yes	0o666
ST_Socket_State_V2.dut	file	yes	yes	yes	0o666
ST_State_Snapshot.dut	file	yes	yes	yes	0o666
ST_System_Diagnostics.dut	file	yes	yes	yes	0o666
ST_System_State_Snapshot.dut	file	yes	yes	yes	0o666
ST_System_State_Summary.dut	file	yes	yes	yes	0o666
ST_Tariff_Config.dut	file	yes	yes	yes	0o666
ST_Trend_Config.dut	file	yes	yes	yes	0o666
ST_Trend_Data.dut	file	yes	yes	yes	0o666
ST_Trend_Header.dut	file	yes	yes	yes	0o666
ST_Trend_History_Record.dut	file	yes	yes	yes	0o666
ST_TwoFactor_Auth_State.dut	file	yes	yes	yes	0o666
ST_TwoFactor_Data.dut	file	yes	yes	yes	0o666
ST_User_Rule.dut	file	yes	yes	yes	0o666
ST_Valve_Test_Config.dut	file	yes	yes	yes	0o666
ST_Ventilation_Command_V2.dut	file	yes	yes	yes	0o666
ST_Ventilation_Config.dut	file	yes	yes	yes	0o666
ST_Ventilation_Global_Config.dut	file	yes	yes	yes	0o666
ST_Ventilation_Scenario_Mode.dut	file	yes	yes	yes	0o666
ST_Ventilation_State_V2.dut	file	yes	yes	yes	0o666
ST_Ventilation_Unit.dut	file	yes	yes	yes	0o666
ST_Ventilation_Unit_Config.dut	file	yes	yes	yes	0o666
ST_Zone_Sensors.dut	file	yes	yes	yes	0o666
SystemSmartHome.export	file	yes	yes	yes	0o666
TZ_NEW.txt	file	yes	yes	yes	0o666
access_check.txt	file	yes	yes	yes	0o666
apply_commit.sh	file	yes	yes	yes	0o777
archive/broken_compiler_191903/__pycache__/import_codesys_FINAL.cpython-312.pyc	file	yes	yes	yes	0o666
archive/broken_compiler_191903/import_codesys_FINAL.py	file	yes	yes	yes	0o666
archive/broken_compiler_191903/import_codesys_FINAL_METHODS_V2.py	file	yes	yes	yes	0o666
archive/broken_compiler_191903/import_codesys_FINAL_METHODS_V3.py	file	yes	yes	yes	0o666
archive/broken_compiler_191903/logs/001_universal_pou_gvl.log	file	yes	yes	yes	0o666
archive/broken_compiler_191903/logs/004_import_dut_v11.log	file	yes	yes	yes	0o666
archive/broken_compiler_191903/logs/26_clean_compiler_to_baseline.log	file	yes	yes	yes	0o666
archive/broken_compiler_191903/logs/27_copy_pipeline.log	file	yes	yes	yes	0o666
archive/broken_compiler_191903/logs/28_patch_overlay_call.log	file	yes	yes	yes	0o666
archive/broken_compiler_191903/logs/29_restore_overlay.log	file	yes	yes	yes	0o666
archive/broken_compiler_191903/logs/30_fix_overlay_paths.log	file	yes	yes	yes	0o666
archive/broken_compiler_191903/logs/31_create_cheatsheet.log	file	yes	yes	yes	0o666
archive/broken_compiler_191903/logs/33_patch_auto_cleanup.log	file	yes	yes	yes	0o666
archive/broken_compiler_191903/logs/final_test.log	file	yes	yes	yes	0o666
archive/broken_compiler_191903/logs/method_overlay_clean_python.log	file	yes	yes	yes	0o666
archive/broken_compiler_191903/method_overlay_clean.py	file	yes	yes	yes	0o666
archive/broken_compiler_191903/out/RESULT_methods_clean.xml	file	yes	yes	yes	0o666
archive/broken_compiler_191903/steps_pipeline/001_universal_pou_builder.py	file	yes	yes	yes	0o666
archive/broken_compiler_191903/steps_pipeline/001_universal_pou_builder_LEGACY_BACKUP.py	file	yes	yes	yes	0o666
archive/broken_compiler_191903/steps_pipeline/001_universal_pou_builder_METHODS_V1.py	file	yes	yes	yes	0o666
archive/broken_compiler_191903/steps_pipeline/001_universal_pou_builder_METHODS_V2.py	file	yes	yes	yes	0o666
archive/broken_compiler_191903/steps_pipeline/001_universal_pou_gvl_builder.py	file	yes	yes	yes	0o666
archive/broken_compiler_191903/steps_pipeline/003_import_gvl.py	file	yes	yes	yes	0o666
archive/broken_compiler_191903/steps_pipeline/004_import_dut.py	file	yes	yes	yes	0o666
archive/broken_compiler_191903/steps_pipeline/005_import_prg.py	file	yes	yes	yes	0o666
archive/broken_compiler_191903/steps_pipeline/005_import_prg_v2.py	file	yes	yes	yes	0o666
archive/broken_compiler_191903/steps_pipeline/build_project.py	file	yes	yes	yes	0o666
archive/broken_compiler_191903/steps_pipeline/build_project_cli.py	file	yes	yes	yes	0o666
archive/broken_compiler_191903/steps_pipeline/build_project_v2.py	file	yes	yes	yes	0o666
archive/broken_compiler_191903/steps_pipeline/lib_codegen.py	file	yes	yes	yes	0o666
archive/broken_compiler_191903/Система умного дома.xml	file	yes	yes	yes	0o666
archive/broken_compiler_191903/запуск_сборки.sh	file	yes	yes	yes	0o777
archive/broken_compiler_2026_04_15_185323/__pycache__/import_codesys_FINAL.cpython-312.pyc	file	yes	yes	yes	0o666
archive/broken_compiler_2026_04_15_185323/import_codesys_FINAL.py	file	yes	yes	yes	0o666
archive/broken_compiler_2026_04_15_185323/import_codesys_FINAL_METHODS_V2.py	file	yes	yes	yes	0o666
archive/broken_compiler_2026_04_15_185323/import_codesys_FINAL_METHODS_V3.py	file	yes	yes	yes	0o666
archive/broken_compiler_2026_04_15_185323/logs/001_universal_pou_gvl.log	file	yes	yes	yes	0o666
archive/broken_compiler_2026_04_15_185323/logs/004_import_dut_v11.log	file	yes	yes	yes	0o666
archive/broken_compiler_2026_04_15_185323/logs/26_clean_compiler_to_baseline.log	file	yes	yes	yes	0o666
archive/broken_compiler_2026_04_15_185323/logs/27_copy_pipeline.log	file	yes	yes	yes	0o666
archive/broken_compiler_2026_04_15_185323/logs/28_patch_overlay_call.log	file	yes	yes	yes	0o666
archive/broken_compiler_2026_04_15_185323/logs/29_restore_overlay.log	file	yes	yes	yes	0o666
archive/broken_compiler_2026_04_15_185323/logs/30_fix_overlay_paths.log	file	yes	yes	yes	0o666
archive/broken_compiler_2026_04_15_185323/logs/31_create_cheatsheet.log	file	yes	yes	yes	0o666
archive/broken_compiler_2026_04_15_185323/logs/33_patch_auto_cleanup.log	file	yes	yes	yes	0o666
archive/broken_compiler_2026_04_15_185323/logs/final_test.log	file	yes	yes	yes	0o666
archive/broken_compiler_2026_04_15_185323/logs/method_overlay_clean_python.log	file	yes	yes	yes	0o666
archive/broken_compiler_2026_04_15_185323/method_overlay_clean.py	file	yes	yes	yes	0o666
archive/broken_compiler_2026_04_15_185323/out/RESULT_methods_clean.xml	file	yes	yes	yes	0o666
archive/broken_compiler_2026_04_15_185323/out/ошибки компиляции.txt	file	yes	yes	yes	0o666
archive/broken_compiler_2026_04_15_185323/out/ошибки компиляции1.txt	file	yes	yes	yes	0o666
archive/broken_compiler_2026_04_15_185323/out/ошибки компиляции2.txt	file	yes	yes	yes	0o666
archive/broken_compiler_2026_04_15_185323/steps_pipeline/001_universal_pou_builder.py	file	yes	yes	yes	0o666
archive/broken_compiler_2026_04_15_185323/steps_pipeline/001_universal_pou_builder_LEGACY_BACKUP.py	file	yes	yes	yes	0o666
archive/broken_compiler_2026_04_15_185323/steps_pipeline/001_universal_pou_builder_METHODS_V1.py	file	yes	yes	yes	0o666
archive/broken_compiler_2026_04_15_185323/steps_pipeline/001_universal_pou_builder_METHODS_V2.py	file	yes	yes	yes	0o666
archive/broken_compiler_2026_04_15_185323/steps_pipeline/001_universal_pou_gvl_builder.py	file	yes	yes	yes	0o666
archive/broken_compiler_2026_04_15_185323/steps_pipeline/003_import_gvl.py	file	yes	yes	yes	0o666
archive/broken_compiler_2026_04_15_185323/steps_pipeline/004_import_dut.py	file	yes	yes	yes	0o666
archive/broken_compiler_2026_04_15_185323/steps_pipeline/005_import_prg.py	file	yes	yes	yes	0o666
archive/broken_compiler_2026_04_15_185323/steps_pipeline/005_import_prg_v2.py	file	yes	yes	yes	0o666
archive/broken_compiler_2026_04_15_185323/steps_pipeline/build_project.py	file	yes	yes	yes	0o666
archive/broken_compiler_2026_04_15_185323/steps_pipeline/build_project_cli.py	file	yes	yes	yes	0o666
archive/broken_compiler_2026_04_15_185323/steps_pipeline/build_project_v2.py	file	yes	yes	yes	0o666
archive/broken_compiler_2026_04_15_185323/steps_pipeline/lib_codegen.py	file	yes	yes	yes	0o666
archive/broken_compiler_2026_04_15_185323/Система умного дома.xml	file	yes	yes	yes	0o666
archive/broken_compiler_2026_04_15_185323/запуск_сборки.sh	file	yes	yes	yes	0o777
archive/cleanup_obsolete_tools/add_remaining_draft_fb.sh	file	yes	yes	yes	0o666
archive/cleanup_obsolete_tools/fix_remaining_fb.sh	file	yes	yes	yes	0o666
archive/cleanup_obsolete_tools/компилятор/fix_missing_draft_fb_only.py	file	yes	yes	yes	0o666
archive/cleanup_obsolete_tools/компилятор/fix_missing_v2_draft_stubs.py	file	yes	yes	yes	0o666
archive/parked_dut/unused/E_Debug_Log_Level.dut	file	yes	yes	yes	0o666
archive/parked_dut/unused/E_Lifetime_Device_Type.dut	file	yes	yes	yes	0o666
archive/parked_dut/unused/E_Outdoor_Mode.dut	file	yes	yes	yes	0o666
archive/parked_dut/unused/E_SENSOR_TYPE.dut	file	yes	yes	yes	0o666
archive/parked_dut/unused/E_Trend_Parameter_Type.dut	file	yes	yes	yes	0o666
archive/parked_dut/unused/E_VALVE_TYPE.dut	file	yes	yes	yes	0o666
archive/parked_dut/unused/E_VENTILATION_LOCATION.dut	file	yes	yes	yes	0o666
archive/parked_dut/unused/E_VENTILATION_UNIT_TYPE.dut	file	yes	yes	yes	0o666
archive/parked_dut/unused/E_Valve_Test_Result.dut	file	yes	yes	yes	0o666
archive/parked_dut/unused/E_WEATHER_COMPENSATION_METHOD.dut	file	yes	yes	yes	0o666
archive/parked_dut/unused/E_Zone_Access_Level.dut	file	yes	yes	yes	0o666
archive/parked_dut/unused/ST_Astro_Time.dut	file	yes	yes	yes	0o666
archive/parked_dut/unused/ST_Component_Maintenance.dut	file	yes	yes	yes	0o666
archive/parked_dut/unused/ST_Debug_Log_Record.dut	file	yes	yes	yes	0o666
archive/parked_dut/unused/ST_Debug_Logger_Config.dut	file	yes	yes	yes	0o666
archive/parked_dut/unused/ST_Device_Health.dut	file	yes	yes	yes	0o666
archive/parked_dut/unused/ST_Flood_Config.dut	file	yes	yes	yes	0o666
archive/parked_dut/unused/ST_FloorHeating_Global_Config.dut	file	yes	yes	yes	0o666
archive/parked_dut/unused/ST_FloorHeating_Manifold_Config.dut	file	yes	yes	yes	0o666
archive/parked_dut/unused/ST_Gas_Valve_Configuration.dut	file	yes	yes	yes	0o666
archive/parked_dut/unused/ST_Lifetime_Status.dut	file	yes	yes	yes	0o666
archive/parked_dut/unused/ST_Maintenance_Access_Config.dut	file	yes	yes	yes	0o666
archive/parked_dut/unused/ST_Operator_Zone_Rights.dut	file	yes	yes	yes	0o666
archive/parked_dut/unused/ST_Outdoor_Zone_Config.dut	file	yes	yes	yes	0o666
archive/parked_dut/unused/ST_Owen_Analog_Value.dut	file	yes	yes	yes	0o666
archive/parked_dut/unused/ST_Scenario_Transition_Config.dut	file	yes	yes	yes	0o666
archive/parked_dut/unused/ST_Security_Zone_State.dut	file	yes	yes	yes	0o666
archive/parked_dut/unused/ST_Sensor_Calibration_Record.dut	file	yes	yes	yes	0o666
archive/parked_dut/unused/ST_State_Snapshot.dut	file	yes	yes	yes	0o666
archive/parked_dut/unused/ST_System_Diagnostics.dut	file	yes	yes	yes	0o666
archive/parked_dut/unused/ST_System_State_Summary.dut	file	yes	yes	yes	0o666
archive/parked_dut/unused/ST_Trend_Config.dut	file	yes	yes	yes	0o666
archive/parked_dut/unused/ST_Trend_Data.dut	file	yes	yes	yes	0o666
archive/parked_dut/unused/ST_Trend_Header.dut	file	yes	yes	yes	0o666
archive/parked_dut/unused/ST_Trend_History_Record.dut	file	yes	yes	yes	0o666
archive/parked_dut/unused/ST_TwoFactor_Auth_State.dut	file	yes	yes	yes	0o666
archive/parked_dut/unused/ST_TwoFactor_Data.dut	file	yes	yes	yes	0o666
archive/parked_dut/unused/ST_Ventilation_Config.dut	file	yes	yes	yes	0o666
archive/parked_dut/unused/ST_Ventilation_Scenario_Mode.dut	file	yes	yes	yes	0o666
archive/parked_dut/unused/ST_Ventilation_Unit.dut	file	yes	yes	yes	0o666
archive/parked_dut/unused/ST_Ventilation_Unit_Config.dut	file	yes	yes	yes	0o666
archive/parked_dut/unused/ST_Zone_Sensors.dut	file	yes	yes	yes	0o666
archive/parked_fb/draft/heating/FB_Boiler_OpenTherm_Interface.st	file	yes	yes	yes	0o666
archive/parked_fb/draft/heating/FB_FloorHeating_Controller.st	file	yes	yes	yes	0o666
archive/parked_fb/draft/heating/FB_FloorHeating_Freeze_Protection.st	file	yes	yes	yes	0o666
archive/parked_fb/draft/heating/FB_FloorHeating_Overheat_Protection.st	file	yes	yes	yes	0o666
archive/parked_fb/draft/heating/FB_Manifold_Pump_Controller.st	file	yes	yes	yes	0o666
archive/parked_fb/draft/infrastructure/FB_Debug_Logger.st	file	yes	yes	yes	0o666
archive/parked_fb/draft/infrastructure/FB_Device_Predictive_Diag.st	file	yes	yes	yes	0o666
archive/parked_fb/draft/infrastructure/FB_Lifetime_Predictor.st	file	yes	yes	yes	0o666
archive/parked_fb/draft/infrastructure/FB_PLC_Heartbeat.st	file	yes	yes	yes	0o666
archive/parked_fb/draft/infrastructure/FB_State_Snapshot_Manager.st	file	yes	yes	yes	0o666
archive/parked_fb/draft/infrastructure/FB_State_Snapshot_NVRAM.st	file	yes	yes	yes	0o666
archive/parked_fb/draft/infrastructure/FB_Trend_Analyzer.st	file	yes	yes	yes	0o666
archive/parked_fb/draft/infrastructure/FB_Trend_Logger.st	file	yes	yes	yes	0o666
archive/parked_fb/draft/sensors/FB_Calibration_Manager.st	file	yes	yes	yes	0o666
archive/parked_fb/draft/sensors/FB_Sensor_Analog_Processing.st	file	yes	yes	yes	0o666
archive/parked_fb/draft/sensors/FB_Sensor_Calibration.st	file	yes	yes	yes	0o666
archive/parked_fb/draft/sensors/FB_Sensor_Calibration_Processor.st	file	yes	yes	yes	0o666
archive/parked_fb/draft/sensors/FB_Sensor_Distribution.st	file	yes	yes	yes	0o666
archive/parked_fb/draft/utils/FB_CRC32_Calculator.st	file	yes	yes	yes	0o666
archive/parked_fb/draft/utils/FB_HMAC_SHA1.st	file	yes	yes	yes	0o666
archive/parked_fb/draft/utils/FB_Random_Generator.st	file	yes	yes	yes	0o666
archive/parked_fb/draft/utils/FB_SHA1.st	file	yes	yes	yes	0o666
archive/parked_fb/draft/ventilation/FB_Exhaust_Ventilation_Controller.st	file	yes	yes	yes	0o666
archive/parked_fb/draft/ventilation/FB_Supply_Ventilation_Controller.st	file	yes	yes	yes	0o666
archive/parked_fb/legacy/detectors/FB_CO_Detector.st	file	yes	yes	yes	0o666
archive/parked_fb/legacy/detectors/FB_Gas_Methane_Detector.st	file	yes	yes	yes	0o666
archive/parked_fb/legacy/detectors/FB_Smoke_Detector.st	file	yes	yes	yes	0o666
archive/parked_fb/legacy/simulation/FB_Presence_Playback.st	file	yes	yes	yes	0o666
archive/parked_fb/legacy/simulation/FB_Presence_Simulator.st	file	yes	yes	yes	0o666
archive/parked_fb/legacy/valves/FB_Emergency_Valve_Open.st	file	yes	yes	yes	0o666
archive/parked_fb/legacy/valves/FB_Gas_Valve_Controller.st	file	yes	yes	yes	0o666
archive/parked_fb/legacy/valves/FB_Manual_Valve_Control.st	file	yes	yes	yes	0o666
archive/parked_fb/legacy/valves/FB_Valve_Test.st	file	yes	yes	yes	0o666
archive/parked_fb/legacy/valves/FB_Valve_Test_Manager.st	file	yes	yes	yes	0o666
archive/parked_fb/legacy/valves/FB_Water_Valve_Controller.st	file	yes	yes	yes	0o666
archive/parked_fb/unclear/FB_Boiler_Cascade_Manager.st	file	yes	yes	yes	0o666
archive/parked_fb/unclear/FB_Command_Deduplication.st	file	yes	yes	yes	0o666
archive/parked_fb/unclear/FB_Maintenance_Access.st	file	yes	yes	yes	0o666
archive/parked_fb/unclear/FB_Outdoor_Lighting_Controller.st	file	yes	yes	yes	0o666
archive/parked_fb/unclear/FB_Pre_Departure_Heating.st	file	yes	yes	yes	0o666
archive/parked_fb/unclear/FB_Scenario_Transition_Controller.st	file	yes	yes	yes	0o666
archive/parked_fb/unclear/FB_Security_Alarm.st	file	yes	yes	yes	0o666
archive/parked_fb/unclear/FB_State_Manager_MVP.st	file	yes	yes	yes	0o666
archive/parked_fb/unclear/FB_State_Replication.st	file	yes	yes	yes	0o666
archive/parked_fb/unclear/FB_System_Timer_TOF.st	file	yes	yes	yes	0o666
archive/parked_fb/unclear/FB_TwoFactor_Auth.st	file	yes	yes	yes	0o666
archive/parked_fb/unclear/FB_Zone_Access_Manager.st	file	yes	yes	yes	0o666
clean_build_snapshot.tar.gz	file	yes	yes	yes	0o666
diagnostics/2026_04_15/RESULT_methods_clean_191453.xml	file	yes	yes	yes	0o666
diagnostics/2026_04_15/builder_run_151907.log	file	yes	yes	yes	0o666
diagnostics/2026_04_15/builder_run_152220.log	file	yes	yes	yes	0o666
diagnostics/2026_04_15/builder_run_190133.log	file	yes	yes	yes	0o666
diagnostics/2026_04_15/builder_run_191453.log	file	yes	yes	yes	0o666
diagnostics/2026_04_15/check_fb_logevent_builder_174424.log	file	yes	yes	yes	0o666
diagnostics/2026_04_15/debug_fix_gvl_command_130653.log	file	yes	yes	yes	0o666
diagnostics/2026_04_15/debug_repair_step1_water_092338.log	file	yes	yes	yes	0o666
diagnostics/2026_04_15/debug_step_final_scenario_130221.log	file	yes	yes	yes	0o666
diagnostics/2026_04_15/diagnostic_pkg1_io_security.md	file	yes	yes	yes	0o666
diagnostics/2026_04_15/diagnostic_pkg2_system_safety.md	file	yes	yes	yes	0o666
diagnostics/2026_04_15/diagnostic_pkg3_subsystems.md	file	yes	yes	yes	0o666
diagnostics/2026_04_15/final_scenario_ownership_130003.log	file	yes	yes	yes	0o666
diagnostics/2026_04_15/final_scenario_ownership_fix_133211.log	file	yes	yes	yes	0o666
diagnostics/2026_04_15/final_scenario_ownership_fix_retry_133424.log	file	yes	yes	yes	0o666
diagnostics/2026_04_15/finalize_operator_scenario_channel_134311.log	file	yes	yes	yes	0o666
diagnostics/2026_04_15/find_real_command_gvl_131607.log	file	yes	yes	yes	0o666
diagnostics/2026_04_15/find_real_command_gvl_short_132052.log	file	yes	yes	yes	0o666
diagnostics/2026_04_15/fix_builder_extensions_and_mode_refs_151629.log	file	yes	yes	yes	0o666
diagnostics/2026_04_15/fix_fb_fb_logevent_only_163757.log	file	yes	yes	yes	0o666
diagnostics/2026_04_15/fix_gvl_command_130423.log	file	yes	yes	yes	0o666
diagnostics/2026_04_15/fix_logevent_gvl_and_instance_184343.log	file	yes	yes	yes	0o666
diagnostics/2026_04_15/fix_prg_system_scenario_bus_133808.log	file	yes	yes	yes	0o666
diagnostics/2026_04_15/fix_recovery_done_logic_123036.log	file	yes	yes	yes	0o666
diagnostics/2026_04_15/fix_recovery_final_oneshot_123226.log	file	yes	yes	yes	0o666
diagnostics/2026_04_15/fix_recovery_outside_init_122846.log	file	yes	yes	yes	0o666
diagnostics/2026_04_15/fix_remaining_compile_errors_152910.log	file	yes	yes	yes	0o666
diagnostics/2026_04_15/fix_remaining_compile_errors_safe_153133.log	file	yes	yes	yes	0o666
diagnostics/2026_04_15/fix_sanity_check_mode_120316.log	file	yes	yes	yes	0o666
diagnostics/2026_04_15/fix_scenario_enum_alignment_141512.log	file	yes	yes	yes	0o666
diagnostics/2026_04_15/fix_scenario_manager_order_125700.log	file	yes	yes	yes	0o666
diagnostics/2026_04_15/fix_scenario_source_ordering_125433.log	file	yes	yes	yes	0o666
diagnostics/2026_04_15/fix_single_end_if_tail_160250.log	file	yes	yes	yes	0o666
diagnostics/2026_04_15/fix_step12_policy_block_order_140237.log	file	yes	yes	yes	0o666
diagnostics/2026_04_15/fix_step13a_validation_order_141713.log	file	yes	yes	yes	0o666
diagnostics/2026_04_15/fix_step13c_intent_order_143259.log	file	yes	yes	yes	0o666
diagnostics/2026_04_15/fix_step13d_deny_antiflood_144133.log	file	yes	yes	yes	0o666
diagnostics/2026_04_15/git_sync_after_push_reject_092539.log	file	yes	yes	yes	0o666
diagnostics/2026_04_15/locate_gvl_command_131013.log	file	yes	yes	yes	0o666
diagnostics/2026_04_15/nvram_REAL_053015.log	file	yes	yes	yes	0o666
diagnostics/2026_04_15/nvram_REAL_latest.log	file	yes	yes	yes	0o666
diagnostics/2026_04_15/nvram_REAL_probe_053256.log	file	yes	yes	yes	0o666
diagnostics/2026_04_15/nvram_audit_044501.log	file	yes	yes	yes	0o666
diagnostics/2026_04_15/nvram_audit_044726.log	file	yes	yes	yes	0o666
diagnostics/2026_04_15/nvram_audit_045706.log	file	yes	yes	yes	0o666
diagnostics/2026_04_15/nvram_full_audit_051312.log	file	yes	yes	yes	0o666
diagnostics/2026_04_15/nvram_full_audit_051912.log	file	yes	yes	yes	0o666
diagnostics/2026_04_15/nvram_full_audit_052209.log	file	yes	yes	yes	0o666
diagnostics/2026_04_15/nvram_full_audit_052351.log	file	yes	yes	yes	0o666
diagnostics/2026_04_15/nvram_probe_052643.log	file	yes	yes	yes	0o666
diagnostics/2026_04_15/nvram_probe_flow_053256.log	file	yes	yes	yes	0o666
diagnostics/2026_04_15/ownership_matrix_v1.md	file	yes	yes	yes	0o666
diagnostics/2026_04_15/patch_prg_system_fb_fb_only_174922.log	file	yes	yes	yes	0o666
diagnostics/2026_04_15/rebuild_after_extension_fix_151629.log	file	yes	yes	yes	0o666
diagnostics/2026_04_15/refactor_plan_v1.md	file	yes	yes	yes	0o666
diagnostics/2026_04_15/repair_step10a_scenario_abstraction_122534.log	file	yes	yes	yes	0o666
diagnostics/2026_04_15/repair_step10b_scenario_priorities_123447.log	file	yes	yes	yes	0o666
diagnostics/2026_04_15/repair_step10c_scenario_trace_123619.log	file	yes	yes	yes	0o666
diagnostics/2026_04_15/repair_step1_water_091327.log	file	yes	yes	yes	0o666
diagnostics/2026_04_15/repair_step1_water_091356.log	file	yes	yes	yes	0o666
diagnostics/2026_04_15/repair_step1_water_091710.log	file	yes	yes	yes	0o666
diagnostics/2026_04_15/repair_step1_water_093007.log	file	yes	yes	yes	0o666
diagnostics/2026_04_15/repair_step2a_gas_093847.log	file	yes	yes	yes	0o666
diagnostics/2026_04_15/repair_step2b_vent_owner_094731.log	file	yes	yes	yes	0o666
diagnostics/2026_04_15/repair_step3_nvram_100504.log	file	yes	yes	yes	0o666
diagnostics/2026_04_15/repair_step4a_heating_dhw_interface_102511.log	file	yes	yes	yes	0o666
diagnostics/2026_04_15/repair_step4b_ventilation_interface_102951.log	file	yes	yes	yes	0o666
diagnostics/2026_04_15/repair_step4b_ventilation_interface_103059.log	file	yes	yes	yes	0o666
diagnostics/2026_04_15/repair_step5a_vent_arbitration_105502.log	file	yes	yes	yes	0o666
diagnostics/2026_04_15/repair_step5b_heating_arbitration_105735.log	file	yes	yes	yes	0o666
diagnostics/2026_04_15/repair_step6a_global_mode_110038.log	file	yes	yes	yes	0o666
diagnostics/2026_04_15/repair_step6b_effective_mode_111119.log	file	yes	yes	yes	0o666
diagnostics/2026_04_15/repair_step6b_effective_mode_hardreset_111550.log	file	yes	yes	yes	0o666
diagnostics/2026_04_15/repair_step6b_effective_mode_syncsafe_111350.log	file	yes	yes	yes	0o666
diagnostics/2026_04_15/repair_step7a_degraded_mode_112041.log	file	yes	yes	yes	0o666
diagnostics/2026_04_15/repair_step7b_degraded_behavior_112342.log	file	yes	yes	yes	0o666
diagnostics/2026_04_15/repair_step8a_nvram_structure_112744.log	file	yes	yes	yes	0o666
diagnostics/2026_04_15/repair_step8b_nvram_controlled_write_113339.log	file	yes	yes	yes	0o666
diagnostics/2026_04_15/repair_step8c_recovery_114858.log	file	yes	yes	yes	0o666
diagnostics/2026_04_15/repair_step9a_health_monitoring_120934.log	file	yes	yes	yes	0o666
diagnostics/2026_04_15/repair_step9b_fault_counters_121854.log	file	yes	yes	yes	0o666
diagnostics/2026_04_15/repair_step9c_auto_recovery_122142.log	file	yes	yes	yes	0o666
diagnostics/2026_04_15/restore_compiler_and_run_185323.log	file	yes	yes	yes	0o666
diagnostics/2026_04_15/restore_compiler_clean_0415_191903.log	file	yes	yes	yes	0o666
diagnostics/2026_04_15/short_test_compile_145503.log	file	yes	yes	yes	0o666
diagnostics/2026_04_15/snapshot_create_061051.log	file	yes	yes	yes	0o666
diagnostics/2026_04_15/snapshot_create_061230.log	file	yes	yes	yes	0o666
diagnostics/2026_04_15/step11a_event_logging_123914.log	file	yes	yes	yes	0o666
diagnostics/2026_04_15/step11b_fault_mode_logging_124024.log	file	yes	yes	yes	0o666
diagnostics/2026_04_15/step11c_logevent_helper_and_fixes_124628.log	file	yes	yes	yes	0o666
diagnostics/2026_04_15/step12a_fail_safe_scenarios_134851.log	file	yes	yes	yes	0o666
diagnostics/2026_04_15/step12b_context_fail_safe_135307.log	file	yes	yes	yes	0o666
diagnostics/2026_04_15/step12c_policy_source_and_degraded_behavior_135739.log	file	yes	yes	yes	0o666
diagnostics/2026_04_15/step12d_policy_telemetry_140546.log	file	yes	yes	yes	0o666
diagnostics/2026_04_15/step12d_policy_telemetry_antiflood_141020.log	file	yes	yes	yes	0o666
diagnostics/2026_04_15/step13a_scenario_validation_141216.log	file	yes	yes	yes	0o666
diagnostics/2026_04_15/step13b_intent_abstraction_142006.log	file	yes	yes	yes	0o666
diagnostics/2026_04_15/step13c_command_intent_validation_143108.log	file	yes	yes	yes	0o666
diagnostics/2026_04_15/step13d_command_intent_telemetry_143641.log	file	yes	yes	yes	0o666
diagnostics/2026_04_15/step14a_trace_annotation_144448.log	file	yes	yes	yes	0o666
diagnostics/2026_04_15/step14b_remove_dead_dangerous_intent_144624.log	file	yes	yes	yes	0o666
diagnostics/2026_04_15/step14c_remove_normalization_layer_144755.log	file	yes	yes	yes	0o666
diagnostics/2026_04_15/step14c_restore_direct_operator_gate_144950.log	file	yes	yes	yes	0o666
diagnostics/2026_04_15/step14d_remove_dead_last_scenario_source_145115.log	file	yes	yes	yes	0o666
diagnostics/2026_04_15/step15a_file_naming_audit_153936.log	file	yes	yes	yes	0o666
diagnostics/2026_04_15/step15a_restore_logevent_as_fb_154659.log	file	yes	yes	yes	0o666
diagnostics/2026_04_15/step6b_plan_note.md	file	yes	yes	yes	0o666
docs/ARCHITECTURE_NOTES.md	file	yes	yes	yes	0o666
docs/CHANGELOG_WORK.md	file	yes	yes	yes	0o666
docs/DEVELOPMENT_WORKFLOW.md	file	yes	yes	yes	0o666
docs/DEVELOPMENT_WORKFLOW_V2.md	file	yes	yes	yes	0o666
docs/EQUIPMENT_DECISIONS.md	file	yes	yes	yes	0o666
docs/EXECUTION_CONVENTIONS.md	file	yes	yes	yes	0o666
docs/EXECUTION_CONVENTIONS_2026-04-05.md	file	yes	yes	yes	0o666
docs/FB_INVENTORY_AUDIT.md	file	yes	yes	yes	0o666
docs/FB_INVENTORY_AUDIT_BATCH_02.md	file	yes	yes	yes	0o666
docs/FB_INVENTORY_AUDIT_BATCH_03.md	file	yes	yes	yes	0o666
docs/FB_INVENTORY_AUDIT_BATCH_04.md	file	yes	yes	yes	0o666
docs/IMPORT_PIPELINE_RULES.md	file	yes	yes	yes	0o666
docs/IO_MAPPING_CONCEPT.md	file	yes	yes	yes	0o666
docs/MASTER_GUIDE.md	file	yes	yes	yes	0o666
docs/POLICY_LAYER.md	file	yes	yes	yes	0o666
docs/PROJECT_ROADMAP.md	file	yes	yes	yes	0o666
docs/PROJECT_STATUS_2026-04-05.md	file	yes	yes	yes	0o666
docs/PROJECT_STATUS_2026-04-06_FULL.md	file	yes	yes	yes	0o666
docs/RECOVERY_STRATEGY.md	file	yes	yes	yes	0o666
docs/REFACTOR_PLAN_ARCH_ALIGNMENT.md	file	yes	yes	yes	0o666
docs/REPOSITORY_WRITE_RULES.md	file	yes	yes	yes	0o666
docs/START_NEW_CHAT_TEMPLATE.md	file	yes	yes	yes	0o666
docs/SYSTEM_PRIORITIES.md	file	yes	yes	yes	0o666
docs/TEST_COMMIT_PIPELINE.md	file	yes	yes	yes	0o666
docs/TZ_NEW.txt	file	yes	yes	yes	0o666
docs/WORKFLOW.md	file	yes	yes	yes	0o666
docs/WORK_NOTES.md	file	yes	yes	yes	0o666
docs/architecture/deferred_tasks.md	file	yes	yes	yes	0o666
docs/architecture/system_overview.md	file	yes	yes	yes	0o666
docs/assistant_bridge/nvram_REAL_latest.log	file	yes	yes	yes	0o666
docs/systems/README.md	file	yes	yes	yes	0o666
docs/systems/access.md	file	yes	yes	yes	0o666
docs/systems/dhw.md	file	yes	yes	yes	0o666
docs/systems/heating.md	file	yes	yes	yes	0o666
docs/systems/lighting.md	file	yes	yes	yes	0o666
docs/systems/ventilation.md	file	yes	yes	yes	0o666
docs/tech_debt/PRG_System_todo.md	file	yes	yes	yes	0o666
h	file	yes	yes	yes	0o644
repo_logs/nvram/nvram_REAL_latest.log	file	yes	yes	yes	0o666
save_2026-04-07/.keep	file	yes	yes	yes	0o666
save_2026-04-07/E_ALERT_PRIORITY.dut	file	yes	yes	yes	0o666
save_2026-04-07/E_Gateway_Command_Type.dut	file	yes	yes	yes	0o666
save_2026-04-07/E_PLC_ROLE.dut	file	yes	yes	yes	0o666
save_2026-04-07/E_Rule_Action_Type.dut	file	yes	yes	yes	0o666
save_2026-04-07/E_Rule_Comparison.dut	file	yes	yes	yes	0o666
save_2026-04-07/E_Rule_Condition_Type.dut	file	yes	yes	yes	0o666
save_2026-04-07/E_SCENARIO_TYPE.dut	file	yes	yes	yes	0o666
save_2026-04-07/E_System_Operating_Mode.dut	file	yes	yes	yes	0o666
save_2026-04-07/E_System_Root_Cause.st	file	yes	yes	yes	0o666
save_2026-04-07/E_System_Severity.st	file	yes	yes	yes	0o666
save_2026-04-07/E_TwoFactor_Method.dut	file	yes	yes	yes	0o666
save_2026-04-07/FB_AccessCode_Manager.st	file	yes	yes	yes	0o666
save_2026-04-07/FB_Access_Control.st	file	yes	yes	yes	0o666
save_2026-04-07/FB_Alarm_Manager.st	file	yes	yes	yes	0o666
save_2026-04-07/FB_Analog_Validator.st	file	yes	yes	yes	0o666
save_2026-04-07/FB_Astro_Timer.st	file	yes	yes	yes	0o666
save_2026-04-07/FB_BlackBox_Recorder.st	file	yes	yes	yes	0o666
save_2026-04-07/FB_DHW_Manager.st	file	yes	yes	yes	0o666
save_2026-04-07/FB_Fault_Logger.st	file	yes	yes	yes	0o666
save_2026-04-07/FB_Gas_Smoke_Manager.st	file	yes	yes	yes	0o666
save_2026-04-07/FB_Gateway_Interface.st	file	yes	yes	yes	0o666
save_2026-04-07/FB_HMI_Interface.st	file	yes	yes	yes	0o666
save_2026-04-07/FB_Heating_System_Manager.st	file	yes	yes	yes	0o666
save_2026-04-07/FB_History_Manager.st	file	yes	yes	yes	0o666
save_2026-04-07/FB_IO_Module_Watchdog.st	file	yes	yes	yes	0o666
save_2026-04-07/FB_Lighting_Blinds_Manager.st	file	yes	yes	yes	0o666
save_2026-04-07/FB_NVRAM_Manager.st	file	yes	yes	yes	0o666
save_2026-04-07/FB_PID_Controller.st	file	yes	yes	yes	0o666
save_2026-04-07/FB_Redundancy_Manager.st	file	yes	yes	yes	0o666
save_2026-04-07/FB_Rule_Engine.st	file	yes	yes	yes	0o666
save_2026-04-07/FB_Safety_Manager.st	file	yes	yes	yes	0o666
save_2026-04-07/FB_Scenario_Manager.st	file	yes	yes	yes	0o666
save_2026-04-07/FB_Security_System_Manager.st	file	yes	yes	yes	0o666
save_2026-04-07/FB_Simulation_Manager.st	file	yes	yes	yes	0o666
save_2026-04-07/FB_Socket_Manager.st	file	yes	yes	yes	0o666
save_2026-04-07/FB_State_Manager.st	file	yes	yes	yes	0o666
save_2026-04-07/FB_System_Health.st	file	yes	yes	yes	0o666
save_2026-04-07/FB_System_Timer.st	file	yes	yes	yes	0o666
save_2026-04-07/FB_Ventilation_System_Manager.st	file	yes	yes	yes	0o666
save_2026-04-07/FB_Watchdog.st	file	yes	yes	yes	0o666
save_2026-04-07/FB_Water_Leakage_Manager.st	file	yes	yes	yes	0o666
save_2026-04-07/F_TimeDiff.st	file	yes	yes	yes	0o666
save_2026-04-07/GVL_ALARM.gvl	file	yes	yes	yes	0o666
save_2026-04-07/GVL_BlackBox.gvl	file	yes	yes	yes	0o666
save_2026-04-07/GVL_COMMAND.gvl	file	yes	yes	yes	0o666
save_2026-04-07/GVL_CONFIG.gvl	file	yes	yes	yes	0o666
save_2026-04-07/GVL_CONSTANTS.gvl	file	yes	yes	yes	0o666
save_2026-04-07/GVL_DEBUG.gvl	file	yes	yes	yes	0o666
save_2026-04-07/GVL_GATEWAY.gvl	file	yes	yes	yes	0o666
save_2026-04-07/GVL_HEALTH_BRIDGE.st	file	yes	yes	yes	0o666
save_2026-04-07/GVL_IO.gvl	file	yes	yes	yes	0o666
save_2026-04-07/GVL_MODBUS.gvl	file	yes	yes	yes	0o666
save_2026-04-07/GVL_Retain.gvl	file	yes	yes	yes	0o666
save_2026-04-07/GVL_STATE.gvl	file	yes	yes	yes	0o666
save_2026-04-07/GVL_STATUS.gvl	file	yes	yes	yes	0o666
save_2026-04-07/IValveController.st	file	yes	yes	yes	0o666
save_2026-04-07/MAIN.st	file	yes	yes	yes	0o666
save_2026-04-07/PRG_Heating.st	file	yes	yes	yes	0o666
save_2026-04-07/PRG_IO_Read.st	file	yes	yes	yes	0o666
save_2026-04-07/PRG_IO_Write.st	file	yes	yes	yes	0o666
save_2026-04-07/PRG_Lighting.st	file	yes	yes	yes	0o666
save_2026-04-07/PRG_PLC_A.st	file	yes	yes	yes	0o666
save_2026-04-07/PRG_PLC_B.st	file	yes	yes	yes	0o666
save_2026-04-07/PRG_Safety.st	file	yes	yes	yes	0o666
save_2026-04-07/PRG_Security.st	file	yes	yes	yes	0o666
save_2026-04-07/PRG_System.st	file	yes	yes	yes	0o666
save_2026-04-07/PRG_Test.st	file	yes	yes	yes	0o666
save_2026-04-07/PRG_Ventilation.st	file	yes	yes	yes	0o666
save_2026-04-07/ST_Alarm_Record.dut	file	yes	yes	yes	0o666
save_2026-04-07/ST_BlackBox_Record.dut	file	yes	yes	yes	0o666
save_2026-04-07/ST_BlackBox_Record.st	file	yes	yes	yes	0o666
save_2026-04-07/ST_Boiler_Status.dut	file	yes	yes	yes	0o666
save_2026-04-07/ST_DHW_Config.dut	file	yes	yes	yes	0o666
save_2026-04-07/ST_DHW_Status.dut	file	yes	yes	yes	0o666
save_2026-04-07/ST_Flood_Global_Config.dut	file	yes	yes	yes	0o666
save_2026-04-07/ST_FloorHeating_Circuit_Config.dut	file	yes	yes	yes	0o666
save_2026-04-07/ST_Gateway_Command.dut	file	yes	yes	yes	0o666
save_2026-04-07/ST_Heating_Config.dut	file	yes	yes	yes	0o666
save_2026-04-07/ST_History_Record.dut	file	yes	yes	yes	0o666
save_2026-04-07/ST_Manifold_Status.dut	file	yes	yes	yes	0o666
save_2026-04-07/ST_Rule_Action.dut	file	yes	yes	yes	0o666
save_2026-04-07/ST_Scenario_Config.dut	file	yes	yes	yes	0o666
save_2026-04-07/ST_Security_Global_Config.dut	file	yes	yes	yes	0o666
save_2026-04-07/ST_System_State_Snapshot.dut	file	yes	yes	yes	0o666
save_2026-04-07/ST_Tariff_Config.dut	file	yes	yes	yes	0o666
save_2026-04-07/ST_User_Rule.dut	file	yes	yes	yes	0o666
save_2026-04-07/ST_Valve_Test_Config.dut	file	yes	yes	yes	0o666
save_2026-04-07/ST_Ventilation_Global_Config.dut	file	yes	yes	yes	0o666
snapshots/clean_build_20260414_0820/.gitignore	file	yes	yes	yes	0o666
snapshots/clean_build_20260414_0820/AGENTS.md	file	yes	yes	yes	0o666
snapshots/clean_build_20260414_0820/CONSTANTS.dut	file	yes	yes	yes	0o666
snapshots/clean_build_20260414_0820/E_ALERT_PRIORITY.dut	file	yes	yes	yes	0o666
snapshots/clean_build_20260414_0820/E_Debug_Log_Level.dut	file	yes	yes	yes	0o666
snapshots/clean_build_20260414_0820/E_Gateway_Command_Type.dut	file	yes	yes	yes	0o666
snapshots/clean_build_20260414_0820/E_Lifetime_Device_Type.dut	file	yes	yes	yes	0o666
snapshots/clean_build_20260414_0820/E_Outdoor_Mode.dut	file	yes	yes	yes	0o666
snapshots/clean_build_20260414_0820/E_PLC_ROLE.dut	file	yes	yes	yes	0o666
snapshots/clean_build_20260414_0820/E_Rule_Action_Type.dut	file	yes	yes	yes	0o666
snapshots/clean_build_20260414_0820/E_Rule_Comparison.dut	file	yes	yes	yes	0o666
snapshots/clean_build_20260414_0820/E_Rule_Condition_Type.dut	file	yes	yes	yes	0o666
snapshots/clean_build_20260414_0820/E_SCENARIO_TYPE.dut	file	yes	yes	yes	0o666
snapshots/clean_build_20260414_0820/E_SENSOR_TYPE.dut	file	yes	yes	yes	0o666
snapshots/clean_build_20260414_0820/E_System_Operating_Mode.dut	file	yes	yes	yes	0o666
snapshots/clean_build_20260414_0820/E_System_Root_Cause.dut	file	yes	yes	yes	0o666
snapshots/clean_build_20260414_0820/E_System_Severity.dut	file	yes	yes	yes	0o666
snapshots/clean_build_20260414_0820/E_Trend_Parameter_Type.dut	file	yes	yes	yes	0o666
snapshots/clean_build_20260414_0820/E_TwoFactor_Method.dut	file	yes	yes	yes	0o666
snapshots/clean_build_20260414_0820/E_VALVE_TYPE.dut	file	yes	yes	yes	0o666
snapshots/clean_build_20260414_0820/E_VENTILATION_LOCATION.dut	file	yes	yes	yes	0o666
snapshots/clean_build_20260414_0820/E_VENTILATION_UNIT_TYPE.dut	file	yes	yes	yes	0o666
snapshots/clean_build_20260414_0820/E_Valve_Test_Result.dut	file	yes	yes	yes	0o666
snapshots/clean_build_20260414_0820/E_WEATHER_COMPENSATION_METHOD.dut	file	yes	yes	yes	0o666
snapshots/clean_build_20260414_0820/E_Zone_Access_Level.dut	file	yes	yes	yes	0o666
snapshots/clean_build_20260414_0820/FB_AccessCode_Manager.st	file	yes	yes	yes	0o666
snapshots/clean_build_20260414_0820/FB_Access_Control.st	file	yes	yes	yes	0o666
snapshots/clean_build_20260414_0820/FB_Alarm_Compatibility_Package_DRAFT.st	file	yes	yes	yes	0o666
snapshots/clean_build_20260414_0820/FB_Alarm_Manager.st	file	yes	yes	yes	0o666
snapshots/clean_build_20260414_0820/FB_Alarm_V2_Core_DRAFT.st	file	yes	yes	yes	0o666
snapshots/clean_build_20260414_0820/FB_Analog_Validator.st	file	yes	yes	yes	0o666
snapshots/clean_build_20260414_0820/FB_Astro_Timer.st	file	yes	yes	yes	0o666
snapshots/clean_build_20260414_0820/FB_BlackBox_Recorder.st	file	yes	yes	yes	0o666
snapshots/clean_build_20260414_0820/FB_BlackBox_V2_Core_DRAFT.st	file	yes	yes	yes	0o666
snapshots/clean_build_20260414_0820/FB_Blinds_V2_Staging_DRAFT.st	file	yes	yes	yes	0o666
snapshots/clean_build_20260414_0820/FB_Boiler_Cascade_Manager.st	file	yes	yes	yes	0o666
snapshots/clean_build_20260414_0820/FB_Boiler_OpenTherm_Interface.st	file	yes	yes	yes	0o666
snapshots/clean_build_20260414_0820/FB_CO_Detector.st	file	yes	yes	yes	0o666
snapshots/clean_build_20260414_0820/FB_CRC32_Calculator.st	file	yes	yes	yes	0o666
snapshots/clean_build_20260414_0820/FB_Calibration_Manager.st	file	yes	yes	yes	0o666
snapshots/clean_build_20260414_0820/FB_Command_Deduplication.st	file	yes	yes	yes	0o666
snapshots/clean_build_20260414_0820/FB_CoreKernel_Live_Observer_DRAFT.st	file	yes	yes	yes	0o666
snapshots/clean_build_20260414_0820/FB_DHW_Manager.st	file	yes	yes	yes	0o666
snapshots/clean_build_20260414_0820/FB_DHW_V2_Staging_DRAFT.st	file	yes	yes	yes	0o666
snapshots/clean_build_20260414_0820/FB_Debug_Logger.st	file	yes	yes	yes	0o666
snapshots/clean_build_20260414_0820/FB_Device_Predictive_Diag.st	file	yes	yes	yes	0o666
snapshots/clean_build_20260414_0820/FB_Emergency_Valve_Open.st	file	yes	yes	yes	0o666
snapshots/clean_build_20260414_0820/FB_Exhaust_Ventilation_Controller.st	file	yes	yes	yes	0o666
snapshots/clean_build_20260414_0820/FB_Fault_Logger.st	file	yes	yes	yes	0o666
snapshots/clean_build_20260414_0820/FB_FloorHeating_Controller.st	file	yes	yes	yes	0o666
snapshots/clean_build_20260414_0820/FB_FloorHeating_Freeze_Protection.st	file	yes	yes	yes	0o666
snapshots/clean_build_20260414_0820/FB_FloorHeating_Overheat_Protection.st	file	yes	yes	yes	0o666
snapshots/clean_build_20260414_0820/FB_Gas_Methane_Detector.st	file	yes	yes	yes	0o666
snapshots/clean_build_20260414_0820/FB_Gas_Smoke_Manager.st	file	yes	yes	yes	0o666
snapshots/clean_build_20260414_0820/FB_Gas_Valve_Controller.st	file	yes	yes	yes	0o666
snapshots/clean_build_20260414_0820/FB_Gateway_Interface.st	file	yes	yes	yes	0o666
snapshots/clean_build_20260414_0820/FB_HMAC_SHA1.st	file	yes	yes	yes	0o666
snapshots/clean_build_20260414_0820/FB_HMI_Interface.st	file	yes	yes	yes	0o666
snapshots/clean_build_20260414_0820/FB_Heating_System_Manager.st	file	yes	yes	yes	0o666
snapshots/clean_build_20260414_0820/FB_Heating_V2_Staging_DRAFT.st	file	yes	yes	yes	0o666
snapshots/clean_build_20260414_0820/FB_History_Manager.st	file	yes	yes	yes	0o666
snapshots/clean_build_20260414_0820/FB_History_V2_Core_DRAFT.st	file	yes	yes	yes	0o666
snapshots/clean_build_20260414_0820/FB_IO_Module_Watchdog.st	file	yes	yes	yes	0o666
snapshots/clean_build_20260414_0820/FB_Lifetime_Predictor.st	file	yes	yes	yes	0o666
snapshots/clean_build_20260414_0820/FB_Lighting_Blinds_Manager.st	file	yes	yes	yes	0o666
snapshots/clean_build_20260414_0820/FB_Lighting_V2_Staging_DRAFT.st	file	yes	yes	yes	0o666
snapshots/clean_build_20260414_0820/FB_Maintenance_Access.st	file	yes	yes	yes	0o666
snapshots/clean_build_20260414_0820/FB_Manifold_Pump_Controller.st	file	yes	yes	yes	0o666
snapshots/clean_build_20260414_0820/FB_Manual_Valve_Control.st	file	yes	yes	yes	0o666
snapshots/clean_build_20260414_0820/FB_NVRAM_Manager.st	file	yes	yes	yes	0o666
snapshots/clean_build_20260414_0820/FB_Outdoor_Lighting_Controller.st	file	yes	yes	yes	0o666
snapshots/clean_build_20260414_0820/FB_PID_Controller.st	file	yes	yes	yes	0o666
snapshots/clean_build_20260414_0820/FB_PLC_Heartbeat.st	file	yes	yes	yes	0o666
snapshots/clean_build_20260414_0820/FB_Pre_Departure_Heating.st	file	yes	yes	yes	0o666
snapshots/clean_build_20260414_0820/FB_Presence_Playback.st	file	yes	yes	yes	0o666
snapshots/clean_build_20260414_0820/FB_Presence_Simulator.st	file	yes	yes	yes	0o666
snapshots/clean_build_20260414_0820/FB_Random_Generator.st	file	yes	yes	yes	0o666
snapshots/clean_build_20260414_0820/FB_Redundancy_Manager.st	file	yes	yes	yes	0o666
snapshots/clean_build_20260414_0820/FB_Rule_Compatibility_Package_DRAFT.st	file	yes	yes	yes	0o666
snapshots/clean_build_20260414_0820/FB_Rule_Engine.st	file	yes	yes	yes	0o666
snapshots/clean_build_20260414_0820/FB_SHA1.st	file	yes	yes	yes	0o666
snapshots/clean_build_20260414_0820/FB_Safety_Manager.st	file	yes	yes	yes	0o666
snapshots/clean_build_20260414_0820/FB_Scenario_Manager.st	file	yes	yes	yes	0o666
snapshots/clean_build_20260414_0820/FB_Scenario_Transition_Controller.st	file	yes	yes	yes	0o666
snapshots/clean_build_20260414_0820/FB_Security_Alarm.st	file	yes	yes	yes	0o666
snapshots/clean_build_20260414_0820/FB_Security_System_Manager.st	file	yes	yes	yes	0o666
snapshots/clean_build_20260414_0820/FB_Sensor_Analog_Processing.st	file	yes	yes	yes	0o666
snapshots/clean_build_20260414_0820/FB_Sensor_Calibration.st	file	yes	yes	yes	0o666
snapshots/clean_build_20260414_0820/FB_Sensor_Calibration_Processor.st	file	yes	yes	yes	0o666
snapshots/clean_build_20260414_0820/FB_Sensor_Distribution.st	file	yes	yes	yes	0o666
snapshots/clean_build_20260414_0820/FB_Simulation_Manager.st	file	yes	yes	yes	0o666
snapshots/clean_build_20260414_0820/FB_Smoke_Detector.st	file	yes	yes	yes	0o666
snapshots/clean_build_20260414_0820/FB_Socket_Manager.st	file	yes	yes	yes	0o666
snapshots/clean_build_20260414_0820/FB_Socket_V2_Staging_DRAFT.st	file	yes	yes	yes	0o666
snapshots/clean_build_20260414_0820/FB_State_Manager.st	file	yes	yes	yes	0o666
snapshots/clean_build_20260414_0820/FB_State_Manager_MVP.st	file	yes	yes	yes	0o666
snapshots/clean_build_20260414_0820/FB_State_Replication.st	file	yes	yes	yes	0o666
snapshots/clean_build_20260414_0820/FB_State_Snapshot_Manager.st	file	yes	yes	yes	0o666
snapshots/clean_build_20260414_0820/FB_State_Snapshot_NVRAM.st	file	yes	yes	yes	0o666
snapshots/clean_build_20260414_0820/FB_Supply_Ventilation_Controller.st	file	yes	yes	yes	0o666
snapshots/clean_build_20260414_0820/FB_System_Health.st	file	yes	yes	yes	0o666
snapshots/clean_build_20260414_0820/FB_System_Timer.st	file	yes	yes	yes	0o666
snapshots/clean_build_20260414_0820/FB_System_Timer_TOF.st	file	yes	yes	yes	0o666
snapshots/clean_build_20260414_0820/FB_Trend_Analyzer.st	file	yes	yes	yes	0o666
snapshots/clean_build_20260414_0820/FB_Trend_Logger.st	file	yes	yes	yes	0o666
snapshots/clean_build_20260414_0820/FB_TwoFactor_Auth.st	file	yes	yes	yes	0o666
snapshots/clean_build_20260414_0820/FB_Valve_Test.st	file	yes	yes	yes	0o666
snapshots/clean_build_20260414_0820/FB_Valve_Test_Manager.st	file	yes	yes	yes	0o666
snapshots/clean_build_20260414_0820/FB_Ventilation_System_Manager.st	file	yes	yes	yes	0o666
snapshots/clean_build_20260414_0820/FB_Ventilation_V2_Staging_DRAFT.st	file	yes	yes	yes	0o666
snapshots/clean_build_20260414_0820/FB_Watchdog.st	file	yes	yes	yes	0o666
snapshots/clean_build_20260414_0820/FB_Water_Leakage_Manager.st	file	yes	yes	yes	0o666
snapshots/clean_build_20260414_0820/FB_Water_Valve_Controller.st	file	yes	yes	yes	0o666
snapshots/clean_build_20260414_0820/FB_Zone_Access_Manager.st	file	yes	yes	yes	0o666
snapshots/clean_build_20260414_0820/GVL_ALARM.gvl	file	yes	yes	yes	0o666
snapshots/clean_build_20260414_0820/GVL_BlackBox.gvl	file	yes	yes	yes	0o666
snapshots/clean_build_20260414_0820/GVL_COMMAND.gvl	file	yes	yes	yes	0o666
snapshots/clean_build_20260414_0820/GVL_CONFIG.gvl	file	yes	yes	yes	0o666
snapshots/clean_build_20260414_0820/GVL_CONSTANTS.gvl	file	yes	yes	yes	0o666
snapshots/clean_build_20260414_0820/GVL_DEBUG.gvl	file	yes	yes	yes	0o666
snapshots/clean_build_20260414_0820/GVL_GATEWAY.gvl	file	yes	yes	yes	0o666
snapshots/clean_build_20260414_0820/GVL_HEALTH_BRIDGE.gvl	file	yes	yes	yes	0o666
snapshots/clean_build_20260414_0820/GVL_HEALTH_BRIDGE.st	file	yes	yes	yes	0o666
snapshots/clean_build_20260414_0820/GVL_IO.gvl	file	yes	yes	yes	0o666
snapshots/clean_build_20260414_0820/GVL_MODBUS.gvl	file	yes	yes	yes	0o666
snapshots/clean_build_20260414_0820/GVL_Retain.gvl	file	yes	yes	yes	0o666
snapshots/clean_build_20260414_0820/GVL_STATE.gvl	file	yes	yes	yes	0o666
snapshots/clean_build_20260414_0820/GVL_STATUS.gvl	file	yes	yes	yes	0o666
snapshots/clean_build_20260414_0820/GVL_TIME.gvl	file	yes	yes	yes	0o666
snapshots/clean_build_20260414_0820/IValveController.st	file	yes	yes	yes	0o666
snapshots/clean_build_20260414_0820/MAIN.st	file	yes	yes	yes	0o666
snapshots/clean_build_20260414_0820/PRG_Heating.st	file	yes	yes	yes	0o666
snapshots/clean_build_20260414_0820/PRG_IO_Read.st	file	yes	yes	yes	0o666
snapshots/clean_build_20260414_0820/PRG_IO_Write.st	file	yes	yes	yes	0o666
snapshots/clean_build_20260414_0820/PRG_Lighting.st	file	yes	yes	yes	0o666
snapshots/clean_build_20260414_0820/PRG_PLC_A.st	file	yes	yes	yes	0o666
snapshots/clean_build_20260414_0820/PRG_PLC_B.st	file	yes	yes	yes	0o666
snapshots/clean_build_20260414_0820/PRG_Safety.st	file	yes	yes	yes	0o666
snapshots/clean_build_20260414_0820/PRG_Security.st	file	yes	yes	yes	0o666
snapshots/clean_build_20260414_0820/PRG_System.st	file	yes	yes	yes	0o666
snapshots/clean_build_20260414_0820/PRG_Test.st	file	yes	yes	yes	0o666
snapshots/clean_build_20260414_0820/PRG_Ventilation.st	file	yes	yes	yes	0o666
snapshots/clean_build_20260414_0820/ST_Alarm_Record.dut	file	yes	yes	yes	0o666
snapshots/clean_build_20260414_0820/ST_Astro_Time.dut	file	yes	yes	yes	0o666
snapshots/clean_build_20260414_0820/ST_BlackBox_Record.dut	file	yes	yes	yes	0o666
snapshots/clean_build_20260414_0820/ST_BlackBox_Snapshot_V2.dut	file	yes	yes	yes	0o666
snapshots/clean_build_20260414_0820/ST_Blinds_Command_V2.dut	file	yes	yes	yes	0o666
snapshots/clean_build_20260414_0820/ST_Blinds_State_V2.dut	file	yes	yes	yes	0o666
snapshots/clean_build_20260414_0820/ST_Boiler_Status.dut	file	yes	yes	yes	0o666
snapshots/clean_build_20260414_0820/ST_Component_Maintenance.dut	file	yes	yes	yes	0o666
snapshots/clean_build_20260414_0820/ST_DHW_Command_V2.dut	file	yes	yes	yes	0o666
snapshots/clean_build_20260414_0820/ST_DHW_Config.dut	file	yes	yes	yes	0o666
snapshots/clean_build_20260414_0820/ST_DHW_State_V2.dut	file	yes	yes	yes	0o666
snapshots/clean_build_20260414_0820/ST_DHW_Status.dut	file	yes	yes	yes	0o666
snapshots/clean_build_20260414_0820/ST_Debug_Log_Record.dut	file	yes	yes	yes	0o666
snapshots/clean_build_20260414_0820/ST_Debug_Logger_Config.dut	file	yes	yes	yes	0o666
snapshots/clean_build_20260414_0820/ST_Device_Health.dut	file	yes	yes	yes	0o666
snapshots/clean_build_20260414_0820/ST_Flood_Config.dut	file	yes	yes	yes	0o666
snapshots/clean_build_20260414_0820/ST_Flood_Global_Config.dut	file	yes	yes	yes	0o666
snapshots/clean_build_20260414_0820/ST_FloorHeating_Circuit_Config.dut	file	yes	yes	yes	0o666
snapshots/clean_build_20260414_0820/ST_FloorHeating_Global_Config.dut	file	yes	yes	yes	0o666
snapshots/clean_build_20260414_0820/ST_FloorHeating_Manifold_Config.dut	file	yes	yes	yes	0o666
snapshots/clean_build_20260414_0820/ST_Gas_Valve_Configuration.dut	file	yes	yes	yes	0o666
snapshots/clean_build_20260414_0820/ST_Gateway_Command.dut	file	yes	yes	yes	0o666
snapshots/clean_build_20260414_0820/ST_Heating_Command_V2.dut	file	yes	yes	yes	0o666
snapshots/clean_build_20260414_0820/ST_Heating_Config.dut	file	yes	yes	yes	0o666
snapshots/clean_build_20260414_0820/ST_Heating_State_V2.dut	file	yes	yes	yes	0o666
snapshots/clean_build_20260414_0820/ST_History_Event_V2.dut	file	yes	yes	yes	0o666
snapshots/clean_build_20260414_0820/ST_History_Record.dut	file	yes	yes	yes	0o666
snapshots/clean_build_20260414_0820/ST_Lifetime_Status.dut	file	yes	yes	yes	0o666
snapshots/clean_build_20260414_0820/ST_Lighting_Command_V2.dut	file	yes	yes	yes	0o666
snapshots/clean_build_20260414_0820/ST_Lighting_State_V2.dut	file	yes	yes	yes	0o666
snapshots/clean_build_20260414_0820/ST_Maintenance_Access_Config.dut	file	yes	yes	yes	0o666
snapshots/clean_build_20260414_0820/ST_Manifold_Status.dut	file	yes	yes	yes	0o666
snapshots/clean_build_20260414_0820/ST_Operator_Zone_Rights.dut	file	yes	yes	yes	0o666
snapshots/clean_build_20260414_0820/ST_Outdoor_Zone_Config.dut	file	yes	yes	yes	0o666
snapshots/clean_build_20260414_0820/ST_Owen_Analog_Value.dut	file	yes	yes	yes	0o666
snapshots/clean_build_20260414_0820/ST_Rule.dut	file	yes	yes	yes	0o666
snapshots/clean_build_20260414_0820/ST_Rule_Action.dut	file	yes	yes	yes	0o666
snapshots/clean_build_20260414_0820/ST_Scenario_Config.dut	file	yes	yes	yes	0o666
snapshots/clean_build_20260414_0820/ST_Scenario_Transition_Config.dut	file	yes	yes	yes	0o666
snapshots/clean_build_20260414_0820/ST_Security_Global_Config.dut	file	yes	yes	yes	0o666
snapshots/clean_build_20260414_0820/ST_Security_Zone_State.dut	file	yes	yes	yes	0o666
snapshots/clean_build_20260414_0820/ST_Sensor_Calibration_Record.dut	file	yes	yes	yes	0o666
snapshots/clean_build_20260414_0820/ST_Socket_Command_V2.dut	file	yes	yes	yes	0o666
snapshots/clean_build_20260414_0820/ST_Socket_State_V2.dut	file	yes	yes	yes	0o666
snapshots/clean_build_20260414_0820/ST_State_Snapshot.dut	file	yes	yes	yes	0o666
snapshots/clean_build_20260414_0820/ST_System_Diagnostics.dut	file	yes	yes	yes	0o666
snapshots/clean_build_20260414_0820/ST_System_State_Snapshot.dut	file	yes	yes	yes	0o666
snapshots/clean_build_20260414_0820/ST_System_State_Summary.dut	file	yes	yes	yes	0o666
snapshots/clean_build_20260414_0820/ST_Tariff_Config.dut	file	yes	yes	yes	0o666
snapshots/clean_build_20260414_0820/ST_Trend_Config.dut	file	yes	yes	yes	0o666
snapshots/clean_build_20260414_0820/ST_Trend_Data.dut	file	yes	yes	yes	0o666
snapshots/clean_build_20260414_0820/ST_Trend_Header.dut	file	yes	yes	yes	0o666
snapshots/clean_build_20260414_0820/ST_Trend_History_Record.dut	file	yes	yes	yes	0o666
snapshots/clean_build_20260414_0820/ST_TwoFactor_Auth_State.dut	file	yes	yes	yes	0o666
snapshots/clean_build_20260414_0820/ST_TwoFactor_Data.dut	file	yes	yes	yes	0o666
snapshots/clean_build_20260414_0820/ST_User_Rule.dut	file	yes	yes	yes	0o666
snapshots/clean_build_20260414_0820/ST_Valve_Test_Config.dut	file	yes	yes	yes	0o666
snapshots/clean_build_20260414_0820/ST_Ventilation_Command_V2.dut	file	yes	yes	yes	0o666
snapshots/clean_build_20260414_0820/ST_Ventilation_Config.dut	file	yes	yes	yes	0o666
snapshots/clean_build_20260414_0820/ST_Ventilation_Global_Config.dut	file	yes	yes	yes	0o666
snapshots/clean_build_20260414_0820/ST_Ventilation_Scenario_Mode.dut	file	yes	yes	yes	0o666
snapshots/clean_build_20260414_0820/ST_Ventilation_State_V2.dut	file	yes	yes	yes	0o666
snapshots/clean_build_20260414_0820/ST_Ventilation_Unit.dut	file	yes	yes	yes	0o666
snapshots/clean_build_20260414_0820/ST_Ventilation_Unit_Config.dut	file	yes	yes	yes	0o666
snapshots/clean_build_20260414_0820/ST_Zone_Sensors.dut	file	yes	yes	yes	0o666
snapshots/clean_build_20260414_0820/SystemSmartHome.export	file	yes	yes	yes	0o666
snapshots/clean_build_20260414_0820/TZ_NEW.txt	file	yes	yes	yes	0o666
snapshots/clean_build_20260414_0820/access_check.txt	file	yes	yes	yes	0o666
snapshots/clean_build_20260414_0820/add_remaining_draft_fb.sh	file	yes	yes	yes	0o666
snapshots/clean_build_20260414_0820/apply_commit.sh	file	yes	yes	yes	0o777
snapshots/clean_build_20260414_0820/archive/parked_dut/unused/E_Debug_Log_Level.dut	file	yes	yes	yes	0o666
snapshots/clean_build_20260414_0820/archive/parked_dut/unused/E_Lifetime_Device_Type.dut	file	yes	yes	yes	0o666
snapshots/clean_build_20260414_0820/archive/parked_dut/unused/E_Outdoor_Mode.dut	file	yes	yes	yes	0o666
snapshots/clean_build_20260414_0820/archive/parked_dut/unused/E_SENSOR_TYPE.dut	file	yes	yes	yes	0o666
snapshots/clean_build_20260414_0820/archive/parked_dut/unused/E_Trend_Parameter_Type.dut	file	yes	yes	yes	0o666
snapshots/clean_build_20260414_0820/archive/parked_dut/unused/E_VALVE_TYPE.dut	file	yes	yes	yes	0o666
snapshots/clean_build_20260414_0820/archive/parked_dut/unused/E_VENTILATION_LOCATION.dut	file	yes	yes	yes	0o666
snapshots/clean_build_20260414_0820/archive/parked_dut/unused/E_VENTILATION_UNIT_TYPE.dut	file	yes	yes	yes	0o666
snapshots/clean_build_20260414_0820/archive/parked_dut/unused/E_Valve_Test_Result.dut	file	yes	yes	yes	0o666
snapshots/clean_build_20260414_0820/archive/parked_dut/unused/E_WEATHER_COMPENSATION_METHOD.dut	file	yes	yes	yes	0o666
snapshots/clean_build_20260414_0820/archive/parked_dut/unused/E_Zone_Access_Level.dut	file	yes	yes	yes	0o666
snapshots/clean_build_20260414_0820/archive/parked_dut/unused/ST_Astro_Time.dut	file	yes	yes	yes	0o666
snapshots/clean_build_20260414_0820/archive/parked_dut/unused/ST_Component_Maintenance.dut	file	yes	yes	yes	0o666
snapshots/clean_build_20260414_0820/archive/parked_dut/unused/ST_Debug_Log_Record.dut	file	yes	yes	yes	0o666
snapshots/clean_build_20260414_0820/archive/parked_dut/unused/ST_Debug_Logger_Config.dut	file	yes	yes	yes	0o666
snapshots/clean_build_20260414_0820/archive/parked_dut/unused/ST_Device_Health.dut	file	yes	yes	yes	0o666
snapshots/clean_build_20260414_0820/archive/parked_dut/unused/ST_Flood_Config.dut	file	yes	yes	yes	0o666
snapshots/clean_build_20260414_0820/archive/parked_dut/unused/ST_FloorHeating_Global_Config.dut	file	yes	yes	yes	0o666
snapshots/clean_build_20260414_0820/archive/parked_dut/unused/ST_FloorHeating_Manifold_Config.dut	file	yes	yes	yes	0o666
snapshots/clean_build_20260414_0820/archive/parked_dut/unused/ST_Gas_Valve_Configuration.dut	file	yes	yes	yes	0o666
snapshots/clean_build_20260414_0820/archive/parked_dut/unused/ST_Lifetime_Status.dut	file	yes	yes	yes	0o666
snapshots/clean_build_20260414_0820/archive/parked_dut/unused/ST_Maintenance_Access_Config.dut	file	yes	yes	yes	0o666
snapshots/clean_build_20260414_0820/archive/parked_dut/unused/ST_Operator_Zone_Rights.dut	file	yes	yes	yes	0o666
snapshots/clean_build_20260414_0820/archive/parked_dut/unused/ST_Outdoor_Zone_Config.dut	file	yes	yes	yes	0o666
snapshots/clean_build_20260414_0820/archive/parked_dut/unused/ST_Owen_Analog_Value.dut	file	yes	yes	yes	0o666
snapshots/clean_build_20260414_0820/archive/parked_dut/unused/ST_Scenario_Transition_Config.dut	file	yes	yes	yes	0o666
snapshots/clean_build_20260414_0820/archive/parked_dut/unused/ST_Security_Zone_State.dut	file	yes	yes	yes	0o666
snapshots/clean_build_20260414_0820/archive/parked_dut/unused/ST_Sensor_Calibration_Record.dut	file	yes	yes	yes	0o666
snapshots/clean_build_20260414_0820/archive/parked_dut/unused/ST_State_Snapshot.dut	file	yes	yes	yes	0o666
snapshots/clean_build_20260414_0820/archive/parked_dut/unused/ST_System_Diagnostics.dut	file	yes	yes	yes	0o666
snapshots/clean_build_20260414_0820/archive/parked_dut/unused/ST_System_State_Summary.dut	file	yes	yes	yes	0o666
snapshots/clean_build_20260414_0820/archive/parked_dut/unused/ST_Trend_Config.dut	file	yes	yes	yes	0o666
snapshots/clean_build_20260414_0820/archive/parked_dut/unused/ST_Trend_Data.dut	file	yes	yes	yes	0o666
snapshots/clean_build_20260414_0820/archive/parked_dut/unused/ST_Trend_Header.dut	file	yes	yes	yes	0o666
snapshots/clean_build_20260414_0820/archive/parked_dut/unused/ST_Trend_History_Record.dut	file	yes	yes	yes	0o666
snapshots/clean_build_20260414_0820/archive/parked_dut/unused/ST_TwoFactor_Auth_State.dut	file	yes	yes	yes	0o666
snapshots/clean_build_20260414_0820/archive/parked_dut/unused/ST_TwoFactor_Data.dut	file	yes	yes	yes	0o666
snapshots/clean_build_20260414_0820/archive/parked_dut/unused/ST_Ventilation_Config.dut	file	yes	yes	yes	0o666
snapshots/clean_build_20260414_0820/archive/parked_dut/unused/ST_Ventilation_Scenario_Mode.dut	file	yes	yes	yes	0o666
snapshots/clean_build_20260414_0820/archive/parked_dut/unused/ST_Ventilation_Unit.dut	file	yes	yes	yes	0o666
snapshots/clean_build_20260414_0820/archive/parked_dut/unused/ST_Ventilation_Unit_Config.dut	file	yes	yes	yes	0o666
snapshots/clean_build_20260414_0820/archive/parked_dut/unused/ST_Zone_Sensors.dut	file	yes	yes	yes	0o666
snapshots/clean_build_20260414_0820/archive/parked_fb/draft/heating/FB_Boiler_OpenTherm_Interface.st	file	yes	yes	yes	0o666
snapshots/clean_build_20260414_0820/archive/parked_fb/draft/heating/FB_FloorHeating_Controller.st	file	yes	yes	yes	0o666
snapshots/clean_build_20260414_0820/archive/parked_fb/draft/heating/FB_FloorHeating_Freeze_Protection.st	file	yes	yes	yes	0o666
snapshots/clean_build_20260414_0820/archive/parked_fb/draft/heating/FB_FloorHeating_Overheat_Protection.st	file	yes	yes	yes	0o666
snapshots/clean_build_20260414_0820/archive/parked_fb/draft/heating/FB_Manifold_Pump_Controller.st	file	yes	yes	yes	0o666
snapshots/clean_build_20260414_0820/archive/parked_fb/draft/infrastructure/FB_Debug_Logger.st	file	yes	yes	yes	0o666
snapshots/clean_build_20260414_0820/archive/parked_fb/draft/infrastructure/FB_Device_Predictive_Diag.st	file	yes	yes	yes	0o666
snapshots/clean_build_20260414_0820/archive/parked_fb/draft/infrastructure/FB_Lifetime_Predictor.st	file	yes	yes	yes	0o666
snapshots/clean_build_20260414_0820/archive/parked_fb/draft/infrastructure/FB_PLC_Heartbeat.st	file	yes	yes	yes	0o666
snapshots/clean_build_20260414_0820/archive/parked_fb/draft/infrastructure/FB_State_Snapshot_Manager.st	file	yes	yes	yes	0o666
snapshots/clean_build_20260414_0820/archive/parked_fb/draft/infrastructure/FB_State_Snapshot_NVRAM.st	file	yes	yes	yes	0o666
snapshots/clean_build_20260414_0820/archive/parked_fb/draft/infrastructure/FB_Trend_Analyzer.st	file	yes	yes	yes	0o666
snapshots/clean_build_20260414_0820/archive/parked_fb/draft/infrastructure/FB_Trend_Logger.st	file	yes	yes	yes	0o666
snapshots/clean_build_20260414_0820/archive/parked_fb/draft/sensors/FB_Calibration_Manager.st	file	yes	yes	yes	0o666
snapshots/clean_build_20260414_0820/archive/parked_fb/draft/sensors/FB_Sensor_Analog_Processing.st	file	yes	yes	yes	0o666
snapshots/clean_build_20260414_0820/archive/parked_fb/draft/sensors/FB_Sensor_Calibration.st	file	yes	yes	yes	0o666
snapshots/clean_build_20260414_0820/archive/parked_fb/draft/sensors/FB_Sensor_Calibration_Processor.st	file	yes	yes	yes	0o666
snapshots/clean_build_20260414_0820/archive/parked_fb/draft/sensors/FB_Sensor_Distribution.st	file	yes	yes	yes	0o666
snapshots/clean_build_20260414_0820/archive/parked_fb/draft/utils/FB_CRC32_Calculator.st	file	yes	yes	yes	0o666
snapshots/clean_build_20260414_0820/archive/parked_fb/draft/utils/FB_HMAC_SHA1.st	file	yes	yes	yes	0o666
snapshots/clean_build_20260414_0820/archive/parked_fb/draft/utils/FB_Random_Generator.st	file	yes	yes	yes	0o666
snapshots/clean_build_20260414_0820/archive/parked_fb/draft/utils/FB_SHA1.st	file	yes	yes	yes	0o666
snapshots/clean_build_20260414_0820/archive/parked_fb/draft/ventilation/FB_Exhaust_Ventilation_Controller.st	file	yes	yes	yes	0o666
snapshots/clean_build_20260414_0820/archive/parked_fb/draft/ventilation/FB_Supply_Ventilation_Controller.st	file	yes	yes	yes	0o666
snapshots/clean_build_20260414_0820/archive/parked_fb/legacy/detectors/FB_CO_Detector.st	file	yes	yes	yes	0o666
snapshots/clean_build_20260414_0820/archive/parked_fb/legacy/detectors/FB_Gas_Methane_Detector.st	file	yes	yes	yes	0o666
snapshots/clean_build_20260414_0820/archive/parked_fb/legacy/detectors/FB_Smoke_Detector.st	file	yes	yes	yes	0o666
snapshots/clean_build_20260414_0820/archive/parked_fb/legacy/simulation/FB_Presence_Playback.st	file	yes	yes	yes	0o666
snapshots/clean_build_20260414_0820/archive/parked_fb/legacy/simulation/FB_Presence_Simulator.st	file	yes	yes	yes	0o666
snapshots/clean_build_20260414_0820/archive/parked_fb/legacy/valves/FB_Emergency_Valve_Open.st	file	yes	yes	yes	0o666
snapshots/clean_build_20260414_0820/archive/parked_fb/legacy/valves/FB_Gas_Valve_Controller.st	file	yes	yes	yes	0o666
snapshots/clean_build_20260414_0820/archive/parked_fb/legacy/valves/FB_Manual_Valve_Control.st	file	yes	yes	yes	0o666
snapshots/clean_build_20260414_0820/archive/parked_fb/legacy/valves/FB_Valve_Test.st	file	yes	yes	yes	0o666
snapshots/clean_build_20260414_0820/archive/parked_fb/legacy/valves/FB_Valve_Test_Manager.st	file	yes	yes	yes	0o666
snapshots/clean_build_20260414_0820/archive/parked_fb/legacy/valves/FB_Water_Valve_Controller.st	file	yes	yes	yes	0o666
snapshots/clean_build_20260414_0820/archive/parked_fb/unclear/FB_Boiler_Cascade_Manager.st	file	yes	yes	yes	0o666
snapshots/clean_build_20260414_0820/archive/parked_fb/unclear/FB_Command_Deduplication.st	file	yes	yes	yes	0o666
snapshots/clean_build_20260414_0820/archive/parked_fb/unclear/FB_Maintenance_Access.st	file	yes	yes	yes	0o666
snapshots/clean_build_20260414_0820/archive/parked_fb/unclear/FB_Outdoor_Lighting_Controller.st	file	yes	yes	yes	0o666
snapshots/clean_build_20260414_0820/archive/parked_fb/unclear/FB_Pre_Departure_Heating.st	file	yes	yes	yes	0o666
snapshots/clean_build_20260414_0820/archive/parked_fb/unclear/FB_Scenario_Transition_Controller.st	file	yes	yes	yes	0o666
snapshots/clean_build_20260414_0820/archive/parked_fb/unclear/FB_Security_Alarm.st	file	yes	yes	yes	0o666
snapshots/clean_build_20260414_0820/archive/parked_fb/unclear/FB_State_Manager_MVP.st	file	yes	yes	yes	0o666
snapshots/clean_build_20260414_0820/archive/parked_fb/unclear/FB_State_Replication.st	file	yes	yes	yes	0o666
snapshots/clean_build_20260414_0820/archive/parked_fb/unclear/FB_System_Timer_TOF.st	file	yes	yes	yes	0o666
snapshots/clean_build_20260414_0820/archive/parked_fb/unclear/FB_TwoFactor_Auth.st	file	yes	yes	yes	0o666
snapshots/clean_build_20260414_0820/archive/parked_fb/unclear/FB_Zone_Access_Manager.st	file	yes	yes	yes	0o666
snapshots/clean_build_20260414_0820/docs/ARCHITECTURE_NOTES.md	file	yes	yes	yes	0o666
snapshots/clean_build_20260414_0820/docs/CHANGELOG_WORK.md	file	yes	yes	yes	0o666
snapshots/clean_build_20260414_0820/docs/DEVELOPMENT_WORKFLOW.md	file	yes	yes	yes	0o666
snapshots/clean_build_20260414_0820/docs/DEVELOPMENT_WORKFLOW_V2.md	file	yes	yes	yes	0o666
snapshots/clean_build_20260414_0820/docs/EQUIPMENT_DECISIONS.md	file	yes	yes	yes	0o666
snapshots/clean_build_20260414_0820/docs/EXECUTION_CONVENTIONS.md	file	yes	yes	yes	0o666
snapshots/clean_build_20260414_0820/docs/EXECUTION_CONVENTIONS_2026-04-05.md	file	yes	yes	yes	0o666
snapshots/clean_build_20260414_0820/docs/FB_INVENTORY_AUDIT.md	file	yes	yes	yes	0o666
snapshots/clean_build_20260414_0820/docs/FB_INVENTORY_AUDIT_BATCH_02.md	file	yes	yes	yes	0o666
snapshots/clean_build_20260414_0820/docs/FB_INVENTORY_AUDIT_BATCH_03.md	file	yes	yes	yes	0o666
snapshots/clean_build_20260414_0820/docs/FB_INVENTORY_AUDIT_BATCH_04.md	file	yes	yes	yes	0o666
snapshots/clean_build_20260414_0820/docs/IMPORT_PIPELINE_RULES.md	file	yes	yes	yes	0o666
snapshots/clean_build_20260414_0820/docs/IO_MAPPING_CONCEPT.md	file	yes	yes	yes	0o666
snapshots/clean_build_20260414_0820/docs/MASTER_GUIDE.md	file	yes	yes	yes	0o666
snapshots/clean_build_20260414_0820/docs/POLICY_LAYER.md	file	yes	yes	yes	0o666
snapshots/clean_build_20260414_0820/docs/PROJECT_ROADMAP.md	file	yes	yes	yes	0o666
snapshots/clean_build_20260414_0820/docs/PROJECT_STATUS_2026-04-05.md	file	yes	yes	yes	0o666
snapshots/clean_build_20260414_0820/docs/PROJECT_STATUS_2026-04-06_FULL.md	file	yes	yes	yes	0o666
snapshots/clean_build_20260414_0820/docs/RECOVERY_STRATEGY.md	file	yes	yes	yes	0o666
snapshots/clean_build_20260414_0820/docs/REFACTOR_PLAN_ARCH_ALIGNMENT.md	file	yes	yes	yes	0o666
snapshots/clean_build_20260414_0820/docs/REPOSITORY_WRITE_RULES.md	file	yes	yes	yes	0o666
snapshots/clean_build_20260414_0820/docs/START_NEW_CHAT_TEMPLATE.md	file	yes	yes	yes	0o666
snapshots/clean_build_20260414_0820/docs/SYSTEM_PRIORITIES.md	file	yes	yes	yes	0o666
snapshots/clean_build_20260414_0820/docs/TEST_COMMIT_PIPELINE.md	file	yes	yes	yes	0o666
snapshots/clean_build_20260414_0820/docs/TZ_NEW.txt	file	yes	yes	yes	0o666
snapshots/clean_build_20260414_0820/docs/WORKFLOW.md	file	yes	yes	yes	0o666
snapshots/clean_build_20260414_0820/docs/WORK_NOTES.md	file	yes	yes	yes	0o666
snapshots/clean_build_20260414_0820/docs/architecture/deferred_tasks.md	file	yes	yes	yes	0o666
snapshots/clean_build_20260414_0820/docs/architecture/system_overview.md	file	yes	yes	yes	0o666
snapshots/clean_build_20260414_0820/docs/systems/README.md	file	yes	yes	yes	0o666
snapshots/clean_build_20260414_0820/docs/systems/access.md	file	yes	yes	yes	0o666
snapshots/clean_build_20260414_0820/docs/systems/dhw.md	file	yes	yes	yes	0o666
snapshots/clean_build_20260414_0820/docs/systems/heating.md	file	yes	yes	yes	0o666
snapshots/clean_build_20260414_0820/docs/systems/lighting.md	file	yes	yes	yes	0o666
snapshots/clean_build_20260414_0820/docs/systems/ventilation.md	file	yes	yes	yes	0o666
snapshots/clean_build_20260414_0820/fix_remaining_fb.sh	file	yes	yes	yes	0o666
snapshots/clean_build_20260414_0820/h	file	yes	yes	yes	0o644
snapshots/clean_build_20260414_0820/save_2026-04-07/.keep	file	yes	yes	yes	0o666
snapshots/clean_build_20260414_0820/save_2026-04-07/E_ALERT_PRIORITY.dut	file	yes	yes	yes	0o666
snapshots/clean_build_20260414_0820/save_2026-04-07/E_Gateway_Command_Type.dut	file	yes	yes	yes	0o666
snapshots/clean_build_20260414_0820/save_2026-04-07/E_PLC_ROLE.dut	file	yes	yes	yes	0o666
snapshots/clean_build_20260414_0820/save_2026-04-07/E_Rule_Action_Type.dut	file	yes	yes	yes	0o666
snapshots/clean_build_20260414_0820/save_2026-04-07/E_Rule_Comparison.dut	file	yes	yes	yes	0o666
snapshots/clean_build_20260414_0820/save_2026-04-07/E_Rule_Condition_Type.dut	file	yes	yes	yes	0o666
snapshots/clean_build_20260414_0820/save_2026-04-07/E_SCENARIO_TYPE.dut	file	yes	yes	yes	0o666
snapshots/clean_build_20260414_0820/save_2026-04-07/E_System_Operating_Mode.dut	file	yes	yes	yes	0o666
snapshots/clean_build_20260414_0820/save_2026-04-07/E_System_Root_Cause.st	file	yes	yes	yes	0o666
snapshots/clean_build_20260414_0820/save_2026-04-07/E_System_Severity.st	file	yes	yes	yes	0o666
snapshots/clean_build_20260414_0820/save_2026-04-07/E_TwoFactor_Method.dut	file	yes	yes	yes	0o666
snapshots/clean_build_20260414_0820/save_2026-04-07/FB_AccessCode_Manager.st	file	yes	yes	yes	0o666
snapshots/clean_build_20260414_0820/save_2026-04-07/FB_Access_Control.st	file	yes	yes	yes	0o666
snapshots/clean_build_20260414_0820/save_2026-04-07/FB_Alarm_Manager.st	file	yes	yes	yes	0o666
snapshots/clean_build_20260414_0820/save_2026-04-07/FB_Analog_Validator.st	file	yes	yes	yes	0o666
snapshots/clean_build_20260414_0820/save_2026-04-07/FB_Astro_Timer.st	file	yes	yes	yes	0o666
snapshots/clean_build_20260414_0820/save_2026-04-07/FB_BlackBox_Recorder.st	file	yes	yes	yes	0o666
snapshots/clean_build_20260414_0820/save_2026-04-07/FB_DHW_Manager.st	file	yes	yes	yes	0o666
snapshots/clean_build_20260414_0820/save_2026-04-07/FB_Fault_Logger.st	file	yes	yes	yes	0o666
snapshots/clean_build_20260414_0820/save_2026-04-07/FB_Gas_Smoke_Manager.st	file	yes	yes	yes	0o666
snapshots/clean_build_20260414_0820/save_2026-04-07/FB_Gateway_Interface.st	file	yes	yes	yes	0o666
snapshots/clean_build_20260414_0820/save_2026-04-07/FB_HMI_Interface.st	file	yes	yes	yes	0o666
snapshots/clean_build_20260414_0820/save_2026-04-07/FB_Heating_System_Manager.st	file	yes	yes	yes	0o666
snapshots/clean_build_20260414_0820/save_2026-04-07/FB_History_Manager.st	file	yes	yes	yes	0o666
snapshots/clean_build_20260414_0820/save_2026-04-07/FB_IO_Module_Watchdog.st	file	yes	yes	yes	0o666
snapshots/clean_build_20260414_0820/save_2026-04-07/FB_Lighting_Blinds_Manager.st	file	yes	yes	yes	0o666
snapshots/clean_build_20260414_0820/save_2026-04-07/FB_NVRAM_Manager.st	file	yes	yes	yes	0o666
snapshots/clean_build_20260414_0820/save_2026-04-07/FB_PID_Controller.st	file	yes	yes	yes	0o666
snapshots/clean_build_20260414_0820/save_2026-04-07/FB_Redundancy_Manager.st	file	yes	yes	yes	0o666
snapshots/clean_build_20260414_0820/save_2026-04-07/FB_Rule_Engine.st	file	yes	yes	yes	0o666
snapshots/clean_build_20260414_0820/save_2026-04-07/FB_Safety_Manager.st	file	yes	yes	yes	0o666
snapshots/clean_build_20260414_0820/save_2026-04-07/FB_Scenario_Manager.st	file	yes	yes	yes	0o666
snapshots/clean_build_20260414_0820/save_2026-04-07/FB_Security_System_Manager.st	file	yes	yes	yes	0o666
snapshots/clean_build_20260414_0820/save_2026-04-07/FB_Simulation_Manager.st	file	yes	yes	yes	0o666
snapshots/clean_build_20260414_0820/save_2026-04-07/FB_Socket_Manager.st	file	yes	yes	yes	0o666
snapshots/clean_build_20260414_0820/save_2026-04-07/FB_State_Manager.st	file	yes	yes	yes	0o666
snapshots/clean_build_20260414_0820/save_2026-04-07/FB_System_Health.st	file	yes	yes	yes	0o666
snapshots/clean_build_20260414_0820/save_2026-04-07/FB_System_Timer.st	file	yes	yes	yes	0o666
snapshots/clean_build_20260414_0820/save_2026-04-07/FB_Ventilation_System_Manager.st	file	yes	yes	yes	0o666
snapshots/clean_build_20260414_0820/save_2026-04-07/FB_Watchdog.st	file	yes	yes	yes	0o666
snapshots/clean_build_20260414_0820/save_2026-04-07/FB_Water_Leakage_Manager.st	file	yes	yes	yes	0o666
snapshots/clean_build_20260414_0820/save_2026-04-07/F_TimeDiff.st	file	yes	yes	yes	0o666
snapshots/clean_build_20260414_0820/save_2026-04-07/GVL_ALARM.gvl	file	yes	yes	yes	0o666
snapshots/clean_build_20260414_0820/save_2026-04-07/GVL_BlackBox.gvl	file	yes	yes	yes	0o666
snapshots/clean_build_20260414_0820/save_2026-04-07/GVL_COMMAND.gvl	file	yes	yes	yes	0o666
snapshots/clean_build_20260414_0820/save_2026-04-07/GVL_CONFIG.gvl	file	yes	yes	yes	0o666
snapshots/clean_build_20260414_0820/save_2026-04-07/GVL_CONSTANTS.gvl	file	yes	yes	yes	0o666
snapshots/clean_build_20260414_0820/save_2026-04-07/GVL_DEBUG.gvl	file	yes	yes	yes	0o666
snapshots/clean_build_20260414_0820/save_2026-04-07/GVL_GATEWAY.gvl	file	yes	yes	yes	0o666
snapshots/clean_build_20260414_0820/save_2026-04-07/GVL_HEALTH_BRIDGE.st	file	yes	yes	yes	0o666
snapshots/clean_build_20260414_0820/save_2026-04-07/GVL_IO.gvl	file	yes	yes	yes	0o666
snapshots/clean_build_20260414_0820/save_2026-04-07/GVL_MODBUS.gvl	file	yes	yes	yes	0o666
snapshots/clean_build_20260414_0820/save_2026-04-07/GVL_Retain.gvl	file	yes	yes	yes	0o666
snapshots/clean_build_20260414_0820/save_2026-04-07/GVL_STATE.gvl	file	yes	yes	yes	0o666
snapshots/clean_build_20260414_0820/save_2026-04-07/GVL_STATUS.gvl	file	yes	yes	yes	0o666
snapshots/clean_build_20260414_0820/save_2026-04-07/IValveController.st	file	yes	yes	yes	0o666
snapshots/clean_build_20260414_0820/save_2026-04-07/MAIN.st	file	yes	yes	yes	0o666
snapshots/clean_build_20260414_0820/save_2026-04-07/PRG_Heating.st	file	yes	yes	yes	0o666
snapshots/clean_build_20260414_0820/save_2026-04-07/PRG_IO_Read.st	file	yes	yes	yes	0o666
snapshots/clean_build_20260414_0820/save_2026-04-07/PRG_IO_Write.st	file	yes	yes	yes	0o666
snapshots/clean_build_20260414_0820/save_2026-04-07/PRG_Lighting.st	file	yes	yes	yes	0o666
snapshots/clean_build_20260414_0820/save_2026-04-07/PRG_PLC_A.st	file	yes	yes	yes	0o666
snapshots/clean_build_20260414_0820/save_2026-04-07/PRG_PLC_B.st	file	yes	yes	yes	0o666
snapshots/clean_build_20260414_0820/save_2026-04-07/PRG_Safety.st	file	yes	yes	yes	0o666
snapshots/clean_build_20260414_0820/save_2026-04-07/PRG_Security.st	file	yes	yes	yes	0o666
snapshots/clean_build_20260414_0820/save_2026-04-07/PRG_System.st	file	yes	yes	yes	0o666
snapshots/clean_build_20260414_0820/save_2026-04-07/PRG_Test.st	file	yes	yes	yes	0o666
snapshots/clean_build_20260414_0820/save_2026-04-07/PRG_Ventilation.st	file	yes	yes	yes	0o666
snapshots/clean_build_20260414_0820/save_2026-04-07/ST_Alarm_Record.dut	file	yes	yes	yes	0o666
snapshots/clean_build_20260414_0820/save_2026-04-07/ST_BlackBox_Record.dut	file	yes	yes	yes	0o666
snapshots/clean_build_20260414_0820/save_2026-04-07/ST_BlackBox_Record.st	file	yes	yes	yes	0o666
snapshots/clean_build_20260414_0820/save_2026-04-07/ST_Boiler_Status.dut	file	yes	yes	yes	0o666
snapshots/clean_build_20260414_0820/save_2026-04-07/ST_DHW_Config.dut	file	yes	yes	yes	0o666
snapshots/clean_build_20260414_0820/save_2026-04-07/ST_DHW_Status.dut	file	yes	yes	yes	0o666
snapshots/clean_build_20260414_0820/save_2026-04-07/ST_Flood_Global_Config.dut	file	yes	yes	yes	0o666
snapshots/clean_build_20260414_0820/save_2026-04-07/ST_FloorHeating_Circuit_Config.dut	file	yes	yes	yes	0o666
snapshots/clean_build_20260414_0820/save_2026-04-07/ST_Gateway_Command.dut	file	yes	yes	yes	0o666
snapshots/clean_build_20260414_0820/save_2026-04-07/ST_Heating_Config.dut	file	yes	yes	yes	0o666
snapshots/clean_build_20260414_0820/save_2026-04-07/ST_History_Record.dut	file	yes	yes	yes	0o666
snapshots/clean_build_20260414_0820/save_2026-04-07/ST_Manifold_Status.dut	file	yes	yes	yes	0o666
snapshots/clean_build_20260414_0820/save_2026-04-07/ST_Rule_Action.dut	file	yes	yes	yes	0o666
snapshots/clean_build_20260414_0820/save_2026-04-07/ST_Scenario_Config.dut	file	yes	yes	yes	0o666
snapshots/clean_build_20260414_0820/save_2026-04-07/ST_Security_Global_Config.dut	file	yes	yes	yes	0o666
snapshots/clean_build_20260414_0820/save_2026-04-07/ST_System_State_Snapshot.dut	file	yes	yes	yes	0o666
snapshots/clean_build_20260414_0820/save_2026-04-07/ST_Tariff_Config.dut	file	yes	yes	yes	0o666
snapshots/clean_build_20260414_0820/save_2026-04-07/ST_User_Rule.dut	file	yes	yes	yes	0o666
snapshots/clean_build_20260414_0820/save_2026-04-07/ST_Valve_Test_Config.dut	file	yes	yes	yes	0o666
snapshots/clean_build_20260414_0820/save_2026-04-07/ST_Ventilation_Global_Config.dut	file	yes	yes	yes	0o666
snapshots/clean_build_20260414_0820/steps/MASTER_PIPELINE/001_BASE.xml	file	yes	yes	yes	0o666
snapshots/clean_build_20260414_0820/steps/MASTER_PIPELINE/001_universal.log	file	yes	yes	yes	0o666
snapshots/clean_build_20260414_0820/steps/MASTER_PIPELINE/001_universal_pou_builder.log	file	yes	yes	yes	0o666
snapshots/clean_build_20260414_0820/steps/MASTER_PIPELINE/001_universal_pou_builder.py	file	yes	yes	yes	0o666
snapshots/clean_build_20260414_0820/steps/MASTER_PIPELINE/001_universal_pou_gvl.log	file	yes	yes	yes	0o666
snapshots/clean_build_20260414_0820/steps/MASTER_PIPELINE/001_universal_pou_gvl_builder.py	file	yes	yes	yes	0o666
snapshots/clean_build_20260414_0820/steps/MASTER_PIPELINE/003_GVL_BASELINE_INPUT.xml	file	yes	yes	yes	0o666
snapshots/clean_build_20260414_0820/steps/MASTER_PIPELINE/003_RESULT.xml	file	yes	yes	yes	0o666
snapshots/clean_build_20260414_0820/steps/MASTER_PIPELINE/003_import_gvl.py	file	yes	yes	yes	0o666
snapshots/clean_build_20260414_0820/steps/MASTER_PIPELINE/004_RESULT.xml	file	yes	yes	yes	0o666
snapshots/clean_build_20260414_0820/steps/MASTER_PIPELINE/004_import_dut.log	file	yes	yes	yes	0o666
snapshots/clean_build_20260414_0820/steps/MASTER_PIPELINE/004_import_dut.py	file	yes	yes	yes	0o666
snapshots/clean_build_20260414_0820/steps/MASTER_PIPELINE/004_import_dut_run.log	file	yes	yes	yes	0o666
snapshots/clean_build_20260414_0820/steps/MASTER_PIPELINE/004_import_dut_v11.log	file	yes	yes	yes	0o666
snapshots/clean_build_20260414_0820/steps/MASTER_PIPELINE/004_precheck_dut.log	file	yes	yes	yes	0o666
snapshots/clean_build_20260414_0820/steps/MASTER_PIPELINE/005_PLAN.txt	file	yes	yes	yes	0o666
snapshots/clean_build_20260414_0820/steps/MASTER_PIPELINE/005_PRG_PLAN.txt	file	yes	yes	yes	0o666
snapshots/clean_build_20260414_0820/steps/MASTER_PIPELINE/005_RESULT.xml	file	yes	yes	yes	0o666
snapshots/clean_build_20260414_0820/steps/MASTER_PIPELINE/005_import_prg.log	file	yes	yes	yes	0o666
snapshots/clean_build_20260414_0820/steps/MASTER_PIPELINE/005_import_prg.py	file	yes	yes	yes	0o666
snapshots/clean_build_20260414_0820/steps/MASTER_PIPELINE/005_import_prg_v2.log	file	yes	yes	yes	0o666
snapshots/clean_build_20260414_0820/steps/MASTER_PIPELINE/005_import_prg_v2.py	file	yes	yes	yes	0o666
snapshots/clean_build_20260414_0820/steps/MASTER_PIPELINE/999_archive_flatten_copy.py.txt	file	yes	yes	yes	0o666
snapshots/clean_build_20260414_0820/steps/MASTER_PIPELINE/INIT.txt	file	yes	yes	yes	0o666
snapshots/clean_build_20260414_0820/steps/MASTER_PIPELINE/PRG.xml	file	yes	yes	yes	0o666
snapshots/clean_build_20260414_0820/steps/MASTER_PIPELINE/__pycache__/lib_codegen.cpython-312.pyc	file	yes	yes	yes	0o666
snapshots/clean_build_20260414_0820/steps/MASTER_PIPELINE/archive_legacy_004/004_apply_v3_enum_patch.py	file	yes	yes	yes	0o666
snapshots/clean_build_20260414_0820/steps/MASTER_PIPELINE/archive_legacy_004/004_fix_struct_initializer.py	file	yes	yes	yes	0o666
snapshots/clean_build_20260414_0820/steps/MASTER_PIPELINE/archive_legacy_004/004_force_patch_and_verify_v5.py	file	yes	yes	yes	0o666
snapshots/clean_build_20260414_0820/steps/MASTER_PIPELINE/archive_legacy_004/004_force_patch_parse_enum_v4.py	file	yes	yes	yes	0o666
snapshots/clean_build_20260414_0820/steps/MASTER_PIPELINE/archive_legacy_004/004_import_dut_rebuild_v2.py	file	yes	yes	yes	0o666
snapshots/clean_build_20260414_0820/steps/MASTER_PIPELINE/archive_legacy_004/004_struct_initializer_analysis.md	file	yes	yes	yes	0o666
snapshots/clean_build_20260414_0820/steps/MASTER_PIPELINE/archive_legacy_004/004_struct_initializer_strategy.md	file	yes	yes	yes	0o666
snapshots/clean_build_20260414_0820/steps/MASTER_PIPELINE/archive_legacy_004/TEST_DUT_ARRAY_INIT.txt	file	yes	yes	yes	0o666
snapshots/clean_build_20260414_0820/steps/MASTER_PIPELINE/archive_legacy_004/TestDut.xml	file	yes	yes	yes	0o666
snapshots/clean_build_20260414_0820/steps/MASTER_PIPELINE/archive_logs/001_create_clean_base_with_anchor.log	file	yes	yes	yes	0o666
snapshots/clean_build_20260414_0820/steps/MASTER_PIPELINE/archive_logs/002_build_clean_master_from_fb.log	file	yes	yes	yes	0o666
snapshots/clean_build_20260414_0820/steps/MASTER_PIPELINE/archive_logs/002_insert_fb_from_st_and_refresh_projectstructure.log	file	yes	yes	yes	0o666
snapshots/clean_build_20260414_0820/steps/MASTER_PIPELINE/archive_logs/002_run_full.log	file	yes	yes	yes	0o666
snapshots/clean_build_20260414_0820/steps/MASTER_PIPELINE/archive_logs/003_GVL_FULL_STRUCT.log	file	yes	yes	yes	0o666
snapshots/clean_build_20260414_0820/steps/MASTER_PIPELINE/archive_logs/003_GVL_RAW_SYNTAX.log	file	yes	yes	yes	0o666
snapshots/clean_build_20260414_0820/steps/MASTER_PIPELINE/archive_logs/003_GVL_STRUCTURE_ANALYSIS.log	file	yes	yes	yes	0o666
snapshots/clean_build_20260414_0820/steps/MASTER_PIPELINE/archive_logs/003_GVL_TEMPLATE_CASES.log	file	yes	yes	yes	0o666
snapshots/clean_build_20260414_0820/steps/MASTER_PIPELINE/archive_logs/003_GVL_XML_TEMPLATE_ANALYSIS.log	file	yes	yes	yes	0o666
snapshots/clean_build_20260414_0820/steps/MASTER_PIPELINE/archive_logs/003_import_gvl.log	file	yes	yes	yes	0o666
snapshots/clean_build_20260414_0820/steps/MASTER_PIPELINE/archive_logs/004_import_dut_v11.log	file	yes	yes	yes	0o666
snapshots/clean_build_20260414_0820/steps/MASTER_PIPELINE/build_project.py	file	yes	yes	yes	0o666
snapshots/clean_build_20260414_0820/steps/MASTER_PIPELINE/build_project_cli.py	file	yes	yes	yes	0o666
snapshots/clean_build_20260414_0820/steps/MASTER_PIPELINE/build_project_v2.py	file	yes	yes	yes	0o666
snapshots/clean_build_20260414_0820/steps/MASTER_PIPELINE/lib_codegen.py	file	yes	yes	yes	0o666
snapshots/clean_build_20260414_0820/steps/MASTER_PIPELINE/logs/001_universal_pou_gvl.log	file	yes	yes	yes	0o666
snapshots/clean_build_20260414_0820/steps/MASTER_PIPELINE/logs/004_import_dut_v11.log	file	yes	yes	yes	0o666
snapshots/clean_build_20260414_0820/steps/MASTER_PIPELINE/out/003_RESULT.xml	file	yes	yes	yes	0o666
snapshots/clean_build_20260414_0820/steps/MASTER_PIPELINE/out/004_RESULT.xml	file	yes	yes	yes	0o666
snapshots/clean_build_20260414_0820/steps/MASTER_PIPELINE/Система умного дома.xml	file	yes	yes	yes	0o666
snapshots/clean_build_20260414_0820/workspace/WORKFLOW_GITHUB_CODESYS.md	file	yes	yes	yes	0o666
snapshots/clean_build_20260414_0820/workspace/compile_green_cleanup_inventory_2026-04-12.md	file	yes	yes	yes	0o666
snapshots/clean_build_20260414_0820/workspace/draft_v2_inventory_2026-04-12.md	file	yes	yes	yes	0o666
snapshots/clean_build_20260414_0820/workspace/dut_rebuild/INDEX.md	file	yes	yes	yes	0o666
snapshots/clean_build_20260414_0820/workspace/dut_rebuild/README.md	file	yes	yes	yes	0o666
snapshots/clean_build_20260414_0820/workspace/dut_rebuild/alarm/01_alarm_rebuild_plan.md	file	yes	yes	yes	0o666
snapshots/clean_build_20260414_0820/workspace/dut_rebuild/alarm/FB_Alarm_Compatibility_Package_DRAFT.st	file	yes	yes	yes	0o666
snapshots/clean_build_20260414_0820/workspace/dut_rebuild/alarm/FB_Alarm_Legacy_To_V2_Adapter_DRAFT.st	file	yes	yes	yes	0o666
snapshots/clean_build_20260414_0820/workspace/dut_rebuild/alarm/FB_Alarm_V2_To_Legacy_Adapter_DRAFT.st	file	yes	yes	yes	0o666
snapshots/clean_build_20260414_0820/workspace/dut_rebuild/alarm/ST_Alarm_Core_Record_V2.dut	file	yes	yes	yes	0o666
snapshots/clean_build_20260414_0820/workspace/dut_rebuild/alarm/ST_Alarm_Event_V2.dut	file	yes	yes	yes	0o666
snapshots/clean_build_20260414_0820/workspace/dut_rebuild/alarm/ST_Alarm_V2.dut	file	yes	yes	yes	0o666
snapshots/clean_build_20260414_0820/workspace/dut_rebuild/alarm/ST_Alarm_View_Record_V2.dut	file	yes	yes	yes	0o666
snapshots/clean_build_20260414_0820/workspace/dut_rebuild/alarm/integration/adapter_notes.md	file	yes	yes	yes	0o666
snapshots/clean_build_20260414_0820/workspace/dut_rebuild/alarm/runtime_hook/active_migration/plan.md	file	yes	yes	yes	0o666
snapshots/clean_build_20260414_0820/workspace/dut_rebuild/alarm/runtime_hook/staging_clone/FB_Alarm_Manager_STAGING.st	file	yes	yes	yes	0o666
snapshots/clean_build_20260414_0820/workspace/dut_rebuild/alarm/v2_core/01_alarm_v2_core_plan.md	file	yes	yes	yes	0o666
snapshots/clean_build_20260414_0820/workspace/dut_rebuild/alarm/v2_core/02_alarm_v2_migration_targets.md	file	yes	yes	yes	0o666
snapshots/clean_build_20260414_0820/workspace/dut_rebuild/alarm/v2_core/FB_Alarm_V2_Core_DRAFT.st	file	yes	yes	yes	0o666
snapshots/clean_build_20260414_0820/workspace/dut_rebuild/alarm/v2_core/README.md	file	yes	yes	yes	0o666
snapshots/clean_build_20260414_0820/workspace/dut_rebuild/alarm/v2_core/extraction/01_pending_queue_extraction_plan.md	file	yes	yes	yes	0o666
snapshots/clean_build_20260414_0820/workspace/dut_rebuild/alarm/v2_core/extraction/02_pending_queue_old_to_new_map.md	file	yes	yes	yes	0o666
snapshots/clean_build_20260414_0820/workspace/dut_rebuild/alarm/v2_core/extraction/03_next_runtime_step.md	file	yes	yes	yes	0o666
snapshots/clean_build_20260414_0820/workspace/dut_rebuild/alarm/v2_core/reports/00_alarm_v2_core_ready.txt	file	yes	yes	yes	0o666
snapshots/clean_build_20260414_0820/workspace/dut_rebuild/alarm/v2_core/reports/01_pending_queue_extraction_ready.txt	file	yes	yes	yes	0o666
snapshots/clean_build_20260414_0820/workspace/dut_rebuild/blinds_v2/README.md	file	yes	yes	yes	0o666
snapshots/clean_build_20260414_0820/workspace/dut_rebuild/blinds_v2/ST_Blinds_Command_V2.dut	file	yes	yes	yes	0o666
snapshots/clean_build_20260414_0820/workspace/dut_rebuild/blinds_v2/ST_Blinds_State_V2.dut	file	yes	yes	yes	0o666
snapshots/clean_build_20260414_0820/workspace/dut_rebuild/blinds_v2/compatibility/01_blinds_compatibility_plan.md	file	yes	yes	yes	0o666
snapshots/clean_build_20260414_0820/workspace/dut_rebuild/blinds_v2/compatibility/FB_Blinds_Legacy_To_V2_Command_Adapter_DRAFT.st	file	yes	yes	yes	0o666
snapshots/clean_build_20260414_0820/workspace/dut_rebuild/blinds_v2/compatibility/FB_Blinds_Legacy_To_V2_State_Adapter_DRAFT.st	file	yes	yes	yes	0o666
snapshots/clean_build_20260414_0820/workspace/dut_rebuild/blinds_v2/extraction/01_blinds_extraction_plan.md	file	yes	yes	yes	0o666
snapshots/clean_build_20260414_0820/workspace/dut_rebuild/blinds_v2/extraction/FB_Blinds_Command_Extractor_DRAFT.st	file	yes	yes	yes	0o666
snapshots/clean_build_20260414_0820/workspace/dut_rebuild/blinds_v2/extraction/FB_Blinds_State_Extractor_DRAFT.st	file	yes	yes	yes	0o666
snapshots/clean_build_20260414_0820/workspace/dut_rebuild/blinds_v2/reports/00_blinds_v2_package_ready.txt	file	yes	yes	yes	0o666
snapshots/clean_build_20260414_0820/workspace/dut_rebuild/blinds_v2/reports/02_blinds_staging_ready.txt	file	yes	yes	yes	0o666
snapshots/clean_build_20260414_0820/workspace/dut_rebuild/blinds_v2/staging/01_blinds_staging_plan.md	file	yes	yes	yes	0o666
snapshots/clean_build_20260414_0820/workspace/dut_rebuild/blinds_v2/staging/FB_Blinds_V2_Staging_DRAFT.st	file	yes	yes	yes	0o666
snapshots/clean_build_20260414_0820/workspace/dut_rebuild/blinds_v2/v2_core/01_blinds_v2_core_plan.md	file	yes	yes	yes	0o666
snapshots/clean_build_20260414_0820/workspace/dut_rebuild/blinds_v2/v2_core/FB_Blinds_V2_Core_DRAFT.st	file	yes	yes	yes	0o666
snapshots/clean_build_20260414_0820/workspace/dut_rebuild/dhw_v2/README.md	file	yes	yes	yes	0o666
snapshots/clean_build_20260414_0820/workspace/dut_rebuild/dhw_v2/ST_DHW_Command_V2.dut	file	yes	yes	yes	0o666
snapshots/clean_build_20260414_0820/workspace/dut_rebuild/dhw_v2/ST_DHW_State_V2.dut	file	yes	yes	yes	0o666
snapshots/clean_build_20260414_0820/workspace/dut_rebuild/dhw_v2/compatibility/01_dhw_compatibility_plan.md	file	yes	yes	yes	0o666
snapshots/clean_build_20260414_0820/workspace/dut_rebuild/dhw_v2/compatibility/FB_DHW_Legacy_To_V2_Command_Adapter_DRAFT.st	file	yes	yes	yes	0o666
snapshots/clean_build_20260414_0820/workspace/dut_rebuild/dhw_v2/compatibility/FB_DHW_Legacy_To_V2_State_Adapter_DRAFT.st	file	yes	yes	yes	0o666
snapshots/clean_build_20260414_0820/workspace/dut_rebuild/dhw_v2/extraction/01_dhw_extraction_plan.md	file	yes	yes	yes	0o666
snapshots/clean_build_20260414_0820/workspace/dut_rebuild/dhw_v2/extraction/FB_DHW_Command_Extractor_DRAFT.st	file	yes	yes	yes	0o666
snapshots/clean_build_20260414_0820/workspace/dut_rebuild/dhw_v2/extraction/FB_DHW_State_Extractor_DRAFT.st	file	yes	yes	yes	0o666
snapshots/clean_build_20260414_0820/workspace/dut_rebuild/dhw_v2/reports/00_dhw_v2_package_ready.txt	file	yes	yes	yes	0o666
snapshots/clean_build_20260414_0820/workspace/dut_rebuild/dhw_v2/reports/02_dhw_staging_ready.txt	file	yes	yes	yes	0o666
snapshots/clean_build_20260414_0820/workspace/dut_rebuild/dhw_v2/staging/01_dhw_staging_plan.md	file	yes	yes	yes	0o666
snapshots/clean_build_20260414_0820/workspace/dut_rebuild/dhw_v2/staging/FB_DHW_V2_Staging_DRAFT.st	file	yes	yes	yes	0o666
snapshots/clean_build_20260414_0820/workspace/dut_rebuild/dhw_v2/v2_core/01_dhw_v2_core_plan.md	file	yes	yes	yes	0o666
snapshots/clean_build_20260414_0820/workspace/dut_rebuild/dhw_v2/v2_core/FB_DHW_V2_Core_DRAFT.st	file	yes	yes	yes	0o666
snapshots/clean_build_20260414_0820/workspace/dut_rebuild/heating_v2/README.md	file	yes	yes	yes	0o666
snapshots/clean_build_20260414_0820/workspace/dut_rebuild/heating_v2/ST_Heating_Command_V2.dut	file	yes	yes	yes	0o666
snapshots/clean_build_20260414_0820/workspace/dut_rebuild/heating_v2/ST_Heating_State_V2.dut	file	yes	yes	yes	0o666
snapshots/clean_build_20260414_0820/workspace/dut_rebuild/heating_v2/compatibility/01_heating_compatibility_plan.md	file	yes	yes	yes	0o666
snapshots/clean_build_20260414_0820/workspace/dut_rebuild/heating_v2/compatibility/FB_Heating_Legacy_To_V2_Command_Adapter_DRAFT.st	file	yes	yes	yes	0o666
snapshots/clean_build_20260414_0820/workspace/dut_rebuild/heating_v2/compatibility/FB_Heating_Legacy_To_V2_State_Adapter_DRAFT.st	file	yes	yes	yes	0o666
snapshots/clean_build_20260414_0820/workspace/dut_rebuild/heating_v2/extraction/01_heating_extraction_plan.md	file	yes	yes	yes	0o666
snapshots/clean_build_20260414_0820/workspace/dut_rebuild/heating_v2/extraction/02_legacy_to_v2_map.md	file	yes	yes	yes	0o666
snapshots/clean_build_20260414_0820/workspace/dut_rebuild/heating_v2/reports/00_heating_v2_package_ready.txt	file	yes	yes	yes	0o666
snapshots/clean_build_20260414_0820/workspace/dut_rebuild/heating_v2/reports/01_heating_extraction_ready.txt	file	yes	yes	yes	0o666
snapshots/clean_build_20260414_0820/workspace/dut_rebuild/heating_v2/reports/02_heating_staging_ready.txt	file	yes	yes	yes	0o666
snapshots/clean_build_20260414_0820/workspace/dut_rebuild/heating_v2/staging/01_heating_staging_plan.md	file	yes	yes	yes	0o666
snapshots/clean_build_20260414_0820/workspace/dut_rebuild/heating_v2/staging/FB_Heating_V2_Staging_DRAFT.st	file	yes	yes	yes	0o666
snapshots/clean_build_20260414_0820/workspace/dut_rebuild/heating_v2/v2_core/01_heating_v2_core_plan.md	file	yes	yes	yes	0o666
snapshots/clean_build_20260414_0820/workspace/dut_rebuild/heating_v2/v2_core/FB_Heating_Command_Path_DRAFT.st	file	yes	yes	yes	0o666
snapshots/clean_build_20260414_0820/workspace/dut_rebuild/heating_v2/v2_core/FB_Heating_State_Path_DRAFT.st	file	yes	yes	yes	0o666
snapshots/clean_build_20260414_0820/workspace/dut_rebuild/heating_v2/v2_core/FB_Heating_V2_Core_DRAFT.st	file	yes	yes	yes	0o666
snapshots/clean_build_20260414_0820/workspace/dut_rebuild/history_blackbox/01_history_blackbox_rebuild_plan.md	file	yes	yes	yes	0o666
snapshots/clean_build_20260414_0820/workspace/dut_rebuild/history_blackbox/ST_BlackBox_Snapshot_V2.dut	file	yes	yes	yes	0o666
snapshots/clean_build_20260414_0820/workspace/dut_rebuild/history_blackbox/ST_History_Event_V2.dut	file	yes	yes	yes	0o666
snapshots/clean_build_20260414_0820/workspace/dut_rebuild/history_blackbox_v2/README.md	file	yes	yes	yes	0o666
snapshots/clean_build_20260414_0820/workspace/dut_rebuild/history_blackbox_v2/ST_BlackBox_Snapshot_V2.dut	file	yes	yes	yes	0o666
snapshots/clean_build_20260414_0820/workspace/dut_rebuild/history_blackbox_v2/ST_History_Event_V2.dut	file	yes	yes	yes	0o666
snapshots/clean_build_20260414_0820/workspace/dut_rebuild/history_blackbox_v2/compatibility/01_history_blackbox_compatibility_plan.md	file	yes	yes	yes	0o666
snapshots/clean_build_20260414_0820/workspace/dut_rebuild/history_blackbox_v2/compatibility/FB_BlackBox_Legacy_To_V2_Adapter_DRAFT.st	file	yes	yes	yes	0o666
snapshots/clean_build_20260414_0820/workspace/dut_rebuild/history_blackbox_v2/compatibility/FB_History_Legacy_To_V2_Adapter_DRAFT.st	file	yes	yes	yes	0o666
snapshots/clean_build_20260414_0820/workspace/dut_rebuild/history_blackbox_v2/reports/00_history_blackbox_v2_ready.txt	file	yes	yes	yes	0o666
snapshots/clean_build_20260414_0820/workspace/dut_rebuild/history_blackbox_v2/v2_core/01_history_blackbox_v2_core_plan.md	file	yes	yes	yes	0o666
snapshots/clean_build_20260414_0820/workspace/dut_rebuild/history_blackbox_v2/v2_core/FB_BlackBox_V2_Core_DRAFT.st	file	yes	yes	yes	0o666
snapshots/clean_build_20260414_0820/workspace/dut_rebuild/history_blackbox_v2/v2_core/FB_History_V2_Core_DRAFT.st	file	yes	yes	yes	0o666
snapshots/clean_build_20260414_0820/workspace/dut_rebuild/integration/01_rule_engine_integration_plan.md	file	yes	yes	yes	0o666
snapshots/clean_build_20260414_0820/workspace/dut_rebuild/integration/02_rule_engine_old_to_new_field_map.md	file	yes	yes	yes	0o666
snapshots/clean_build_20260414_0820/workspace/dut_rebuild/integration/03_rule_engine_open_questions.md	file	yes	yes	yes	0o666
snapshots/clean_build_20260414_0820/workspace/dut_rebuild/integration/04_rule_engine_adapter_draft.md	file	yes	yes	yes	0o666
snapshots/clean_build_20260414_0820/workspace/dut_rebuild/integration/05_rule_engine_condition_translation.md	file	yes	yes	yes	0o666
snapshots/clean_build_20260414_0820/workspace/dut_rebuild/integration/06_rule_engine_action_translation.md	file	yes	yes	yes	0o666
snapshots/clean_build_20260414_0820/workspace/dut_rebuild/integration/07_rule_engine_adapter_open_mismatches.md	file	yes	yes	yes	0o666
snapshots/clean_build_20260414_0820/workspace/dut_rebuild/integration/FB_Rule_Legacy_To_V2_Adapter_DRAFT.st	file	yes	yes	yes	0o666
snapshots/clean_build_20260414_0820/workspace/dut_rebuild/integration/FB_Rule_V2_To_Legacy_Adapter_DRAFT.st	file	yes	yes	yes	0o666
snapshots/clean_build_20260414_0820/workspace/dut_rebuild/integration/reports/05_rule_engine_adapter_ready.txt	file	yes	yes	yes	0o666
snapshots/clean_build_20260414_0820/workspace/dut_rebuild/integration/reports/06_rule_engine_bidirectional_ready.txt	file	yes	yes	yes	0o666
snapshots/clean_build_20260414_0820/workspace/dut_rebuild/integration/runtime_hook/01_runtime_hook_strategy.md	file	yes	yes	yes	0o666
snapshots/clean_build_20260414_0820/workspace/dut_rebuild/integration/runtime_hook/02_runtime_hook_package_layout.md	file	yes	yes	yes	0o666
snapshots/clean_build_20260414_0820/workspace/dut_rebuild/integration/runtime_hook/03_migration_checklist.md	file	yes	yes	yes	0o666
snapshots/clean_build_20260414_0820/workspace/dut_rebuild/integration/runtime_hook/04_test_checklist.md	file	yes	yes	yes	0o666
snapshots/clean_build_20260414_0820/workspace/dut_rebuild/integration/runtime_hook/05_next_real_runtime_step.txt	file	yes	yes	yes	0o666
snapshots/clean_build_20260414_0820/workspace/dut_rebuild/integration/runtime_hook/FB_Rule_Compatibility_Package_DRAFT.st	file	yes	yes	yes	0o666
snapshots/clean_build_20260414_0820/workspace/dut_rebuild/integration/runtime_hook/README.md	file	yes	yes	yes	0o666
snapshots/clean_build_20260414_0820/workspace/dut_rebuild/integration/runtime_hook/active_migration/01_insertion_point.md	file	yes	yes	yes	0o666
snapshots/clean_build_20260414_0820/workspace/dut_rebuild/integration/runtime_hook/active_migration/02_patch_strategy.md	file	yes	yes	yes	0o666
snapshots/clean_build_20260414_0820/workspace/dut_rebuild/integration/runtime_hook/active_migration/03_patch_diff_draft.md	file	yes	yes	yes	0o666
snapshots/clean_build_20260414_0820/workspace/dut_rebuild/integration/runtime_hook/active_migration/04_validation_checklist.md	file	yes	yes	yes	0o666
snapshots/clean_build_20260414_0820/workspace/dut_rebuild/integration/runtime_hook/active_migration/05_rollback_plan.md	file	yes	yes	yes	0o666
snapshots/clean_build_20260414_0820/workspace/dut_rebuild/integration/runtime_hook/active_migration/06_next_step.txt	file	yes	yes	yes	0o666
snapshots/clean_build_20260414_0820/workspace/dut_rebuild/integration/runtime_hook/active_migration/README.md	file	yes	yes	yes	0o666
snapshots/clean_build_20260414_0820/workspace/dut_rebuild/integration/runtime_hook/staging_clone/01_staging_clone_strategy.md	file	yes	yes	yes	0o666
snapshots/clean_build_20260414_0820/workspace/dut_rebuild/integration/runtime_hook/staging_clone/02_staging_clone_review_points.md	file	yes	yes	yes	0o666
snapshots/clean_build_20260414_0820/workspace/dut_rebuild/integration/runtime_hook/staging_clone/03_next_runtime_migration_package.md	file	yes	yes	yes	0o666
snapshots/clean_build_20260414_0820/workspace/dut_rebuild/integration/runtime_hook/staging_clone/FB_Rule_Engine_STAGING_BRIDGE_DRAFT.st	file	yes	yes	yes	0o666
snapshots/clean_build_20260414_0820/workspace/dut_rebuild/integration/runtime_hook/staging_clone/README.md	file	yes	yes	yes	0o666
snapshots/clean_build_20260414_0820/workspace/dut_rebuild/integration/runtime_hook/staging_clone/reports/07_staging_clone_ready.txt	file	yes	yes	yes	0o666
snapshots/clean_build_20260414_0820/workspace/dut_rebuild/lighting_v2/README.md	file	yes	yes	yes	0o666
snapshots/clean_build_20260414_0820/workspace/dut_rebuild/lighting_v2/ST_Lighting_Command_V2.dut	file	yes	yes	yes	0o666
snapshots/clean_build_20260414_0820/workspace/dut_rebuild/lighting_v2/ST_Lighting_State_V2.dut	file	yes	yes	yes	0o666
snapshots/clean_build_20260414_0820/workspace/dut_rebuild/lighting_v2/compatibility/01_lighting_compatibility_plan.md	file	yes	yes	yes	0o666
snapshots/clean_build_20260414_0820/workspace/dut_rebuild/lighting_v2/compatibility/FB_Lighting_Legacy_To_V2_Command_Adapter_DRAFT.st	file	yes	yes	yes	0o666
snapshots/clean_build_20260414_0820/workspace/dut_rebuild/lighting_v2/compatibility/FB_Lighting_Legacy_To_V2_State_Adapter_DRAFT.st	file	yes	yes	yes	0o666
snapshots/clean_build_20260414_0820/workspace/dut_rebuild/lighting_v2/extraction/01_lighting_extraction_plan.md	file	yes	yes	yes	0o666
snapshots/clean_build_20260414_0820/workspace/dut_rebuild/lighting_v2/extraction/FB_Lighting_Command_Extractor_DRAFT.st	file	yes	yes	yes	0o666
snapshots/clean_build_20260414_0820/workspace/dut_rebuild/lighting_v2/extraction/FB_Lighting_State_Extractor_DRAFT.st	file	yes	yes	yes	0o666
snapshots/clean_build_20260414_0820/workspace/dut_rebuild/lighting_v2/reports/00_lighting_v2_package_ready.txt	file	yes	yes	yes	0o666
snapshots/clean_build_20260414_0820/workspace/dut_rebuild/lighting_v2/reports/02_lighting_staging_ready.txt	file	yes	yes	yes	0o666
snapshots/clean_build_20260414_0820/workspace/dut_rebuild/lighting_v2/staging/01_lighting_staging_plan.md	file	yes	yes	yes	0o666
snapshots/clean_build_20260414_0820/workspace/dut_rebuild/lighting_v2/staging/FB_Lighting_V2_Staging_DRAFT.st	file	yes	yes	yes	0o666
snapshots/clean_build_20260414_0820/workspace/dut_rebuild/lighting_v2/v2_core/01_lighting_v2_core_plan.md	file	yes	yes	yes	0o666
snapshots/clean_build_20260414_0820/workspace/dut_rebuild/lighting_v2/v2_core/FB_Lighting_V2_Core_DRAFT.st	file	yes	yes	yes	0o666
snapshots/clean_build_20260414_0820/workspace/dut_rebuild/reports/00_rebuild_first_scope.md	file	yes	yes	yes	0o666
snapshots/clean_build_20260414_0820/workspace/dut_rebuild/reports/01_old_to_new_mapping.md	file	yes	yes	yes	0o666
snapshots/clean_build_20260414_0820/workspace/dut_rebuild/reports/02_next_integration_order.txt	file	yes	yes	yes	0o666
snapshots/clean_build_20260414_0820/workspace/dut_rebuild/reports/03_workspace_review.md	file	yes	yes	yes	0o666
snapshots/clean_build_20260414_0820/workspace/dut_rebuild/reports/04_next_execution_queue.txt	file	yes	yes	yes	0o666
snapshots/clean_build_20260414_0820/workspace/dut_rebuild/rule_engine/01_rule_engine_rebuild_plan.md	file	yes	yes	yes	0o666
snapshots/clean_build_20260414_0820/workspace/dut_rebuild/rule_engine/E_Rule_Data_Source_V2.dut	file	yes	yes	yes	0o666
snapshots/clean_build_20260414_0820/workspace/dut_rebuild/rule_engine/E_Rule_Target_Domain_V2.dut	file	yes	yes	yes	0o666
snapshots/clean_build_20260414_0820/workspace/dut_rebuild/rule_engine/E_Rule_Value_Type_V2.dut	file	yes	yes	yes	0o666
snapshots/clean_build_20260414_0820/workspace/dut_rebuild/rule_engine/ST_Rule_Action_V2.dut	file	yes	yes	yes	0o666
snapshots/clean_build_20260414_0820/workspace/dut_rebuild/rule_engine/ST_Rule_Condition_V2.dut	file	yes	yes	yes	0o666
snapshots/clean_build_20260414_0820/workspace/dut_rebuild/rule_engine/ST_User_Rule_V2.dut	file	yes	yes	yes	0o666
snapshots/clean_build_20260414_0820/workspace/dut_rebuild/socket_v2/README.md	file	yes	yes	yes	0o666
snapshots/clean_build_20260414_0820/workspace/dut_rebuild/socket_v2/ST_Socket_Command_V2.dut	file	yes	yes	yes	0o666
snapshots/clean_build_20260414_0820/workspace/dut_rebuild/socket_v2/ST_Socket_State_V2.dut	file	yes	yes	yes	0o666
snapshots/clean_build_20260414_0820/workspace/dut_rebuild/socket_v2/compatibility/01_socket_compatibility_plan.md	file	yes	yes	yes	0o666
snapshots/clean_build_20260414_0820/workspace/dut_rebuild/socket_v2/compatibility/FB_Socket_Legacy_To_V2_Command_Adapter_DRAFT.st	file	yes	yes	yes	0o666
snapshots/clean_build_20260414_0820/workspace/dut_rebuild/socket_v2/compatibility/FB_Socket_Legacy_To_V2_State_Adapter_DRAFT.st	file	yes	yes	yes	0o666
snapshots/clean_build_20260414_0820/workspace/dut_rebuild/socket_v2/extraction/01_socket_extraction_plan.md	file	yes	yes	yes	0o666
snapshots/clean_build_20260414_0820/workspace/dut_rebuild/socket_v2/extraction/FB_Socket_Command_Extractor_DRAFT.st	file	yes	yes	yes	0o666
snapshots/clean_build_20260414_0820/workspace/dut_rebuild/socket_v2/extraction/FB_Socket_State_Extractor_DRAFT.st	file	yes	yes	yes	0o666
snapshots/clean_build_20260414_0820/workspace/dut_rebuild/socket_v2/reports/00_socket_v2_package_ready.txt	file	yes	yes	yes	0o666
snapshots/clean_build_20260414_0820/workspace/dut_rebuild/socket_v2/reports/02_socket_staging_ready.txt	file	yes	yes	yes	0o666
snapshots/clean_build_20260414_0820/workspace/dut_rebuild/socket_v2/staging/01_socket_staging_plan.md	file	yes	yes	yes	0o666
snapshots/clean_build_20260414_0820/workspace/dut_rebuild/socket_v2/staging/FB_Socket_V2_Staging_DRAFT.st	file	yes	yes	yes	0o666
snapshots/clean_build_20260414_0820/workspace/dut_rebuild/socket_v2/v2_core/01_socket_v2_core_plan.md	file	yes	yes	yes	0o666
snapshots/clean_build_20260414_0820/workspace/dut_rebuild/socket_v2/v2_core/FB_Socket_V2_Core_DRAFT.st	file	yes	yes	yes	0o666
snapshots/clean_build_20260414_0820/workspace/dut_rebuild/ventilation_v2/README.md	file	yes	yes	yes	0o666
snapshots/clean_build_20260414_0820/workspace/dut_rebuild/ventilation_v2/ST_Ventilation_Command_V2.dut	file	yes	yes	yes	0o666
snapshots/clean_build_20260414_0820/workspace/dut_rebuild/ventilation_v2/ST_Ventilation_State_V2.dut	file	yes	yes	yes	0o666
snapshots/clean_build_20260414_0820/workspace/dut_rebuild/ventilation_v2/compatibility/01_ventilation_compatibility_plan.md	file	yes	yes	yes	0o666
snapshots/clean_build_20260414_0820/workspace/dut_rebuild/ventilation_v2/compatibility/FB_Ventilation_Legacy_To_V2_Command_Adapter_DRAFT.st	file	yes	yes	yes	0o666
snapshots/clean_build_20260414_0820/workspace/dut_rebuild/ventilation_v2/compatibility/FB_Ventilation_Legacy_To_V2_State_Adapter_DRAFT.st	file	yes	yes	yes	0o666
snapshots/clean_build_20260414_0820/workspace/dut_rebuild/ventilation_v2/extraction/01_ventilation_extraction_plan.md	file	yes	yes	yes	0o666
snapshots/clean_build_20260414_0820/workspace/dut_rebuild/ventilation_v2/extraction/02_legacy_to_v2_map.md	file	yes	yes	yes	0o666
snapshots/clean_build_20260414_0820/workspace/dut_rebuild/ventilation_v2/reports/00_ventilation_v2_package_ready.txt	file	yes	yes	yes	0o666
snapshots/clean_build_20260414_0820/workspace/dut_rebuild/ventilation_v2/reports/01_ventilation_extraction_ready.txt	file	yes	yes	yes	0o666
snapshots/clean_build_20260414_0820/workspace/dut_rebuild/ventilation_v2/reports/02_ventilation_staging_ready.txt	file	yes	yes	yes	0o666
snapshots/clean_build_20260414_0820/workspace/dut_rebuild/ventilation_v2/staging/01_ventilation_staging_plan.md	file	yes	yes	yes	0o666
snapshots/clean_build_20260414_0820/workspace/dut_rebuild/ventilation_v2/staging/FB_Ventilation_V2_Staging_DRAFT.st	file	yes	yes	yes	0o666
snapshots/clean_build_20260414_0820/workspace/dut_rebuild/ventilation_v2/v2_core/01_ventilation_v2_core_plan.md	file	yes	yes	yes	0o666
snapshots/clean_build_20260414_0820/workspace/dut_rebuild/ventilation_v2/v2_core/FB_Ventilation_Command_Path_DRAFT.st	file	yes	yes	yes	0o666
snapshots/clean_build_20260414_0820/workspace/dut_rebuild/ventilation_v2/v2_core/FB_Ventilation_State_Path_DRAFT.st	file	yes	yes	yes	0o666
snapshots/clean_build_20260414_0820/workspace/dut_rebuild/ventilation_v2/v2_core/FB_Ventilation_V2_Core_DRAFT.st	file	yes	yes	yes	0o666
snapshots/clean_build_20260414_0820/workspace/export_forensics/EXPORT_PRELIMINARY_ANALYSIS.md	file	yes	yes	yes	0o666
snapshots/clean_build_20260414_0820/workspace/export_forensics/EXPORT_STRUCTURE_NOTES.md	file	yes	yes	yes	0o666
snapshots/clean_build_20260414_0820/workspace/export_forensics/README.md	file	yes	yes	yes	0o666
snapshots/clean_build_20260414_0820/workspace/export_forensics/XML_EXPORT_STRUCTURE_FINDINGS_2026-04-06.md	file	yes	yes	yes	0o666
snapshots/clean_build_20260414_0820/workspace/export_forensics/sandbox/BULK_ANCHOR_REPORT.txt	file	yes	yes	yes	0o666
snapshots/clean_build_20260414_0820/workspace/export_forensics/sandbox/DUT_VS_XML_COMPARE_REPORT.txt	file	yes	yes	yes	0o666
snapshots/clean_build_20260414_0820/workspace/export_forensics/sandbox/FB_Astro_Timer_diagnostic_report.txt	file	yes	yes	yes	0o666
snapshots/clean_build_20260414_0820/workspace/export_forensics/sandbox/FB_Astro_Timer_impl_patch_report.txt	file	yes	yes	yes	0o666
snapshots/clean_build_20260414_0820/workspace/export_forensics/sandbox/FB_IMPORT_STATUS_CONFIRMED.md	file	yes	yes	yes	0o666
snapshots/clean_build_20260414_0820/workspace/export_forensics/sandbox/FB_VAR_IN_CODE_REPORT_V8.txt	file	yes	yes	yes	0o666
snapshots/clean_build_20260414_0820/workspace/export_forensics/sandbox/HML_STRUCTURE_REPORT.txt	file	yes	yes	yes	0o666
snapshots/clean_build_20260414_0820/workspace/export_forensics/sandbox/INTERFACE_PREVIEW.txt	file	yes	yes	yes	0o666
snapshots/clean_build_20260414_0820/workspace/export_forensics/sandbox/MISSING_POU_PRIORITY_REPORT.txt	file	yes	yes	yes	0o666
snapshots/clean_build_20260414_0820/workspace/export_forensics/sandbox/REBUILD_FB_LOG_V9.txt	file	yes	yes	yes	0o666
snapshots/clean_build_20260414_0820/workspace/export_forensics/sandbox/SMART_HOME_SANDBOX.xml	file	yes	yes	yes	0o666
snapshots/clean_build_20260414_0820/workspace/export_forensics/sandbox/SMART_HOME_SANDBOX_MASTER_BASE.xml	file	yes	yes	yes	0o666
snapshots/clean_build_20260414_0820/workspace/export_forensics/sandbox/SMART_HOME_SANDBOX_MASTER_V001_BASE.xml	file	yes	yes	yes	0o666
snapshots/clean_build_20260414_0820/workspace/export_forensics/sandbox/SMART_HOME_SANDBOX_V2.xml	file	yes	yes	yes	0o666
snapshots/clean_build_20260414_0820/workspace/export_forensics/sandbox/SMART_HOME_SANDBOX_V3.xml	file	yes	yes	yes	0o666
snapshots/clean_build_20260414_0820/workspace/export_forensics/sandbox/SMART_HOME_SANDBOX_V4.xml	file	yes	yes	yes	0o666
snapshots/clean_build_20260414_0820/workspace/export_forensics/sandbox/SMART_HOME_SANDBOX_V5.xml	file	yes	yes	yes	0o666
snapshots/clean_build_20260414_0820/workspace/export_forensics/sandbox/SMART_HOME_SANDBOX_V6.xml	file	yes	yes	yes	0o666
snapshots/clean_build_20260414_0820/workspace/export_forensics/sandbox/SMART_HOME_SANDBOX_V7.xml	file	yes	yes	yes	0o666
snapshots/clean_build_20260414_0820/workspace/export_forensics/sandbox/SMART_HOME_SANDBOX_V8.xml	file	yes	yes	yes	0o666
snapshots/clean_build_20260414_0820/workspace/export_forensics/sandbox/SMART_HOME_SANDBOX_V9.xml	file	yes	yes	yes	0o666
snapshots/clean_build_20260414_0820/workspace/export_forensics/sandbox/XML_BULK_CLONE_PARAM_REPORT_V8.txt	file	yes	yes	yes	0o666
snapshots/clean_build_20260414_0820/workspace/export_forensics/sandbox/XML_BULK_CLONE_REPORT.txt	file	yes	yes	yes	0o666
snapshots/clean_build_20260414_0820/workspace/export_forensics/sandbox/XML_BULK_CLONE_VERIFIED_REPORT.txt	file	yes	yes	yes	0o666
snapshots/clean_build_20260414_0820/workspace/export_forensics/sandbox/XML_BULK_DUT_FIXED_REPORT.txt	file	yes	yes	yes	0o666
snapshots/clean_build_20260414_0820/workspace/export_forensics/sandbox/XML_BULK_SYNC_REPORT.txt	file	yes	yes	yes	0o666
snapshots/clean_build_20260414_0820/workspace/export_forensics/sandbox/XML_BULK_SYNC_REPORT_FINAL.txt	file	yes	yes	yes	0o666
snapshots/clean_build_20260414_0820/workspace/export_forensics/sandbox/XML_BULK_SYNC_REPORT_V3.txt	file	yes	yes	yes	0o666
snapshots/clean_build_20260414_0820/workspace/export_forensics/sandbox/XML_BULK_SYNC_REPORT_V4.txt	file	yes	yes	yes	0o666
snapshots/clean_build_20260414_0820/workspace/export_forensics/sandbox/XML_BULK_SYNC_REPORT_V8.txt	file	yes	yes	yes	0o666
snapshots/clean_build_20260414_0820/workspace/export_forensics/sandbox/XML_CLONE_POU_REPORT.txt	file	yes	yes	yes	0o666
snapshots/clean_build_20260414_0820/workspace/export_forensics/sandbox/XML_CLONE_WATCHDOG_V5_REPORT.txt	file	yes	yes	yes	0o666
snapshots/clean_build_20260414_0820/workspace/export_forensics/sandbox/XML_DUT_INVENTORY_REPORT.txt	file	yes	yes	yes	0o666
snapshots/clean_build_20260414_0820/workspace/export_forensics/sandbox/XML_DUT_SYNC_REPORT.txt	file	yes	yes	yes	0o666
snapshots/clean_build_20260414_0820/workspace/export_forensics/sandbox/XML_FORCE_ALL_DUT_REPORT.txt	file	yes	yes	yes	0o666
snapshots/clean_build_20260414_0820/workspace/export_forensics/sandbox/XML_INSERT_MUST_HAVE_POU_REPORT.txt	file	yes	yes	yes	0o666
snapshots/clean_build_20260414_0820/workspace/export_forensics/sandbox/XML_INSERT_SINGLE_POU_REPORT.txt	file	yes	yes	yes	0o666
snapshots/clean_build_20260414_0820/workspace/export_forensics/sandbox/XML_INTERFACE_PREVIEW.txt	file	yes	yes	yes	0o666
snapshots/clean_build_20260414_0820/workspace/export_forensics/sandbox/XML_INTERFACE_PREVIEW_CLEAN.txt	file	yes	yes	yes	0o666
snapshots/clean_build_20260414_0820/workspace/export_forensics/sandbox/XML_INTERFACE_PREVIEW_CLEAN_V2.txt	file	yes	yes	yes	0o666
snapshots/clean_build_20260414_0820/workspace/export_forensics/sandbox/XML_POU_NAMES_REPORT.txt	file	yes	yes	yes	0o666
snapshots/clean_build_20260414_0820/workspace/export_forensics/sandbox/XML_POU_PATCH_REPORT_V3.txt	file	yes	yes	yes	0o666
snapshots/clean_build_20260414_0820/workspace/export_forensics/sandbox/XML_STRICT_INSERT_REPORT.txt	file	yes	yes	yes	0o666
snapshots/clean_build_20260414_0820/workspace/export_forensics/sandbox/apply_151_run.log	file	yes	yes	yes	0o666
snapshots/clean_build_20260414_0820/workspace/export_forensics/sandbox/fb_astro_timer_diff/00_summary.txt	file	yes	yes	yes	0o666
snapshots/clean_build_20260414_0820/workspace/export_forensics/sandbox/fb_astro_timer_diff/01_st_source_path.txt	file	yes	yes	yes	0o666
snapshots/clean_build_20260414_0820/workspace/export_forensics/sandbox/fb_astro_timer_diff/02_repo_st_source.st	file	yes	yes	yes	0o666
snapshots/clean_build_20260414_0820/workspace/export_forensics/sandbox/fb_astro_timer_diff/03_xml_pou_fragment.xml	file	yes	yes	yes	0o666
snapshots/clean_build_20260414_0820/workspace/export_forensics/sandbox/fb_astro_timer_diff/04_xml_body_extracted.st	file	yes	yes	yes	0o666
snapshots/clean_build_20260414_0820/workspace/export_forensics/sandbox/fb_astro_timer_diff/05_unified_diff.txt	file	yes	yes	yes	0o666
snapshots/clean_build_20260414_0820/workspace/export_forensics/sandbox/pou_template_study/00_summary.txt	file	yes	yes	yes	0o666
snapshots/clean_build_20260414_0820/workspace/export_forensics/sandbox/pou_template_study/functionBlock_template.xml	file	yes	yes	yes	0o666
snapshots/clean_build_20260414_0820/workspace/export_forensics/sandbox/pou_template_study/program_template.xml	file	yes	yes	yes	0o666
snapshots/clean_build_20260414_0820/workspace/gvl_constants_inventory_2026-04-12.md	file	yes	yes	yes	0o666
snapshots/clean_build_20260414_0820/workspace/index/root_repo_index.log	file	yes	yes	yes	0o666
snapshots/clean_build_20260414_0820/workspace/logs/2026-04-11_archive_flatten.log	file	yes	yes	yes	0o666
snapshots/clean_build_20260414_0820/workspace/logs/2026-04-11_archive_flatten_report.txt	file	yes	yes	yes	0o666
snapshots/clean_build_20260414_0820/workspace/logs/2026-04-11_steps_cleanup.log	file	yes	yes	yes	0o666
snapshots/clean_build_20260414_0820/workspace/logs/2026-04-11_steps_cleanup_diff.log	file	yes	yes	yes	0o666
snapshots/clean_build_20260414_0820/workspace/logs/2026-04-11_steps_cleanup_run.log	file	yes	yes	yes	0o666
snapshots/clean_build_20260414_0820/workspace/logs/2026-04-11_steps_cleanup_status.log	file	yes	yes	yes	0o666
snapshots/clean_build_20260414_0820/workspace/logs/2026-04-11_steps_cleanup_tree.log	file	yes	yes	yes	0o666
snapshots/clean_build_20260414_0820/workspace/logs/compiler_logs_preview.log	file	yes	yes	yes	0o666
snapshots/clean_build_20260414_0820/workspace/logs/compiler_logs_tree.log	file	yes	yes	yes	0o666
snapshots/clean_build_20260414_0820/workspace/logs/compiler_tree.log	file	yes	yes	yes	0o666
snapshots/clean_build_20260414_0820/workspace/logs/steps_actual_tree.log	file	yes	yes	yes	0o666
snapshots/clean_build_20260414_0820/workspace/system_layer_cleanup/README.md	file	yes	yes	yes	0o666
snapshots/clean_build_20260414_0820/workspace/system_layer_cleanup/comparison/01_comparison_plan.md	file	yes	yes	yes	0o666
snapshots/clean_build_20260414_0820/workspace/system_layer_cleanup/comparison/02_comparison_signals.txt	file	yes	yes	yes	0o666
snapshots/clean_build_20260414_0820/workspace/system_layer_cleanup/comparison/03_next_steps.txt	file	yes	yes	yes	0o666
snapshots/clean_build_20260414_0820/workspace/system_layer_cleanup/comparison/flags/01_comparison_flags_scope.md	file	yes	yes	yes	0o666
snapshots/clean_build_20260414_0820/workspace/system_layer_cleanup/comparison/flags/02_comparison_flags_mapping.txt	file	yes	yes	yes	0o666
snapshots/clean_build_20260414_0820/workspace/system_layer_cleanup/comparison/flags/FB_CoreKernel_Comparison_Flags_DRAFT.st	file	yes	yes	yes	0o666
snapshots/clean_build_20260414_0820/workspace/system_layer_cleanup/comparison/harness/01_comparison_harness_scope.md	file	yes	yes	yes	0o666
snapshots/clean_build_20260414_0820/workspace/system_layer_cleanup/comparison/harness/02_harness_mapping.txt	file	yes	yes	yes	0o666
snapshots/clean_build_20260414_0820/workspace/system_layer_cleanup/comparison/harness/03_legacy_path_ready_candidates.txt	file	yes	yes	yes	0o666
snapshots/clean_build_20260414_0820/workspace/system_layer_cleanup/comparison/harness/04_selected_legacy_path_ready_source.txt	file	yes	yes	yes	0o666
snapshots/clean_build_20260414_0820/workspace/system_layer_cleanup/comparison/harness/05_first_live_binding_plan.md	file	yes	yes	yes	0o666
snapshots/clean_build_20260414_0820/workspace/system_layer_cleanup/comparison/harness/06_first_live_binding_mapping.txt	file	yes	yes	yes	0o666
snapshots/clean_build_20260414_0820/workspace/system_layer_cleanup/comparison/harness/FB_CoreKernel_Comparison_Harness_DRAFT.st	file	yes	yes	yes	0o666
snapshots/clean_build_20260414_0820/workspace/system_layer_cleanup/comparison/harness/FB_CoreKernel_First_Live_Binding_DRAFT.st	file	yes	yes	yes	0o666
snapshots/clean_build_20260414_0820/workspace/system_layer_cleanup/comparison/live_observer/01_live_observer_scope.md	file	yes	yes	yes	0o666
snapshots/clean_build_20260414_0820/workspace/system_layer_cleanup/comparison/live_observer/02_prg_system_binding_note.txt	file	yes	yes	yes	0o666
snapshots/clean_build_20260414_0820/workspace/system_layer_cleanup/comparison/live_observer/FB_CoreKernel_Live_Observer_DRAFT.st	file	yes	yes	yes	0o666
snapshots/clean_build_20260414_0820/workspace/system_layer_cleanup/comparison/shadow_outputs/01_shadow_outputs_scope.md	file	yes	yes	yes	0o666
snapshots/clean_build_20260414_0820/workspace/system_layer_cleanup/comparison/shadow_outputs/02_shadow_outputs_mapping.txt	file	yes	yes	yes	0o666
snapshots/clean_build_20260414_0820/workspace/system_layer_cleanup/comparison/shadow_outputs/FB_CoreKernel_Shadow_Outputs_DRAFT.st	file	yes	yes	yes	0o666
snapshots/clean_build_20260414_0820/workspace/system_layer_cleanup/inventory/00_expected_entrypoints.txt	file	yes	yes	yes	0o666
snapshots/clean_build_20260414_0820/workspace/system_layer_cleanup/plans/01_system_layer_cleanup_plan.md	file	yes	yes	yes	0o666
snapshots/clean_build_20260414_0820/workspace/system_layer_cleanup/plans/02_prg_system_module_split.txt	file	yes	yes	yes	0o666
snapshots/clean_build_20260414_0820/workspace/system_layer_cleanup/reports/00_system_layer_wave_opened.txt	file	yes	yes	yes	0o666
snapshots/clean_build_20260414_0820/workspace/system_layer_cleanup/reports/01_system_entrypoints_discovery.txt	file	yes	yes	yes	0o666
snapshots/clean_build_20260414_0820/workspace/system_layer_cleanup/reports/02_system_entrypoints_filtered.txt	file	yes	yes	yes	0o666
snapshots/clean_build_20260414_0820/workspace/system_layer_cleanup/reports/03_main_call_map.txt	file	yes	yes	yes	0o666
snapshots/clean_build_20260414_0820/workspace/system_layer_cleanup/reports/04_prg_system_call_map.txt	file	yes	yes	yes	0o666
snapshots/clean_build_20260414_0820/workspace/system_layer_cleanup/reports/05_prg_system_section_inventory.txt	file	yes	yes	yes	0o666
snapshots/clean_build_20260414_0820/workspace/system_layer_cleanup/reports/06_prg_system_core_kernel_mapping.txt	file	yes	yes	yes	0o666
snapshots/clean_build_20260414_0820/workspace/system_layer_cleanup/reports/07_core_kernel_boundaries.txt	file	yes	yes	yes	0o666
snapshots/clean_build_20260414_0820/workspace/system_layer_cleanup/reports/08_plc_ab_failover_discovery.txt	file	yes	yes	yes	0o666
snapshots/clean_build_20260414_0820/workspace/system_layer_cleanup/split_scaffold/README.md	file	yes	yes	yes	0o666
snapshots/clean_build_20260414_0820/workspace/system_layer_cleanup/split_scaffold/alarm_layer/FB_AlarmLayer_DRAFT.st	file	yes	yes	yes	0o666
snapshots/clean_build_20260414_0820/workspace/system_layer_cleanup/split_scaffold/core_kernel/03_core_kernel_shadow_plan.md	file	yes	yes	yes	0o666
snapshots/clean_build_20260414_0820/workspace/system_layer_cleanup/split_scaffold/core_kernel/04_core_kernel_shadow_execution_notes.md	file	yes	yes	yes	0o666
snapshots/clean_build_20260414_0820/workspace/system_layer_cleanup/split_scaffold/core_kernel/FB_CoreKernel_DRAFT.st	file	yes	yes	yes	0o666
snapshots/clean_build_20260414_0820/workspace/system_layer_cleanup/split_scaffold/core_kernel/FB_CoreKernel_Shadow_Exec_DRAFT.st	file	yes	yes	yes	0o666
snapshots/clean_build_20260414_0820/workspace/system_layer_cleanup/split_scaffold/core_kernel/FB_CoreKernel_Shadow_Stub_DRAFT.st	file	yes	yes	yes	0o666
snapshots/clean_build_20260414_0820/workspace/system_layer_cleanup/split_scaffold/core_kernel/redundancy_slice/01_redundancy_shadow_scope.md	file	yes	yes	yes	0o666
snapshots/clean_build_20260414_0820/workspace/system_layer_cleanup/split_scaffold/core_kernel/redundancy_slice/02_redundancy_shadow_mapping.txt	file	yes	yes	yes	0o666
snapshots/clean_build_20260414_0820/workspace/system_layer_cleanup/split_scaffold/core_kernel/redundancy_slice/FB_Redundancy_Shadow_Slice_DRAFT.st	file	yes	yes	yes	0o666
snapshots/clean_build_20260414_0820/workspace/system_layer_cleanup/split_scaffold/core_kernel/safety_slice/01_safety_shadow_scope.md	file	yes	yes	yes	0o666
snapshots/clean_build_20260414_0820/workspace/system_layer_cleanup/split_scaffold/core_kernel/safety_slice/02_safety_shadow_mapping.txt	file	yes	yes	yes	0o666
snapshots/clean_build_20260414_0820/workspace/system_layer_cleanup/split_scaffold/core_kernel/safety_slice/FB_Safety_Shadow_Slice_DRAFT.st	file	yes	yes	yes	0o666
snapshots/clean_build_20260414_0820/workspace/system_layer_cleanup/split_scaffold/core_kernel/state_manager_slice/01_state_manager_scope.md	file	yes	yes	yes	0o666
snapshots/clean_build_20260414_0820/workspace/system_layer_cleanup/split_scaffold/core_kernel/state_manager_slice/02_state_manager_mapping.txt	file	yes	yes	yes	0o666
snapshots/clean_build_20260414_0820/workspace/system_layer_cleanup/split_scaffold/core_kernel/state_manager_slice/FB_StateManager_Shadow_Slice_DRAFT.st	file	yes	yes	yes	0o666
snapshots/clean_build_20260414_0820/workspace/system_layer_cleanup/split_scaffold/core_kernel/watchdog_health_slice/01_watchdog_health_scope.md	file	yes	yes	yes	0o666
snapshots/clean_build_20260414_0820/workspace/system_layer_cleanup/split_scaffold/core_kernel/watchdog_health_slice/02_watchdog_health_mapping.txt	file	yes	yes	yes	0o666
snapshots/clean_build_20260414_0820/workspace/system_layer_cleanup/split_scaffold/core_kernel/watchdog_health_slice/FB_SystemHealth_Shadow_Slice_DRAFT.st	file	yes	yes	yes	0o666
snapshots/clean_build_20260414_0820/workspace/system_layer_cleanup/split_scaffold/core_kernel/watchdog_health_slice/FB_Watchdog_Shadow_Slice_DRAFT.st	file	yes	yes	yes	0o666
snapshots/clean_build_20260414_0820/workspace/system_layer_cleanup/split_scaffold/external_interface/FB_ExternalInterface_DRAFT.st	file	yes	yes	yes	0o666
snapshots/clean_build_20260414_0820/workspace/system_layer_cleanup/split_scaffold/persistence/FB_PersistenceLayer_DRAFT.st	file	yes	yes	yes	0o666
snapshots/clean_build_20260414_0820/workspace/system_layer_cleanup/split_scaffold/scenario_layer/FB_ScenarioLayer_DRAFT.st	file	yes	yes	yes	0o666
snapshots/clean_build_20260414_0820/workspace/system_layer_cleanup/split_scaffold/time_context/FB_TimeContext_DRAFT.st	file	yes	yes	yes	0o666
snapshots/clean_build_20260414_0820/Система умного дома.xml	file	yes	yes	yes	0o666
snapshots/clean_build_20260414_0820/компилятор/build_project.py	file	yes	yes	yes	0o666
snapshots/clean_build_20260414_0820/компилятор/build_project_cli.py	file	yes	yes	yes	0o666
snapshots/clean_build_20260414_0820/компилятор/build_project_compat.py	file	yes	yes	yes	0o666
snapshots/clean_build_20260414_0820/компилятор/build_project_v1.py	file	yes	yes	yes	0o666
snapshots/clean_build_20260414_0820/компилятор/build_project_varfix_full.py	file	yes	yes	yes	0o666
snapshots/clean_build_20260414_0820/компилятор/fix_array_bounds_constants.py	file	yes	yes	yes	0o666
snapshots/clean_build_20260414_0820/компилятор/fix_array_bounds_literals.py	file	yes	yes	yes	0o666
snapshots/clean_build_20260414_0820/компилятор/fix_missing_draft_fb_only.py	file	yes	yes	yes	0o666
snapshots/clean_build_20260414_0820/компилятор/fix_missing_v2_draft_stubs.py	file	yes	yes	yes	0o666
snapshots/clean_build_20260414_0820/компилятор/import_codesys_FINAL.py	file	yes	yes	yes	0o666
snapshots/clean_build_20260414_0820/компилятор/import_codesys_FINAL.py.txt	file	yes	yes	yes	0o666
snapshots/clean_build_20260414_0820/компилятор/logs/001_universal_pou_gvl.log	file	yes	yes	yes	0o666
snapshots/clean_build_20260414_0820/компилятор/logs/004_import_dut_v11.log	file	yes	yes	yes	0o666
snapshots/clean_build_20260414_0820/компилятор/logs/build_after_adapter.log	file	yes	yes	yes	0o666
snapshots/clean_build_20260414_0820/компилятор/logs/build_after_alarm_block.log	file	yes	yes	yes	0o666
snapshots/clean_build_20260414_0820/компилятор/logs/build_after_array_fix.log	file	yes	yes	yes	0o666
snapshots/clean_build_20260414_0820/компилятор/logs/build_after_body_contract_fix.log	file	yes	yes	yes	0o666
snapshots/clean_build_20260414_0820/компилятор/logs/build_after_config_safety_fix.log	file	yes	yes	yes	0o666
snapshots/clean_build_20260414_0820/компилятор/logs/build_after_constants.log	file	yes	yes	yes	0o666
snapshots/clean_build_20260414_0820/компилятор/logs/build_after_constants_aliases.log	file	yes	yes	yes	0o666
snapshots/clean_build_20260414_0820/компилятор/logs/build_after_draft_contracts.log	file	yes	yes	yes	0o666
snapshots/clean_build_20260414_0820/компилятор/logs/build_after_draft_fb.log	file	yes	yes	yes	0o666
snapshots/clean_build_20260414_0820/компилятор/logs/build_after_dut_cleanup.log	file	yes	yes	yes	0o666
snapshots/clean_build_20260414_0820/компилятор/logs/build_after_exact_fix.log	file	yes	yes	yes	0o666
snapshots/clean_build_20260414_0820/компилятор/logs/build_after_exact_remaining_fix.log	file	yes	yes	yes	0o666
snapshots/clean_build_20260414_0820/компилятор/logs/build_after_f_timediff_fix.log	file	yes	yes	yes	0o666
snapshots/clean_build_20260414_0820/компилятор/logs/build_after_f_timediff_removal.log	file	yes	yes	yes	0o666
snapshots/clean_build_20260414_0820/компилятор/logs/build_after_fast_fixes.log	file	yes	yes	yes	0o666
snapshots/clean_build_20260414_0820/компилятор/logs/build_after_final_type_contracts.log	file	yes	yes	yes	0o666
snapshots/clean_build_20260414_0820/компилятор/logs/build_after_full_fb_fix.log	file	yes	yes	yes	0o666
snapshots/clean_build_20260414_0820/компилятор/logs/build_after_full_fb_stubs.log	file	yes	yes	yes	0o666
snapshots/clean_build_20260414_0820/компилятор/logs/build_after_gateway_crc_fix.log	file	yes	yes	yes	0o666
snapshots/clean_build_20260414_0820/компилятор/logs/build_after_health_bridge.log	file	yes	yes	yes	0o666
snapshots/clean_build_20260414_0820/компилятор/logs/build_after_interface_refresh_prep.log	file	yes	yes	yes	0o666
snapshots/clean_build_20260414_0820/компилятор/logs/build_after_literals.log	file	yes	yes	yes	0o666
snapshots/clean_build_20260414_0820/компилятор/logs/build_after_lvl3_patch.log	file	yes	yes	yes	0o666
snapshots/clean_build_20260414_0820/компилятор/logs/build_after_partial_v2.log	file	yes	yes	yes	0o666
snapshots/clean_build_20260414_0820/компилятор/logs/build_after_pkg4_pkg5.log	file	yes	yes	yes	0o666
snapshots/clean_build_20260414_0820/компилятор/logs/build_after_prg_system_fix.log	file	yes	yes	yes	0o666
snapshots/clean_build_20260414_0820/компилятор/logs/build_after_prg_system_header_fix.log	file	yes	yes	yes	0o666
snapshots/clean_build_20260414_0820/компилятор/logs/build_after_prg_system_root_fix.log	file	yes	yes	yes	0o666
snapshots/clean_build_20260414_0820/компилятор/logs/build_after_real_fb.log	file	yes	yes	yes	0o666
snapshots/clean_build_20260414_0820/компилятор/logs/build_after_real_revert.log	file	yes	yes	yes	0o666
snapshots/clean_build_20260414_0820/компилятор/logs/build_after_remaining_contract_fix.log	file	yes	yes	yes	0o666
snapshots/clean_build_20260414_0820/компилятор/logs/build_after_revert.log	file	yes	yes	yes	0o666
snapshots/clean_build_20260414_0820/компилятор/logs/build_after_revert_last_patch.log	file	yes	yes	yes	0o666
snapshots/clean_build_20260414_0820/компилятор/logs/build_after_root_chain_fix.log	file	yes	yes	yes	0o666
snapshots/clean_build_20260414_0820/компилятор/logs/build_after_runtime_alignment.log	file	yes	yes	yes	0o666
snapshots/clean_build_20260414_0820/компилятор/logs/build_after_runtime_constants_fix.log	file	yes	yes	yes	0o666
snapshots/clean_build_20260414_0820/компилятор/logs/build_after_safe_regression_cleanup.log	file	yes	yes	yes	0o666
snapshots/clean_build_20260414_0820/компилятор/logs/build_after_st_rule.log	file	yes	yes	yes	0o666
snapshots/clean_build_20260414_0820/компилятор/logs/build_after_targeted_cluster_fix.log	file	yes	yes	yes	0o666
snapshots/clean_build_20260414_0820/компилятор/logs/build_after_targeted_patch.log	file	yes	yes	yes	0o666
snapshots/clean_build_20260414_0820/компилятор/logs/build_after_v2_full_block.log	file	yes	yes	yes	0o666
snapshots/clean_build_20260414_0820/компилятор/logs/build_after_v2_stubs.log	file	yes	yes	yes	0o666
snapshots/clean_build_20260414_0820/компилятор/logs/build_after_word_cast_fix.log	file	yes	yes	yes	0o666
snapshots/clean_build_20260414_0820/компилятор/logs/build_final.log	file	yes	yes	yes	0o666
snapshots/clean_build_20260414_0820/компилятор/logs/build_final_push.log	file	yes	yes	yes	0o666
snapshots/clean_build_20260414_0820/компилятор/logs/build_final_safe.log	file	yes	yes	yes	0o666
snapshots/clean_build_20260414_0820/компилятор/logs/build_final_stage.log	file	yes	yes	yes	0o666
snapshots/clean_build_20260414_0820/компилятор/logs/build_final_zero.log	file	yes	yes	yes	0o666
snapshots/clean_build_20260414_0820/компилятор/logs/build_final_zero_try.log	file	yes	yes	yes	0o666
snapshots/clean_build_20260414_0820/компилятор/logs/build_near_zero.log	file	yes	yes	yes	0o666
snapshots/clean_build_20260414_0820/компилятор/logs/build_zero_check.log	file	yes	yes	yes	0o666
snapshots/clean_build_20260414_0820/компилятор/logs/final_test.log	file	yes	yes	yes	0o666
snapshots/clean_build_20260414_0820/компилятор/logs/fix_array_bounds_constants.log	file	yes	yes	yes	0o666
snapshots/clean_build_20260414_0820/компилятор/logs/fix_array_bounds_literals.log	file	yes	yes	yes	0o666
snapshots/clean_build_20260414_0820/компилятор/logs/fix_missing_draft_fb_only.log	file	yes	yes	yes	0o666
snapshots/clean_build_20260414_0820/компилятор/logs/fix_missing_v2_draft_stubs.log	file	yes	yes	yes	0o666
snapshots/clean_build_20260414_0820/компилятор/logs/run_fix_array_bounds.log	file	yes	yes	yes	0o666
snapshots/clean_build_20260414_0820/компилятор/logs/run_fix_draft_fb.log	file	yes	yes	yes	0o666
snapshots/clean_build_20260414_0820/компилятор/logs/run_fix_literals.log	file	yes	yes	yes	0o666
snapshots/clean_build_20260414_0820/компилятор/logs/run_fix_v2_stubs.log	file	yes	yes	yes	0o666
snapshots/clean_build_20260414_0820/компилятор/logs/varfix_test.log	file	yes	yes	yes	0o666
snapshots/clean_build_20260414_0820/компилятор/out/003_RESULT.xml	file	yes	yes	yes	0o666
snapshots/clean_build_20260414_0820/компилятор/out/004_RESULT.xml	file	yes	yes	yes	0o666
snapshots/clean_build_20260414_0820/компилятор/out/RESULT.xml	file	yes	yes	yes	0o666
snapshots/clean_build_20260414_0820/компилятор/out/check_body_contract_chain.txt	file	yes	yes	yes	0o666
snapshots/clean_build_20260414_0820/компилятор/out/check_contract_roots_deep.txt	file	yes	yes	yes	0o666
snapshots/clean_build_20260414_0820/компилятор/out/check_f_timediff.txt	file	yes	yes	yes	0o666
snapshots/clean_build_20260414_0820/компилятор/out/check_f_timediff_callers.txt	file	yes	yes	yes	0o666
snapshots/clean_build_20260414_0820/компилятор/out/check_final_cluster.txt	file	yes	yes	yes	0o666
snapshots/clean_build_20260414_0820/компилятор/out/check_lvl2_cluster.txt	file	yes	yes	yes	0o666
snapshots/clean_build_20260414_0820/компилятор/out/check_prg_system.txt	file	yes	yes	yes	0o666
snapshots/clean_build_20260414_0820/компилятор/out/check_result_xml_interfaces.txt	file	yes	yes	yes	0o666
snapshots/clean_build_20260414_0820/компилятор/out/check_targeted_cluster.txt	file	yes	yes	yes	0o666
snapshots/clean_build_20260414_0820/компилятор/out/check_type_chains_final.txt	file	yes	yes	yes	0o666
snapshots/clean_build_20260414_0820/компилятор/out/git_log_before_revert.txt	file	yes	yes	yes	0o666
snapshots/clean_build_20260414_0820/компилятор/out/result_check.txt	file	yes	yes	yes	0o666
snapshots/clean_build_20260414_0820/компилятор/out/revert_exec.txt	file	yes	yes	yes	0o666
snapshots/clean_build_20260414_0820/компилятор/out/revert_target.txt	file	yes	yes	yes	0o666
snapshots/clean_build_20260414_0820/компилятор/out/замечания.txt	file	yes	yes	yes	0o666
snapshots/clean_build_20260414_0820/компилятор/out/импортКС.txt	file	yes	yes	yes	0o666
snapshots/clean_build_20260414_0820/компилятор/Система умного дома.xml	file	yes	yes	yes	0o666
snapshots/clean_build_20260414_0820/компилятор/команды_терминала.md	file	yes	yes	yes	0o666
snapshots/clean_build_2026_04_14/.gitignore	file	yes	yes	yes	0o666
snapshots/clean_build_2026_04_14/AGENTS.md	file	yes	yes	yes	0o666
snapshots/clean_build_2026_04_14/CONSTANTS.dut	file	yes	yes	yes	0o666
snapshots/clean_build_2026_04_14/E_ALERT_PRIORITY.dut	file	yes	yes	yes	0o666
snapshots/clean_build_2026_04_14/E_Debug_Log_Level.dut	file	yes	yes	yes	0o666
snapshots/clean_build_2026_04_14/E_Gateway_Command_Type.dut	file	yes	yes	yes	0o666
snapshots/clean_build_2026_04_14/E_Lifetime_Device_Type.dut	file	yes	yes	yes	0o666
snapshots/clean_build_2026_04_14/E_Outdoor_Mode.dut	file	yes	yes	yes	0o666
snapshots/clean_build_2026_04_14/E_PLC_ROLE.dut	file	yes	yes	yes	0o666
snapshots/clean_build_2026_04_14/E_Rule_Action_Type.dut	file	yes	yes	yes	0o666
snapshots/clean_build_2026_04_14/E_Rule_Comparison.dut	file	yes	yes	yes	0o666
snapshots/clean_build_2026_04_14/E_Rule_Condition_Type.dut	file	yes	yes	yes	0o666
snapshots/clean_build_2026_04_14/E_SCENARIO_TYPE.dut	file	yes	yes	yes	0o666
snapshots/clean_build_2026_04_14/E_SENSOR_TYPE.dut	file	yes	yes	yes	0o666
snapshots/clean_build_2026_04_14/E_System_Operating_Mode.dut	file	yes	yes	yes	0o666
snapshots/clean_build_2026_04_14/E_System_Root_Cause.dut	file	yes	yes	yes	0o666
snapshots/clean_build_2026_04_14/E_System_Severity.dut	file	yes	yes	yes	0o666
snapshots/clean_build_2026_04_14/E_Trend_Parameter_Type.dut	file	yes	yes	yes	0o666
snapshots/clean_build_2026_04_14/E_TwoFactor_Method.dut	file	yes	yes	yes	0o666
snapshots/clean_build_2026_04_14/E_VALVE_TYPE.dut	file	yes	yes	yes	0o666
snapshots/clean_build_2026_04_14/E_VENTILATION_LOCATION.dut	file	yes	yes	yes	0o666
snapshots/clean_build_2026_04_14/E_VENTILATION_UNIT_TYPE.dut	file	yes	yes	yes	0o666
snapshots/clean_build_2026_04_14/E_Valve_Test_Result.dut	file	yes	yes	yes	0o666
snapshots/clean_build_2026_04_14/E_WEATHER_COMPENSATION_METHOD.dut	file	yes	yes	yes	0o666
snapshots/clean_build_2026_04_14/E_Zone_Access_Level.dut	file	yes	yes	yes	0o666
snapshots/clean_build_2026_04_14/FB_AccessCode_Manager.st	file	yes	yes	yes	0o666
snapshots/clean_build_2026_04_14/FB_Access_Control.st	file	yes	yes	yes	0o666
snapshots/clean_build_2026_04_14/FB_Alarm_Compatibility_Package_DRAFT.st	file	yes	yes	yes	0o666
snapshots/clean_build_2026_04_14/FB_Alarm_Manager.st	file	yes	yes	yes	0o666
snapshots/clean_build_2026_04_14/FB_Alarm_V2_Core_DRAFT.st	file	yes	yes	yes	0o666
snapshots/clean_build_2026_04_14/FB_Analog_Validator.st	file	yes	yes	yes	0o666
snapshots/clean_build_2026_04_14/FB_Astro_Timer.st	file	yes	yes	yes	0o666
snapshots/clean_build_2026_04_14/FB_BlackBox_Recorder.st	file	yes	yes	yes	0o666
snapshots/clean_build_2026_04_14/FB_BlackBox_V2_Core_DRAFT.st	file	yes	yes	yes	0o666
snapshots/clean_build_2026_04_14/FB_Blinds_V2_Staging_DRAFT.st	file	yes	yes	yes	0o666
snapshots/clean_build_2026_04_14/FB_Boiler_Cascade_Manager.st	file	yes	yes	yes	0o666
snapshots/clean_build_2026_04_14/FB_Boiler_OpenTherm_Interface.st	file	yes	yes	yes	0o666
snapshots/clean_build_2026_04_14/FB_CO_Detector.st	file	yes	yes	yes	0o666
snapshots/clean_build_2026_04_14/FB_CRC32_Calculator.st	file	yes	yes	yes	0o666
snapshots/clean_build_2026_04_14/FB_Calibration_Manager.st	file	yes	yes	yes	0o666
snapshots/clean_build_2026_04_14/FB_Command_Deduplication.st	file	yes	yes	yes	0o666
snapshots/clean_build_2026_04_14/FB_CoreKernel_Live_Observer_DRAFT.st	file	yes	yes	yes	0o666
snapshots/clean_build_2026_04_14/FB_DHW_Manager.st	file	yes	yes	yes	0o666
snapshots/clean_build_2026_04_14/FB_DHW_V2_Staging_DRAFT.st	file	yes	yes	yes	0o666
snapshots/clean_build_2026_04_14/FB_Debug_Logger.st	file	yes	yes	yes	0o666
snapshots/clean_build_2026_04_14/FB_Device_Predictive_Diag.st	file	yes	yes	yes	0o666
snapshots/clean_build_2026_04_14/FB_Emergency_Valve_Open.st	file	yes	yes	yes	0o666
snapshots/clean_build_2026_04_14/FB_Exhaust_Ventilation_Controller.st	file	yes	yes	yes	0o666
snapshots/clean_build_2026_04_14/FB_Fault_Logger.st	file	yes	yes	yes	0o666
snapshots/clean_build_2026_04_14/FB_FloorHeating_Controller.st	file	yes	yes	yes	0o666
snapshots/clean_build_2026_04_14/FB_FloorHeating_Freeze_Protection.st	file	yes	yes	yes	0o666
snapshots/clean_build_2026_04_14/FB_FloorHeating_Overheat_Protection.st	file	yes	yes	yes	0o666
snapshots/clean_build_2026_04_14/FB_Gas_Methane_Detector.st	file	yes	yes	yes	0o666
snapshots/clean_build_2026_04_14/FB_Gas_Smoke_Manager.st	file	yes	yes	yes	0o666
snapshots/clean_build_2026_04_14/FB_Gas_Valve_Controller.st	file	yes	yes	yes	0o666
snapshots/clean_build_2026_04_14/FB_Gateway_Interface.st	file	yes	yes	yes	0o666
snapshots/clean_build_2026_04_14/FB_HMAC_SHA1.st	file	yes	yes	yes	0o666
snapshots/clean_build_2026_04_14/FB_HMI_Interface.st	file	yes	yes	yes	0o666
snapshots/clean_build_2026_04_14/FB_Heating_System_Manager.st	file	yes	yes	yes	0o666
snapshots/clean_build_2026_04_14/FB_Heating_V2_Staging_DRAFT.st	file	yes	yes	yes	0o666
snapshots/clean_build_2026_04_14/FB_History_Manager.st	file	yes	yes	yes	0o666
snapshots/clean_build_2026_04_14/FB_History_V2_Core_DRAFT.st	file	yes	yes	yes	0o666
snapshots/clean_build_2026_04_14/FB_IO_Module_Watchdog.st	file	yes	yes	yes	0o666
snapshots/clean_build_2026_04_14/FB_Lifetime_Predictor.st	file	yes	yes	yes	0o666
snapshots/clean_build_2026_04_14/FB_Lighting_Blinds_Manager.st	file	yes	yes	yes	0o666
snapshots/clean_build_2026_04_14/FB_Lighting_V2_Staging_DRAFT.st	file	yes	yes	yes	0o666
snapshots/clean_build_2026_04_14/FB_Maintenance_Access.st	file	yes	yes	yes	0o666
snapshots/clean_build_2026_04_14/FB_Manifold_Pump_Controller.st	file	yes	yes	yes	0o666
snapshots/clean_build_2026_04_14/FB_Manual_Valve_Control.st	file	yes	yes	yes	0o666
snapshots/clean_build_2026_04_14/FB_NVRAM_Manager.st	file	yes	yes	yes	0o666
snapshots/clean_build_2026_04_14/FB_Outdoor_Lighting_Controller.st	file	yes	yes	yes	0o666
snapshots/clean_build_2026_04_14/FB_PID_Controller.st	file	yes	yes	yes	0o666
snapshots/clean_build_2026_04_14/FB_PLC_Heartbeat.st	file	yes	yes	yes	0o666
snapshots/clean_build_2026_04_14/FB_Pre_Departure_Heating.st	file	yes	yes	yes	0o666
snapshots/clean_build_2026_04_14/FB_Presence_Playback.st	file	yes	yes	yes	0o666
snapshots/clean_build_2026_04_14/FB_Presence_Simulator.st	file	yes	yes	yes	0o666
snapshots/clean_build_2026_04_14/FB_Random_Generator.st	file	yes	yes	yes	0o666
snapshots/clean_build_2026_04_14/FB_Redundancy_Manager.st	file	yes	yes	yes	0o666
snapshots/clean_build_2026_04_14/FB_Rule_Compatibility_Package_DRAFT.st	file	yes	yes	yes	0o666
snapshots/clean_build_2026_04_14/FB_Rule_Engine.st	file	yes	yes	yes	0o666
snapshots/clean_build_2026_04_14/FB_SHA1.st	file	yes	yes	yes	0o666
snapshots/clean_build_2026_04_14/FB_Safety_Manager.st	file	yes	yes	yes	0o666
snapshots/clean_build_2026_04_14/FB_Scenario_Manager.st	file	yes	yes	yes	0o666
snapshots/clean_build_2026_04_14/FB_Scenario_Transition_Controller.st	file	yes	yes	yes	0o666
snapshots/clean_build_2026_04_14/FB_Security_Alarm.st	file	yes	yes	yes	0o666
snapshots/clean_build_2026_04_14/FB_Security_System_Manager.st	file	yes	yes	yes	0o666
snapshots/clean_build_2026_04_14/FB_Sensor_Analog_Processing.st	file	yes	yes	yes	0o666
snapshots/clean_build_2026_04_14/FB_Sensor_Calibration.st	file	yes	yes	yes	0o666
snapshots/clean_build_2026_04_14/FB_Sensor_Calibration_Processor.st	file	yes	yes	yes	0o666
snapshots/clean_build_2026_04_14/FB_Sensor_Distribution.st	file	yes	yes	yes	0o666
snapshots/clean_build_2026_04_14/FB_Simulation_Manager.st	file	yes	yes	yes	0o666
snapshots/clean_build_2026_04_14/FB_Smoke_Detector.st	file	yes	yes	yes	0o666
snapshots/clean_build_2026_04_14/FB_Socket_Manager.st	file	yes	yes	yes	0o666
snapshots/clean_build_2026_04_14/FB_Socket_V2_Staging_DRAFT.st	file	yes	yes	yes	0o666
snapshots/clean_build_2026_04_14/FB_State_Manager.st	file	yes	yes	yes	0o666
snapshots/clean_build_2026_04_14/FB_State_Manager_MVP.st	file	yes	yes	yes	0o666
snapshots/clean_build_2026_04_14/FB_State_Replication.st	file	yes	yes	yes	0o666
snapshots/clean_build_2026_04_14/FB_State_Snapshot_Manager.st	file	yes	yes	yes	0o666
snapshots/clean_build_2026_04_14/FB_State_Snapshot_NVRAM.st	file	yes	yes	yes	0o666
snapshots/clean_build_2026_04_14/FB_Supply_Ventilation_Controller.st	file	yes	yes	yes	0o666
snapshots/clean_build_2026_04_14/FB_System_Health.st	file	yes	yes	yes	0o666
snapshots/clean_build_2026_04_14/FB_System_Timer.st	file	yes	yes	yes	0o666
snapshots/clean_build_2026_04_14/FB_System_Timer_TOF.st	file	yes	yes	yes	0o666
snapshots/clean_build_2026_04_14/FB_Trend_Analyzer.st	file	yes	yes	yes	0o666
snapshots/clean_build_2026_04_14/FB_Trend_Logger.st	file	yes	yes	yes	0o666
snapshots/clean_build_2026_04_14/FB_TwoFactor_Auth.st	file	yes	yes	yes	0o666
snapshots/clean_build_2026_04_14/FB_Valve_Test.st	file	yes	yes	yes	0o666
snapshots/clean_build_2026_04_14/FB_Valve_Test_Manager.st	file	yes	yes	yes	0o666
snapshots/clean_build_2026_04_14/FB_Ventilation_System_Manager.st	file	yes	yes	yes	0o666
snapshots/clean_build_2026_04_14/FB_Ventilation_V2_Staging_DRAFT.st	file	yes	yes	yes	0o666
snapshots/clean_build_2026_04_14/FB_Watchdog.st	file	yes	yes	yes	0o666
snapshots/clean_build_2026_04_14/FB_Water_Leakage_Manager.st	file	yes	yes	yes	0o666
snapshots/clean_build_2026_04_14/FB_Water_Valve_Controller.st	file	yes	yes	yes	0o666
snapshots/clean_build_2026_04_14/FB_Zone_Access_Manager.st	file	yes	yes	yes	0o666
snapshots/clean_build_2026_04_14/GVL_ALARM.gvl	file	yes	yes	yes	0o666
snapshots/clean_build_2026_04_14/GVL_BlackBox.gvl	file	yes	yes	yes	0o666
snapshots/clean_build_2026_04_14/GVL_COMMAND.gvl	file	yes	yes	yes	0o666
snapshots/clean_build_2026_04_14/GVL_CONFIG.gvl	file	yes	yes	yes	0o666
snapshots/clean_build_2026_04_14/GVL_CONSTANTS.gvl	file	yes	yes	yes	0o666
snapshots/clean_build_2026_04_14/GVL_DEBUG.gvl	file	yes	yes	yes	0o666
snapshots/clean_build_2026_04_14/GVL_GATEWAY.gvl	file	yes	yes	yes	0o666
snapshots/clean_build_2026_04_14/GVL_HEALTH_BRIDGE.gvl	file	yes	yes	yes	0o666
snapshots/clean_build_2026_04_14/GVL_HEALTH_BRIDGE.st	file	yes	yes	yes	0o666
snapshots/clean_build_2026_04_14/GVL_IO.gvl	file	yes	yes	yes	0o666
snapshots/clean_build_2026_04_14/GVL_MODBUS.gvl	file	yes	yes	yes	0o666
snapshots/clean_build_2026_04_14/GVL_Retain.gvl	file	yes	yes	yes	0o666
snapshots/clean_build_2026_04_14/GVL_STATE.gvl	file	yes	yes	yes	0o666
snapshots/clean_build_2026_04_14/GVL_STATUS.gvl	file	yes	yes	yes	0o666
snapshots/clean_build_2026_04_14/GVL_TIME.gvl	file	yes	yes	yes	0o666
snapshots/clean_build_2026_04_14/IValveController.st	file	yes	yes	yes	0o666
snapshots/clean_build_2026_04_14/MAIN.st	file	yes	yes	yes	0o666
snapshots/clean_build_2026_04_14/PRG_Heating.st	file	yes	yes	yes	0o666
snapshots/clean_build_2026_04_14/PRG_IO_Read.st	file	yes	yes	yes	0o666
snapshots/clean_build_2026_04_14/PRG_IO_Write.st	file	yes	yes	yes	0o666
snapshots/clean_build_2026_04_14/PRG_Lighting.st	file	yes	yes	yes	0o666
snapshots/clean_build_2026_04_14/PRG_PLC_A.st	file	yes	yes	yes	0o666
snapshots/clean_build_2026_04_14/PRG_PLC_B.st	file	yes	yes	yes	0o666
snapshots/clean_build_2026_04_14/PRG_Safety.st	file	yes	yes	yes	0o666
snapshots/clean_build_2026_04_14/PRG_Security.st	file	yes	yes	yes	0o666
snapshots/clean_build_2026_04_14/PRG_System.st	file	yes	yes	yes	0o666
snapshots/clean_build_2026_04_14/PRG_Test.st	file	yes	yes	yes	0o666
snapshots/clean_build_2026_04_14/PRG_Ventilation.st	file	yes	yes	yes	0o666
snapshots/clean_build_2026_04_14/ST_Alarm_Record.dut	file	yes	yes	yes	0o666
snapshots/clean_build_2026_04_14/ST_Astro_Time.dut	file	yes	yes	yes	0o666
snapshots/clean_build_2026_04_14/ST_BlackBox_Record.dut	file	yes	yes	yes	0o666
snapshots/clean_build_2026_04_14/ST_BlackBox_Snapshot_V2.dut	file	yes	yes	yes	0o666
snapshots/clean_build_2026_04_14/ST_Blinds_Command_V2.dut	file	yes	yes	yes	0o666
snapshots/clean_build_2026_04_14/ST_Blinds_State_V2.dut	file	yes	yes	yes	0o666
snapshots/clean_build_2026_04_14/ST_Boiler_Status.dut	file	yes	yes	yes	0o666
snapshots/clean_build_2026_04_14/ST_Component_Maintenance.dut	file	yes	yes	yes	0o666
snapshots/clean_build_2026_04_14/ST_DHW_Command_V2.dut	file	yes	yes	yes	0o666
snapshots/clean_build_2026_04_14/ST_DHW_Config.dut	file	yes	yes	yes	0o666
snapshots/clean_build_2026_04_14/ST_DHW_State_V2.dut	file	yes	yes	yes	0o666
snapshots/clean_build_2026_04_14/ST_DHW_Status.dut	file	yes	yes	yes	0o666
snapshots/clean_build_2026_04_14/ST_Debug_Log_Record.dut	file	yes	yes	yes	0o666
snapshots/clean_build_2026_04_14/ST_Debug_Logger_Config.dut	file	yes	yes	yes	0o666
snapshots/clean_build_2026_04_14/ST_Device_Health.dut	file	yes	yes	yes	0o666
snapshots/clean_build_2026_04_14/ST_Flood_Config.dut	file	yes	yes	yes	0o666
snapshots/clean_build_2026_04_14/ST_Flood_Global_Config.dut	file	yes	yes	yes	0o666
snapshots/clean_build_2026_04_14/ST_FloorHeating_Circuit_Config.dut	file	yes	yes	yes	0o666
snapshots/clean_build_2026_04_14/ST_FloorHeating_Global_Config.dut	file	yes	yes	yes	0o666
snapshots/clean_build_2026_04_14/ST_FloorHeating_Manifold_Config.dut	file	yes	yes	yes	0o666
snapshots/clean_build_2026_04_14/ST_Gas_Valve_Configuration.dut	file	yes	yes	yes	0o666
snapshots/clean_build_2026_04_14/ST_Gateway_Command.dut	file	yes	yes	yes	0o666
snapshots/clean_build_2026_04_14/ST_Heating_Command_V2.dut	file	yes	yes	yes	0o666
snapshots/clean_build_2026_04_14/ST_Heating_Config.dut	file	yes	yes	yes	0o666
snapshots/clean_build_2026_04_14/ST_Heating_State_V2.dut	file	yes	yes	yes	0o666
snapshots/clean_build_2026_04_14/ST_History_Event_V2.dut	file	yes	yes	yes	0o666
snapshots/clean_build_2026_04_14/ST_History_Record.dut	file	yes	yes	yes	0o666
snapshots/clean_build_2026_04_14/ST_Lifetime_Status.dut	file	yes	yes	yes	0o666
snapshots/clean_build_2026_04_14/ST_Lighting_Command_V2.dut	file	yes	yes	yes	0o666
snapshots/clean_build_2026_04_14/ST_Lighting_State_V2.dut	file	yes	yes	yes	0o666
snapshots/clean_build_2026_04_14/ST_Maintenance_Access_Config.dut	file	yes	yes	yes	0o666
snapshots/clean_build_2026_04_14/ST_Manifold_Status.dut	file	yes	yes	yes	0o666
snapshots/clean_build_2026_04_14/ST_Operator_Zone_Rights.dut	file	yes	yes	yes	0o666
snapshots/clean_build_2026_04_14/ST_Outdoor_Zone_Config.dut	file	yes	yes	yes	0o666
snapshots/clean_build_2026_04_14/ST_Owen_Analog_Value.dut	file	yes	yes	yes	0o666
snapshots/clean_build_2026_04_14/ST_Rule.dut	file	yes	yes	yes	0o666
snapshots/clean_build_2026_04_14/ST_Rule_Action.dut	file	yes	yes	yes	0o666
snapshots/clean_build_2026_04_14/ST_Scenario_Config.dut	file	yes	yes	yes	0o666
snapshots/clean_build_2026_04_14/ST_Scenario_Transition_Config.dut	file	yes	yes	yes	0o666
snapshots/clean_build_2026_04_14/ST_Security_Global_Config.dut	file	yes	yes	yes	0o666
snapshots/clean_build_2026_04_14/ST_Security_Zone_State.dut	file	yes	yes	yes	0o666
snapshots/clean_build_2026_04_14/ST_Sensor_Calibration_Record.dut	file	yes	yes	yes	0o666
snapshots/clean_build_2026_04_14/ST_Socket_Command_V2.dut	file	yes	yes	yes	0o666
snapshots/clean_build_2026_04_14/ST_Socket_State_V2.dut	file	yes	yes	yes	0o666
snapshots/clean_build_2026_04_14/ST_State_Snapshot.dut	file	yes	yes	yes	0o666
snapshots/clean_build_2026_04_14/ST_System_Diagnostics.dut	file	yes	yes	yes	0o666
snapshots/clean_build_2026_04_14/ST_System_State_Snapshot.dut	file	yes	yes	yes	0o666
snapshots/clean_build_2026_04_14/ST_System_State_Summary.dut	file	yes	yes	yes	0o666
snapshots/clean_build_2026_04_14/ST_Tariff_Config.dut	file	yes	yes	yes	0o666
snapshots/clean_build_2026_04_14/ST_Trend_Config.dut	file	yes	yes	yes	0o666
snapshots/clean_build_2026_04_14/ST_Trend_Data.dut	file	yes	yes	yes	0o666
snapshots/clean_build_2026_04_14/ST_Trend_Header.dut	file	yes	yes	yes	0o666
snapshots/clean_build_2026_04_14/ST_Trend_History_Record.dut	file	yes	yes	yes	0o666
snapshots/clean_build_2026_04_14/ST_TwoFactor_Auth_State.dut	file	yes	yes	yes	0o666
snapshots/clean_build_2026_04_14/ST_TwoFactor_Data.dut	file	yes	yes	yes	0o666
snapshots/clean_build_2026_04_14/ST_User_Rule.dut	file	yes	yes	yes	0o666
snapshots/clean_build_2026_04_14/ST_Valve_Test_Config.dut	file	yes	yes	yes	0o666
snapshots/clean_build_2026_04_14/ST_Ventilation_Command_V2.dut	file	yes	yes	yes	0o666
snapshots/clean_build_2026_04_14/ST_Ventilation_Config.dut	file	yes	yes	yes	0o666
snapshots/clean_build_2026_04_14/ST_Ventilation_Global_Config.dut	file	yes	yes	yes	0o666
snapshots/clean_build_2026_04_14/ST_Ventilation_Scenario_Mode.dut	file	yes	yes	yes	0o666
snapshots/clean_build_2026_04_14/ST_Ventilation_State_V2.dut	file	yes	yes	yes	0o666
snapshots/clean_build_2026_04_14/ST_Ventilation_Unit.dut	file	yes	yes	yes	0o666
snapshots/clean_build_2026_04_14/ST_Ventilation_Unit_Config.dut	file	yes	yes	yes	0o666
snapshots/clean_build_2026_04_14/ST_Zone_Sensors.dut	file	yes	yes	yes	0o666
snapshots/clean_build_2026_04_14/SystemSmartHome.export	file	yes	yes	yes	0o666
snapshots/clean_build_2026_04_14/TZ_NEW.txt	file	yes	yes	yes	0o666
snapshots/clean_build_2026_04_14/access_check.txt	file	yes	yes	yes	0o666
snapshots/clean_build_2026_04_14/add_remaining_draft_fb.sh	file	yes	yes	yes	0o666
snapshots/clean_build_2026_04_14/apply_commit.sh	file	yes	yes	yes	0o777
snapshots/clean_build_2026_04_14/archive/parked_dut/unused/E_Debug_Log_Level.dut	file	yes	yes	yes	0o666
snapshots/clean_build_2026_04_14/archive/parked_dut/unused/E_Lifetime_Device_Type.dut	file	yes	yes	yes	0o666
snapshots/clean_build_2026_04_14/archive/parked_dut/unused/E_Outdoor_Mode.dut	file	yes	yes	yes	0o666
snapshots/clean_build_2026_04_14/archive/parked_dut/unused/E_SENSOR_TYPE.dut	file	yes	yes	yes	0o666
snapshots/clean_build_2026_04_14/archive/parked_dut/unused/E_Trend_Parameter_Type.dut	file	yes	yes	yes	0o666
snapshots/clean_build_2026_04_14/archive/parked_dut/unused/E_VALVE_TYPE.dut	file	yes	yes	yes	0o666
snapshots/clean_build_2026_04_14/archive/parked_dut/unused/E_VENTILATION_LOCATION.dut	file	yes	yes	yes	0o666
snapshots/clean_build_2026_04_14/archive/parked_dut/unused/E_VENTILATION_UNIT_TYPE.dut	file	yes	yes	yes	0o666
snapshots/clean_build_2026_04_14/archive/parked_dut/unused/E_Valve_Test_Result.dut	file	yes	yes	yes	0o666
snapshots/clean_build_2026_04_14/archive/parked_dut/unused/E_WEATHER_COMPENSATION_METHOD.dut	file	yes	yes	yes	0o666
snapshots/clean_build_2026_04_14/archive/parked_dut/unused/E_Zone_Access_Level.dut	file	yes	yes	yes	0o666
snapshots/clean_build_2026_04_14/archive/parked_dut/unused/ST_Astro_Time.dut	file	yes	yes	yes	0o666
snapshots/clean_build_2026_04_14/archive/parked_dut/unused/ST_Component_Maintenance.dut	file	yes	yes	yes	0o666
snapshots/clean_build_2026_04_14/archive/parked_dut/unused/ST_Debug_Log_Record.dut	file	yes	yes	yes	0o666
snapshots/clean_build_2026_04_14/archive/parked_dut/unused/ST_Debug_Logger_Config.dut	file	yes	yes	yes	0o666
snapshots/clean_build_2026_04_14/archive/parked_dut/unused/ST_Device_Health.dut	file	yes	yes	yes	0o666
snapshots/clean_build_2026_04_14/archive/parked_dut/unused/ST_Flood_Config.dut	file	yes	yes	yes	0o666
snapshots/clean_build_2026_04_14/archive/parked_dut/unused/ST_FloorHeating_Global_Config.dut	file	yes	yes	yes	0o666
snapshots/clean_build_2026_04_14/archive/parked_dut/unused/ST_FloorHeating_Manifold_Config.dut	file	yes	yes	yes	0o666
snapshots/clean_build_2026_04_14/archive/parked_dut/unused/ST_Gas_Valve_Configuration.dut	file	yes	yes	yes	0o666
snapshots/clean_build_2026_04_14/archive/parked_dut/unused/ST_Lifetime_Status.dut	file	yes	yes	yes	0o666
snapshots/clean_build_2026_04_14/archive/parked_dut/unused/ST_Maintenance_Access_Config.dut	file	yes	yes	yes	0o666
snapshots/clean_build_2026_04_14/archive/parked_dut/unused/ST_Operator_Zone_Rights.dut	file	yes	yes	yes	0o666
snapshots/clean_build_2026_04_14/archive/parked_dut/unused/ST_Outdoor_Zone_Config.dut	file	yes	yes	yes	0o666
snapshots/clean_build_2026_04_14/archive/parked_dut/unused/ST_Owen_Analog_Value.dut	file	yes	yes	yes	0o666
snapshots/clean_build_2026_04_14/archive/parked_dut/unused/ST_Scenario_Transition_Config.dut	file	yes	yes	yes	0o666
snapshots/clean_build_2026_04_14/archive/parked_dut/unused/ST_Security_Zone_State.dut	file	yes	yes	yes	0o666
snapshots/clean_build_2026_04_14/archive/parked_dut/unused/ST_Sensor_Calibration_Record.dut	file	yes	yes	yes	0o666
snapshots/clean_build_2026_04_14/archive/parked_dut/unused/ST_State_Snapshot.dut	file	yes	yes	yes	0o666
snapshots/clean_build_2026_04_14/archive/parked_dut/unused/ST_System_Diagnostics.dut	file	yes	yes	yes	0o666
snapshots/clean_build_2026_04_14/archive/parked_dut/unused/ST_System_State_Summary.dut	file	yes	yes	yes	0o666
snapshots/clean_build_2026_04_14/archive/parked_dut/unused/ST_Trend_Config.dut	file	yes	yes	yes	0o666
snapshots/clean_build_2026_04_14/archive/parked_dut/unused/ST_Trend_Data.dut	file	yes	yes	yes	0o666
snapshots/clean_build_2026_04_14/archive/parked_dut/unused/ST_Trend_Header.dut	file	yes	yes	yes	0o666
snapshots/clean_build_2026_04_14/archive/parked_dut/unused/ST_Trend_History_Record.dut	file	yes	yes	yes	0o666
snapshots/clean_build_2026_04_14/archive/parked_dut/unused/ST_TwoFactor_Auth_State.dut	file	yes	yes	yes	0o666
snapshots/clean_build_2026_04_14/archive/parked_dut/unused/ST_TwoFactor_Data.dut	file	yes	yes	yes	0o666
snapshots/clean_build_2026_04_14/archive/parked_dut/unused/ST_Ventilation_Config.dut	file	yes	yes	yes	0o666
snapshots/clean_build_2026_04_14/archive/parked_dut/unused/ST_Ventilation_Scenario_Mode.dut	file	yes	yes	yes	0o666
snapshots/clean_build_2026_04_14/archive/parked_dut/unused/ST_Ventilation_Unit.dut	file	yes	yes	yes	0o666
snapshots/clean_build_2026_04_14/archive/parked_dut/unused/ST_Ventilation_Unit_Config.dut	file	yes	yes	yes	0o666
snapshots/clean_build_2026_04_14/archive/parked_dut/unused/ST_Zone_Sensors.dut	file	yes	yes	yes	0o666
snapshots/clean_build_2026_04_14/archive/parked_fb/draft/heating/FB_Boiler_OpenTherm_Interface.st	file	yes	yes	yes	0o666
snapshots/clean_build_2026_04_14/archive/parked_fb/draft/heating/FB_FloorHeating_Controller.st	file	yes	yes	yes	0o666
snapshots/clean_build_2026_04_14/archive/parked_fb/draft/heating/FB_FloorHeating_Freeze_Protection.st	file	yes	yes	yes	0o666
snapshots/clean_build_2026_04_14/archive/parked_fb/draft/heating/FB_FloorHeating_Overheat_Protection.st	file	yes	yes	yes	0o666
snapshots/clean_build_2026_04_14/archive/parked_fb/draft/heating/FB_Manifold_Pump_Controller.st	file	yes	yes	yes	0o666
snapshots/clean_build_2026_04_14/archive/parked_fb/draft/infrastructure/FB_Debug_Logger.st	file	yes	yes	yes	0o666
snapshots/clean_build_2026_04_14/archive/parked_fb/draft/infrastructure/FB_Device_Predictive_Diag.st	file	yes	yes	yes	0o666
snapshots/clean_build_2026_04_14/archive/parked_fb/draft/infrastructure/FB_Lifetime_Predictor.st	file	yes	yes	yes	0o666
snapshots/clean_build_2026_04_14/archive/parked_fb/draft/infrastructure/FB_PLC_Heartbeat.st	file	yes	yes	yes	0o666
snapshots/clean_build_2026_04_14/archive/parked_fb/draft/infrastructure/FB_State_Snapshot_Manager.st	file	yes	yes	yes	0o666
snapshots/clean_build_2026_04_14/archive/parked_fb/draft/infrastructure/FB_State_Snapshot_NVRAM.st	file	yes	yes	yes	0o666
snapshots/clean_build_2026_04_14/archive/parked_fb/draft/infrastructure/FB_Trend_Analyzer.st	file	yes	yes	yes	0o666
snapshots/clean_build_2026_04_14/archive/parked_fb/draft/infrastructure/FB_Trend_Logger.st	file	yes	yes	yes	0o666
snapshots/clean_build_2026_04_14/archive/parked_fb/draft/sensors/FB_Calibration_Manager.st	file	yes	yes	yes	0o666
snapshots/clean_build_2026_04_14/archive/parked_fb/draft/sensors/FB_Sensor_Analog_Processing.st	file	yes	yes	yes	0o666
snapshots/clean_build_2026_04_14/archive/parked_fb/draft/sensors/FB_Sensor_Calibration.st	file	yes	yes	yes	0o666
snapshots/clean_build_2026_04_14/archive/parked_fb/draft/sensors/FB_Sensor_Calibration_Processor.st	file	yes	yes	yes	0o666
snapshots/clean_build_2026_04_14/archive/parked_fb/draft/sensors/FB_Sensor_Distribution.st	file	yes	yes	yes	0o666
snapshots/clean_build_2026_04_14/archive/parked_fb/draft/utils/FB_CRC32_Calculator.st	file	yes	yes	yes	0o666
snapshots/clean_build_2026_04_14/archive/parked_fb/draft/utils/FB_HMAC_SHA1.st	file	yes	yes	yes	0o666
snapshots/clean_build_2026_04_14/archive/parked_fb/draft/utils/FB_Random_Generator.st	file	yes	yes	yes	0o666
snapshots/clean_build_2026_04_14/archive/parked_fb/draft/utils/FB_SHA1.st	file	yes	yes	yes	0o666
snapshots/clean_build_2026_04_14/archive/parked_fb/draft/ventilation/FB_Exhaust_Ventilation_Controller.st	file	yes	yes	yes	0o666
snapshots/clean_build_2026_04_14/archive/parked_fb/draft/ventilation/FB_Supply_Ventilation_Controller.st	file	yes	yes	yes	0o666
snapshots/clean_build_2026_04_14/archive/parked_fb/legacy/detectors/FB_CO_Detector.st	file	yes	yes	yes	0o666
snapshots/clean_build_2026_04_14/archive/parked_fb/legacy/detectors/FB_Gas_Methane_Detector.st	file	yes	yes	yes	0o666
snapshots/clean_build_2026_04_14/archive/parked_fb/legacy/detectors/FB_Smoke_Detector.st	file	yes	yes	yes	0o666
snapshots/clean_build_2026_04_14/archive/parked_fb/legacy/simulation/FB_Presence_Playback.st	file	yes	yes	yes	0o666
snapshots/clean_build_2026_04_14/archive/parked_fb/legacy/simulation/FB_Presence_Simulator.st	file	yes	yes	yes	0o666
snapshots/clean_build_2026_04_14/archive/parked_fb/legacy/valves/FB_Emergency_Valve_Open.st	file	yes	yes	yes	0o666
snapshots/clean_build_2026_04_14/archive/parked_fb/legacy/valves/FB_Gas_Valve_Controller.st	file	yes	yes	yes	0o666
snapshots/clean_build_2026_04_14/archive/parked_fb/legacy/valves/FB_Manual_Valve_Control.st	file	yes	yes	yes	0o666
snapshots/clean_build_2026_04_14/archive/parked_fb/legacy/valves/FB_Valve_Test.st	file	yes	yes	yes	0o666
snapshots/clean_build_2026_04_14/archive/parked_fb/legacy/valves/FB_Valve_Test_Manager.st	file	yes	yes	yes	0o666
snapshots/clean_build_2026_04_14/archive/parked_fb/legacy/valves/FB_Water_Valve_Controller.st	file	yes	yes	yes	0o666
snapshots/clean_build_2026_04_14/archive/parked_fb/unclear/FB_Boiler_Cascade_Manager.st	file	yes	yes	yes	0o666
snapshots/clean_build_2026_04_14/archive/parked_fb/unclear/FB_Command_Deduplication.st	file	yes	yes	yes	0o666
snapshots/clean_build_2026_04_14/archive/parked_fb/unclear/FB_Maintenance_Access.st	file	yes	yes	yes	0o666
snapshots/clean_build_2026_04_14/archive/parked_fb/unclear/FB_Outdoor_Lighting_Controller.st	file	yes	yes	yes	0o666
snapshots/clean_build_2026_04_14/archive/parked_fb/unclear/FB_Pre_Departure_Heating.st	file	yes	yes	yes	0o666
snapshots/clean_build_2026_04_14/archive/parked_fb/unclear/FB_Scenario_Transition_Controller.st	file	yes	yes	yes	0o666
snapshots/clean_build_2026_04_14/archive/parked_fb/unclear/FB_Security_Alarm.st	file	yes	yes	yes	0o666
snapshots/clean_build_2026_04_14/archive/parked_fb/unclear/FB_State_Manager_MVP.st	file	yes	yes	yes	0o666
snapshots/clean_build_2026_04_14/archive/parked_fb/unclear/FB_State_Replication.st	file	yes	yes	yes	0o666
snapshots/clean_build_2026_04_14/archive/parked_fb/unclear/FB_System_Timer_TOF.st	file	yes	yes	yes	0o666
snapshots/clean_build_2026_04_14/archive/parked_fb/unclear/FB_TwoFactor_Auth.st	file	yes	yes	yes	0o666
snapshots/clean_build_2026_04_14/archive/parked_fb/unclear/FB_Zone_Access_Manager.st	file	yes	yes	yes	0o666
snapshots/clean_build_2026_04_14/clean_build_snapshot.tar.gz	file	yes	yes	yes	0o666
snapshots/clean_build_2026_04_14/docs/ARCHITECTURE_NOTES.md	file	yes	yes	yes	0o666
snapshots/clean_build_2026_04_14/docs/CHANGELOG_WORK.md	file	yes	yes	yes	0o666
snapshots/clean_build_2026_04_14/docs/DEVELOPMENT_WORKFLOW.md	file	yes	yes	yes	0o666
snapshots/clean_build_2026_04_14/docs/DEVELOPMENT_WORKFLOW_V2.md	file	yes	yes	yes	0o666
snapshots/clean_build_2026_04_14/docs/EQUIPMENT_DECISIONS.md	file	yes	yes	yes	0o666
snapshots/clean_build_2026_04_14/docs/EXECUTION_CONVENTIONS.md	file	yes	yes	yes	0o666
snapshots/clean_build_2026_04_14/docs/EXECUTION_CONVENTIONS_2026-04-05.md	file	yes	yes	yes	0o666
snapshots/clean_build_2026_04_14/docs/FB_INVENTORY_AUDIT.md	file	yes	yes	yes	0o666
snapshots/clean_build_2026_04_14/docs/FB_INVENTORY_AUDIT_BATCH_02.md	file	yes	yes	yes	0o666
snapshots/clean_build_2026_04_14/docs/FB_INVENTORY_AUDIT_BATCH_03.md	file	yes	yes	yes	0o666
snapshots/clean_build_2026_04_14/docs/FB_INVENTORY_AUDIT_BATCH_04.md	file	yes	yes	yes	0o666
snapshots/clean_build_2026_04_14/docs/IMPORT_PIPELINE_RULES.md	file	yes	yes	yes	0o666
snapshots/clean_build_2026_04_14/docs/IO_MAPPING_CONCEPT.md	file	yes	yes	yes	0o666
snapshots/clean_build_2026_04_14/docs/MASTER_GUIDE.md	file	yes	yes	yes	0o666
snapshots/clean_build_2026_04_14/docs/POLICY_LAYER.md	file	yes	yes	yes	0o666
snapshots/clean_build_2026_04_14/docs/PROJECT_ROADMAP.md	file	yes	yes	yes	0o666
snapshots/clean_build_2026_04_14/docs/PROJECT_STATUS_2026-04-05.md	file	yes	yes	yes	0o666
snapshots/clean_build_2026_04_14/docs/PROJECT_STATUS_2026-04-06_FULL.md	file	yes	yes	yes	0o666
snapshots/clean_build_2026_04_14/docs/RECOVERY_STRATEGY.md	file	yes	yes	yes	0o666
snapshots/clean_build_2026_04_14/docs/REFACTOR_PLAN_ARCH_ALIGNMENT.md	file	yes	yes	yes	0o666
snapshots/clean_build_2026_04_14/docs/REPOSITORY_WRITE_RULES.md	file	yes	yes	yes	0o666
snapshots/clean_build_2026_04_14/docs/START_NEW_CHAT_TEMPLATE.md	file	yes	yes	yes	0o666
snapshots/clean_build_2026_04_14/docs/SYSTEM_PRIORITIES.md	file	yes	yes	yes	0o666
snapshots/clean_build_2026_04_14/docs/TEST_COMMIT_PIPELINE.md	file	yes	yes	yes	0o666
snapshots/clean_build_2026_04_14/docs/TZ_NEW.txt	file	yes	yes	yes	0o666
snapshots/clean_build_2026_04_14/docs/WORKFLOW.md	file	yes	yes	yes	0o666
snapshots/clean_build_2026_04_14/docs/WORK_NOTES.md	file	yes	yes	yes	0o666
snapshots/clean_build_2026_04_14/docs/architecture/deferred_tasks.md	file	yes	yes	yes	0o666
snapshots/clean_build_2026_04_14/docs/architecture/system_overview.md	file	yes	yes	yes	0o666
snapshots/clean_build_2026_04_14/docs/systems/README.md	file	yes	yes	yes	0o666
snapshots/clean_build_2026_04_14/docs/systems/access.md	file	yes	yes	yes	0o666
snapshots/clean_build_2026_04_14/docs/systems/dhw.md	file	yes	yes	yes	0o666
snapshots/clean_build_2026_04_14/docs/systems/heating.md	file	yes	yes	yes	0o666
snapshots/clean_build_2026_04_14/docs/systems/lighting.md	file	yes	yes	yes	0o666
snapshots/clean_build_2026_04_14/docs/systems/ventilation.md	file	yes	yes	yes	0o666
snapshots/clean_build_2026_04_14/fix_remaining_fb.sh	file	yes	yes	yes	0o666
snapshots/clean_build_2026_04_14/h	file	yes	yes	yes	0o644
snapshots/clean_build_2026_04_14/save_2026-04-07/.keep	file	yes	yes	yes	0o666
snapshots/clean_build_2026_04_14/save_2026-04-07/E_ALERT_PRIORITY.dut	file	yes	yes	yes	0o666
snapshots/clean_build_2026_04_14/save_2026-04-07/E_Gateway_Command_Type.dut	file	yes	yes	yes	0o666
snapshots/clean_build_2026_04_14/save_2026-04-07/E_PLC_ROLE.dut	file	yes	yes	yes	0o666
snapshots/clean_build_2026_04_14/save_2026-04-07/E_Rule_Action_Type.dut	file	yes	yes	yes	0o666
snapshots/clean_build_2026_04_14/save_2026-04-07/E_Rule_Comparison.dut	file	yes	yes	yes	0o666
snapshots/clean_build_2026_04_14/save_2026-04-07/E_Rule_Condition_Type.dut	file	yes	yes	yes	0o666
snapshots/clean_build_2026_04_14/save_2026-04-07/E_SCENARIO_TYPE.dut	file	yes	yes	yes	0o666
snapshots/clean_build_2026_04_14/save_2026-04-07/E_System_Operating_Mode.dut	file	yes	yes	yes	0o666
snapshots/clean_build_2026_04_14/save_2026-04-07/E_System_Root_Cause.st	file	yes	yes	yes	0o666
snapshots/clean_build_2026_04_14/save_2026-04-07/E_System_Severity.st	file	yes	yes	yes	0o666
snapshots/clean_build_2026_04_14/save_2026-04-07/E_TwoFactor_Method.dut	file	yes	yes	yes	0o666
snapshots/clean_build_2026_04_14/save_2026-04-07/FB_AccessCode_Manager.st	file	yes	yes	yes	0o666
snapshots/clean_build_2026_04_14/save_2026-04-07/FB_Access_Control.st	file	yes	yes	yes	0o666
snapshots/clean_build_2026_04_14/save_2026-04-07/FB_Alarm_Manager.st	file	yes	yes	yes	0o666
snapshots/clean_build_2026_04_14/save_2026-04-07/FB_Analog_Validator.st	file	yes	yes	yes	0o666
snapshots/clean_build_2026_04_14/save_2026-04-07/FB_Astro_Timer.st	file	yes	yes	yes	0o666
snapshots/clean_build_2026_04_14/save_2026-04-07/FB_BlackBox_Recorder.st	file	yes	yes	yes	0o666
snapshots/clean_build_2026_04_14/save_2026-04-07/FB_DHW_Manager.st	file	yes	yes	yes	0o666
snapshots/clean_build_2026_04_14/save_2026-04-07/FB_Fault_Logger.st	file	yes	yes	yes	0o666
snapshots/clean_build_2026_04_14/save_2026-04-07/FB_Gas_Smoke_Manager.st	file	yes	yes	yes	0o666
snapshots/clean_build_2026_04_14/save_2026-04-07/FB_Gateway_Interface.st	file	yes	yes	yes	0o666
snapshots/clean_build_2026_04_14/save_2026-04-07/FB_HMI_Interface.st	file	yes	yes	yes	0o666
snapshots/clean_build_2026_04_14/save_2026-04-07/FB_Heating_System_Manager.st	file	yes	yes	yes	0o666
snapshots/clean_build_2026_04_14/save_2026-04-07/FB_History_Manager.st	file	yes	yes	yes	0o666
snapshots/clean_build_2026_04_14/save_2026-04-07/FB_IO_Module_Watchdog.st	file	yes	yes	yes	0o666
snapshots/clean_build_2026_04_14/save_2026-04-07/FB_Lighting_Blinds_Manager.st	file	yes	yes	yes	0o666
snapshots/clean_build_2026_04_14/save_2026-04-07/FB_NVRAM_Manager.st	file	yes	yes	yes	0o666
snapshots/clean_build_2026_04_14/save_2026-04-07/FB_PID_Controller.st	file	yes	yes	yes	0o666
snapshots/clean_build_2026_04_14/save_2026-04-07/FB_Redundancy_Manager.st	file	yes	yes	yes	0o666
snapshots/clean_build_2026_04_14/save_2026-04-07/FB_Rule_Engine.st	file	yes	yes	yes	0o666
snapshots/clean_build_2026_04_14/save_2026-04-07/FB_Safety_Manager.st	file	yes	yes	yes	0o666
snapshots/clean_build_2026_04_14/save_2026-04-07/FB_Scenario_Manager.st	file	yes	yes	yes	0o666
snapshots/clean_build_2026_04_14/save_2026-04-07/FB_Security_System_Manager.st	file	yes	yes	yes	0o666
snapshots/clean_build_2026_04_14/save_2026-04-07/FB_Simulation_Manager.st	file	yes	yes	yes	0o666
snapshots/clean_build_2026_04_14/save_2026-04-07/FB_Socket_Manager.st	file	yes	yes	yes	0o666
snapshots/clean_build_2026_04_14/save_2026-04-07/FB_State_Manager.st	file	yes	yes	yes	0o666
snapshots/clean_build_2026_04_14/save_2026-04-07/FB_System_Health.st	file	yes	yes	yes	0o666
snapshots/clean_build_2026_04_14/save_2026-04-07/FB_System_Timer.st	file	yes	yes	yes	0o666
snapshots/clean_build_2026_04_14/save_2026-04-07/FB_Ventilation_System_Manager.st	file	yes	yes	yes	0o666
snapshots/clean_build_2026_04_14/save_2026-04-07/FB_Watchdog.st	file	yes	yes	yes	0o666
snapshots/clean_build_2026_04_14/save_2026-04-07/FB_Water_Leakage_Manager.st	file	yes	yes	yes	0o666
snapshots/clean_build_2026_04_14/save_2026-04-07/F_TimeDiff.st	file	yes	yes	yes	0o666
snapshots/clean_build_2026_04_14/save_2026-04-07/GVL_ALARM.gvl	file	yes	yes	yes	0o666
snapshots/clean_build_2026_04_14/save_2026-04-07/GVL_BlackBox.gvl	file	yes	yes	yes	0o666
snapshots/clean_build_2026_04_14/save_2026-04-07/GVL_COMMAND.gvl	file	yes	yes	yes	0o666
snapshots/clean_build_2026_04_14/save_2026-04-07/GVL_CONFIG.gvl	file	yes	yes	yes	0o666
snapshots/clean_build_2026_04_14/save_2026-04-07/GVL_CONSTANTS.gvl	file	yes	yes	yes	0o666
snapshots/clean_build_2026_04_14/save_2026-04-07/GVL_DEBUG.gvl	file	yes	yes	yes	0o666
snapshots/clean_build_2026_04_14/save_2026-04-07/GVL_GATEWAY.gvl	file	yes	yes	yes	0o666
snapshots/clean_build_2026_04_14/save_2026-04-07/GVL_HEALTH_BRIDGE.st	file	yes	yes	yes	0o666
snapshots/clean_build_2026_04_14/save_2026-04-07/GVL_IO.gvl	file	yes	yes	yes	0o666
snapshots/clean_build_2026_04_14/save_2026-04-07/GVL_MODBUS.gvl	file	yes	yes	yes	0o666
snapshots/clean_build_2026_04_14/save_2026-04-07/GVL_Retain.gvl	file	yes	yes	yes	0o666
snapshots/clean_build_2026_04_14/save_2026-04-07/GVL_STATE.gvl	file	yes	yes	yes	0o666
snapshots/clean_build_2026_04_14/save_2026-04-07/GVL_STATUS.gvl	file	yes	yes	yes	0o666
snapshots/clean_build_2026_04_14/save_2026-04-07/IValveController.st	file	yes	yes	yes	0o666
snapshots/clean_build_2026_04_14/save_2026-04-07/MAIN.st	file	yes	yes	yes	0o666
snapshots/clean_build_2026_04_14/save_2026-04-07/PRG_Heating.st	file	yes	yes	yes	0o666
snapshots/clean_build_2026_04_14/save_2026-04-07/PRG_IO_Read.st	file	yes	yes	yes	0o666
snapshots/clean_build_2026_04_14/save_2026-04-07/PRG_IO_Write.st	file	yes	yes	yes	0o666
snapshots/clean_build_2026_04_14/save_2026-04-07/PRG_Lighting.st	file	yes	yes	yes	0o666
snapshots/clean_build_2026_04_14/save_2026-04-07/PRG_PLC_A.st	file	yes	yes	yes	0o666
snapshots/clean_build_2026_04_14/save_2026-04-07/PRG_PLC_B.st	file	yes	yes	yes	0o666
snapshots/clean_build_2026_04_14/save_2026-04-07/PRG_Safety.st	file	yes	yes	yes	0o666
snapshots/clean_build_2026_04_14/save_2026-04-07/PRG_Security.st	file	yes	yes	yes	0o666
snapshots/clean_build_2026_04_14/save_2026-04-07/PRG_System.st	file	yes	yes	yes	0o666
snapshots/clean_build_2026_04_14/save_2026-04-07/PRG_Test.st	file	yes	yes	yes	0o666
snapshots/clean_build_2026_04_14/save_2026-04-07/PRG_Ventilation.st	file	yes	yes	yes	0o666
snapshots/clean_build_2026_04_14/save_2026-04-07/ST_Alarm_Record.dut	file	yes	yes	yes	0o666
snapshots/clean_build_2026_04_14/save_2026-04-07/ST_BlackBox_Record.dut	file	yes	yes	yes	0o666
snapshots/clean_build_2026_04_14/save_2026-04-07/ST_BlackBox_Record.st	file	yes	yes	yes	0o666
snapshots/clean_build_2026_04_14/save_2026-04-07/ST_Boiler_Status.dut	file	yes	yes	yes	0o666
snapshots/clean_build_2026_04_14/save_2026-04-07/ST_DHW_Config.dut	file	yes	yes	yes	0o666
snapshots/clean_build_2026_04_14/save_2026-04-07/ST_DHW_Status.dut	file	yes	yes	yes	0o666
snapshots/clean_build_2026_04_14/save_2026-04-07/ST_Flood_Global_Config.dut	file	yes	yes	yes	0o666
snapshots/clean_build_2026_04_14/save_2026-04-07/ST_FloorHeating_Circuit_Config.dut	file	yes	yes	yes	0o666
snapshots/clean_build_2026_04_14/save_2026-04-07/ST_Gateway_Command.dut	file	yes	yes	yes	0o666
snapshots/clean_build_2026_04_14/save_2026-04-07/ST_Heating_Config.dut	file	yes	yes	yes	0o666
snapshots/clean_build_2026_04_14/save_2026-04-07/ST_History_Record.dut	file	yes	yes	yes	0o666
snapshots/clean_build_2026_04_14/save_2026-04-07/ST_Manifold_Status.dut	file	yes	yes	yes	0o666
snapshots/clean_build_2026_04_14/save_2026-04-07/ST_Rule_Action.dut	file	yes	yes	yes	0o666
snapshots/clean_build_2026_04_14/save_2026-04-07/ST_Scenario_Config.dut	file	yes	yes	yes	0o666
snapshots/clean_build_2026_04_14/save_2026-04-07/ST_Security_Global_Config.dut	file	yes	yes	yes	0o666
snapshots/clean_build_2026_04_14/save_2026-04-07/ST_System_State_Snapshot.dut	file	yes	yes	yes	0o666
snapshots/clean_build_2026_04_14/save_2026-04-07/ST_Tariff_Config.dut	file	yes	yes	yes	0o666
snapshots/clean_build_2026_04_14/save_2026-04-07/ST_User_Rule.dut	file	yes	yes	yes	0o666
snapshots/clean_build_2026_04_14/save_2026-04-07/ST_Valve_Test_Config.dut	file	yes	yes	yes	0o666
snapshots/clean_build_2026_04_14/save_2026-04-07/ST_Ventilation_Global_Config.dut	file	yes	yes	yes	0o666
snapshots/clean_build_2026_04_14/steps/MASTER_PIPELINE/001_BASE.xml	file	yes	yes	yes	0o666
snapshots/clean_build_2026_04_14/steps/MASTER_PIPELINE/001_universal.log	file	yes	yes	yes	0o666
snapshots/clean_build_2026_04_14/steps/MASTER_PIPELINE/001_universal_pou_builder.log	file	yes	yes	yes	0o666
snapshots/clean_build_2026_04_14/steps/MASTER_PIPELINE/001_universal_pou_builder.py	file	yes	yes	yes	0o666
snapshots/clean_build_2026_04_14/steps/MASTER_PIPELINE/001_universal_pou_gvl.log	file	yes	yes	yes	0o666
snapshots/clean_build_2026_04_14/steps/MASTER_PIPELINE/001_universal_pou_gvl_builder.py	file	yes	yes	yes	0o666
snapshots/clean_build_2026_04_14/steps/MASTER_PIPELINE/003_GVL_BASELINE_INPUT.xml	file	yes	yes	yes	0o666
snapshots/clean_build_2026_04_14/steps/MASTER_PIPELINE/003_RESULT.xml	file	yes	yes	yes	0o666
snapshots/clean_build_2026_04_14/steps/MASTER_PIPELINE/003_import_gvl.py	file	yes	yes	yes	0o666
snapshots/clean_build_2026_04_14/steps/MASTER_PIPELINE/004_RESULT.xml	file	yes	yes	yes	0o666
snapshots/clean_build_2026_04_14/steps/MASTER_PIPELINE/004_import_dut.log	file	yes	yes	yes	0o666
snapshots/clean_build_2026_04_14/steps/MASTER_PIPELINE/004_import_dut.py	file	yes	yes	yes	0o666
snapshots/clean_build_2026_04_14/steps/MASTER_PIPELINE/004_import_dut_run.log	file	yes	yes	yes	0o666
snapshots/clean_build_2026_04_14/steps/MASTER_PIPELINE/004_import_dut_v11.log	file	yes	yes	yes	0o666
snapshots/clean_build_2026_04_14/steps/MASTER_PIPELINE/004_precheck_dut.log	file	yes	yes	yes	0o666
snapshots/clean_build_2026_04_14/steps/MASTER_PIPELINE/005_PLAN.txt	file	yes	yes	yes	0o666
snapshots/clean_build_2026_04_14/steps/MASTER_PIPELINE/005_PRG_PLAN.txt	file	yes	yes	yes	0o666
snapshots/clean_build_2026_04_14/steps/MASTER_PIPELINE/005_RESULT.xml	file	yes	yes	yes	0o666
snapshots/clean_build_2026_04_14/steps/MASTER_PIPELINE/005_import_prg.log	file	yes	yes	yes	0o666
snapshots/clean_build_2026_04_14/steps/MASTER_PIPELINE/005_import_prg.py	file	yes	yes	yes	0o666
snapshots/clean_build_2026_04_14/steps/MASTER_PIPELINE/005_import_prg_v2.log	file	yes	yes	yes	0o666
snapshots/clean_build_2026_04_14/steps/MASTER_PIPELINE/005_import_prg_v2.py	file	yes	yes	yes	0o666
snapshots/clean_build_2026_04_14/steps/MASTER_PIPELINE/999_archive_flatten_copy.py.txt	file	yes	yes	yes	0o666
snapshots/clean_build_2026_04_14/steps/MASTER_PIPELINE/INIT.txt	file	yes	yes	yes	0o666
snapshots/clean_build_2026_04_14/steps/MASTER_PIPELINE/PRG.xml	file	yes	yes	yes	0o666
snapshots/clean_build_2026_04_14/steps/MASTER_PIPELINE/__pycache__/lib_codegen.cpython-312.pyc	file	yes	yes	yes	0o666
snapshots/clean_build_2026_04_14/steps/MASTER_PIPELINE/archive_legacy_004/004_apply_v3_enum_patch.py	file	yes	yes	yes	0o666
snapshots/clean_build_2026_04_14/steps/MASTER_PIPELINE/archive_legacy_004/004_fix_struct_initializer.py	file	yes	yes	yes	0o666
snapshots/clean_build_2026_04_14/steps/MASTER_PIPELINE/archive_legacy_004/004_force_patch_and_verify_v5.py	file	yes	yes	yes	0o666
snapshots/clean_build_2026_04_14/steps/MASTER_PIPELINE/archive_legacy_004/004_force_patch_parse_enum_v4.py	file	yes	yes	yes	0o666
snapshots/clean_build_2026_04_14/steps/MASTER_PIPELINE/archive_legacy_004/004_import_dut_rebuild_v2.py	file	yes	yes	yes	0o666
snapshots/clean_build_2026_04_14/steps/MASTER_PIPELINE/archive_legacy_004/004_struct_initializer_analysis.md	file	yes	yes	yes	0o666
snapshots/clean_build_2026_04_14/steps/MASTER_PIPELINE/archive_legacy_004/004_struct_initializer_strategy.md	file	yes	yes	yes	0o666
snapshots/clean_build_2026_04_14/steps/MASTER_PIPELINE/archive_legacy_004/TEST_DUT_ARRAY_INIT.txt	file	yes	yes	yes	0o666
snapshots/clean_build_2026_04_14/steps/MASTER_PIPELINE/archive_legacy_004/TestDut.xml	file	yes	yes	yes	0o666
snapshots/clean_build_2026_04_14/steps/MASTER_PIPELINE/archive_logs/001_create_clean_base_with_anchor.log	file	yes	yes	yes	0o666
snapshots/clean_build_2026_04_14/steps/MASTER_PIPELINE/archive_logs/002_build_clean_master_from_fb.log	file	yes	yes	yes	0o666
snapshots/clean_build_2026_04_14/steps/MASTER_PIPELINE/archive_logs/002_insert_fb_from_st_and_refresh_projectstructure.log	file	yes	yes	yes	0o666
snapshots/clean_build_2026_04_14/steps/MASTER_PIPELINE/archive_logs/002_run_full.log	file	yes	yes	yes	0o666
snapshots/clean_build_2026_04_14/steps/MASTER_PIPELINE/archive_logs/003_GVL_FULL_STRUCT.log	file	yes	yes	yes	0o666
snapshots/clean_build_2026_04_14/steps/MASTER_PIPELINE/archive_logs/003_GVL_RAW_SYNTAX.log	file	yes	yes	yes	0o666
snapshots/clean_build_2026_04_14/steps/MASTER_PIPELINE/archive_logs/003_GVL_STRUCTURE_ANALYSIS.log	file	yes	yes	yes	0o666
snapshots/clean_build_2026_04_14/steps/MASTER_PIPELINE/archive_logs/003_GVL_TEMPLATE_CASES.log	file	yes	yes	yes	0o666
snapshots/clean_build_2026_04_14/steps/MASTER_PIPELINE/archive_logs/003_GVL_XML_TEMPLATE_ANALYSIS.log	file	yes	yes	yes	0o666
snapshots/clean_build_2026_04_14/steps/MASTER_PIPELINE/archive_logs/003_import_gvl.log	file	yes	yes	yes	0o666
snapshots/clean_build_2026_04_14/steps/MASTER_PIPELINE/archive_logs/004_import_dut_v11.log	file	yes	yes	yes	0o666
snapshots/clean_build_2026_04_14/steps/MASTER_PIPELINE/build_project.py	file	yes	yes	yes	0o666
snapshots/clean_build_2026_04_14/steps/MASTER_PIPELINE/build_project_cli.py	file	yes	yes	yes	0o666
snapshots/clean_build_2026_04_14/steps/MASTER_PIPELINE/build_project_v2.py	file	yes	yes	yes	0o666
snapshots/clean_build_2026_04_14/steps/MASTER_PIPELINE/lib_codegen.py	file	yes	yes	yes	0o666
snapshots/clean_build_2026_04_14/steps/MASTER_PIPELINE/logs/001_universal_pou_gvl.log	file	yes	yes	yes	0o666
snapshots/clean_build_2026_04_14/steps/MASTER_PIPELINE/logs/004_import_dut_v11.log	file	yes	yes	yes	0o666
snapshots/clean_build_2026_04_14/steps/MASTER_PIPELINE/out/003_RESULT.xml	file	yes	yes	yes	0o666
snapshots/clean_build_2026_04_14/steps/MASTER_PIPELINE/out/004_RESULT.xml	file	yes	yes	yes	0o666
snapshots/clean_build_2026_04_14/steps/MASTER_PIPELINE/Система умного дома.xml	file	yes	yes	yes	0o666
snapshots/clean_build_2026_04_14/workspace/WORKFLOW_GITHUB_CODESYS.md	file	yes	yes	yes	0o666
snapshots/clean_build_2026_04_14/workspace/compile_green_cleanup_inventory_2026-04-12.md	file	yes	yes	yes	0o666
snapshots/clean_build_2026_04_14/workspace/draft_v2_inventory_2026-04-12.md	file	yes	yes	yes	0o666
snapshots/clean_build_2026_04_14/workspace/dut_rebuild/INDEX.md	file	yes	yes	yes	0o666
snapshots/clean_build_2026_04_14/workspace/dut_rebuild/README.md	file	yes	yes	yes	0o666
snapshots/clean_build_2026_04_14/workspace/dut_rebuild/alarm/01_alarm_rebuild_plan.md	file	yes	yes	yes	0o666
snapshots/clean_build_2026_04_14/workspace/dut_rebuild/alarm/FB_Alarm_Compatibility_Package_DRAFT.st	file	yes	yes	yes	0o666
snapshots/clean_build_2026_04_14/workspace/dut_rebuild/alarm/FB_Alarm_Legacy_To_V2_Adapter_DRAFT.st	file	yes	yes	yes	0o666
snapshots/clean_build_2026_04_14/workspace/dut_rebuild/alarm/FB_Alarm_V2_To_Legacy_Adapter_DRAFT.st	file	yes	yes	yes	0o666
snapshots/clean_build_2026_04_14/workspace/dut_rebuild/alarm/ST_Alarm_Core_Record_V2.dut	file	yes	yes	yes	0o666
snapshots/clean_build_2026_04_14/workspace/dut_rebuild/alarm/ST_Alarm_Event_V2.dut	file	yes	yes	yes	0o666
snapshots/clean_build_2026_04_14/workspace/dut_rebuild/alarm/ST_Alarm_V2.dut	file	yes	yes	yes	0o666
snapshots/clean_build_2026_04_14/workspace/dut_rebuild/alarm/ST_Alarm_View_Record_V2.dut	file	yes	yes	yes	0o666
snapshots/clean_build_2026_04_14/workspace/dut_rebuild/alarm/integration/adapter_notes.md	file	yes	yes	yes	0o666
snapshots/clean_build_2026_04_14/workspace/dut_rebuild/alarm/runtime_hook/active_migration/plan.md	file	yes	yes	yes	0o666
snapshots/clean_build_2026_04_14/workspace/dut_rebuild/alarm/runtime_hook/staging_clone/FB_Alarm_Manager_STAGING.st	file	yes	yes	yes	0o666
snapshots/clean_build_2026_04_14/workspace/dut_rebuild/alarm/v2_core/01_alarm_v2_core_plan.md	file	yes	yes	yes	0o666
snapshots/clean_build_2026_04_14/workspace/dut_rebuild/alarm/v2_core/02_alarm_v2_migration_targets.md	file	yes	yes	yes	0o666
snapshots/clean_build_2026_04_14/workspace/dut_rebuild/alarm/v2_core/FB_Alarm_V2_Core_DRAFT.st	file	yes	yes	yes	0o666
snapshots/clean_build_2026_04_14/workspace/dut_rebuild/alarm/v2_core/README.md	file	yes	yes	yes	0o666
snapshots/clean_build_2026_04_14/workspace/dut_rebuild/alarm/v2_core/extraction/01_pending_queue_extraction_plan.md	file	yes	yes	yes	0o666
snapshots/clean_build_2026_04_14/workspace/dut_rebuild/alarm/v2_core/extraction/02_pending_queue_old_to_new_map.md	file	yes	yes	yes	0o666
snapshots/clean_build_2026_04_14/workspace/dut_rebuild/alarm/v2_core/extraction/03_next_runtime_step.md	file	yes	yes	yes	0o666
snapshots/clean_build_2026_04_14/workspace/dut_rebuild/alarm/v2_core/reports/00_alarm_v2_core_ready.txt	file	yes	yes	yes	0o666
snapshots/clean_build_2026_04_14/workspace/dut_rebuild/alarm/v2_core/reports/01_pending_queue_extraction_ready.txt	file	yes	yes	yes	0o666
snapshots/clean_build_2026_04_14/workspace/dut_rebuild/blinds_v2/README.md	file	yes	yes	yes	0o666
snapshots/clean_build_2026_04_14/workspace/dut_rebuild/blinds_v2/ST_Blinds_Command_V2.dut	file	yes	yes	yes	0o666
snapshots/clean_build_2026_04_14/workspace/dut_rebuild/blinds_v2/ST_Blinds_State_V2.dut	file	yes	yes	yes	0o666
snapshots/clean_build_2026_04_14/workspace/dut_rebuild/blinds_v2/compatibility/01_blinds_compatibility_plan.md	file	yes	yes	yes	0o666
snapshots/clean_build_2026_04_14/workspace/dut_rebuild/blinds_v2/compatibility/FB_Blinds_Legacy_To_V2_Command_Adapter_DRAFT.st	file	yes	yes	yes	0o666
snapshots/clean_build_2026_04_14/workspace/dut_rebuild/blinds_v2/compatibility/FB_Blinds_Legacy_To_V2_State_Adapter_DRAFT.st	file	yes	yes	yes	0o666
snapshots/clean_build_2026_04_14/workspace/dut_rebuild/blinds_v2/extraction/01_blinds_extraction_plan.md	file	yes	yes	yes	0o666
snapshots/clean_build_2026_04_14/workspace/dut_rebuild/blinds_v2/extraction/FB_Blinds_Command_Extractor_DRAFT.st	file	yes	yes	yes	0o666
snapshots/clean_build_2026_04_14/workspace/dut_rebuild/blinds_v2/extraction/FB_Blinds_State_Extractor_DRAFT.st	file	yes	yes	yes	0o666
snapshots/clean_build_2026_04_14/workspace/dut_rebuild/blinds_v2/reports/00_blinds_v2_package_ready.txt	file	yes	yes	yes	0o666
snapshots/clean_build_2026_04_14/workspace/dut_rebuild/blinds_v2/reports/02_blinds_staging_ready.txt	file	yes	yes	yes	0o666
snapshots/clean_build_2026_04_14/workspace/dut_rebuild/blinds_v2/staging/01_blinds_staging_plan.md	file	yes	yes	yes	0o666
snapshots/clean_build_2026_04_14/workspace/dut_rebuild/blinds_v2/staging/FB_Blinds_V2_Staging_DRAFT.st	file	yes	yes	yes	0o666
snapshots/clean_build_2026_04_14/workspace/dut_rebuild/blinds_v2/v2_core/01_blinds_v2_core_plan.md	file	yes	yes	yes	0o666
snapshots/clean_build_2026_04_14/workspace/dut_rebuild/blinds_v2/v2_core/FB_Blinds_V2_Core_DRAFT.st	file	yes	yes	yes	0o666
snapshots/clean_build_2026_04_14/workspace/dut_rebuild/dhw_v2/README.md	file	yes	yes	yes	0o666
snapshots/clean_build_2026_04_14/workspace/dut_rebuild/dhw_v2/ST_DHW_Command_V2.dut	file	yes	yes	yes	0o666
snapshots/clean_build_2026_04_14/workspace/dut_rebuild/dhw_v2/ST_DHW_State_V2.dut	file	yes	yes	yes	0o666
snapshots/clean_build_2026_04_14/workspace/dut_rebuild/dhw_v2/compatibility/01_dhw_compatibility_plan.md	file	yes	yes	yes	0o666
snapshots/clean_build_2026_04_14/workspace/dut_rebuild/dhw_v2/compatibility/FB_DHW_Legacy_To_V2_Command_Adapter_DRAFT.st	file	yes	yes	yes	0o666
snapshots/clean_build_2026_04_14/workspace/dut_rebuild/dhw_v2/compatibility/FB_DHW_Legacy_To_V2_State_Adapter_DRAFT.st	file	yes	yes	yes	0o666
snapshots/clean_build_2026_04_14/workspace/dut_rebuild/dhw_v2/extraction/01_dhw_extraction_plan.md	file	yes	yes	yes	0o666
snapshots/clean_build_2026_04_14/workspace/dut_rebuild/dhw_v2/extraction/FB_DHW_Command_Extractor_DRAFT.st	file	yes	yes	yes	0o666
snapshots/clean_build_2026_04_14/workspace/dut_rebuild/dhw_v2/extraction/FB_DHW_State_Extractor_DRAFT.st	file	yes	yes	yes	0o666
snapshots/clean_build_2026_04_14/workspace/dut_rebuild/dhw_v2/reports/00_dhw_v2_package_ready.txt	file	yes	yes	yes	0o666
snapshots/clean_build_2026_04_14/workspace/dut_rebuild/dhw_v2/reports/02_dhw_staging_ready.txt	file	yes	yes	yes	0o666
snapshots/clean_build_2026_04_14/workspace/dut_rebuild/dhw_v2/staging/01_dhw_staging_plan.md	file	yes	yes	yes	0o666
snapshots/clean_build_2026_04_14/workspace/dut_rebuild/dhw_v2/staging/FB_DHW_V2_Staging_DRAFT.st	file	yes	yes	yes	0o666
snapshots/clean_build_2026_04_14/workspace/dut_rebuild/dhw_v2/v2_core/01_dhw_v2_core_plan.md	file	yes	yes	yes	0o666
snapshots/clean_build_2026_04_14/workspace/dut_rebuild/dhw_v2/v2_core/FB_DHW_V2_Core_DRAFT.st	file	yes	yes	yes	0o666
snapshots/clean_build_2026_04_14/workspace/dut_rebuild/heating_v2/README.md	file	yes	yes	yes	0o666
snapshots/clean_build_2026_04_14/workspace/dut_rebuild/heating_v2/ST_Heating_Command_V2.dut	file	yes	yes	yes	0o666
snapshots/clean_build_2026_04_14/workspace/dut_rebuild/heating_v2/ST_Heating_State_V2.dut	file	yes	yes	yes	0o666
snapshots/clean_build_2026_04_14/workspace/dut_rebuild/heating_v2/compatibility/01_heating_compatibility_plan.md	file	yes	yes	yes	0o666
snapshots/clean_build_2026_04_14/workspace/dut_rebuild/heating_v2/compatibility/FB_Heating_Legacy_To_V2_Command_Adapter_DRAFT.st	file	yes	yes	yes	0o666
snapshots/clean_build_2026_04_14/workspace/dut_rebuild/heating_v2/compatibility/FB_Heating_Legacy_To_V2_State_Adapter_DRAFT.st	file	yes	yes	yes	0o666
snapshots/clean_build_2026_04_14/workspace/dut_rebuild/heating_v2/extraction/01_heating_extraction_plan.md	file	yes	yes	yes	0o666
snapshots/clean_build_2026_04_14/workspace/dut_rebuild/heating_v2/extraction/02_legacy_to_v2_map.md	file	yes	yes	yes	0o666
snapshots/clean_build_2026_04_14/workspace/dut_rebuild/heating_v2/reports/00_heating_v2_package_ready.txt	file	yes	yes	yes	0o666
snapshots/clean_build_2026_04_14/workspace/dut_rebuild/heating_v2/reports/01_heating_extraction_ready.txt	file	yes	yes	yes	0o666
snapshots/clean_build_2026_04_14/workspace/dut_rebuild/heating_v2/reports/02_heating_staging_ready.txt	file	yes	yes	yes	0o666
snapshots/clean_build_2026_04_14/workspace/dut_rebuild/heating_v2/staging/01_heating_staging_plan.md	file	yes	yes	yes	0o666
snapshots/clean_build_2026_04_14/workspace/dut_rebuild/heating_v2/staging/FB_Heating_V2_Staging_DRAFT.st	file	yes	yes	yes	0o666
snapshots/clean_build_2026_04_14/workspace/dut_rebuild/heating_v2/v2_core/01_heating_v2_core_plan.md	file	yes	yes	yes	0o666
snapshots/clean_build_2026_04_14/workspace/dut_rebuild/heating_v2/v2_core/FB_Heating_Command_Path_DRAFT.st	file	yes	yes	yes	0o666
snapshots/clean_build_2026_04_14/workspace/dut_rebuild/heating_v2/v2_core/FB_Heating_State_Path_DRAFT.st	file	yes	yes	yes	0o666
snapshots/clean_build_2026_04_14/workspace/dut_rebuild/heating_v2/v2_core/FB_Heating_V2_Core_DRAFT.st	file	yes	yes	yes	0o666
snapshots/clean_build_2026_04_14/workspace/dut_rebuild/history_blackbox/01_history_blackbox_rebuild_plan.md	file	yes	yes	yes	0o666
snapshots/clean_build_2026_04_14/workspace/dut_rebuild/history_blackbox/ST_BlackBox_Snapshot_V2.dut	file	yes	yes	yes	0o666
snapshots/clean_build_2026_04_14/workspace/dut_rebuild/history_blackbox/ST_History_Event_V2.dut	file	yes	yes	yes	0o666
snapshots/clean_build_2026_04_14/workspace/dut_rebuild/history_blackbox_v2/README.md	file	yes	yes	yes	0o666
snapshots/clean_build_2026_04_14/workspace/dut_rebuild/history_blackbox_v2/ST_BlackBox_Snapshot_V2.dut	file	yes	yes	yes	0o666
snapshots/clean_build_2026_04_14/workspace/dut_rebuild/history_blackbox_v2/ST_History_Event_V2.dut	file	yes	yes	yes	0o666
snapshots/clean_build_2026_04_14/workspace/dut_rebuild/history_blackbox_v2/compatibility/01_history_blackbox_compatibility_plan.md	file	yes	yes	yes	0o666
snapshots/clean_build_2026_04_14/workspace/dut_rebuild/history_blackbox_v2/compatibility/FB_BlackBox_Legacy_To_V2_Adapter_DRAFT.st	file	yes	yes	yes	0o666
snapshots/clean_build_2026_04_14/workspace/dut_rebuild/history_blackbox_v2/compatibility/FB_History_Legacy_To_V2_Adapter_DRAFT.st	file	yes	yes	yes	0o666
snapshots/clean_build_2026_04_14/workspace/dut_rebuild/history_blackbox_v2/reports/00_history_blackbox_v2_ready.txt	file	yes	yes	yes	0o666
snapshots/clean_build_2026_04_14/workspace/dut_rebuild/history_blackbox_v2/v2_core/01_history_blackbox_v2_core_plan.md	file	yes	yes	yes	0o666
snapshots/clean_build_2026_04_14/workspace/dut_rebuild/history_blackbox_v2/v2_core/FB_BlackBox_V2_Core_DRAFT.st	file	yes	yes	yes	0o666
snapshots/clean_build_2026_04_14/workspace/dut_rebuild/history_blackbox_v2/v2_core/FB_History_V2_Core_DRAFT.st	file	yes	yes	yes	0o666
snapshots/clean_build_2026_04_14/workspace/dut_rebuild/integration/01_rule_engine_integration_plan.md	file	yes	yes	yes	0o666
snapshots/clean_build_2026_04_14/workspace/dut_rebuild/integration/02_rule_engine_old_to_new_field_map.md	file	yes	yes	yes	0o666
snapshots/clean_build_2026_04_14/workspace/dut_rebuild/integration/03_rule_engine_open_questions.md	file	yes	yes	yes	0o666
snapshots/clean_build_2026_04_14/workspace/dut_rebuild/integration/04_rule_engine_adapter_draft.md	file	yes	yes	yes	0o666
snapshots/clean_build_2026_04_14/workspace/dut_rebuild/integration/05_rule_engine_condition_translation.md	file	yes	yes	yes	0o666
snapshots/clean_build_2026_04_14/workspace/dut_rebuild/integration/06_rule_engine_action_translation.md	file	yes	yes	yes	0o666
snapshots/clean_build_2026_04_14/workspace/dut_rebuild/integration/07_rule_engine_adapter_open_mismatches.md	file	yes	yes	yes	0o666
snapshots/clean_build_2026_04_14/workspace/dut_rebuild/integration/FB_Rule_Legacy_To_V2_Adapter_DRAFT.st	file	yes	yes	yes	0o666
snapshots/clean_build_2026_04_14/workspace/dut_rebuild/integration/FB_Rule_V2_To_Legacy_Adapter_DRAFT.st	file	yes	yes	yes	0o666
snapshots/clean_build_2026_04_14/workspace/dut_rebuild/integration/reports/05_rule_engine_adapter_ready.txt	file	yes	yes	yes	0o666
snapshots/clean_build_2026_04_14/workspace/dut_rebuild/integration/reports/06_rule_engine_bidirectional_ready.txt	file	yes	yes	yes	0o666
snapshots/clean_build_2026_04_14/workspace/dut_rebuild/integration/runtime_hook/01_runtime_hook_strategy.md	file	yes	yes	yes	0o666
snapshots/clean_build_2026_04_14/workspace/dut_rebuild/integration/runtime_hook/02_runtime_hook_package_layout.md	file	yes	yes	yes	0o666
snapshots/clean_build_2026_04_14/workspace/dut_rebuild/integration/runtime_hook/03_migration_checklist.md	file	yes	yes	yes	0o666
snapshots/clean_build_2026_04_14/workspace/dut_rebuild/integration/runtime_hook/04_test_checklist.md	file	yes	yes	yes	0o666
snapshots/clean_build_2026_04_14/workspace/dut_rebuild/integration/runtime_hook/05_next_real_runtime_step.txt	file	yes	yes	yes	0o666
snapshots/clean_build_2026_04_14/workspace/dut_rebuild/integration/runtime_hook/FB_Rule_Compatibility_Package_DRAFT.st	file	yes	yes	yes	0o666
snapshots/clean_build_2026_04_14/workspace/dut_rebuild/integration/runtime_hook/README.md	file	yes	yes	yes	0o666
snapshots/clean_build_2026_04_14/workspace/dut_rebuild/integration/runtime_hook/active_migration/01_insertion_point.md	file	yes	yes	yes	0o666
snapshots/clean_build_2026_04_14/workspace/dut_rebuild/integration/runtime_hook/active_migration/02_patch_strategy.md	file	yes	yes	yes	0o666
snapshots/clean_build_2026_04_14/workspace/dut_rebuild/integration/runtime_hook/active_migration/03_patch_diff_draft.md	file	yes	yes	yes	0o666
snapshots/clean_build_2026_04_14/workspace/dut_rebuild/integration/runtime_hook/active_migration/04_validation_checklist.md	file	yes	yes	yes	0o666
snapshots/clean_build_2026_04_14/workspace/dut_rebuild/integration/runtime_hook/active_migration/05_rollback_plan.md	file	yes	yes	yes	0o666
snapshots/clean_build_2026_04_14/workspace/dut_rebuild/integration/runtime_hook/active_migration/06_next_step.txt	file	yes	yes	yes	0o666
snapshots/clean_build_2026_04_14/workspace/dut_rebuild/integration/runtime_hook/active_migration/README.md	file	yes	yes	yes	0o666
snapshots/clean_build_2026_04_14/workspace/dut_rebuild/integration/runtime_hook/staging_clone/01_staging_clone_strategy.md	file	yes	yes	yes	0o666
snapshots/clean_build_2026_04_14/workspace/dut_rebuild/integration/runtime_hook/staging_clone/02_staging_clone_review_points.md	file	yes	yes	yes	0o666
snapshots/clean_build_2026_04_14/workspace/dut_rebuild/integration/runtime_hook/staging_clone/03_next_runtime_migration_package.md	file	yes	yes	yes	0o666
snapshots/clean_build_2026_04_14/workspace/dut_rebuild/integration/runtime_hook/staging_clone/FB_Rule_Engine_STAGING_BRIDGE_DRAFT.st	file	yes	yes	yes	0o666
snapshots/clean_build_2026_04_14/workspace/dut_rebuild/integration/runtime_hook/staging_clone/README.md	file	yes	yes	yes	0o666
snapshots/clean_build_2026_04_14/workspace/dut_rebuild/integration/runtime_hook/staging_clone/reports/07_staging_clone_ready.txt	file	yes	yes	yes	0o666
snapshots/clean_build_2026_04_14/workspace/dut_rebuild/lighting_v2/README.md	file	yes	yes	yes	0o666
snapshots/clean_build_2026_04_14/workspace/dut_rebuild/lighting_v2/ST_Lighting_Command_V2.dut	file	yes	yes	yes	0o666
snapshots/clean_build_2026_04_14/workspace/dut_rebuild/lighting_v2/ST_Lighting_State_V2.dut	file	yes	yes	yes	0o666
snapshots/clean_build_2026_04_14/workspace/dut_rebuild/lighting_v2/compatibility/01_lighting_compatibility_plan.md	file	yes	yes	yes	0o666
snapshots/clean_build_2026_04_14/workspace/dut_rebuild/lighting_v2/compatibility/FB_Lighting_Legacy_To_V2_Command_Adapter_DRAFT.st	file	yes	yes	yes	0o666
snapshots/clean_build_2026_04_14/workspace/dut_rebuild/lighting_v2/compatibility/FB_Lighting_Legacy_To_V2_State_Adapter_DRAFT.st	file	yes	yes	yes	0o666
snapshots/clean_build_2026_04_14/workspace/dut_rebuild/lighting_v2/extraction/01_lighting_extraction_plan.md	file	yes	yes	yes	0o666
snapshots/clean_build_2026_04_14/workspace/dut_rebuild/lighting_v2/extraction/FB_Lighting_Command_Extractor_DRAFT.st	file	yes	yes	yes	0o666
snapshots/clean_build_2026_04_14/workspace/dut_rebuild/lighting_v2/extraction/FB_Lighting_State_Extractor_DRAFT.st	file	yes	yes	yes	0o666
snapshots/clean_build_2026_04_14/workspace/dut_rebuild/lighting_v2/reports/00_lighting_v2_package_ready.txt	file	yes	yes	yes	0o666
snapshots/clean_build_2026_04_14/workspace/dut_rebuild/lighting_v2/reports/02_lighting_staging_ready.txt	file	yes	yes	yes	0o666
snapshots/clean_build_2026_04_14/workspace/dut_rebuild/lighting_v2/staging/01_lighting_staging_plan.md	file	yes	yes	yes	0o666
snapshots/clean_build_2026_04_14/workspace/dut_rebuild/lighting_v2/staging/FB_Lighting_V2_Staging_DRAFT.st	file	yes	yes	yes	0o666
snapshots/clean_build_2026_04_14/workspace/dut_rebuild/lighting_v2/v2_core/01_lighting_v2_core_plan.md	file	yes	yes	yes	0o666
snapshots/clean_build_2026_04_14/workspace/dut_rebuild/lighting_v2/v2_core/FB_Lighting_V2_Core_DRAFT.st	file	yes	yes	yes	0o666
snapshots/clean_build_2026_04_14/workspace/dut_rebuild/reports/00_rebuild_first_scope.md	file	yes	yes	yes	0o666
snapshots/clean_build_2026_04_14/workspace/dut_rebuild/reports/01_old_to_new_mapping.md	file	yes	yes	yes	0o666
snapshots/clean_build_2026_04_14/workspace/dut_rebuild/reports/02_next_integration_order.txt	file	yes	yes	yes	0o666
snapshots/clean_build_2026_04_14/workspace/dut_rebuild/reports/03_workspace_review.md	file	yes	yes	yes	0o666
snapshots/clean_build_2026_04_14/workspace/dut_rebuild/reports/04_next_execution_queue.txt	file	yes	yes	yes	0o666
snapshots/clean_build_2026_04_14/workspace/dut_rebuild/rule_engine/01_rule_engine_rebuild_plan.md	file	yes	yes	yes	0o666
snapshots/clean_build_2026_04_14/workspace/dut_rebuild/rule_engine/E_Rule_Data_Source_V2.dut	file	yes	yes	yes	0o666
snapshots/clean_build_2026_04_14/workspace/dut_rebuild/rule_engine/E_Rule_Target_Domain_V2.dut	file	yes	yes	yes	0o666
snapshots/clean_build_2026_04_14/workspace/dut_rebuild/rule_engine/E_Rule_Value_Type_V2.dut	file	yes	yes	yes	0o666
snapshots/clean_build_2026_04_14/workspace/dut_rebuild/rule_engine/ST_Rule_Action_V2.dut	file	yes	yes	yes	0o666
snapshots/clean_build_2026_04_14/workspace/dut_rebuild/rule_engine/ST_Rule_Condition_V2.dut	file	yes	yes	yes	0o666
snapshots/clean_build_2026_04_14/workspace/dut_rebuild/rule_engine/ST_User_Rule_V2.dut	file	yes	yes	yes	0o666
snapshots/clean_build_2026_04_14/workspace/dut_rebuild/socket_v2/README.md	file	yes	yes	yes	0o666
snapshots/clean_build_2026_04_14/workspace/dut_rebuild/socket_v2/ST_Socket_Command_V2.dut	file	yes	yes	yes	0o666
snapshots/clean_build_2026_04_14/workspace/dut_rebuild/socket_v2/ST_Socket_State_V2.dut	file	yes	yes	yes	0o666
snapshots/clean_build_2026_04_14/workspace/dut_rebuild/socket_v2/compatibility/01_socket_compatibility_plan.md	file	yes	yes	yes	0o666
snapshots/clean_build_2026_04_14/workspace/dut_rebuild/socket_v2/compatibility/FB_Socket_Legacy_To_V2_Command_Adapter_DRAFT.st	file	yes	yes	yes	0o666
snapshots/clean_build_2026_04_14/workspace/dut_rebuild/socket_v2/compatibility/FB_Socket_Legacy_To_V2_State_Adapter_DRAFT.st	file	yes	yes	yes	0o666
snapshots/clean_build_2026_04_14/workspace/dut_rebuild/socket_v2/extraction/01_socket_extraction_plan.md	file	yes	yes	yes	0o666
snapshots/clean_build_2026_04_14/workspace/dut_rebuild/socket_v2/extraction/FB_Socket_Command_Extractor_DRAFT.st	file	yes	yes	yes	0o666
snapshots/clean_build_2026_04_14/workspace/dut_rebuild/socket_v2/extraction/FB_Socket_State_Extractor_DRAFT.st	file	yes	yes	yes	0o666
snapshots/clean_build_2026_04_14/workspace/dut_rebuild/socket_v2/reports/00_socket_v2_package_ready.txt	file	yes	yes	yes	0o666
snapshots/clean_build_2026_04_14/workspace/dut_rebuild/socket_v2/reports/02_socket_staging_ready.txt	file	yes	yes	yes	0o666
snapshots/clean_build_2026_04_14/workspace/dut_rebuild/socket_v2/staging/01_socket_staging_plan.md	file	yes	yes	yes	0o666
snapshots/clean_build_2026_04_14/workspace/dut_rebuild/socket_v2/staging/FB_Socket_V2_Staging_DRAFT.st	file	yes	yes	yes	0o666
snapshots/clean_build_2026_04_14/workspace/dut_rebuild/socket_v2/v2_core/01_socket_v2_core_plan.md	file	yes	yes	yes	0o666
snapshots/clean_build_2026_04_14/workspace/dut_rebuild/socket_v2/v2_core/FB_Socket_V2_Core_DRAFT.st	file	yes	yes	yes	0o666
snapshots/clean_build_2026_04_14/workspace/dut_rebuild/ventilation_v2/README.md	file	yes	yes	yes	0o666
snapshots/clean_build_2026_04_14/workspace/dut_rebuild/ventilation_v2/ST_Ventilation_Command_V2.dut	file	yes	yes	yes	0o666
snapshots/clean_build_2026_04_14/workspace/dut_rebuild/ventilation_v2/ST_Ventilation_State_V2.dut	file	yes	yes	yes	0o666
snapshots/clean_build_2026_04_14/workspace/dut_rebuild/ventilation_v2/compatibility/01_ventilation_compatibility_plan.md	file	yes	yes	yes	0o666
snapshots/clean_build_2026_04_14/workspace/dut_rebuild/ventilation_v2/compatibility/FB_Ventilation_Legacy_To_V2_Command_Adapter_DRAFT.st	file	yes	yes	yes	0o666
snapshots/clean_build_2026_04_14/workspace/dut_rebuild/ventilation_v2/compatibility/FB_Ventilation_Legacy_To_V2_State_Adapter_DRAFT.st	file	yes	yes	yes	0o666
snapshots/clean_build_2026_04_14/workspace/dut_rebuild/ventilation_v2/extraction/01_ventilation_extraction_plan.md	file	yes	yes	yes	0o666
snapshots/clean_build_2026_04_14/workspace/dut_rebuild/ventilation_v2/extraction/02_legacy_to_v2_map.md	file	yes	yes	yes	0o666
snapshots/clean_build_2026_04_14/workspace/dut_rebuild/ventilation_v2/reports/00_ventilation_v2_package_ready.txt	file	yes	yes	yes	0o666
snapshots/clean_build_2026_04_14/workspace/dut_rebuild/ventilation_v2/reports/01_ventilation_extraction_ready.txt	file	yes	yes	yes	0o666
snapshots/clean_build_2026_04_14/workspace/dut_rebuild/ventilation_v2/reports/02_ventilation_staging_ready.txt	file	yes	yes	yes	0o666
snapshots/clean_build_2026_04_14/workspace/dut_rebuild/ventilation_v2/staging/01_ventilation_staging_plan.md	file	yes	yes	yes	0o666
snapshots/clean_build_2026_04_14/workspace/dut_rebuild/ventilation_v2/staging/FB_Ventilation_V2_Staging_DRAFT.st	file	yes	yes	yes	0o666
snapshots/clean_build_2026_04_14/workspace/dut_rebuild/ventilation_v2/v2_core/01_ventilation_v2_core_plan.md	file	yes	yes	yes	0o666
snapshots/clean_build_2026_04_14/workspace/dut_rebuild/ventilation_v2/v2_core/FB_Ventilation_Command_Path_DRAFT.st	file	yes	yes	yes	0o666
snapshots/clean_build_2026_04_14/workspace/dut_rebuild/ventilation_v2/v2_core/FB_Ventilation_State_Path_DRAFT.st	file	yes	yes	yes	0o666
snapshots/clean_build_2026_04_14/workspace/dut_rebuild/ventilation_v2/v2_core/FB_Ventilation_V2_Core_DRAFT.st	file	yes	yes	yes	0o666
snapshots/clean_build_2026_04_14/workspace/export_forensics/EXPORT_PRELIMINARY_ANALYSIS.md	file	yes	yes	yes	0o666
snapshots/clean_build_2026_04_14/workspace/export_forensics/EXPORT_STRUCTURE_NOTES.md	file	yes	yes	yes	0o666
snapshots/clean_build_2026_04_14/workspace/export_forensics/README.md	file	yes	yes	yes	0o666
snapshots/clean_build_2026_04_14/workspace/export_forensics/XML_EXPORT_STRUCTURE_FINDINGS_2026-04-06.md	file	yes	yes	yes	0o666
snapshots/clean_build_2026_04_14/workspace/export_forensics/sandbox/BULK_ANCHOR_REPORT.txt	file	yes	yes	yes	0o666
snapshots/clean_build_2026_04_14/workspace/export_forensics/sandbox/DUT_VS_XML_COMPARE_REPORT.txt	file	yes	yes	yes	0o666
snapshots/clean_build_2026_04_14/workspace/export_forensics/sandbox/FB_Astro_Timer_diagnostic_report.txt	file	yes	yes	yes	0o666
snapshots/clean_build_2026_04_14/workspace/export_forensics/sandbox/FB_Astro_Timer_impl_patch_report.txt	file	yes	yes	yes	0o666
snapshots/clean_build_2026_04_14/workspace/export_forensics/sandbox/FB_IMPORT_STATUS_CONFIRMED.md	file	yes	yes	yes	0o666
snapshots/clean_build_2026_04_14/workspace/export_forensics/sandbox/FB_VAR_IN_CODE_REPORT_V8.txt	file	yes	yes	yes	0o666
snapshots/clean_build_2026_04_14/workspace/export_forensics/sandbox/HML_STRUCTURE_REPORT.txt	file	yes	yes	yes	0o666
snapshots/clean_build_2026_04_14/workspace/export_forensics/sandbox/INTERFACE_PREVIEW.txt	file	yes	yes	yes	0o666
snapshots/clean_build_2026_04_14/workspace/export_forensics/sandbox/MISSING_POU_PRIORITY_REPORT.txt	file	yes	yes	yes	0o666
snapshots/clean_build_2026_04_14/workspace/export_forensics/sandbox/REBUILD_FB_LOG_V9.txt	file	yes	yes	yes	0o666
snapshots/clean_build_2026_04_14/workspace/export_forensics/sandbox/SMART_HOME_SANDBOX.xml	file	yes	yes	yes	0o666
snapshots/clean_build_2026_04_14/workspace/export_forensics/sandbox/SMART_HOME_SANDBOX_MASTER_BASE.xml	file	yes	yes	yes	0o666
snapshots/clean_build_2026_04_14/workspace/export_forensics/sandbox/SMART_HOME_SANDBOX_MASTER_V001_BASE.xml	file	yes	yes	yes	0o666
snapshots/clean_build_2026_04_14/workspace/export_forensics/sandbox/SMART_HOME_SANDBOX_V2.xml	file	yes	yes	yes	0o666
snapshots/clean_build_2026_04_14/workspace/export_forensics/sandbox/SMART_HOME_SANDBOX_V3.xml	file	yes	yes	yes	0o666
snapshots/clean_build_2026_04_14/workspace/export_forensics/sandbox/SMART_HOME_SANDBOX_V4.xml	file	yes	yes	yes	0o666
snapshots/clean_build_2026_04_14/workspace/export_forensics/sandbox/SMART_HOME_SANDBOX_V5.xml	file	yes	yes	yes	0o666
snapshots/clean_build_2026_04_14/workspace/export_forensics/sandbox/SMART_HOME_SANDBOX_V6.xml	file	yes	yes	yes	0o666
snapshots/clean_build_2026_04_14/workspace/export_forensics/sandbox/SMART_HOME_SANDBOX_V7.xml	file	yes	yes	yes	0o666
snapshots/clean_build_2026_04_14/workspace/export_forensics/sandbox/SMART_HOME_SANDBOX_V8.xml	file	yes	yes	yes	0o666
snapshots/clean_build_2026_04_14/workspace/export_forensics/sandbox/SMART_HOME_SANDBOX_V9.xml	file	yes	yes	yes	0o666
snapshots/clean_build_2026_04_14/workspace/export_forensics/sandbox/XML_BULK_CLONE_PARAM_REPORT_V8.txt	file	yes	yes	yes	0o666
snapshots/clean_build_2026_04_14/workspace/export_forensics/sandbox/XML_BULK_CLONE_REPORT.txt	file	yes	yes	yes	0o666
snapshots/clean_build_2026_04_14/workspace/export_forensics/sandbox/XML_BULK_CLONE_VERIFIED_REPORT.txt	file	yes	yes	yes	0o666
snapshots/clean_build_2026_04_14/workspace/export_forensics/sandbox/XML_BULK_DUT_FIXED_REPORT.txt	file	yes	yes	yes	0o666
snapshots/clean_build_2026_04_14/workspace/export_forensics/sandbox/XML_BULK_SYNC_REPORT.txt	file	yes	yes	yes	0o666
snapshots/clean_build_2026_04_14/workspace/export_forensics/sandbox/XML_BULK_SYNC_REPORT_FINAL.txt	file	yes	yes	yes	0o666
snapshots/clean_build_2026_04_14/workspace/export_forensics/sandbox/XML_BULK_SYNC_REPORT_V3.txt	file	yes	yes	yes	0o666
snapshots/clean_build_2026_04_14/workspace/export_forensics/sandbox/XML_BULK_SYNC_REPORT_V4.txt	file	yes	yes	yes	0o666
snapshots/clean_build_2026_04_14/workspace/export_forensics/sandbox/XML_BULK_SYNC_REPORT_V8.txt	file	yes	yes	yes	0o666
snapshots/clean_build_2026_04_14/workspace/export_forensics/sandbox/XML_CLONE_POU_REPORT.txt	file	yes	yes	yes	0o666
snapshots/clean_build_2026_04_14/workspace/export_forensics/sandbox/XML_CLONE_WATCHDOG_V5_REPORT.txt	file	yes	yes	yes	0o666
snapshots/clean_build_2026_04_14/workspace/export_forensics/sandbox/XML_DUT_INVENTORY_REPORT.txt	file	yes	yes	yes	0o666
snapshots/clean_build_2026_04_14/workspace/export_forensics/sandbox/XML_DUT_SYNC_REPORT.txt	file	yes	yes	yes	0o666
snapshots/clean_build_2026_04_14/workspace/export_forensics/sandbox/XML_FORCE_ALL_DUT_REPORT.txt	file	yes	yes	yes	0o666
snapshots/clean_build_2026_04_14/workspace/export_forensics/sandbox/XML_INSERT_MUST_HAVE_POU_REPORT.txt	file	yes	yes	yes	0o666
snapshots/clean_build_2026_04_14/workspace/export_forensics/sandbox/XML_INSERT_SINGLE_POU_REPORT.txt	file	yes	yes	yes	0o666
snapshots/clean_build_2026_04_14/workspace/export_forensics/sandbox/XML_INTERFACE_PREVIEW.txt	file	yes	yes	yes	0o666
snapshots/clean_build_2026_04_14/workspace/export_forensics/sandbox/XML_INTERFACE_PREVIEW_CLEAN.txt	file	yes	yes	yes	0o666
snapshots/clean_build_2026_04_14/workspace/export_forensics/sandbox/XML_INTERFACE_PREVIEW_CLEAN_V2.txt	file	yes	yes	yes	0o666
snapshots/clean_build_2026_04_14/workspace/export_forensics/sandbox/XML_POU_NAMES_REPORT.txt	file	yes	yes	yes	0o666
snapshots/clean_build_2026_04_14/workspace/export_forensics/sandbox/XML_POU_PATCH_REPORT_V3.txt	file	yes	yes	yes	0o666
snapshots/clean_build_2026_04_14/workspace/export_forensics/sandbox/XML_STRICT_INSERT_REPORT.txt	file	yes	yes	yes	0o666
snapshots/clean_build_2026_04_14/workspace/export_forensics/sandbox/apply_151_run.log	file	yes	yes	yes	0o666
snapshots/clean_build_2026_04_14/workspace/export_forensics/sandbox/fb_astro_timer_diff/00_summary.txt	file	yes	yes	yes	0o666
snapshots/clean_build_2026_04_14/workspace/export_forensics/sandbox/fb_astro_timer_diff/01_st_source_path.txt	file	yes	yes	yes	0o666
snapshots/clean_build_2026_04_14/workspace/export_forensics/sandbox/fb_astro_timer_diff/02_repo_st_source.st	file	yes	yes	yes	0o666
snapshots/clean_build_2026_04_14/workspace/export_forensics/sandbox/fb_astro_timer_diff/03_xml_pou_fragment.xml	file	yes	yes	yes	0o666
snapshots/clean_build_2026_04_14/workspace/export_forensics/sandbox/fb_astro_timer_diff/04_xml_body_extracted.st	file	yes	yes	yes	0o666
snapshots/clean_build_2026_04_14/workspace/export_forensics/sandbox/fb_astro_timer_diff/05_unified_diff.txt	file	yes	yes	yes	0o666
snapshots/clean_build_2026_04_14/workspace/export_forensics/sandbox/pou_template_study/00_summary.txt	file	yes	yes	yes	0o666
snapshots/clean_build_2026_04_14/workspace/export_forensics/sandbox/pou_template_study/functionBlock_template.xml	file	yes	yes	yes	0o666
snapshots/clean_build_2026_04_14/workspace/export_forensics/sandbox/pou_template_study/program_template.xml	file	yes	yes	yes	0o666
snapshots/clean_build_2026_04_14/workspace/gvl_constants_inventory_2026-04-12.md	file	yes	yes	yes	0o666
snapshots/clean_build_2026_04_14/workspace/index/root_repo_index.log	file	yes	yes	yes	0o666
snapshots/clean_build_2026_04_14/workspace/logs/2026-04-11_archive_flatten.log	file	yes	yes	yes	0o666
snapshots/clean_build_2026_04_14/workspace/logs/2026-04-11_archive_flatten_report.txt	file	yes	yes	yes	0o666
snapshots/clean_build_2026_04_14/workspace/logs/2026-04-11_steps_cleanup.log	file	yes	yes	yes	0o666
snapshots/clean_build_2026_04_14/workspace/logs/2026-04-11_steps_cleanup_diff.log	file	yes	yes	yes	0o666
snapshots/clean_build_2026_04_14/workspace/logs/2026-04-11_steps_cleanup_run.log	file	yes	yes	yes	0o666
snapshots/clean_build_2026_04_14/workspace/logs/2026-04-11_steps_cleanup_status.log	file	yes	yes	yes	0o666
snapshots/clean_build_2026_04_14/workspace/logs/2026-04-11_steps_cleanup_tree.log	file	yes	yes	yes	0o666
snapshots/clean_build_2026_04_14/workspace/logs/compiler_logs_preview.log	file	yes	yes	yes	0o666
snapshots/clean_build_2026_04_14/workspace/logs/compiler_logs_tree.log	file	yes	yes	yes	0o666
snapshots/clean_build_2026_04_14/workspace/logs/compiler_tree.log	file	yes	yes	yes	0o666
snapshots/clean_build_2026_04_14/workspace/logs/steps_actual_tree.log	file	yes	yes	yes	0o666
snapshots/clean_build_2026_04_14/workspace/system_layer_cleanup/README.md	file	yes	yes	yes	0o666
snapshots/clean_build_2026_04_14/workspace/system_layer_cleanup/comparison/01_comparison_plan.md	file	yes	yes	yes	0o666
snapshots/clean_build_2026_04_14/workspace/system_layer_cleanup/comparison/02_comparison_signals.txt	file	yes	yes	yes	0o666
snapshots/clean_build_2026_04_14/workspace/system_layer_cleanup/comparison/03_next_steps.txt	file	yes	yes	yes	0o666
snapshots/clean_build_2026_04_14/workspace/system_layer_cleanup/comparison/flags/01_comparison_flags_scope.md	file	yes	yes	yes	0o666
snapshots/clean_build_2026_04_14/workspace/system_layer_cleanup/comparison/flags/02_comparison_flags_mapping.txt	file	yes	yes	yes	0o666
snapshots/clean_build_2026_04_14/workspace/system_layer_cleanup/comparison/flags/FB_CoreKernel_Comparison_Flags_DRAFT.st	file	yes	yes	yes	0o666
snapshots/clean_build_2026_04_14/workspace/system_layer_cleanup/comparison/harness/01_comparison_harness_scope.md	file	yes	yes	yes	0o666
snapshots/clean_build_2026_04_14/workspace/system_layer_cleanup/comparison/harness/02_harness_mapping.txt	file	yes	yes	yes	0o666
snapshots/clean_build_2026_04_14/workspace/system_layer_cleanup/comparison/harness/03_legacy_path_ready_candidates.txt	file	yes	yes	yes	0o666
snapshots/clean_build_2026_04_14/workspace/system_layer_cleanup/comparison/harness/04_selected_legacy_path_ready_source.txt	file	yes	yes	yes	0o666
snapshots/clean_build_2026_04_14/workspace/system_layer_cleanup/comparison/harness/05_first_live_binding_plan.md	file	yes	yes	yes	0o666
snapshots/clean_build_2026_04_14/workspace/system_layer_cleanup/comparison/harness/06_first_live_binding_mapping.txt	file	yes	yes	yes	0o666
snapshots/clean_build_2026_04_14/workspace/system_layer_cleanup/comparison/harness/FB_CoreKernel_Comparison_Harness_DRAFT.st	file	yes	yes	yes	0o666
snapshots/clean_build_2026_04_14/workspace/system_layer_cleanup/comparison/harness/FB_CoreKernel_First_Live_Binding_DRAFT.st	file	yes	yes	yes	0o666
snapshots/clean_build_2026_04_14/workspace/system_layer_cleanup/comparison/live_observer/01_live_observer_scope.md	file	yes	yes	yes	0o666
snapshots/clean_build_2026_04_14/workspace/system_layer_cleanup/comparison/live_observer/02_prg_system_binding_note.txt	file	yes	yes	yes	0o666
snapshots/clean_build_2026_04_14/workspace/system_layer_cleanup/comparison/live_observer/FB_CoreKernel_Live_Observer_DRAFT.st	file	yes	yes	yes	0o666
snapshots/clean_build_2026_04_14/workspace/system_layer_cleanup/comparison/shadow_outputs/01_shadow_outputs_scope.md	file	yes	yes	yes	0o666
snapshots/clean_build_2026_04_14/workspace/system_layer_cleanup/comparison/shadow_outputs/02_shadow_outputs_mapping.txt	file	yes	yes	yes	0o666
snapshots/clean_build_2026_04_14/workspace/system_layer_cleanup/comparison/shadow_outputs/FB_CoreKernel_Shadow_Outputs_DRAFT.st	file	yes	yes	yes	0o666
snapshots/clean_build_2026_04_14/workspace/system_layer_cleanup/inventory/00_expected_entrypoints.txt	file	yes	yes	yes	0o666
snapshots/clean_build_2026_04_14/workspace/system_layer_cleanup/plans/01_system_layer_cleanup_plan.md	file	yes	yes	yes	0o666
snapshots/clean_build_2026_04_14/workspace/system_layer_cleanup/plans/02_prg_system_module_split.txt	file	yes	yes	yes	0o666
snapshots/clean_build_2026_04_14/workspace/system_layer_cleanup/reports/00_system_layer_wave_opened.txt	file	yes	yes	yes	0o666
snapshots/clean_build_2026_04_14/workspace/system_layer_cleanup/reports/01_system_entrypoints_discovery.txt	file	yes	yes	yes	0o666
snapshots/clean_build_2026_04_14/workspace/system_layer_cleanup/reports/02_system_entrypoints_filtered.txt	file	yes	yes	yes	0o666
snapshots/clean_build_2026_04_14/workspace/system_layer_cleanup/reports/03_main_call_map.txt	file	yes	yes	yes	0o666
snapshots/clean_build_2026_04_14/workspace/system_layer_cleanup/reports/04_prg_system_call_map.txt	file	yes	yes	yes	0o666
snapshots/clean_build_2026_04_14/workspace/system_layer_cleanup/reports/05_prg_system_section_inventory.txt	file	yes	yes	yes	0o666
snapshots/clean_build_2026_04_14/workspace/system_layer_cleanup/reports/06_prg_system_core_kernel_mapping.txt	file	yes	yes	yes	0o666
snapshots/clean_build_2026_04_14/workspace/system_layer_cleanup/reports/07_core_kernel_boundaries.txt	file	yes	yes	yes	0o666
snapshots/clean_build_2026_04_14/workspace/system_layer_cleanup/reports/08_plc_ab_failover_discovery.txt	file	yes	yes	yes	0o666
snapshots/clean_build_2026_04_14/workspace/system_layer_cleanup/split_scaffold/README.md	file	yes	yes	yes	0o666
snapshots/clean_build_2026_04_14/workspace/system_layer_cleanup/split_scaffold/alarm_layer/FB_AlarmLayer_DRAFT.st	file	yes	yes	yes	0o666
snapshots/clean_build_2026_04_14/workspace/system_layer_cleanup/split_scaffold/core_kernel/03_core_kernel_shadow_plan.md	file	yes	yes	yes	0o666
snapshots/clean_build_2026_04_14/workspace/system_layer_cleanup/split_scaffold/core_kernel/04_core_kernel_shadow_execution_notes.md	file	yes	yes	yes	0o666
snapshots/clean_build_2026_04_14/workspace/system_layer_cleanup/split_scaffold/core_kernel/FB_CoreKernel_DRAFT.st	file	yes	yes	yes	0o666
snapshots/clean_build_2026_04_14/workspace/system_layer_cleanup/split_scaffold/core_kernel/FB_CoreKernel_Shadow_Exec_DRAFT.st	file	yes	yes	yes	0o666
snapshots/clean_build_2026_04_14/workspace/system_layer_cleanup/split_scaffold/core_kernel/FB_CoreKernel_Shadow_Stub_DRAFT.st	file	yes	yes	yes	0o666
snapshots/clean_build_2026_04_14/workspace/system_layer_cleanup/split_scaffold/core_kernel/redundancy_slice/01_redundancy_shadow_scope.md	file	yes	yes	yes	0o666
snapshots/clean_build_2026_04_14/workspace/system_layer_cleanup/split_scaffold/core_kernel/redundancy_slice/02_redundancy_shadow_mapping.txt	file	yes	yes	yes	0o666
snapshots/clean_build_2026_04_14/workspace/system_layer_cleanup/split_scaffold/core_kernel/redundancy_slice/FB_Redundancy_Shadow_Slice_DRAFT.st	file	yes	yes	yes	0o666
snapshots/clean_build_2026_04_14/workspace/system_layer_cleanup/split_scaffold/core_kernel/safety_slice/01_safety_shadow_scope.md	file	yes	yes	yes	0o666
snapshots/clean_build_2026_04_14/workspace/system_layer_cleanup/split_scaffold/core_kernel/safety_slice/02_safety_shadow_mapping.txt	file	yes	yes	yes	0o666
snapshots/clean_build_2026_04_14/workspace/system_layer_cleanup/split_scaffold/core_kernel/safety_slice/FB_Safety_Shadow_Slice_DRAFT.st	file	yes	yes	yes	0o666
snapshots/clean_build_2026_04_14/workspace/system_layer_cleanup/split_scaffold/core_kernel/state_manager_slice/01_state_manager_scope.md	file	yes	yes	yes	0o666
snapshots/clean_build_2026_04_14/workspace/system_layer_cleanup/split_scaffold/core_kernel/state_manager_slice/02_state_manager_mapping.txt	file	yes	yes	yes	0o666
snapshots/clean_build_2026_04_14/workspace/system_layer_cleanup/split_scaffold/core_kernel/state_manager_slice/FB_StateManager_Shadow_Slice_DRAFT.st	file	yes	yes	yes	0o666
snapshots/clean_build_2026_04_14/workspace/system_layer_cleanup/split_scaffold/core_kernel/watchdog_health_slice/01_watchdog_health_scope.md	file	yes	yes	yes	0o666
snapshots/clean_build_2026_04_14/workspace/system_layer_cleanup/split_scaffold/core_kernel/watchdog_health_slice/02_watchdog_health_mapping.txt	file	yes	yes	yes	0o666
snapshots/clean_build_2026_04_14/workspace/system_layer_cleanup/split_scaffold/core_kernel/watchdog_health_slice/FB_SystemHealth_Shadow_Slice_DRAFT.st	file	yes	yes	yes	0o666
snapshots/clean_build_2026_04_14/workspace/system_layer_cleanup/split_scaffold/core_kernel/watchdog_health_slice/FB_Watchdog_Shadow_Slice_DRAFT.st	file	yes	yes	yes	0o666
snapshots/clean_build_2026_04_14/workspace/system_layer_cleanup/split_scaffold/external_interface/FB_ExternalInterface_DRAFT.st	file	yes	yes	yes	0o666
snapshots/clean_build_2026_04_14/workspace/system_layer_cleanup/split_scaffold/persistence/FB_PersistenceLayer_DRAFT.st	file	yes	yes	yes	0o666
snapshots/clean_build_2026_04_14/workspace/system_layer_cleanup/split_scaffold/scenario_layer/FB_ScenarioLayer_DRAFT.st	file	yes	yes	yes	0o666
snapshots/clean_build_2026_04_14/workspace/system_layer_cleanup/split_scaffold/time_context/FB_TimeContext_DRAFT.st	file	yes	yes	yes	0o666
snapshots/clean_build_2026_04_14/Система умного дома.xml	file	yes	yes	yes	0o666
snapshots/clean_build_2026_04_14/компилятор/build_project.py	file	yes	yes	yes	0o666
snapshots/clean_build_2026_04_14/компилятор/build_project_cli.py	file	yes	yes	yes	0o666
snapshots/clean_build_2026_04_14/компилятор/build_project_compat.py	file	yes	yes	yes	0o666
snapshots/clean_build_2026_04_14/компилятор/build_project_v1.py	file	yes	yes	yes	0o666
snapshots/clean_build_2026_04_14/компилятор/build_project_varfix_full.py	file	yes	yes	yes	0o666
snapshots/clean_build_2026_04_14/компилятор/fix_array_bounds_constants.py	file	yes	yes	yes	0o666
snapshots/clean_build_2026_04_14/компилятор/fix_array_bounds_literals.py	file	yes	yes	yes	0o666
snapshots/clean_build_2026_04_14/компилятор/fix_missing_draft_fb_only.py	file	yes	yes	yes	0o666
snapshots/clean_build_2026_04_14/компилятор/fix_missing_v2_draft_stubs.py	file	yes	yes	yes	0o666
snapshots/clean_build_2026_04_14/компилятор/import_codesys_FINAL.py	file	yes	yes	yes	0o666
snapshots/clean_build_2026_04_14/компилятор/import_codesys_FINAL.py.txt	file	yes	yes	yes	0o666
snapshots/clean_build_2026_04_14/компилятор/logs/001_universal_pou_gvl.log	file	yes	yes	yes	0o666
snapshots/clean_build_2026_04_14/компилятор/logs/004_import_dut_v11.log	file	yes	yes	yes	0o666
snapshots/clean_build_2026_04_14/компилятор/logs/build_after_adapter.log	file	yes	yes	yes	0o666
snapshots/clean_build_2026_04_14/компилятор/logs/build_after_alarm_block.log	file	yes	yes	yes	0o666
snapshots/clean_build_2026_04_14/компилятор/logs/build_after_array_fix.log	file	yes	yes	yes	0o666
snapshots/clean_build_2026_04_14/компилятор/logs/build_after_body_contract_fix.log	file	yes	yes	yes	0o666
snapshots/clean_build_2026_04_14/компилятор/logs/build_after_config_safety_fix.log	file	yes	yes	yes	0o666
snapshots/clean_build_2026_04_14/компилятор/logs/build_after_constants.log	file	yes	yes	yes	0o666
snapshots/clean_build_2026_04_14/компилятор/logs/build_after_constants_aliases.log	file	yes	yes	yes	0o666
snapshots/clean_build_2026_04_14/компилятор/logs/build_after_draft_contracts.log	file	yes	yes	yes	0o666
snapshots/clean_build_2026_04_14/компилятор/logs/build_after_draft_fb.log	file	yes	yes	yes	0o666
snapshots/clean_build_2026_04_14/компилятор/logs/build_after_dut_cleanup.log	file	yes	yes	yes	0o666
snapshots/clean_build_2026_04_14/компилятор/logs/build_after_exact_fix.log	file	yes	yes	yes	0o666
snapshots/clean_build_2026_04_14/компилятор/logs/build_after_exact_remaining_fix.log	file	yes	yes	yes	0o666
snapshots/clean_build_2026_04_14/компилятор/logs/build_after_f_timediff_fix.log	file	yes	yes	yes	0o666
snapshots/clean_build_2026_04_14/компилятор/logs/build_after_f_timediff_removal.log	file	yes	yes	yes	0o666
snapshots/clean_build_2026_04_14/компилятор/logs/build_after_fast_fixes.log	file	yes	yes	yes	0o666
snapshots/clean_build_2026_04_14/компилятор/logs/build_after_final_type_contracts.log	file	yes	yes	yes	0o666
snapshots/clean_build_2026_04_14/компилятор/logs/build_after_full_fb_fix.log	file	yes	yes	yes	0o666
snapshots/clean_build_2026_04_14/компилятор/logs/build_after_full_fb_stubs.log	file	yes	yes	yes	0o666
snapshots/clean_build_2026_04_14/компилятор/logs/build_after_gateway_crc_fix.log	file	yes	yes	yes	0o666
snapshots/clean_build_2026_04_14/компилятор/logs/build_after_health_bridge.log	file	yes	yes	yes	0o666
snapshots/clean_build_2026_04_14/компилятор/logs/build_after_interface_refresh_prep.log	file	yes	yes	yes	0o666
snapshots/clean_build_2026_04_14/компилятор/logs/build_after_literals.log	file	yes	yes	yes	0o666
snapshots/clean_build_2026_04_14/компилятор/logs/build_after_lvl3_patch.log	file	yes	yes	yes	0o666
snapshots/clean_build_2026_04_14/компилятор/logs/build_after_partial_v2.log	file	yes	yes	yes	0o666
snapshots/clean_build_2026_04_14/компилятор/logs/build_after_pkg4_pkg5.log	file	yes	yes	yes	0o666
snapshots/clean_build_2026_04_14/компилятор/logs/build_after_prg_system_fix.log	file	yes	yes	yes	0o666
snapshots/clean_build_2026_04_14/компилятор/logs/build_after_prg_system_header_fix.log	file	yes	yes	yes	0o666
snapshots/clean_build_2026_04_14/компилятор/logs/build_after_prg_system_root_fix.log	file	yes	yes	yes	0o666
snapshots/clean_build_2026_04_14/компилятор/logs/build_after_real_fb.log	file	yes	yes	yes	0o666
snapshots/clean_build_2026_04_14/компилятор/logs/build_after_real_revert.log	file	yes	yes	yes	0o666
snapshots/clean_build_2026_04_14/компилятор/logs/build_after_remaining_contract_fix.log	file	yes	yes	yes	0o666
snapshots/clean_build_2026_04_14/компилятор/logs/build_after_revert.log	file	yes	yes	yes	0o666
snapshots/clean_build_2026_04_14/компилятор/logs/build_after_revert_last_patch.log	file	yes	yes	yes	0o666
snapshots/clean_build_2026_04_14/компилятор/logs/build_after_root_chain_fix.log	file	yes	yes	yes	0o666
snapshots/clean_build_2026_04_14/компилятор/logs/build_after_runtime_alignment.log	file	yes	yes	yes	0o666
snapshots/clean_build_2026_04_14/компилятор/logs/build_after_runtime_constants_fix.log	file	yes	yes	yes	0o666
snapshots/clean_build_2026_04_14/компилятор/logs/build_after_safe_regression_cleanup.log	file	yes	yes	yes	0o666
snapshots/clean_build_2026_04_14/компилятор/logs/build_after_st_rule.log	file	yes	yes	yes	0o666
snapshots/clean_build_2026_04_14/компилятор/logs/build_after_targeted_cluster_fix.log	file	yes	yes	yes	0o666
snapshots/clean_build_2026_04_14/компилятор/logs/build_after_targeted_patch.log	file	yes	yes	yes	0o666
snapshots/clean_build_2026_04_14/компилятор/logs/build_after_v2_full_block.log	file	yes	yes	yes	0o666
snapshots/clean_build_2026_04_14/компилятор/logs/build_after_v2_stubs.log	file	yes	yes	yes	0o666
snapshots/clean_build_2026_04_14/компилятор/logs/build_after_word_cast_fix.log	file	yes	yes	yes	0o666
snapshots/clean_build_2026_04_14/компилятор/logs/build_final.log	file	yes	yes	yes	0o666
snapshots/clean_build_2026_04_14/компилятор/logs/build_final_push.log	file	yes	yes	yes	0o666
snapshots/clean_build_2026_04_14/компилятор/logs/build_final_safe.log	file	yes	yes	yes	0o666
snapshots/clean_build_2026_04_14/компилятор/logs/build_final_stage.log	file	yes	yes	yes	0o666
snapshots/clean_build_2026_04_14/компилятор/logs/build_final_zero.log	file	yes	yes	yes	0o666
snapshots/clean_build_2026_04_14/компилятор/logs/build_final_zero_try.log	file	yes	yes	yes	0o666
snapshots/clean_build_2026_04_14/компилятор/logs/build_near_zero.log	file	yes	yes	yes	0o666
snapshots/clean_build_2026_04_14/компилятор/logs/build_zero_check.log	file	yes	yes	yes	0o666
snapshots/clean_build_2026_04_14/компилятор/logs/final_test.log	file	yes	yes	yes	0o666
snapshots/clean_build_2026_04_14/компилятор/logs/fix_array_bounds_constants.log	file	yes	yes	yes	0o666
snapshots/clean_build_2026_04_14/компилятор/logs/fix_array_bounds_literals.log	file	yes	yes	yes	0o666
snapshots/clean_build_2026_04_14/компилятор/logs/fix_missing_draft_fb_only.log	file	yes	yes	yes	0o666
snapshots/clean_build_2026_04_14/компилятор/logs/fix_missing_v2_draft_stubs.log	file	yes	yes	yes	0o666
snapshots/clean_build_2026_04_14/компилятор/logs/run_fix_array_bounds.log	file	yes	yes	yes	0o666
snapshots/clean_build_2026_04_14/компилятор/logs/run_fix_draft_fb.log	file	yes	yes	yes	0o666
snapshots/clean_build_2026_04_14/компилятор/logs/run_fix_literals.log	file	yes	yes	yes	0o666
snapshots/clean_build_2026_04_14/компилятор/logs/run_fix_v2_stubs.log	file	yes	yes	yes	0o666
snapshots/clean_build_2026_04_14/компилятор/logs/varfix_test.log	file	yes	yes	yes	0o666
snapshots/clean_build_2026_04_14/компилятор/Система умного дома.xml	file	yes	yes	yes	0o666
snapshots/clean_build_2026_04_14/компилятор/команды_терминала.md	file	yes	yes	yes	0o666
snapshots/clean_build_2026_04_15/-files | grep 'methods_v1_interface_check.txt'	file	yes	yes	yes	0o644
snapshots/clean_build_2026_04_15/.gitignore	file	yes	yes	yes	0o666
snapshots/clean_build_2026_04_15/: refresh method interface check" || true	file	yes	yes	yes	0o644
snapshots/clean_build_2026_04_15/AGENTS.md	file	yes	yes	yes	0o666
snapshots/clean_build_2026_04_15/CONSTANTS.dut	file	yes	yes	yes	0o666
snapshots/clean_build_2026_04_15/E_ALERT_PRIORITY.dut	file	yes	yes	yes	0o666
snapshots/clean_build_2026_04_15/E_Debug_Log_Level.dut	file	yes	yes	yes	0o666
snapshots/clean_build_2026_04_15/E_Gateway_Command_Type.dut	file	yes	yes	yes	0o666
snapshots/clean_build_2026_04_15/E_Lifetime_Device_Type.dut	file	yes	yes	yes	0o666
snapshots/clean_build_2026_04_15/E_Outdoor_Mode.dut	file	yes	yes	yes	0o666
snapshots/clean_build_2026_04_15/E_PLC_ROLE.dut	file	yes	yes	yes	0o666
snapshots/clean_build_2026_04_15/E_Rule_Action_Type.dut	file	yes	yes	yes	0o666
snapshots/clean_build_2026_04_15/E_Rule_Comparison.dut	file	yes	yes	yes	0o666
snapshots/clean_build_2026_04_15/E_Rule_Condition_Type.dut	file	yes	yes	yes	0o666
snapshots/clean_build_2026_04_15/E_SCENARIO_TYPE.dut	file	yes	yes	yes	0o666
snapshots/clean_build_2026_04_15/E_SENSOR_TYPE.dut	file	yes	yes	yes	0o666
snapshots/clean_build_2026_04_15/E_System_Operating_Mode.dut	file	yes	yes	yes	0o666
snapshots/clean_build_2026_04_15/E_System_Root_Cause.dut	file	yes	yes	yes	0o666
snapshots/clean_build_2026_04_15/E_System_Severity.dut	file	yes	yes	yes	0o666
snapshots/clean_build_2026_04_15/E_Trend_Parameter_Type.dut	file	yes	yes	yes	0o666
snapshots/clean_build_2026_04_15/E_TwoFactor_Method.dut	file	yes	yes	yes	0o666
snapshots/clean_build_2026_04_15/E_VALVE_TYPE.dut	file	yes	yes	yes	0o666
snapshots/clean_build_2026_04_15/E_VENTILATION_LOCATION.dut	file	yes	yes	yes	0o666
snapshots/clean_build_2026_04_15/E_VENTILATION_UNIT_TYPE.dut	file	yes	yes	yes	0o666
snapshots/clean_build_2026_04_15/E_Valve_Test_Result.dut	file	yes	yes	yes	0o666
snapshots/clean_build_2026_04_15/E_WEATHER_COMPENSATION_METHOD.dut	file	yes	yes	yes	0o666
snapshots/clean_build_2026_04_15/E_Zone_Access_Level.dut	file	yes	yes	yes	0o666
snapshots/clean_build_2026_04_15/FB_AccessCode_Manager.st	file	yes	yes	yes	0o666
snapshots/clean_build_2026_04_15/FB_Access_Control.st	file	yes	yes	yes	0o666
snapshots/clean_build_2026_04_15/FB_Alarm_Compatibility_Package.st	file	yes	yes	yes	0o666
snapshots/clean_build_2026_04_15/FB_Alarm_Manager.st	file	yes	yes	yes	0o666
snapshots/clean_build_2026_04_15/FB_Alarm_V2_Core.st	file	yes	yes	yes	0o666
snapshots/clean_build_2026_04_15/FB_Analog_Validator.st	file	yes	yes	yes	0o666
snapshots/clean_build_2026_04_15/FB_Astro_Timer.st	file	yes	yes	yes	0o666
snapshots/clean_build_2026_04_15/FB_BlackBox_Recorder.st	file	yes	yes	yes	0o666
snapshots/clean_build_2026_04_15/FB_BlackBox_V2_Core.st	file	yes	yes	yes	0o666
snapshots/clean_build_2026_04_15/FB_Blinds_V2_Staging.st	file	yes	yes	yes	0o666
snapshots/clean_build_2026_04_15/FB_Boiler_Cascade_Manager.st	file	yes	yes	yes	0o666
snapshots/clean_build_2026_04_15/FB_Boiler_OpenTherm_Interface.st	file	yes	yes	yes	0o666
snapshots/clean_build_2026_04_15/FB_CO_Detector.st	file	yes	yes	yes	0o666
snapshots/clean_build_2026_04_15/FB_CRC32_Calculator.st	file	yes	yes	yes	0o666
snapshots/clean_build_2026_04_15/FB_Calibration_Manager.st	file	yes	yes	yes	0o666
snapshots/clean_build_2026_04_15/FB_Command_Deduplication.st	file	yes	yes	yes	0o666
snapshots/clean_build_2026_04_15/FB_CoreKernel_Live_Observer.st	file	yes	yes	yes	0o666
snapshots/clean_build_2026_04_15/FB_DHW_Manager.st	file	yes	yes	yes	0o666
snapshots/clean_build_2026_04_15/FB_DHW_V2_Staging.st	file	yes	yes	yes	0o666
snapshots/clean_build_2026_04_15/FB_Debug_Logger.st	file	yes	yes	yes	0o666
snapshots/clean_build_2026_04_15/FB_Device_Predictive_Diag.st	file	yes	yes	yes	0o666
snapshots/clean_build_2026_04_15/FB_Emergency_Valve_Open.st	file	yes	yes	yes	0o666
snapshots/clean_build_2026_04_15/FB_Exhaust_Ventilation_Controller.st	file	yes	yes	yes	0o666
snapshots/clean_build_2026_04_15/FB_Fault_Logger.st	file	yes	yes	yes	0o666
snapshots/clean_build_2026_04_15/FB_FloorHeating_Controller.st	file	yes	yes	yes	0o666
snapshots/clean_build_2026_04_15/FB_FloorHeating_Freeze_Protection.st	file	yes	yes	yes	0o666
snapshots/clean_build_2026_04_15/FB_FloorHeating_Overheat_Protection.st	file	yes	yes	yes	0o666
snapshots/clean_build_2026_04_15/FB_Gas_Methane_Detector.st	file	yes	yes	yes	0o666
snapshots/clean_build_2026_04_15/FB_Gas_Smoke_Manager.st	file	yes	yes	yes	0o666
snapshots/clean_build_2026_04_15/FB_Gas_Valve_Controller.st	file	yes	yes	yes	0o666
snapshots/clean_build_2026_04_15/FB_Gateway_Interface.st	file	yes	yes	yes	0o666
snapshots/clean_build_2026_04_15/FB_HMAC_SHA1.st	file	yes	yes	yes	0o666
snapshots/clean_build_2026_04_15/FB_HMI_Interface.st	file	yes	yes	yes	0o666
snapshots/clean_build_2026_04_15/FB_Heating_System_Manager.st	file	yes	yes	yes	0o666
snapshots/clean_build_2026_04_15/FB_Heating_V2_Staging.st	file	yes	yes	yes	0o666
snapshots/clean_build_2026_04_15/FB_History_Manager.st	file	yes	yes	yes	0o666
snapshots/clean_build_2026_04_15/FB_History_V2_Core.st	file	yes	yes	yes	0o666
snapshots/clean_build_2026_04_15/FB_IO_Module_Watchdog.st	file	yes	yes	yes	0o666
snapshots/clean_build_2026_04_15/FB_Lifetime_Predictor.st	file	yes	yes	yes	0o666
snapshots/clean_build_2026_04_15/FB_Lighting_Blinds_Manager.st	file	yes	yes	yes	0o666
snapshots/clean_build_2026_04_15/FB_Lighting_V2_Staging.st	file	yes	yes	yes	0o666
snapshots/clean_build_2026_04_15/FB_Maintenance_Access.st	file	yes	yes	yes	0o666
snapshots/clean_build_2026_04_15/FB_Manifold_Pump_Controller.st	file	yes	yes	yes	0o666
snapshots/clean_build_2026_04_15/FB_Manual_Valve_Control.st	file	yes	yes	yes	0o666
snapshots/clean_build_2026_04_15/FB_NVRAM_Manager.st	file	yes	yes	yes	0o666
snapshots/clean_build_2026_04_15/FB_Outdoor_Lighting_Controller.st	file	yes	yes	yes	0o666
snapshots/clean_build_2026_04_15/FB_PID_Controller.st	file	yes	yes	yes	0o666
snapshots/clean_build_2026_04_15/FB_PLC_Heartbeat.st	file	yes	yes	yes	0o666
snapshots/clean_build_2026_04_15/FB_Pre_Departure_Heating.st	file	yes	yes	yes	0o666
snapshots/clean_build_2026_04_15/FB_Presence_Playback.st	file	yes	yes	yes	0o666
snapshots/clean_build_2026_04_15/FB_Presence_Simulator.st	file	yes	yes	yes	0o666
snapshots/clean_build_2026_04_15/FB_Random_Generator.st	file	yes	yes	yes	0o666
snapshots/clean_build_2026_04_15/FB_Redundancy_Manager.st	file	yes	yes	yes	0o666
snapshots/clean_build_2026_04_15/FB_Rule_Compatibility_Package.st	file	yes	yes	yes	0o666
snapshots/clean_build_2026_04_15/FB_Rule_Engine.st	file	yes	yes	yes	0o666
snapshots/clean_build_2026_04_15/FB_SHA1.st	file	yes	yes	yes	0o666
snapshots/clean_build_2026_04_15/FB_Safety_Manager.st	file	yes	yes	yes	0o666
snapshots/clean_build_2026_04_15/FB_Scenario_Manager.st	file	yes	yes	yes	0o666
snapshots/clean_build_2026_04_15/FB_Scenario_Transition_Controller.st	file	yes	yes	yes	0o666
snapshots/clean_build_2026_04_15/FB_Security_Alarm.st	file	yes	yes	yes	0o666
snapshots/clean_build_2026_04_15/FB_Security_System_Manager.st	file	yes	yes	yes	0o666
snapshots/clean_build_2026_04_15/FB_Sensor_Analog_Processing.st	file	yes	yes	yes	0o666
snapshots/clean_build_2026_04_15/FB_Sensor_Calibration.st	file	yes	yes	yes	0o666
snapshots/clean_build_2026_04_15/FB_Sensor_Calibration_Processor.st	file	yes	yes	yes	0o666
snapshots/clean_build_2026_04_15/FB_Sensor_Distribution.st	file	yes	yes	yes	0o666
snapshots/clean_build_2026_04_15/FB_Simulation_Manager.st	file	yes	yes	yes	0o666
snapshots/clean_build_2026_04_15/FB_Smoke_Detector.st	file	yes	yes	yes	0o666
snapshots/clean_build_2026_04_15/FB_Socket_Manager.st	file	yes	yes	yes	0o666
snapshots/clean_build_2026_04_15/FB_Socket_V2_Staging.st	file	yes	yes	yes	0o666
snapshots/clean_build_2026_04_15/FB_State_Manager.st	file	yes	yes	yes	0o666
snapshots/clean_build_2026_04_15/FB_State_Manager_MVP.st	file	yes	yes	yes	0o666
snapshots/clean_build_2026_04_15/FB_State_Replication.st	file	yes	yes	yes	0o666
snapshots/clean_build_2026_04_15/FB_State_Snapshot_Manager.st	file	yes	yes	yes	0o666
snapshots/clean_build_2026_04_15/FB_State_Snapshot_NVRAM.st	file	yes	yes	yes	0o666
snapshots/clean_build_2026_04_15/FB_Supply_Ventilation_Controller.st	file	yes	yes	yes	0o666
snapshots/clean_build_2026_04_15/FB_System_Health.st	file	yes	yes	yes	0o666
snapshots/clean_build_2026_04_15/FB_System_Timer.st	file	yes	yes	yes	0o666
snapshots/clean_build_2026_04_15/FB_System_Timer_TOF.st	file	yes	yes	yes	0o666
snapshots/clean_build_2026_04_15/FB_Trend_Analyzer.st	file	yes	yes	yes	0o666
snapshots/clean_build_2026_04_15/FB_Trend_Logger.st	file	yes	yes	yes	0o666
snapshots/clean_build_2026_04_15/FB_TwoFactor_Auth.st	file	yes	yes	yes	0o666
snapshots/clean_build_2026_04_15/FB_Valve_Test.st	file	yes	yes	yes	0o666
snapshots/clean_build_2026_04_15/FB_Valve_Test_Manager.st	file	yes	yes	yes	0o666
snapshots/clean_build_2026_04_15/FB_Ventilation_System_Manager.st	file	yes	yes	yes	0o666
snapshots/clean_build_2026_04_15/FB_Ventilation_V2_Staging.st	file	yes	yes	yes	0o666
snapshots/clean_build_2026_04_15/FB_Watchdog.st	file	yes	yes	yes	0o666
snapshots/clean_build_2026_04_15/FB_Water_Leakage_Manager.st	file	yes	yes	yes	0o666
snapshots/clean_build_2026_04_15/FB_Water_Valve_Controller.st	file	yes	yes	yes	0o666
snapshots/clean_build_2026_04_15/FB_Zone_Access_Manager.st	file	yes	yes	yes	0o666
snapshots/clean_build_2026_04_15/GVL_ALARM.gvl	file	yes	yes	yes	0o666
snapshots/clean_build_2026_04_15/GVL_BlackBox.gvl	file	yes	yes	yes	0o666
snapshots/clean_build_2026_04_15/GVL_COMMAND.gvl	file	yes	yes	yes	0o666
snapshots/clean_build_2026_04_15/GVL_CONFIG.gvl	file	yes	yes	yes	0o666
snapshots/clean_build_2026_04_15/GVL_CONSTANTS.gvl	file	yes	yes	yes	0o666
snapshots/clean_build_2026_04_15/GVL_DEBUG.gvl	file	yes	yes	yes	0o666
snapshots/clean_build_2026_04_15/GVL_GATEWAY.gvl	file	yes	yes	yes	0o666
snapshots/clean_build_2026_04_15/GVL_HEALTH_BRIDGE.gvl	file	yes	yes	yes	0o666
snapshots/clean_build_2026_04_15/GVL_HEALTH_BRIDGE.st	file	yes	yes	yes	0o666
snapshots/clean_build_2026_04_15/GVL_IO.gvl	file	yes	yes	yes	0o666
snapshots/clean_build_2026_04_15/GVL_MODBUS.gvl	file	yes	yes	yes	0o666
snapshots/clean_build_2026_04_15/GVL_Retain.gvl	file	yes	yes	yes	0o666
snapshots/clean_build_2026_04_15/GVL_STATE.gvl	file	yes	yes	yes	0o666
snapshots/clean_build_2026_04_15/GVL_STATUS.gvl	file	yes	yes	yes	0o666
snapshots/clean_build_2026_04_15/GVL_TIME.gvl	file	yes	yes	yes	0o666
snapshots/clean_build_2026_04_15/IValveController.st	file	yes	yes	yes	0o666
snapshots/clean_build_2026_04_15/MAIN.st	file	yes	yes	yes	0o666
snapshots/clean_build_2026_04_15/PRG_Heating.st	file	yes	yes	yes	0o666
snapshots/clean_build_2026_04_15/PRG_IO_Read.st	file	yes	yes	yes	0o666
snapshots/clean_build_2026_04_15/PRG_IO_Write.st	file	yes	yes	yes	0o666
snapshots/clean_build_2026_04_15/PRG_Lighting.st	file	yes	yes	yes	0o666
snapshots/clean_build_2026_04_15/PRG_PLC_A.st	file	yes	yes	yes	0o666
snapshots/clean_build_2026_04_15/PRG_PLC_B.st	file	yes	yes	yes	0o666
snapshots/clean_build_2026_04_15/PRG_Safety.st	file	yes	yes	yes	0o666
snapshots/clean_build_2026_04_15/PRG_Security.st	file	yes	yes	yes	0o666
snapshots/clean_build_2026_04_15/PRG_System.st	file	yes	yes	yes	0o666
snapshots/clean_build_2026_04_15/PRG_Test.st	file	yes	yes	yes	0o666
snapshots/clean_build_2026_04_15/PRG_Ventilation.st	file	yes	yes	yes	0o666
snapshots/clean_build_2026_04_15/ST_Alarm_Record.dut	file	yes	yes	yes	0o666
snapshots/clean_build_2026_04_15/ST_Astro_Time.dut	file	yes	yes	yes	0o666
snapshots/clean_build_2026_04_15/ST_BlackBox_Record.dut	file	yes	yes	yes	0o666
snapshots/clean_build_2026_04_15/ST_BlackBox_Snapshot_V2.dut	file	yes	yes	yes	0o666
snapshots/clean_build_2026_04_15/ST_Blinds_Command_V2.dut	file	yes	yes	yes	0o666
snapshots/clean_build_2026_04_15/ST_Blinds_State_V2.dut	file	yes	yes	yes	0o666
snapshots/clean_build_2026_04_15/ST_Boiler_Status.dut	file	yes	yes	yes	0o666
snapshots/clean_build_2026_04_15/ST_Component_Maintenance.dut	file	yes	yes	yes	0o666
snapshots/clean_build_2026_04_15/ST_DHW_Command_V2.dut	file	yes	yes	yes	0o666
snapshots/clean_build_2026_04_15/ST_DHW_Config.dut	file	yes	yes	yes	0o666
snapshots/clean_build_2026_04_15/ST_DHW_State_V2.dut	file	yes	yes	yes	0o666
snapshots/clean_build_2026_04_15/ST_DHW_Status.dut	file	yes	yes	yes	0o666
snapshots/clean_build_2026_04_15/ST_Debug_Log_Record.dut	file	yes	yes	yes	0o666
snapshots/clean_build_2026_04_15/ST_Debug_Logger_Config.dut	file	yes	yes	yes	0o666
snapshots/clean_build_2026_04_15/ST_Device_Health.dut	file	yes	yes	yes	0o666
snapshots/clean_build_2026_04_15/ST_Flood_Config.dut	file	yes	yes	yes	0o666
snapshots/clean_build_2026_04_15/ST_Flood_Global_Config.dut	file	yes	yes	yes	0o666
snapshots/clean_build_2026_04_15/ST_FloorHeating_Circuit_Config.dut	file	yes	yes	yes	0o666
snapshots/clean_build_2026_04_15/ST_FloorHeating_Global_Config.dut	file	yes	yes	yes	0o666
snapshots/clean_build_2026_04_15/ST_FloorHeating_Manifold_Config.dut	file	yes	yes	yes	0o666
snapshots/clean_build_2026_04_15/ST_Gas_Valve_Configuration.dut	file	yes	yes	yes	0o666
snapshots/clean_build_2026_04_15/ST_Gateway_Command.dut	file	yes	yes	yes	0o666
snapshots/clean_build_2026_04_15/ST_Heating_Command_V2.dut	file	yes	yes	yes	0o666
snapshots/clean_build_2026_04_15/ST_Heating_Config.dut	file	yes	yes	yes	0o666
snapshots/clean_build_2026_04_15/ST_Heating_State_V2.dut	file	yes	yes	yes	0o666
snapshots/clean_build_2026_04_15/ST_History_Event_V2.dut	file	yes	yes	yes	0o666
snapshots/clean_build_2026_04_15/ST_History_Record.dut	file	yes	yes	yes	0o666
snapshots/clean_build_2026_04_15/ST_Lifetime_Status.dut	file	yes	yes	yes	0o666
snapshots/clean_build_2026_04_15/ST_Lighting_Command_V2.dut	file	yes	yes	yes	0o666
snapshots/clean_build_2026_04_15/ST_Lighting_State_V2.dut	file	yes	yes	yes	0o666
snapshots/clean_build_2026_04_15/ST_Maintenance_Access_Config.dut	file	yes	yes	yes	0o666
snapshots/clean_build_2026_04_15/ST_Manifold_Status.dut	file	yes	yes	yes	0o666
snapshots/clean_build_2026_04_15/ST_Operator_Zone_Rights.dut	file	yes	yes	yes	0o666
snapshots/clean_build_2026_04_15/ST_Outdoor_Zone_Config.dut	file	yes	yes	yes	0o666
snapshots/clean_build_2026_04_15/ST_Owen_Analog_Value.dut	file	yes	yes	yes	0o666
snapshots/clean_build_2026_04_15/ST_Rule.dut	file	yes	yes	yes	0o666
snapshots/clean_build_2026_04_15/ST_Rule_Action.dut	file	yes	yes	yes	0o666
snapshots/clean_build_2026_04_15/ST_Scenario_Config.dut	file	yes	yes	yes	0o666
snapshots/clean_build_2026_04_15/ST_Scenario_Transition_Config.dut	file	yes	yes	yes	0o666
snapshots/clean_build_2026_04_15/ST_Security_Global_Config.dut	file	yes	yes	yes	0o666
snapshots/clean_build_2026_04_15/ST_Security_Zone_State.dut	file	yes	yes	yes	0o666
snapshots/clean_build_2026_04_15/ST_Sensor_Calibration_Record.dut	file	yes	yes	yes	0o666
snapshots/clean_build_2026_04_15/ST_Socket_Command_V2.dut	file	yes	yes	yes	0o666
snapshots/clean_build_2026_04_15/ST_Socket_State_V2.dut	file	yes	yes	yes	0o666
snapshots/clean_build_2026_04_15/ST_State_Snapshot.dut	file	yes	yes	yes	0o666
snapshots/clean_build_2026_04_15/ST_System_Diagnostics.dut	file	yes	yes	yes	0o666
snapshots/clean_build_2026_04_15/ST_System_State_Snapshot.dut	file	yes	yes	yes	0o666
snapshots/clean_build_2026_04_15/ST_System_State_Summary.dut	file	yes	yes	yes	0o666
snapshots/clean_build_2026_04_15/ST_Tariff_Config.dut	file	yes	yes	yes	0o666
snapshots/clean_build_2026_04_15/ST_Trend_Config.dut	file	yes	yes	yes	0o666
snapshots/clean_build_2026_04_15/ST_Trend_Data.dut	file	yes	yes	yes	0o666
snapshots/clean_build_2026_04_15/ST_Trend_Header.dut	file	yes	yes	yes	0o666
snapshots/clean_build_2026_04_15/ST_Trend_History_Record.dut	file	yes	yes	yes	0o666
snapshots/clean_build_2026_04_15/ST_TwoFactor_Auth_State.dut	file	yes	yes	yes	0o666
snapshots/clean_build_2026_04_15/ST_TwoFactor_Data.dut	file	yes	yes	yes	0o666
snapshots/clean_build_2026_04_15/ST_User_Rule.dut	file	yes	yes	yes	0o666
snapshots/clean_build_2026_04_15/ST_Valve_Test_Config.dut	file	yes	yes	yes	0o666
snapshots/clean_build_2026_04_15/ST_Ventilation_Command_V2.dut	file	yes	yes	yes	0o666
snapshots/clean_build_2026_04_15/ST_Ventilation_Config.dut	file	yes	yes	yes	0o666
snapshots/clean_build_2026_04_15/ST_Ventilation_Global_Config.dut	file	yes	yes	yes	0o666
snapshots/clean_build_2026_04_15/ST_Ventilation_Scenario_Mode.dut	file	yes	yes	yes	0o666
snapshots/clean_build_2026_04_15/ST_Ventilation_State_V2.dut	file	yes	yes	yes	0o666
snapshots/clean_build_2026_04_15/ST_Ventilation_Unit.dut	file	yes	yes	yes	0o666
snapshots/clean_build_2026_04_15/ST_Ventilation_Unit_Config.dut	file	yes	yes	yes	0o666
snapshots/clean_build_2026_04_15/ST_Zone_Sensors.dut	file	yes	yes	yes	0o666
snapshots/clean_build_2026_04_15/SystemSmartHome.export	file	yes	yes	yes	0o666
snapshots/clean_build_2026_04_15/TZ_NEW.txt	file	yes	yes	yes	0o666
snapshots/clean_build_2026_04_15/access_check.txt	file	yes	yes	yes	0o666
snapshots/clean_build_2026_04_15/apply_commit.sh	file	yes	yes	yes	0o777
snapshots/clean_build_2026_04_15/archive/cleanup_obsolete_tools/add_remaining_draft_fb.sh	file	yes	yes	yes	0o666
snapshots/clean_build_2026_04_15/archive/cleanup_obsolete_tools/fix_remaining_fb.sh	file	yes	yes	yes	0o666
snapshots/clean_build_2026_04_15/archive/cleanup_obsolete_tools/компилятор/fix_missing_draft_fb_only.py	file	yes	yes	yes	0o666
snapshots/clean_build_2026_04_15/archive/cleanup_obsolete_tools/компилятор/fix_missing_v2_draft_stubs.py	file	yes	yes	yes	0o666
snapshots/clean_build_2026_04_15/archive/parked_dut/unused/E_Debug_Log_Level.dut	file	yes	yes	yes	0o666
snapshots/clean_build_2026_04_15/archive/parked_dut/unused/E_Lifetime_Device_Type.dut	file	yes	yes	yes	0o666
snapshots/clean_build_2026_04_15/archive/parked_dut/unused/E_Outdoor_Mode.dut	file	yes	yes	yes	0o666
snapshots/clean_build_2026_04_15/archive/parked_dut/unused/E_SENSOR_TYPE.dut	file	yes	yes	yes	0o666
snapshots/clean_build_2026_04_15/archive/parked_dut/unused/E_Trend_Parameter_Type.dut	file	yes	yes	yes	0o666
snapshots/clean_build_2026_04_15/archive/parked_dut/unused/E_VALVE_TYPE.dut	file	yes	yes	yes	0o666
snapshots/clean_build_2026_04_15/archive/parked_dut/unused/E_VENTILATION_LOCATION.dut	file	yes	yes	yes	0o666
snapshots/clean_build_2026_04_15/archive/parked_dut/unused/E_VENTILATION_UNIT_TYPE.dut	file	yes	yes	yes	0o666
snapshots/clean_build_2026_04_15/archive/parked_dut/unused/E_Valve_Test_Result.dut	file	yes	yes	yes	0o666
snapshots/clean_build_2026_04_15/archive/parked_dut/unused/E_WEATHER_COMPENSATION_METHOD.dut	file	yes	yes	yes	0o666
snapshots/clean_build_2026_04_15/archive/parked_dut/unused/E_Zone_Access_Level.dut	file	yes	yes	yes	0o666
snapshots/clean_build_2026_04_15/archive/parked_dut/unused/ST_Astro_Time.dut	file	yes	yes	yes	0o666
snapshots/clean_build_2026_04_15/archive/parked_dut/unused/ST_Component_Maintenance.dut	file	yes	yes	yes	0o666
snapshots/clean_build_2026_04_15/archive/parked_dut/unused/ST_Debug_Log_Record.dut	file	yes	yes	yes	0o666
snapshots/clean_build_2026_04_15/archive/parked_dut/unused/ST_Debug_Logger_Config.dut	file	yes	yes	yes	0o666
snapshots/clean_build_2026_04_15/archive/parked_dut/unused/ST_Device_Health.dut	file	yes	yes	yes	0o666
snapshots/clean_build_2026_04_15/archive/parked_dut/unused/ST_Flood_Config.dut	file	yes	yes	yes	0o666
snapshots/clean_build_2026_04_15/archive/parked_dut/unused/ST_FloorHeating_Global_Config.dut	file	yes	yes	yes	0o666
snapshots/clean_build_2026_04_15/archive/parked_dut/unused/ST_FloorHeating_Manifold_Config.dut	file	yes	yes	yes	0o666
snapshots/clean_build_2026_04_15/archive/parked_dut/unused/ST_Gas_Valve_Configuration.dut	file	yes	yes	yes	0o666
snapshots/clean_build_2026_04_15/archive/parked_dut/unused/ST_Lifetime_Status.dut	file	yes	yes	yes	0o666
snapshots/clean_build_2026_04_15/archive/parked_dut/unused/ST_Maintenance_Access_Config.dut	file	yes	yes	yes	0o666
snapshots/clean_build_2026_04_15/archive/parked_dut/unused/ST_Operator_Zone_Rights.dut	file	yes	yes	yes	0o666
snapshots/clean_build_2026_04_15/archive/parked_dut/unused/ST_Outdoor_Zone_Config.dut	file	yes	yes	yes	0o666
snapshots/clean_build_2026_04_15/archive/parked_dut/unused/ST_Owen_Analog_Value.dut	file	yes	yes	yes	0o666
snapshots/clean_build_2026_04_15/archive/parked_dut/unused/ST_Scenario_Transition_Config.dut	file	yes	yes	yes	0o666
snapshots/clean_build_2026_04_15/archive/parked_dut/unused/ST_Security_Zone_State.dut	file	yes	yes	yes	0o666
snapshots/clean_build_2026_04_15/archive/parked_dut/unused/ST_Sensor_Calibration_Record.dut	file	yes	yes	yes	0o666
snapshots/clean_build_2026_04_15/archive/parked_dut/unused/ST_State_Snapshot.dut	file	yes	yes	yes	0o666
snapshots/clean_build_2026_04_15/archive/parked_dut/unused/ST_System_Diagnostics.dut	file	yes	yes	yes	0o666
snapshots/clean_build_2026_04_15/archive/parked_dut/unused/ST_System_State_Summary.dut	file	yes	yes	yes	0o666
snapshots/clean_build_2026_04_15/archive/parked_dut/unused/ST_Trend_Config.dut	file	yes	yes	yes	0o666
snapshots/clean_build_2026_04_15/archive/parked_dut/unused/ST_Trend_Data.dut	file	yes	yes	yes	0o666
snapshots/clean_build_2026_04_15/archive/parked_dut/unused/ST_Trend_Header.dut	file	yes	yes	yes	0o666
snapshots/clean_build_2026_04_15/archive/parked_dut/unused/ST_Trend_History_Record.dut	file	yes	yes	yes	0o666
snapshots/clean_build_2026_04_15/archive/parked_dut/unused/ST_TwoFactor_Auth_State.dut	file	yes	yes	yes	0o666
snapshots/clean_build_2026_04_15/archive/parked_dut/unused/ST_TwoFactor_Data.dut	file	yes	yes	yes	0o666
snapshots/clean_build_2026_04_15/archive/parked_dut/unused/ST_Ventilation_Config.dut	file	yes	yes	yes	0o666
snapshots/clean_build_2026_04_15/archive/parked_dut/unused/ST_Ventilation_Scenario_Mode.dut	file	yes	yes	yes	0o666
snapshots/clean_build_2026_04_15/archive/parked_dut/unused/ST_Ventilation_Unit.dut	file	yes	yes	yes	0o666
snapshots/clean_build_2026_04_15/archive/parked_dut/unused/ST_Ventilation_Unit_Config.dut	file	yes	yes	yes	0o666
snapshots/clean_build_2026_04_15/archive/parked_dut/unused/ST_Zone_Sensors.dut	file	yes	yes	yes	0o666
snapshots/clean_build_2026_04_15/archive/parked_fb/draft/heating/FB_Boiler_OpenTherm_Interface.st	file	yes	yes	yes	0o666
snapshots/clean_build_2026_04_15/archive/parked_fb/draft/heating/FB_FloorHeating_Controller.st	file	yes	yes	yes	0o666
snapshots/clean_build_2026_04_15/archive/parked_fb/draft/heating/FB_FloorHeating_Freeze_Protection.st	file	yes	yes	yes	0o666
snapshots/clean_build_2026_04_15/archive/parked_fb/draft/heating/FB_FloorHeating_Overheat_Protection.st	file	yes	yes	yes	0o666
snapshots/clean_build_2026_04_15/archive/parked_fb/draft/heating/FB_Manifold_Pump_Controller.st	file	yes	yes	yes	0o666
snapshots/clean_build_2026_04_15/archive/parked_fb/draft/infrastructure/FB_Debug_Logger.st	file	yes	yes	yes	0o666
snapshots/clean_build_2026_04_15/archive/parked_fb/draft/infrastructure/FB_Device_Predictive_Diag.st	file	yes	yes	yes	0o666
snapshots/clean_build_2026_04_15/archive/parked_fb/draft/infrastructure/FB_Lifetime_Predictor.st	file	yes	yes	yes	0o666
snapshots/clean_build_2026_04_15/archive/parked_fb/draft/infrastructure/FB_PLC_Heartbeat.st	file	yes	yes	yes	0o666
snapshots/clean_build_2026_04_15/archive/parked_fb/draft/infrastructure/FB_State_Snapshot_Manager.st	file	yes	yes	yes	0o666
snapshots/clean_build_2026_04_15/archive/parked_fb/draft/infrastructure/FB_State_Snapshot_NVRAM.st	file	yes	yes	yes	0o666
snapshots/clean_build_2026_04_15/archive/parked_fb/draft/infrastructure/FB_Trend_Analyzer.st	file	yes	yes	yes	0o666
snapshots/clean_build_2026_04_15/archive/parked_fb/draft/infrastructure/FB_Trend_Logger.st	file	yes	yes	yes	0o666
snapshots/clean_build_2026_04_15/archive/parked_fb/draft/sensors/FB_Calibration_Manager.st	file	yes	yes	yes	0o666
snapshots/clean_build_2026_04_15/archive/parked_fb/draft/sensors/FB_Sensor_Analog_Processing.st	file	yes	yes	yes	0o666
snapshots/clean_build_2026_04_15/archive/parked_fb/draft/sensors/FB_Sensor_Calibration.st	file	yes	yes	yes	0o666
snapshots/clean_build_2026_04_15/archive/parked_fb/draft/sensors/FB_Sensor_Calibration_Processor.st	file	yes	yes	yes	0o666
snapshots/clean_build_2026_04_15/archive/parked_fb/draft/sensors/FB_Sensor_Distribution.st	file	yes	yes	yes	0o666
snapshots/clean_build_2026_04_15/archive/parked_fb/draft/utils/FB_CRC32_Calculator.st	file	yes	yes	yes	0o666
snapshots/clean_build_2026_04_15/archive/parked_fb/draft/utils/FB_HMAC_SHA1.st	file	yes	yes	yes	0o666
snapshots/clean_build_2026_04_15/archive/parked_fb/draft/utils/FB_Random_Generator.st	file	yes	yes	yes	0o666
snapshots/clean_build_2026_04_15/archive/parked_fb/draft/utils/FB_SHA1.st	file	yes	yes	yes	0o666
snapshots/clean_build_2026_04_15/archive/parked_fb/draft/ventilation/FB_Exhaust_Ventilation_Controller.st	file	yes	yes	yes	0o666
snapshots/clean_build_2026_04_15/archive/parked_fb/draft/ventilation/FB_Supply_Ventilation_Controller.st	file	yes	yes	yes	0o666
snapshots/clean_build_2026_04_15/archive/parked_fb/legacy/detectors/FB_CO_Detector.st	file	yes	yes	yes	0o666
snapshots/clean_build_2026_04_15/archive/parked_fb/legacy/detectors/FB_Gas_Methane_Detector.st	file	yes	yes	yes	0o666
snapshots/clean_build_2026_04_15/archive/parked_fb/legacy/detectors/FB_Smoke_Detector.st	file	yes	yes	yes	0o666
snapshots/clean_build_2026_04_15/archive/parked_fb/legacy/simulation/FB_Presence_Playback.st	file	yes	yes	yes	0o666
snapshots/clean_build_2026_04_15/archive/parked_fb/legacy/simulation/FB_Presence_Simulator.st	file	yes	yes	yes	0o666
snapshots/clean_build_2026_04_15/archive/parked_fb/legacy/valves/FB_Emergency_Valve_Open.st	file	yes	yes	yes	0o666
snapshots/clean_build_2026_04_15/archive/parked_fb/legacy/valves/FB_Gas_Valve_Controller.st	file	yes	yes	yes	0o666
snapshots/clean_build_2026_04_15/archive/parked_fb/legacy/valves/FB_Manual_Valve_Control.st	file	yes	yes	yes	0o666
snapshots/clean_build_2026_04_15/archive/parked_fb/legacy/valves/FB_Valve_Test.st	file	yes	yes	yes	0o666
snapshots/clean_build_2026_04_15/archive/parked_fb/legacy/valves/FB_Valve_Test_Manager.st	file	yes	yes	yes	0o666
snapshots/clean_build_2026_04_15/archive/parked_fb/legacy/valves/FB_Water_Valve_Controller.st	file	yes	yes	yes	0o666
snapshots/clean_build_2026_04_15/archive/parked_fb/unclear/FB_Boiler_Cascade_Manager.st	file	yes	yes	yes	0o666
snapshots/clean_build_2026_04_15/archive/parked_fb/unclear/FB_Command_Deduplication.st	file	yes	yes	yes	0o666
snapshots/clean_build_2026_04_15/archive/parked_fb/unclear/FB_Maintenance_Access.st	file	yes	yes	yes	0o666
snapshots/clean_build_2026_04_15/archive/parked_fb/unclear/FB_Outdoor_Lighting_Controller.st	file	yes	yes	yes	0o666
snapshots/clean_build_2026_04_15/archive/parked_fb/unclear/FB_Pre_Departure_Heating.st	file	yes	yes	yes	0o666
snapshots/clean_build_2026_04_15/archive/parked_fb/unclear/FB_Scenario_Transition_Controller.st	file	yes	yes	yes	0o666
snapshots/clean_build_2026_04_15/archive/parked_fb/unclear/FB_Security_Alarm.st	file	yes	yes	yes	0o666
snapshots/clean_build_2026_04_15/archive/parked_fb/unclear/FB_State_Manager_MVP.st	file	yes	yes	yes	0o666
snapshots/clean_build_2026_04_15/archive/parked_fb/unclear/FB_State_Replication.st	file	yes	yes	yes	0o666
snapshots/clean_build_2026_04_15/archive/parked_fb/unclear/FB_System_Timer_TOF.st	file	yes	yes	yes	0o666
snapshots/clean_build_2026_04_15/archive/parked_fb/unclear/FB_TwoFactor_Auth.st	file	yes	yes	yes	0o666
snapshots/clean_build_2026_04_15/archive/parked_fb/unclear/FB_Zone_Access_Manager.st	file	yes	yes	yes	0o666
snapshots/clean_build_2026_04_15/clean_build_snapshot.tar.gz	file	yes	yes	yes	0o666
snapshots/clean_build_2026_04_15/docs/ARCHITECTURE_NOTES.md	file	yes	yes	yes	0o666
snapshots/clean_build_2026_04_15/docs/CHANGELOG_WORK.md	file	yes	yes	yes	0o666
snapshots/clean_build_2026_04_15/docs/DEVELOPMENT_WORKFLOW.md	file	yes	yes	yes	0o666
snapshots/clean_build_2026_04_15/docs/DEVELOPMENT_WORKFLOW_V2.md	file	yes	yes	yes	0o666
snapshots/clean_build_2026_04_15/docs/EQUIPMENT_DECISIONS.md	file	yes	yes	yes	0o666
snapshots/clean_build_2026_04_15/docs/EXECUTION_CONVENTIONS.md	file	yes	yes	yes	0o666
snapshots/clean_build_2026_04_15/docs/EXECUTION_CONVENTIONS_2026-04-05.md	file	yes	yes	yes	0o666
snapshots/clean_build_2026_04_15/docs/FB_INVENTORY_AUDIT.md	file	yes	yes	yes	0o666
snapshots/clean_build_2026_04_15/docs/FB_INVENTORY_AUDIT_BATCH_02.md	file	yes	yes	yes	0o666
snapshots/clean_build_2026_04_15/docs/FB_INVENTORY_AUDIT_BATCH_03.md	file	yes	yes	yes	0o666
snapshots/clean_build_2026_04_15/docs/FB_INVENTORY_AUDIT_BATCH_04.md	file	yes	yes	yes	0o666
snapshots/clean_build_2026_04_15/docs/IMPORT_PIPELINE_RULES.md	file	yes	yes	yes	0o666
snapshots/clean_build_2026_04_15/docs/IO_MAPPING_CONCEPT.md	file	yes	yes	yes	0o666
snapshots/clean_build_2026_04_15/docs/MASTER_GUIDE.md	file	yes	yes	yes	0o666
snapshots/clean_build_2026_04_15/docs/POLICY_LAYER.md	file	yes	yes	yes	0o666
snapshots/clean_build_2026_04_15/docs/PROJECT_ROADMAP.md	file	yes	yes	yes	0o666
snapshots/clean_build_2026_04_15/docs/PROJECT_STATUS_2026-04-05.md	file	yes	yes	yes	0o666
snapshots/clean_build_2026_04_15/docs/PROJECT_STATUS_2026-04-06_FULL.md	file	yes	yes	yes	0o666
snapshots/clean_build_2026_04_15/docs/RECOVERY_STRATEGY.md	file	yes	yes	yes	0o666
snapshots/clean_build_2026_04_15/docs/REFACTOR_PLAN_ARCH_ALIGNMENT.md	file	yes	yes	yes	0o666
snapshots/clean_build_2026_04_15/docs/REPOSITORY_WRITE_RULES.md	file	yes	yes	yes	0o666
snapshots/clean_build_2026_04_15/docs/START_NEW_CHAT_TEMPLATE.md	file	yes	yes	yes	0o666
snapshots/clean_build_2026_04_15/docs/SYSTEM_PRIORITIES.md	file	yes	yes	yes	0o666
snapshots/clean_build_2026_04_15/docs/TEST_COMMIT_PIPELINE.md	file	yes	yes	yes	0o666
snapshots/clean_build_2026_04_15/docs/TZ_NEW.txt	file	yes	yes	yes	0o666
snapshots/clean_build_2026_04_15/docs/WORKFLOW.md	file	yes	yes	yes	0o666
snapshots/clean_build_2026_04_15/docs/WORK_NOTES.md	file	yes	yes	yes	0o666
snapshots/clean_build_2026_04_15/docs/architecture/deferred_tasks.md	file	yes	yes	yes	0o666
snapshots/clean_build_2026_04_15/docs/architecture/system_overview.md	file	yes	yes	yes	0o666
snapshots/clean_build_2026_04_15/docs/systems/README.md	file	yes	yes	yes	0o666
snapshots/clean_build_2026_04_15/docs/systems/access.md	file	yes	yes	yes	0o666
snapshots/clean_build_2026_04_15/docs/systems/dhw.md	file	yes	yes	yes	0o666
snapshots/clean_build_2026_04_15/docs/systems/heating.md	file	yes	yes	yes	0o666
snapshots/clean_build_2026_04_15/docs/systems/lighting.md	file	yes	yes	yes	0o666
snapshots/clean_build_2026_04_15/docs/systems/ventilation.md	file	yes	yes	yes	0o666
snapshots/clean_build_2026_04_15/h	file	yes	yes	yes	0o644
snapshots/clean_build_2026_04_15/save_2026-04-07/.keep	file	yes	yes	yes	0o666
snapshots/clean_build_2026_04_15/save_2026-04-07/E_ALERT_PRIORITY.dut	file	yes	yes	yes	0o666
snapshots/clean_build_2026_04_15/save_2026-04-07/E_Gateway_Command_Type.dut	file	yes	yes	yes	0o666
snapshots/clean_build_2026_04_15/save_2026-04-07/E_PLC_ROLE.dut	file	yes	yes	yes	0o666
snapshots/clean_build_2026_04_15/save_2026-04-07/E_Rule_Action_Type.dut	file	yes	yes	yes	0o666
snapshots/clean_build_2026_04_15/save_2026-04-07/E_Rule_Comparison.dut	file	yes	yes	yes	0o666
snapshots/clean_build_2026_04_15/save_2026-04-07/E_Rule_Condition_Type.dut	file	yes	yes	yes	0o666
snapshots/clean_build_2026_04_15/save_2026-04-07/E_SCENARIO_TYPE.dut	file	yes	yes	yes	0o666
snapshots/clean_build_2026_04_15/save_2026-04-07/E_System_Operating_Mode.dut	file	yes	yes	yes	0o666
snapshots/clean_build_2026_04_15/save_2026-04-07/E_System_Root_Cause.st	file	yes	yes	yes	0o666
snapshots/clean_build_2026_04_15/save_2026-04-07/E_System_Severity.st	file	yes	yes	yes	0o666
snapshots/clean_build_2026_04_15/save_2026-04-07/E_TwoFactor_Method.dut	file	yes	yes	yes	0o666
snapshots/clean_build_2026_04_15/save_2026-04-07/FB_AccessCode_Manager.st	file	yes	yes	yes	0o666
snapshots/clean_build_2026_04_15/save_2026-04-07/FB_Access_Control.st	file	yes	yes	yes	0o666
snapshots/clean_build_2026_04_15/save_2026-04-07/FB_Alarm_Manager.st	file	yes	yes	yes	0o666
snapshots/clean_build_2026_04_15/save_2026-04-07/FB_Analog_Validator.st	file	yes	yes	yes	0o666
snapshots/clean_build_2026_04_15/save_2026-04-07/FB_Astro_Timer.st	file	yes	yes	yes	0o666
snapshots/clean_build_2026_04_15/save_2026-04-07/FB_BlackBox_Recorder.st	file	yes	yes	yes	0o666
snapshots/clean_build_2026_04_15/save_2026-04-07/FB_DHW_Manager.st	file	yes	yes	yes	0o666
snapshots/clean_build_2026_04_15/save_2026-04-07/FB_Fault_Logger.st	file	yes	yes	yes	0o666
snapshots/clean_build_2026_04_15/save_2026-04-07/FB_Gas_Smoke_Manager.st	file	yes	yes	yes	0o666
snapshots/clean_build_2026_04_15/save_2026-04-07/FB_Gateway_Interface.st	file	yes	yes	yes	0o666
snapshots/clean_build_2026_04_15/save_2026-04-07/FB_HMI_Interface.st	file	yes	yes	yes	0o666
snapshots/clean_build_2026_04_15/save_2026-04-07/FB_Heating_System_Manager.st	file	yes	yes	yes	0o666
snapshots/clean_build_2026_04_15/save_2026-04-07/FB_History_Manager.st	file	yes	yes	yes	0o666
snapshots/clean_build_2026_04_15/save_2026-04-07/FB_IO_Module_Watchdog.st	file	yes	yes	yes	0o666
snapshots/clean_build_2026_04_15/save_2026-04-07/FB_Lighting_Blinds_Manager.st	file	yes	yes	yes	0o666
snapshots/clean_build_2026_04_15/save_2026-04-07/FB_NVRAM_Manager.st	file	yes	yes	yes	0o666
snapshots/clean_build_2026_04_15/save_2026-04-07/FB_PID_Controller.st	file	yes	yes	yes	0o666
snapshots/clean_build_2026_04_15/save_2026-04-07/FB_Redundancy_Manager.st	file	yes	yes	yes	0o666
snapshots/clean_build_2026_04_15/save_2026-04-07/FB_Rule_Engine.st	file	yes	yes	yes	0o666
snapshots/clean_build_2026_04_15/save_2026-04-07/FB_Safety_Manager.st	file	yes	yes	yes	0o666
snapshots/clean_build_2026_04_15/save_2026-04-07/FB_Scenario_Manager.st	file	yes	yes	yes	0o666
snapshots/clean_build_2026_04_15/save_2026-04-07/FB_Security_System_Manager.st	file	yes	yes	yes	0o666
snapshots/clean_build_2026_04_15/save_2026-04-07/FB_Simulation_Manager.st	file	yes	yes	yes	0o666
snapshots/clean_build_2026_04_15/save_2026-04-07/FB_Socket_Manager.st	file	yes	yes	yes	0o666
snapshots/clean_build_2026_04_15/save_2026-04-07/FB_State_Manager.st	file	yes	yes	yes	0o666
snapshots/clean_build_2026_04_15/save_2026-04-07/FB_System_Health.st	file	yes	yes	yes	0o666
snapshots/clean_build_2026_04_15/save_2026-04-07/FB_System_Timer.st	file	yes	yes	yes	0o666
snapshots/clean_build_2026_04_15/save_2026-04-07/FB_Ventilation_System_Manager.st	file	yes	yes	yes	0o666
snapshots/clean_build_2026_04_15/save_2026-04-07/FB_Watchdog.st	file	yes	yes	yes	0o666
snapshots/clean_build_2026_04_15/save_2026-04-07/FB_Water_Leakage_Manager.st	file	yes	yes	yes	0o666
snapshots/clean_build_2026_04_15/save_2026-04-07/F_TimeDiff.st	file	yes	yes	yes	0o666
snapshots/clean_build_2026_04_15/save_2026-04-07/GVL_ALARM.gvl	file	yes	yes	yes	0o666
snapshots/clean_build_2026_04_15/save_2026-04-07/GVL_BlackBox.gvl	file	yes	yes	yes	0o666
snapshots/clean_build_2026_04_15/save_2026-04-07/GVL_COMMAND.gvl	file	yes	yes	yes	0o666
snapshots/clean_build_2026_04_15/save_2026-04-07/GVL_CONFIG.gvl	file	yes	yes	yes	0o666
snapshots/clean_build_2026_04_15/save_2026-04-07/GVL_CONSTANTS.gvl	file	yes	yes	yes	0o666
snapshots/clean_build_2026_04_15/save_2026-04-07/GVL_DEBUG.gvl	file	yes	yes	yes	0o666
snapshots/clean_build_2026_04_15/save_2026-04-07/GVL_GATEWAY.gvl	file	yes	yes	yes	0o666
snapshots/clean_build_2026_04_15/save_2026-04-07/GVL_HEALTH_BRIDGE.st	file	yes	yes	yes	0o666
snapshots/clean_build_2026_04_15/save_2026-04-07/GVL_IO.gvl	file	yes	yes	yes	0o666
snapshots/clean_build_2026_04_15/save_2026-04-07/GVL_MODBUS.gvl	file	yes	yes	yes	0o666
snapshots/clean_build_2026_04_15/save_2026-04-07/GVL_Retain.gvl	file	yes	yes	yes	0o666
snapshots/clean_build_2026_04_15/save_2026-04-07/GVL_STATE.gvl	file	yes	yes	yes	0o666
snapshots/clean_build_2026_04_15/save_2026-04-07/GVL_STATUS.gvl	file	yes	yes	yes	0o666
snapshots/clean_build_2026_04_15/save_2026-04-07/IValveController.st	file	yes	yes	yes	0o666
snapshots/clean_build_2026_04_15/save_2026-04-07/MAIN.st	file	yes	yes	yes	0o666
snapshots/clean_build_2026_04_15/save_2026-04-07/PRG_Heating.st	file	yes	yes	yes	0o666
snapshots/clean_build_2026_04_15/save_2026-04-07/PRG_IO_Read.st	file	yes	yes	yes	0o666
snapshots/clean_build_2026_04_15/save_2026-04-07/PRG_IO_Write.st	file	yes	yes	yes	0o666
snapshots/clean_build_2026_04_15/save_2026-04-07/PRG_Lighting.st	file	yes	yes	yes	0o666
snapshots/clean_build_2026_04_15/save_2026-04-07/PRG_PLC_A.st	file	yes	yes	yes	0o666
snapshots/clean_build_2026_04_15/save_2026-04-07/PRG_PLC_B.st	file	yes	yes	yes	0o666
snapshots/clean_build_2026_04_15/save_2026-04-07/PRG_Safety.st	file	yes	yes	yes	0o666
snapshots/clean_build_2026_04_15/save_2026-04-07/PRG_Security.st	file	yes	yes	yes	0o666
snapshots/clean_build_2026_04_15/save_2026-04-07/PRG_System.st	file	yes	yes	yes	0o666
snapshots/clean_build_2026_04_15/save_2026-04-07/PRG_Test.st	file	yes	yes	yes	0o666
snapshots/clean_build_2026_04_15/save_2026-04-07/PRG_Ventilation.st	file	yes	yes	yes	0o666
snapshots/clean_build_2026_04_15/save_2026-04-07/ST_Alarm_Record.dut	file	yes	yes	yes	0o666
snapshots/clean_build_2026_04_15/save_2026-04-07/ST_BlackBox_Record.dut	file	yes	yes	yes	0o666
snapshots/clean_build_2026_04_15/save_2026-04-07/ST_BlackBox_Record.st	file	yes	yes	yes	0o666
snapshots/clean_build_2026_04_15/save_2026-04-07/ST_Boiler_Status.dut	file	yes	yes	yes	0o666
snapshots/clean_build_2026_04_15/save_2026-04-07/ST_DHW_Config.dut	file	yes	yes	yes	0o666
snapshots/clean_build_2026_04_15/save_2026-04-07/ST_DHW_Status.dut	file	yes	yes	yes	0o666
snapshots/clean_build_2026_04_15/save_2026-04-07/ST_Flood_Global_Config.dut	file	yes	yes	yes	0o666
snapshots/clean_build_2026_04_15/save_2026-04-07/ST_FloorHeating_Circuit_Config.dut	file	yes	yes	yes	0o666
snapshots/clean_build_2026_04_15/save_2026-04-07/ST_Gateway_Command.dut	file	yes	yes	yes	0o666
snapshots/clean_build_2026_04_15/save_2026-04-07/ST_Heating_Config.dut	file	yes	yes	yes	0o666
snapshots/clean_build_2026_04_15/save_2026-04-07/ST_History_Record.dut	file	yes	yes	yes	0o666
snapshots/clean_build_2026_04_15/save_2026-04-07/ST_Manifold_Status.dut	file	yes	yes	yes	0o666
snapshots/clean_build_2026_04_15/save_2026-04-07/ST_Rule_Action.dut	file	yes	yes	yes	0o666
snapshots/clean_build_2026_04_15/save_2026-04-07/ST_Scenario_Config.dut	file	yes	yes	yes	0o666
snapshots/clean_build_2026_04_15/save_2026-04-07/ST_Security_Global_Config.dut	file	yes	yes	yes	0o666
snapshots/clean_build_2026_04_15/save_2026-04-07/ST_System_State_Snapshot.dut	file	yes	yes	yes	0o666
snapshots/clean_build_2026_04_15/save_2026-04-07/ST_Tariff_Config.dut	file	yes	yes	yes	0o666
snapshots/clean_build_2026_04_15/save_2026-04-07/ST_User_Rule.dut	file	yes	yes	yes	0o666
snapshots/clean_build_2026_04_15/save_2026-04-07/ST_Valve_Test_Config.dut	file	yes	yes	yes	0o666
snapshots/clean_build_2026_04_15/save_2026-04-07/ST_Ventilation_Global_Config.dut	file	yes	yes	yes	0o666
snapshots/clean_build_2026_04_15/steps/MASTER_PIPELINE/001_BASE.xml	file	yes	yes	yes	0o666
snapshots/clean_build_2026_04_15/steps/MASTER_PIPELINE/001_universal.log	file	yes	yes	yes	0o666
snapshots/clean_build_2026_04_15/steps/MASTER_PIPELINE/001_universal_methods_v1.log	file	yes	yes	yes	0o666
snapshots/clean_build_2026_04_15/steps/MASTER_PIPELINE/001_universal_pou_builder.log	file	yes	yes	yes	0o666
snapshots/clean_build_2026_04_15/steps/MASTER_PIPELINE/001_universal_pou_builder.py	file	yes	yes	yes	0o666
snapshots/clean_build_2026_04_15/steps/MASTER_PIPELINE/001_universal_pou_builder.py.before_methods_v2	file	yes	yes	yes	0o666
snapshots/clean_build_2026_04_15/steps/MASTER_PIPELINE/001_universal_pou_builder_LEGACY_BACKUP.py	file	yes	yes	yes	0o666
snapshots/clean_build_2026_04_15/steps/MASTER_PIPELINE/001_universal_pou_builder_METHODS_V1.py	file	yes	yes	yes	0o666
snapshots/clean_build_2026_04_15/steps/MASTER_PIPELINE/001_universal_pou_builder_METHODS_V1.py.before_methods_v2	file	yes	yes	yes	0o666
snapshots/clean_build_2026_04_15/steps/MASTER_PIPELINE/001_universal_pou_builder_METHODS_V2.py	file	yes	yes	yes	0o666
snapshots/clean_build_2026_04_15/steps/MASTER_PIPELINE/001_universal_pou_gvl.log	file	yes	yes	yes	0o666
snapshots/clean_build_2026_04_15/steps/MASTER_PIPELINE/001_universal_pou_gvl_builder.py	file	yes	yes	yes	0o666
snapshots/clean_build_2026_04_15/steps/MASTER_PIPELINE/001_universal_v2.log	file	yes	yes	yes	0o666
snapshots/clean_build_2026_04_15/steps/MASTER_PIPELINE/002_BASE.xml	file	yes	yes	yes	0o666
snapshots/clean_build_2026_04_15/steps/MASTER_PIPELINE/003_GVL_BASELINE_INPUT.xml	file	yes	yes	yes	0o666
snapshots/clean_build_2026_04_15/steps/MASTER_PIPELINE/003_RESULT.xml	file	yes	yes	yes	0o666
snapshots/clean_build_2026_04_15/steps/MASTER_PIPELINE/003_import_gvl.py	file	yes	yes	yes	0o666
snapshots/clean_build_2026_04_15/steps/MASTER_PIPELINE/004_RESULT.xml	file	yes	yes	yes	0o666
snapshots/clean_build_2026_04_15/steps/MASTER_PIPELINE/004_import_dut.log	file	yes	yes	yes	0o666
snapshots/clean_build_2026_04_15/steps/MASTER_PIPELINE/004_import_dut.py	file	yes	yes	yes	0o666
snapshots/clean_build_2026_04_15/steps/MASTER_PIPELINE/004_import_dut_run.log	file	yes	yes	yes	0o666
snapshots/clean_build_2026_04_15/steps/MASTER_PIPELINE/004_import_dut_v11.log	file	yes	yes	yes	0o666
snapshots/clean_build_2026_04_15/steps/MASTER_PIPELINE/004_precheck_dut.log	file	yes	yes	yes	0o666
snapshots/clean_build_2026_04_15/steps/MASTER_PIPELINE/005_PLAN.txt	file	yes	yes	yes	0o666
snapshots/clean_build_2026_04_15/steps/MASTER_PIPELINE/005_PRG_PLAN.txt	file	yes	yes	yes	0o666
snapshots/clean_build_2026_04_15/steps/MASTER_PIPELINE/005_RESULT.xml	file	yes	yes	yes	0o666
snapshots/clean_build_2026_04_15/steps/MASTER_PIPELINE/005_import_prg.log	file	yes	yes	yes	0o666
snapshots/clean_build_2026_04_15/steps/MASTER_PIPELINE/005_import_prg.py	file	yes	yes	yes	0o666
snapshots/clean_build_2026_04_15/steps/MASTER_PIPELINE/005_import_prg_v2.log	file	yes	yes	yes	0o666
snapshots/clean_build_2026_04_15/steps/MASTER_PIPELINE/005_import_prg_v2.py	file	yes	yes	yes	0o666
snapshots/clean_build_2026_04_15/steps/MASTER_PIPELINE/999_archive_flatten_copy.py.txt	file	yes	yes	yes	0o666
snapshots/clean_build_2026_04_15/steps/MASTER_PIPELINE/INIT.txt	file	yes	yes	yes	0o666
snapshots/clean_build_2026_04_15/steps/MASTER_PIPELINE/PRG.xml	file	yes	yes	yes	0o666
snapshots/clean_build_2026_04_15/steps/MASTER_PIPELINE/__pycache__/001_universal_pou_builder_METHODS_V2.cpython-312.pyc	file	yes	yes	yes	0o666
snapshots/clean_build_2026_04_15/steps/MASTER_PIPELINE/__pycache__/lib_codegen.cpython-312.pyc	file	yes	yes	yes	0o666
snapshots/clean_build_2026_04_15/steps/MASTER_PIPELINE/archive_legacy_004/004_apply_v3_enum_patch.py	file	yes	yes	yes	0o666
snapshots/clean_build_2026_04_15/steps/MASTER_PIPELINE/archive_legacy_004/004_fix_struct_initializer.py	file	yes	yes	yes	0o666
snapshots/clean_build_2026_04_15/steps/MASTER_PIPELINE/archive_legacy_004/004_force_patch_and_verify_v5.py	file	yes	yes	yes	0o666
snapshots/clean_build_2026_04_15/steps/MASTER_PIPELINE/archive_legacy_004/004_force_patch_parse_enum_v4.py	file	yes	yes	yes	0o666
snapshots/clean_build_2026_04_15/steps/MASTER_PIPELINE/archive_legacy_004/004_import_dut_rebuild_v2.py	file	yes	yes	yes	0o666
snapshots/clean_build_2026_04_15/steps/MASTER_PIPELINE/archive_legacy_004/004_struct_initializer_analysis.md	file	yes	yes	yes	0o666
snapshots/clean_build_2026_04_15/steps/MASTER_PIPELINE/archive_legacy_004/004_struct_initializer_strategy.md	file	yes	yes	yes	0o666
snapshots/clean_build_2026_04_15/steps/MASTER_PIPELINE/archive_legacy_004/TEST_DUT_ARRAY_INIT.txt	file	yes	yes	yes	0o666
snapshots/clean_build_2026_04_15/steps/MASTER_PIPELINE/archive_legacy_004/TestDut.xml	file	yes	yes	yes	0o666
snapshots/clean_build_2026_04_15/steps/MASTER_PIPELINE/archive_logs/001_create_clean_base_with_anchor.log	file	yes	yes	yes	0o666
snapshots/clean_build_2026_04_15/steps/MASTER_PIPELINE/archive_logs/002_build_clean_master_from_fb.log	file	yes	yes	yes	0o666
snapshots/clean_build_2026_04_15/steps/MASTER_PIPELINE/archive_logs/002_insert_fb_from_st_and_refresh_projectstructure.log	file	yes	yes	yes	0o666
snapshots/clean_build_2026_04_15/steps/MASTER_PIPELINE/archive_logs/002_run_full.log	file	yes	yes	yes	0o666
snapshots/clean_build_2026_04_15/steps/MASTER_PIPELINE/archive_logs/003_GVL_FULL_STRUCT.log	file	yes	yes	yes	0o666
snapshots/clean_build_2026_04_15/steps/MASTER_PIPELINE/archive_logs/003_GVL_RAW_SYNTAX.log	file	yes	yes	yes	0o666
snapshots/clean_build_2026_04_15/steps/MASTER_PIPELINE/archive_logs/003_GVL_STRUCTURE_ANALYSIS.log	file	yes	yes	yes	0o666
snapshots/clean_build_2026_04_15/steps/MASTER_PIPELINE/archive_logs/003_GVL_TEMPLATE_CASES.log	file	yes	yes	yes	0o666
snapshots/clean_build_2026_04_15/steps/MASTER_PIPELINE/archive_logs/003_GVL_XML_TEMPLATE_ANALYSIS.log	file	yes	yes	yes	0o666
snapshots/clean_build_2026_04_15/steps/MASTER_PIPELINE/archive_logs/003_import_gvl.log	file	yes	yes	yes	0o666
snapshots/clean_build_2026_04_15/steps/MASTER_PIPELINE/archive_logs/004_import_dut_v11.log	file	yes	yes	yes	0o666
snapshots/clean_build_2026_04_15/steps/MASTER_PIPELINE/build_project.py	file	yes	yes	yes	0o666
snapshots/clean_build_2026_04_15/steps/MASTER_PIPELINE/build_project_cli.py	file	yes	yes	yes	0o666
snapshots/clean_build_2026_04_15/steps/MASTER_PIPELINE/build_project_v2.py	file	yes	yes	yes	0o666
snapshots/clean_build_2026_04_15/steps/MASTER_PIPELINE/lib_codegen.py	file	yes	yes	yes	0o666
snapshots/clean_build_2026_04_15/steps/MASTER_PIPELINE/logs/001_universal_pou_gvl.log	file	yes	yes	yes	0o666
snapshots/clean_build_2026_04_15/steps/MASTER_PIPELINE/logs/004_import_dut_v11.log	file	yes	yes	yes	0o666
snapshots/clean_build_2026_04_15/steps/MASTER_PIPELINE/out/003_RESULT.xml	file	yes	yes	yes	0o666
snapshots/clean_build_2026_04_15/steps/MASTER_PIPELINE/out/004_RESULT.xml	file	yes	yes	yes	0o666
snapshots/clean_build_2026_04_15/steps/MASTER_PIPELINE/Система умного дома.xml	file	yes	yes	yes	0o666
snapshots/clean_build_2026_04_15/workspace/WORKFLOW_GITHUB_CODESYS.md	file	yes	yes	yes	0o666
snapshots/clean_build_2026_04_15/workspace/compile_green_cleanup_inventory_2026-04-12.md	file	yes	yes	yes	0o666
snapshots/clean_build_2026_04_15/workspace/draft_v2_inventory_2026-04-12.md	file	yes	yes	yes	0o666
snapshots/clean_build_2026_04_15/workspace/dut_rebuild/INDEX.md	file	yes	yes	yes	0o666
snapshots/clean_build_2026_04_15/workspace/dut_rebuild/README.md	file	yes	yes	yes	0o666
snapshots/clean_build_2026_04_15/workspace/dut_rebuild/alarm/01_alarm_rebuild_plan.md	file	yes	yes	yes	0o666
snapshots/clean_build_2026_04_15/workspace/dut_rebuild/alarm/FB_Alarm_Compatibility_Package_DRAFT.st	file	yes	yes	yes	0o666
snapshots/clean_build_2026_04_15/workspace/dut_rebuild/alarm/FB_Alarm_Legacy_To_V2_Adapter_DRAFT.st	file	yes	yes	yes	0o666
snapshots/clean_build_2026_04_15/workspace/dut_rebuild/alarm/FB_Alarm_V2_To_Legacy_Adapter_DRAFT.st	file	yes	yes	yes	0o666
snapshots/clean_build_2026_04_15/workspace/dut_rebuild/alarm/ST_Alarm_Core_Record_V2.dut	file	yes	yes	yes	0o666
snapshots/clean_build_2026_04_15/workspace/dut_rebuild/alarm/ST_Alarm_Event_V2.dut	file	yes	yes	yes	0o666
snapshots/clean_build_2026_04_15/workspace/dut_rebuild/alarm/ST_Alarm_V2.dut	file	yes	yes	yes	0o666
snapshots/clean_build_2026_04_15/workspace/dut_rebuild/alarm/ST_Alarm_View_Record_V2.dut	file	yes	yes	yes	0o666
snapshots/clean_build_2026_04_15/workspace/dut_rebuild/alarm/integration/adapter_notes.md	file	yes	yes	yes	0o666
snapshots/clean_build_2026_04_15/workspace/dut_rebuild/alarm/runtime_hook/active_migration/plan.md	file	yes	yes	yes	0o666
snapshots/clean_build_2026_04_15/workspace/dut_rebuild/alarm/runtime_hook/staging_clone/FB_Alarm_Manager_STAGING.st	file	yes	yes	yes	0o666
snapshots/clean_build_2026_04_15/workspace/dut_rebuild/alarm/v2_core/01_alarm_v2_core_plan.md	file	yes	yes	yes	0o666
snapshots/clean_build_2026_04_15/workspace/dut_rebuild/alarm/v2_core/02_alarm_v2_migration_targets.md	file	yes	yes	yes	0o666
snapshots/clean_build_2026_04_15/workspace/dut_rebuild/alarm/v2_core/FB_Alarm_V2_Core_DRAFT.st	file	yes	yes	yes	0o666
snapshots/clean_build_2026_04_15/workspace/dut_rebuild/alarm/v2_core/README.md	file	yes	yes	yes	0o666
snapshots/clean_build_2026_04_15/workspace/dut_rebuild/alarm/v2_core/extraction/01_pending_queue_extraction_plan.md	file	yes	yes	yes	0o666
snapshots/clean_build_2026_04_15/workspace/dut_rebuild/alarm/v2_core/extraction/02_pending_queue_old_to_new_map.md	file	yes	yes	yes	0o666
snapshots/clean_build_2026_04_15/workspace/dut_rebuild/alarm/v2_core/extraction/03_next_runtime_step.md	file	yes	yes	yes	0o666
snapshots/clean_build_2026_04_15/workspace/dut_rebuild/alarm/v2_core/reports/00_alarm_v2_core_ready.txt	file	yes	yes	yes	0o666
snapshots/clean_build_2026_04_15/workspace/dut_rebuild/alarm/v2_core/reports/01_pending_queue_extraction_ready.txt	file	yes	yes	yes	0o666
snapshots/clean_build_2026_04_15/workspace/dut_rebuild/blinds_v2/README.md	file	yes	yes	yes	0o666
snapshots/clean_build_2026_04_15/workspace/dut_rebuild/blinds_v2/ST_Blinds_Command_V2.dut	file	yes	yes	yes	0o666
snapshots/clean_build_2026_04_15/workspace/dut_rebuild/blinds_v2/ST_Blinds_State_V2.dut	file	yes	yes	yes	0o666
snapshots/clean_build_2026_04_15/workspace/dut_rebuild/blinds_v2/compatibility/01_blinds_compatibility_plan.md	file	yes	yes	yes	0o666
snapshots/clean_build_2026_04_15/workspace/dut_rebuild/blinds_v2/compatibility/FB_Blinds_Legacy_To_V2_Command_Adapter_DRAFT.st	file	yes	yes	yes	0o666
snapshots/clean_build_2026_04_15/workspace/dut_rebuild/blinds_v2/compatibility/FB_Blinds_Legacy_To_V2_State_Adapter_DRAFT.st	file	yes	yes	yes	0o666
snapshots/clean_build_2026_04_15/workspace/dut_rebuild/blinds_v2/extraction/01_blinds_extraction_plan.md	file	yes	yes	yes	0o666
snapshots/clean_build_2026_04_15/workspace/dut_rebuild/blinds_v2/extraction/FB_Blinds_Command_Extractor_DRAFT.st	file	yes	yes	yes	0o666
snapshots/clean_build_2026_04_15/workspace/dut_rebuild/blinds_v2/extraction/FB_Blinds_State_Extractor_DRAFT.st	file	yes	yes	yes	0o666
snapshots/clean_build_2026_04_15/workspace/dut_rebuild/blinds_v2/reports/00_blinds_v2_package_ready.txt	file	yes	yes	yes	0o666
snapshots/clean_build_2026_04_15/workspace/dut_rebuild/blinds_v2/reports/02_blinds_staging_ready.txt	file	yes	yes	yes	0o666
snapshots/clean_build_2026_04_15/workspace/dut_rebuild/blinds_v2/staging/01_blinds_staging_plan.md	file	yes	yes	yes	0o666
snapshots/clean_build_2026_04_15/workspace/dut_rebuild/blinds_v2/staging/FB_Blinds_V2_Staging_DRAFT.st	file	yes	yes	yes	0o666
snapshots/clean_build_2026_04_15/workspace/dut_rebuild/blinds_v2/v2_core/01_blinds_v2_core_plan.md	file	yes	yes	yes	0o666
snapshots/clean_build_2026_04_15/workspace/dut_rebuild/blinds_v2/v2_core/FB_Blinds_V2_Core_DRAFT.st	file	yes	yes	yes	0o666
snapshots/clean_build_2026_04_15/workspace/dut_rebuild/dhw_v2/README.md	file	yes	yes	yes	0o666
snapshots/clean_build_2026_04_15/workspace/dut_rebuild/dhw_v2/ST_DHW_Command_V2.dut	file	yes	yes	yes	0o666
snapshots/clean_build_2026_04_15/workspace/dut_rebuild/dhw_v2/ST_DHW_State_V2.dut	file	yes	yes	yes	0o666
snapshots/clean_build_2026_04_15/workspace/dut_rebuild/dhw_v2/compatibility/01_dhw_compatibility_plan.md	file	yes	yes	yes	0o666
snapshots/clean_build_2026_04_15/workspace/dut_rebuild/dhw_v2/compatibility/FB_DHW_Legacy_To_V2_Command_Adapter_DRAFT.st	file	yes	yes	yes	0o666
snapshots/clean_build_2026_04_15/workspace/dut_rebuild/dhw_v2/compatibility/FB_DHW_Legacy_To_V2_State_Adapter_DRAFT.st	file	yes	yes	yes	0o666
snapshots/clean_build_2026_04_15/workspace/dut_rebuild/dhw_v2/extraction/01_dhw_extraction_plan.md	file	yes	yes	yes	0o666
snapshots/clean_build_2026_04_15/workspace/dut_rebuild/dhw_v2/extraction/FB_DHW_Command_Extractor_DRAFT.st	file	yes	yes	yes	0o666
snapshots/clean_build_2026_04_15/workspace/dut_rebuild/dhw_v2/extraction/FB_DHW_State_Extractor_DRAFT.st	file	yes	yes	yes	0o666
snapshots/clean_build_2026_04_15/workspace/dut_rebuild/dhw_v2/reports/00_dhw_v2_package_ready.txt	file	yes	yes	yes	0o666
snapshots/clean_build_2026_04_15/workspace/dut_rebuild/dhw_v2/reports/02_dhw_staging_ready.txt	file	yes	yes	yes	0o666
snapshots/clean_build_2026_04_15/workspace/dut_rebuild/dhw_v2/staging/01_dhw_staging_plan.md	file	yes	yes	yes	0o666
snapshots/clean_build_2026_04_15/workspace/dut_rebuild/dhw_v2/staging/FB_DHW_V2_Staging_DRAFT.st	file	yes	yes	yes	0o666
snapshots/clean_build_2026_04_15/workspace/dut_rebuild/dhw_v2/v2_core/01_dhw_v2_core_plan.md	file	yes	yes	yes	0o666
snapshots/clean_build_2026_04_15/workspace/dut_rebuild/dhw_v2/v2_core/FB_DHW_V2_Core_DRAFT.st	file	yes	yes	yes	0o666
snapshots/clean_build_2026_04_15/workspace/dut_rebuild/heating_v2/README.md	file	yes	yes	yes	0o666
snapshots/clean_build_2026_04_15/workspace/dut_rebuild/heating_v2/ST_Heating_Command_V2.dut	file	yes	yes	yes	0o666
snapshots/clean_build_2026_04_15/workspace/dut_rebuild/heating_v2/ST_Heating_State_V2.dut	file	yes	yes	yes	0o666
snapshots/clean_build_2026_04_15/workspace/dut_rebuild/heating_v2/compatibility/01_heating_compatibility_plan.md	file	yes	yes	yes	0o666
snapshots/clean_build_2026_04_15/workspace/dut_rebuild/heating_v2/compatibility/FB_Heating_Legacy_To_V2_Command_Adapter_DRAFT.st	file	yes	yes	yes	0o666
snapshots/clean_build_2026_04_15/workspace/dut_rebuild/heating_v2/compatibility/FB_Heating_Legacy_To_V2_State_Adapter_DRAFT.st	file	yes	yes	yes	0o666
snapshots/clean_build_2026_04_15/workspace/dut_rebuild/heating_v2/extraction/01_heating_extraction_plan.md	file	yes	yes	yes	0o666
snapshots/clean_build_2026_04_15/workspace/dut_rebuild/heating_v2/extraction/02_legacy_to_v2_map.md	file	yes	yes	yes	0o666
snapshots/clean_build_2026_04_15/workspace/dut_rebuild/heating_v2/reports/00_heating_v2_package_ready.txt	file	yes	yes	yes	0o666
snapshots/clean_build_2026_04_15/workspace/dut_rebuild/heating_v2/reports/01_heating_extraction_ready.txt	file	yes	yes	yes	0o666
snapshots/clean_build_2026_04_15/workspace/dut_rebuild/heating_v2/reports/02_heating_staging_ready.txt	file	yes	yes	yes	0o666
snapshots/clean_build_2026_04_15/workspace/dut_rebuild/heating_v2/staging/01_heating_staging_plan.md	file	yes	yes	yes	0o666
snapshots/clean_build_2026_04_15/workspace/dut_rebuild/heating_v2/staging/FB_Heating_V2_Staging_DRAFT.st	file	yes	yes	yes	0o666
snapshots/clean_build_2026_04_15/workspace/dut_rebuild/heating_v2/v2_core/01_heating_v2_core_plan.md	file	yes	yes	yes	0o666
snapshots/clean_build_2026_04_15/workspace/dut_rebuild/heating_v2/v2_core/FB_Heating_Command_Path_DRAFT.st	file	yes	yes	yes	0o666
snapshots/clean_build_2026_04_15/workspace/dut_rebuild/heating_v2/v2_core/FB_Heating_State_Path_DRAFT.st	file	yes	yes	yes	0o666
snapshots/clean_build_2026_04_15/workspace/dut_rebuild/heating_v2/v2_core/FB_Heating_V2_Core_DRAFT.st	file	yes	yes	yes	0o666
snapshots/clean_build_2026_04_15/workspace/dut_rebuild/history_blackbox/01_history_blackbox_rebuild_plan.md	file	yes	yes	yes	0o666
snapshots/clean_build_2026_04_15/workspace/dut_rebuild/history_blackbox/ST_BlackBox_Snapshot_V2.dut	file	yes	yes	yes	0o666
snapshots/clean_build_2026_04_15/workspace/dut_rebuild/history_blackbox/ST_History_Event_V2.dut	file	yes	yes	yes	0o666
snapshots/clean_build_2026_04_15/workspace/dut_rebuild/history_blackbox_v2/README.md	file	yes	yes	yes	0o666
snapshots/clean_build_2026_04_15/workspace/dut_rebuild/history_blackbox_v2/ST_BlackBox_Snapshot_V2.dut	file	yes	yes	yes	0o666
snapshots/clean_build_2026_04_15/workspace/dut_rebuild/history_blackbox_v2/ST_History_Event_V2.dut	file	yes	yes	yes	0o666
snapshots/clean_build_2026_04_15/workspace/dut_rebuild/history_blackbox_v2/compatibility/01_history_blackbox_compatibility_plan.md	file	yes	yes	yes	0o666
snapshots/clean_build_2026_04_15/workspace/dut_rebuild/history_blackbox_v2/compatibility/FB_BlackBox_Legacy_To_V2_Adapter_DRAFT.st	file	yes	yes	yes	0o666
snapshots/clean_build_2026_04_15/workspace/dut_rebuild/history_blackbox_v2/compatibility/FB_History_Legacy_To_V2_Adapter_DRAFT.st	file	yes	yes	yes	0o666
snapshots/clean_build_2026_04_15/workspace/dut_rebuild/history_blackbox_v2/reports/00_history_blackbox_v2_ready.txt	file	yes	yes	yes	0o666
snapshots/clean_build_2026_04_15/workspace/dut_rebuild/history_blackbox_v2/v2_core/01_history_blackbox_v2_core_plan.md	file	yes	yes	yes	0o666
snapshots/clean_build_2026_04_15/workspace/dut_rebuild/history_blackbox_v2/v2_core/FB_BlackBox_V2_Core_DRAFT.st	file	yes	yes	yes	0o666
snapshots/clean_build_2026_04_15/workspace/dut_rebuild/history_blackbox_v2/v2_core/FB_History_V2_Core_DRAFT.st	file	yes	yes	yes	0o666
snapshots/clean_build_2026_04_15/workspace/dut_rebuild/integration/01_rule_engine_integration_plan.md	file	yes	yes	yes	0o666
snapshots/clean_build_2026_04_15/workspace/dut_rebuild/integration/02_rule_engine_old_to_new_field_map.md	file	yes	yes	yes	0o666
snapshots/clean_build_2026_04_15/workspace/dut_rebuild/integration/03_rule_engine_open_questions.md	file	yes	yes	yes	0o666
snapshots/clean_build_2026_04_15/workspace/dut_rebuild/integration/04_rule_engine_adapter_draft.md	file	yes	yes	yes	0o666
snapshots/clean_build_2026_04_15/workspace/dut_rebuild/integration/05_rule_engine_condition_translation.md	file	yes	yes	yes	0o666
snapshots/clean_build_2026_04_15/workspace/dut_rebuild/integration/06_rule_engine_action_translation.md	file	yes	yes	yes	0o666
snapshots/clean_build_2026_04_15/workspace/dut_rebuild/integration/07_rule_engine_adapter_open_mismatches.md	file	yes	yes	yes	0o666
snapshots/clean_build_2026_04_15/workspace/dut_rebuild/integration/FB_Rule_Legacy_To_V2_Adapter_DRAFT.st	file	yes	yes	yes	0o666
snapshots/clean_build_2026_04_15/workspace/dut_rebuild/integration/FB_Rule_V2_To_Legacy_Adapter_DRAFT.st	file	yes	yes	yes	0o666
snapshots/clean_build_2026_04_15/workspace/dut_rebuild/integration/reports/05_rule_engine_adapter_ready.txt	file	yes	yes	yes	0o666
snapshots/clean_build_2026_04_15/workspace/dut_rebuild/integration/reports/06_rule_engine_bidirectional_ready.txt	file	yes	yes	yes	0o666
snapshots/clean_build_2026_04_15/workspace/dut_rebuild/integration/runtime_hook/01_runtime_hook_strategy.md	file	yes	yes	yes	0o666
snapshots/clean_build_2026_04_15/workspace/dut_rebuild/integration/runtime_hook/02_runtime_hook_package_layout.md	file	yes	yes	yes	0o666
snapshots/clean_build_2026_04_15/workspace/dut_rebuild/integration/runtime_hook/03_migration_checklist.md	file	yes	yes	yes	0o666
snapshots/clean_build_2026_04_15/workspace/dut_rebuild/integration/runtime_hook/04_test_checklist.md	file	yes	yes	yes	0o666
snapshots/clean_build_2026_04_15/workspace/dut_rebuild/integration/runtime_hook/05_next_real_runtime_step.txt	file	yes	yes	yes	0o666
snapshots/clean_build_2026_04_15/workspace/dut_rebuild/integration/runtime_hook/FB_Rule_Compatibility_Package_DRAFT.st	file	yes	yes	yes	0o666
snapshots/clean_build_2026_04_15/workspace/dut_rebuild/integration/runtime_hook/README.md	file	yes	yes	yes	0o666
snapshots/clean_build_2026_04_15/workspace/dut_rebuild/integration/runtime_hook/active_migration/01_insertion_point.md	file	yes	yes	yes	0o666
snapshots/clean_build_2026_04_15/workspace/dut_rebuild/integration/runtime_hook/active_migration/02_patch_strategy.md	file	yes	yes	yes	0o666
snapshots/clean_build_2026_04_15/workspace/dut_rebuild/integration/runtime_hook/active_migration/03_patch_diff_draft.md	file	yes	yes	yes	0o666
snapshots/clean_build_2026_04_15/workspace/dut_rebuild/integration/runtime_hook/active_migration/04_validation_checklist.md	file	yes	yes	yes	0o666
snapshots/clean_build_2026_04_15/workspace/dut_rebuild/integration/runtime_hook/active_migration/05_rollback_plan.md	file	yes	yes	yes	0o666
snapshots/clean_build_2026_04_15/workspace/dut_rebuild/integration/runtime_hook/active_migration/06_next_step.txt	file	yes	yes	yes	0o666
snapshots/clean_build_2026_04_15/workspace/dut_rebuild/integration/runtime_hook/active_migration/README.md	file	yes	yes	yes	0o666
snapshots/clean_build_2026_04_15/workspace/dut_rebuild/integration/runtime_hook/staging_clone/01_staging_clone_strategy.md	file	yes	yes	yes	0o666
snapshots/clean_build_2026_04_15/workspace/dut_rebuild/integration/runtime_hook/staging_clone/02_staging_clone_review_points.md	file	yes	yes	yes	0o666
snapshots/clean_build_2026_04_15/workspace/dut_rebuild/integration/runtime_hook/staging_clone/03_next_runtime_migration_package.md	file	yes	yes	yes	0o666
snapshots/clean_build_2026_04_15/workspace/dut_rebuild/integration/runtime_hook/staging_clone/FB_Rule_Engine_STAGING_BRIDGE_DRAFT.st	file	yes	yes	yes	0o666
snapshots/clean_build_2026_04_15/workspace/dut_rebuild/integration/runtime_hook/staging_clone/README.md	file	yes	yes	yes	0o666
snapshots/clean_build_2026_04_15/workspace/dut_rebuild/integration/runtime_hook/staging_clone/reports/07_staging_clone_ready.txt	file	yes	yes	yes	0o666
snapshots/clean_build_2026_04_15/workspace/dut_rebuild/lighting_v2/README.md	file	yes	yes	yes	0o666
snapshots/clean_build_2026_04_15/workspace/dut_rebuild/lighting_v2/ST_Lighting_Command_V2.dut	file	yes	yes	yes	0o666
snapshots/clean_build_2026_04_15/workspace/dut_rebuild/lighting_v2/ST_Lighting_State_V2.dut	file	yes	yes	yes	0o666
snapshots/clean_build_2026_04_15/workspace/dut_rebuild/lighting_v2/compatibility/01_lighting_compatibility_plan.md	file	yes	yes	yes	0o666
snapshots/clean_build_2026_04_15/workspace/dut_rebuild/lighting_v2/compatibility/FB_Lighting_Legacy_To_V2_Command_Adapter_DRAFT.st	file	yes	yes	yes	0o666
snapshots/clean_build_2026_04_15/workspace/dut_rebuild/lighting_v2/compatibility/FB_Lighting_Legacy_To_V2_State_Adapter_DRAFT.st	file	yes	yes	yes	0o666
snapshots/clean_build_2026_04_15/workspace/dut_rebuild/lighting_v2/extraction/01_lighting_extraction_plan.md	file	yes	yes	yes	0o666
snapshots/clean_build_2026_04_15/workspace/dut_rebuild/lighting_v2/extraction/FB_Lighting_Command_Extractor_DRAFT.st	file	yes	yes	yes	0o666
snapshots/clean_build_2026_04_15/workspace/dut_rebuild/lighting_v2/extraction/FB_Lighting_State_Extractor_DRAFT.st	file	yes	yes	yes	0o666
snapshots/clean_build_2026_04_15/workspace/dut_rebuild/lighting_v2/reports/00_lighting_v2_package_ready.txt	file	yes	yes	yes	0o666
snapshots/clean_build_2026_04_15/workspace/dut_rebuild/lighting_v2/reports/02_lighting_staging_ready.txt	file	yes	yes	yes	0o666
snapshots/clean_build_2026_04_15/workspace/dut_rebuild/lighting_v2/staging/01_lighting_staging_plan.md	file	yes	yes	yes	0o666
snapshots/clean_build_2026_04_15/workspace/dut_rebuild/lighting_v2/staging/FB_Lighting_V2_Staging_DRAFT.st	file	yes	yes	yes	0o666
snapshots/clean_build_2026_04_15/workspace/dut_rebuild/lighting_v2/v2_core/01_lighting_v2_core_plan.md	file	yes	yes	yes	0o666
snapshots/clean_build_2026_04_15/workspace/dut_rebuild/lighting_v2/v2_core/FB_Lighting_V2_Core_DRAFT.st	file	yes	yes	yes	0o666
snapshots/clean_build_2026_04_15/workspace/dut_rebuild/reports/00_rebuild_first_scope.md	file	yes	yes	yes	0o666
snapshots/clean_build_2026_04_15/workspace/dut_rebuild/reports/01_old_to_new_mapping.md	file	yes	yes	yes	0o666
snapshots/clean_build_2026_04_15/workspace/dut_rebuild/reports/02_next_integration_order.txt	file	yes	yes	yes	0o666
snapshots/clean_build_2026_04_15/workspace/dut_rebuild/reports/03_workspace_review.md	file	yes	yes	yes	0o666
snapshots/clean_build_2026_04_15/workspace/dut_rebuild/reports/04_next_execution_queue.txt	file	yes	yes	yes	0o666
snapshots/clean_build_2026_04_15/workspace/dut_rebuild/rule_engine/01_rule_engine_rebuild_plan.md	file	yes	yes	yes	0o666
snapshots/clean_build_2026_04_15/workspace/dut_rebuild/rule_engine/E_Rule_Data_Source_V2.dut	file	yes	yes	yes	0o666
snapshots/clean_build_2026_04_15/workspace/dut_rebuild/rule_engine/E_Rule_Target_Domain_V2.dut	file	yes	yes	yes	0o666
snapshots/clean_build_2026_04_15/workspace/dut_rebuild/rule_engine/E_Rule_Value_Type_V2.dut	file	yes	yes	yes	0o666
snapshots/clean_build_2026_04_15/workspace/dut_rebuild/rule_engine/ST_Rule_Action_V2.dut	file	yes	yes	yes	0o666
snapshots/clean_build_2026_04_15/workspace/dut_rebuild/rule_engine/ST_Rule_Condition_V2.dut	file	yes	yes	yes	0o666
snapshots/clean_build_2026_04_15/workspace/dut_rebuild/rule_engine/ST_User_Rule_V2.dut	file	yes	yes	yes	0o666
snapshots/clean_build_2026_04_15/workspace/dut_rebuild/socket_v2/README.md	file	yes	yes	yes	0o666
snapshots/clean_build_2026_04_15/workspace/dut_rebuild/socket_v2/ST_Socket_Command_V2.dut	file	yes	yes	yes	0o666
snapshots/clean_build_2026_04_15/workspace/dut_rebuild/socket_v2/ST_Socket_State_V2.dut	file	yes	yes	yes	0o666
snapshots/clean_build_2026_04_15/workspace/dut_rebuild/socket_v2/compatibility/01_socket_compatibility_plan.md	file	yes	yes	yes	0o666
snapshots/clean_build_2026_04_15/workspace/dut_rebuild/socket_v2/compatibility/FB_Socket_Legacy_To_V2_Command_Adapter_DRAFT.st	file	yes	yes	yes	0o666
snapshots/clean_build_2026_04_15/workspace/dut_rebuild/socket_v2/compatibility/FB_Socket_Legacy_To_V2_State_Adapter_DRAFT.st	file	yes	yes	yes	0o666
snapshots/clean_build_2026_04_15/workspace/dut_rebuild/socket_v2/extraction/01_socket_extraction_plan.md	file	yes	yes	yes	0o666
snapshots/clean_build_2026_04_15/workspace/dut_rebuild/socket_v2/extraction/FB_Socket_Command_Extractor_DRAFT.st	file	yes	yes	yes	0o666
snapshots/clean_build_2026_04_15/workspace/dut_rebuild/socket_v2/extraction/FB_Socket_State_Extractor_DRAFT.st	file	yes	yes	yes	0o666
snapshots/clean_build_2026_04_15/workspace/dut_rebuild/socket_v2/reports/00_socket_v2_package_ready.txt	file	yes	yes	yes	0o666
snapshots/clean_build_2026_04_15/workspace/dut_rebuild/socket_v2/reports/02_socket_staging_ready.txt	file	yes	yes	yes	0o666
snapshots/clean_build_2026_04_15/workspace/dut_rebuild/socket_v2/staging/01_socket_staging_plan.md	file	yes	yes	yes	0o666
snapshots/clean_build_2026_04_15/workspace/dut_rebuild/socket_v2/staging/FB_Socket_V2_Staging_DRAFT.st	file	yes	yes	yes	0o666
snapshots/clean_build_2026_04_15/workspace/dut_rebuild/socket_v2/v2_core/01_socket_v2_core_plan.md	file	yes	yes	yes	0o666
snapshots/clean_build_2026_04_15/workspace/dut_rebuild/socket_v2/v2_core/FB_Socket_V2_Core_DRAFT.st	file	yes	yes	yes	0o666
snapshots/clean_build_2026_04_15/workspace/dut_rebuild/ventilation_v2/README.md	file	yes	yes	yes	0o666
snapshots/clean_build_2026_04_15/workspace/dut_rebuild/ventilation_v2/ST_Ventilation_Command_V2.dut	file	yes	yes	yes	0o666
snapshots/clean_build_2026_04_15/workspace/dut_rebuild/ventilation_v2/ST_Ventilation_State_V2.dut	file	yes	yes	yes	0o666
snapshots/clean_build_2026_04_15/workspace/dut_rebuild/ventilation_v2/compatibility/01_ventilation_compatibility_plan.md	file	yes	yes	yes	0o666
snapshots/clean_build_2026_04_15/workspace/dut_rebuild/ventilation_v2/compatibility/FB_Ventilation_Legacy_To_V2_Command_Adapter_DRAFT.st	file	yes	yes	yes	0o666
snapshots/clean_build_2026_04_15/workspace/dut_rebuild/ventilation_v2/compatibility/FB_Ventilation_Legacy_To_V2_State_Adapter_DRAFT.st	file	yes	yes	yes	0o666
snapshots/clean_build_2026_04_15/workspace/dut_rebuild/ventilation_v2/extraction/01_ventilation_extraction_plan.md	file	yes	yes	yes	0o666
snapshots/clean_build_2026_04_15/workspace/dut_rebuild/ventilation_v2/extraction/02_legacy_to_v2_map.md	file	yes	yes	yes	0o666
snapshots/clean_build_2026_04_15/workspace/dut_rebuild/ventilation_v2/reports/00_ventilation_v2_package_ready.txt	file	yes	yes	yes	0o666
snapshots/clean_build_2026_04_15/workspace/dut_rebuild/ventilation_v2/reports/01_ventilation_extraction_ready.txt	file	yes	yes	yes	0o666
snapshots/clean_build_2026_04_15/workspace/dut_rebuild/ventilation_v2/reports/02_ventilation_staging_ready.txt	file	yes	yes	yes	0o666
snapshots/clean_build_2026_04_15/workspace/dut_rebuild/ventilation_v2/staging/01_ventilation_staging_plan.md	file	yes	yes	yes	0o666
snapshots/clean_build_2026_04_15/workspace/dut_rebuild/ventilation_v2/staging/FB_Ventilation_V2_Staging_DRAFT.st	file	yes	yes	yes	0o666
snapshots/clean_build_2026_04_15/workspace/dut_rebuild/ventilation_v2/v2_core/01_ventilation_v2_core_plan.md	file	yes	yes	yes	0o666
snapshots/clean_build_2026_04_15/workspace/dut_rebuild/ventilation_v2/v2_core/FB_Ventilation_Command_Path_DRAFT.st	file	yes	yes	yes	0o666
snapshots/clean_build_2026_04_15/workspace/dut_rebuild/ventilation_v2/v2_core/FB_Ventilation_State_Path_DRAFT.st	file	yes	yes	yes	0o666
snapshots/clean_build_2026_04_15/workspace/dut_rebuild/ventilation_v2/v2_core/FB_Ventilation_V2_Core_DRAFT.st	file	yes	yes	yes	0o666
snapshots/clean_build_2026_04_15/workspace/export_forensics/EXPORT_PRELIMINARY_ANALYSIS.md	file	yes	yes	yes	0o666
snapshots/clean_build_2026_04_15/workspace/export_forensics/EXPORT_STRUCTURE_NOTES.md	file	yes	yes	yes	0o666
snapshots/clean_build_2026_04_15/workspace/export_forensics/README.md	file	yes	yes	yes	0o666
snapshots/clean_build_2026_04_15/workspace/export_forensics/XML_EXPORT_STRUCTURE_FINDINGS_2026-04-06.md	file	yes	yes	yes	0o666
snapshots/clean_build_2026_04_15/workspace/export_forensics/sandbox/BULK_ANCHOR_REPORT.txt	file	yes	yes	yes	0o666
snapshots/clean_build_2026_04_15/workspace/export_forensics/sandbox/DUT_VS_XML_COMPARE_REPORT.txt	file	yes	yes	yes	0o666
snapshots/clean_build_2026_04_15/workspace/export_forensics/sandbox/FB_Astro_Timer_diagnostic_report.txt	file	yes	yes	yes	0o666
snapshots/clean_build_2026_04_15/workspace/export_forensics/sandbox/FB_Astro_Timer_impl_patch_report.txt	file	yes	yes	yes	0o666
snapshots/clean_build_2026_04_15/workspace/export_forensics/sandbox/FB_IMPORT_STATUS_CONFIRMED.md	file	yes	yes	yes	0o666
snapshots/clean_build_2026_04_15/workspace/export_forensics/sandbox/FB_VAR_IN_CODE_REPORT_V8.txt	file	yes	yes	yes	0o666
snapshots/clean_build_2026_04_15/workspace/export_forensics/sandbox/HML_STRUCTURE_REPORT.txt	file	yes	yes	yes	0o666
snapshots/clean_build_2026_04_15/workspace/export_forensics/sandbox/INTERFACE_PREVIEW.txt	file	yes	yes	yes	0o666
snapshots/clean_build_2026_04_15/workspace/export_forensics/sandbox/MISSING_POU_PRIORITY_REPORT.txt	file	yes	yes	yes	0o666
snapshots/clean_build_2026_04_15/workspace/export_forensics/sandbox/REBUILD_FB_LOG_V9.txt	file	yes	yes	yes	0o666
snapshots/clean_build_2026_04_15/workspace/export_forensics/sandbox/SMART_HOME_SANDBOX.xml	file	yes	yes	yes	0o666
snapshots/clean_build_2026_04_15/workspace/export_forensics/sandbox/SMART_HOME_SANDBOX_MASTER_BASE.xml	file	yes	yes	yes	0o666
snapshots/clean_build_2026_04_15/workspace/export_forensics/sandbox/SMART_HOME_SANDBOX_MASTER_V001_BASE.xml	file	yes	yes	yes	0o666
snapshots/clean_build_2026_04_15/workspace/export_forensics/sandbox/SMART_HOME_SANDBOX_V2.xml	file	yes	yes	yes	0o666
snapshots/clean_build_2026_04_15/workspace/export_forensics/sandbox/SMART_HOME_SANDBOX_V3.xml	file	yes	yes	yes	0o666
snapshots/clean_build_2026_04_15/workspace/export_forensics/sandbox/SMART_HOME_SANDBOX_V4.xml	file	yes	yes	yes	0o666
snapshots/clean_build_2026_04_15/workspace/export_forensics/sandbox/SMART_HOME_SANDBOX_V5.xml	file	yes	yes	yes	0o666
snapshots/clean_build_2026_04_15/workspace/export_forensics/sandbox/SMART_HOME_SANDBOX_V6.xml	file	yes	yes	yes	0o666
snapshots/clean_build_2026_04_15/workspace/export_forensics/sandbox/SMART_HOME_SANDBOX_V7.xml	file	yes	yes	yes	0o666
snapshots/clean_build_2026_04_15/workspace/export_forensics/sandbox/SMART_HOME_SANDBOX_V8.xml	file	yes	yes	yes	0o666
snapshots/clean_build_2026_04_15/workspace/export_forensics/sandbox/SMART_HOME_SANDBOX_V9.xml	file	yes	yes	yes	0o666
snapshots/clean_build_2026_04_15/workspace/export_forensics/sandbox/XML_BULK_CLONE_PARAM_REPORT_V8.txt	file	yes	yes	yes	0o666
snapshots/clean_build_2026_04_15/workspace/export_forensics/sandbox/XML_BULK_CLONE_REPORT.txt	file	yes	yes	yes	0o666
snapshots/clean_build_2026_04_15/workspace/export_forensics/sandbox/XML_BULK_CLONE_VERIFIED_REPORT.txt	file	yes	yes	yes	0o666
snapshots/clean_build_2026_04_15/workspace/export_forensics/sandbox/XML_BULK_DUT_FIXED_REPORT.txt	file	yes	yes	yes	0o666
snapshots/clean_build_2026_04_15/workspace/export_forensics/sandbox/XML_BULK_SYNC_REPORT.txt	file	yes	yes	yes	0o666
snapshots/clean_build_2026_04_15/workspace/export_forensics/sandbox/XML_BULK_SYNC_REPORT_FINAL.txt	file	yes	yes	yes	0o666
snapshots/clean_build_2026_04_15/workspace/export_forensics/sandbox/XML_BULK_SYNC_REPORT_V3.txt	file	yes	yes	yes	0o666
snapshots/clean_build_2026_04_15/workspace/export_forensics/sandbox/XML_BULK_SYNC_REPORT_V4.txt	file	yes	yes	yes	0o666
snapshots/clean_build_2026_04_15/workspace/export_forensics/sandbox/XML_BULK_SYNC_REPORT_V8.txt	file	yes	yes	yes	0o666
snapshots/clean_build_2026_04_15/workspace/export_forensics/sandbox/XML_CLONE_POU_REPORT.txt	file	yes	yes	yes	0o666
snapshots/clean_build_2026_04_15/workspace/export_forensics/sandbox/XML_CLONE_WATCHDOG_V5_REPORT.txt	file	yes	yes	yes	0o666
snapshots/clean_build_2026_04_15/workspace/export_forensics/sandbox/XML_DUT_INVENTORY_REPORT.txt	file	yes	yes	yes	0o666
snapshots/clean_build_2026_04_15/workspace/export_forensics/sandbox/XML_DUT_SYNC_REPORT.txt	file	yes	yes	yes	0o666
snapshots/clean_build_2026_04_15/workspace/export_forensics/sandbox/XML_FORCE_ALL_DUT_REPORT.txt	file	yes	yes	yes	0o666
snapshots/clean_build_2026_04_15/workspace/export_forensics/sandbox/XML_INSERT_MUST_HAVE_POU_REPORT.txt	file	yes	yes	yes	0o666
snapshots/clean_build_2026_04_15/workspace/export_forensics/sandbox/XML_INSERT_SINGLE_POU_REPORT.txt	file	yes	yes	yes	0o666
snapshots/clean_build_2026_04_15/workspace/export_forensics/sandbox/XML_INTERFACE_PREVIEW.txt	file	yes	yes	yes	0o666
snapshots/clean_build_2026_04_15/workspace/export_forensics/sandbox/XML_INTERFACE_PREVIEW_CLEAN.txt	file	yes	yes	yes	0o666
snapshots/clean_build_2026_04_15/workspace/export_forensics/sandbox/XML_INTERFACE_PREVIEW_CLEAN_V2.txt	file	yes	yes	yes	0o666
snapshots/clean_build_2026_04_15/workspace/export_forensics/sandbox/XML_POU_NAMES_REPORT.txt	file	yes	yes	yes	0o666
snapshots/clean_build_2026_04_15/workspace/export_forensics/sandbox/XML_POU_PATCH_REPORT_V3.txt	file	yes	yes	yes	0o666
snapshots/clean_build_2026_04_15/workspace/export_forensics/sandbox/XML_STRICT_INSERT_REPORT.txt	file	yes	yes	yes	0o666
snapshots/clean_build_2026_04_15/workspace/export_forensics/sandbox/apply_151_run.log	file	yes	yes	yes	0o666
snapshots/clean_build_2026_04_15/workspace/export_forensics/sandbox/fb_astro_timer_diff/00_summary.txt	file	yes	yes	yes	0o666
snapshots/clean_build_2026_04_15/workspace/export_forensics/sandbox/fb_astro_timer_diff/01_st_source_path.txt	file	yes	yes	yes	0o666
snapshots/clean_build_2026_04_15/workspace/export_forensics/sandbox/fb_astro_timer_diff/02_repo_st_source.st	file	yes	yes	yes	0o666
snapshots/clean_build_2026_04_15/workspace/export_forensics/sandbox/fb_astro_timer_diff/03_xml_pou_fragment.xml	file	yes	yes	yes	0o666
snapshots/clean_build_2026_04_15/workspace/export_forensics/sandbox/fb_astro_timer_diff/04_xml_body_extracted.st	file	yes	yes	yes	0o666
snapshots/clean_build_2026_04_15/workspace/export_forensics/sandbox/fb_astro_timer_diff/05_unified_diff.txt	file	yes	yes	yes	0o666
snapshots/clean_build_2026_04_15/workspace/export_forensics/sandbox/pou_template_study/00_summary.txt	file	yes	yes	yes	0o666
snapshots/clean_build_2026_04_15/workspace/export_forensics/sandbox/pou_template_study/functionBlock_template.xml	file	yes	yes	yes	0o666
snapshots/clean_build_2026_04_15/workspace/export_forensics/sandbox/pou_template_study/program_template.xml	file	yes	yes	yes	0o666
snapshots/clean_build_2026_04_15/workspace/gvl_constants_inventory_2026-04-12.md	file	yes	yes	yes	0o666
snapshots/clean_build_2026_04_15/workspace/index/root_repo_index.log	file	yes	yes	yes	0o666
snapshots/clean_build_2026_04_15/workspace/logs/2026-04-11_archive_flatten.log	file	yes	yes	yes	0o666
snapshots/clean_build_2026_04_15/workspace/logs/2026-04-11_archive_flatten_report.txt	file	yes	yes	yes	0o666
snapshots/clean_build_2026_04_15/workspace/logs/2026-04-11_steps_cleanup.log	file	yes	yes	yes	0o666
snapshots/clean_build_2026_04_15/workspace/logs/2026-04-11_steps_cleanup_diff.log	file	yes	yes	yes	0o666
snapshots/clean_build_2026_04_15/workspace/logs/2026-04-11_steps_cleanup_run.log	file	yes	yes	yes	0o666
snapshots/clean_build_2026_04_15/workspace/logs/2026-04-11_steps_cleanup_status.log	file	yes	yes	yes	0o666
snapshots/clean_build_2026_04_15/workspace/logs/2026-04-11_steps_cleanup_tree.log	file	yes	yes	yes	0o666
snapshots/clean_build_2026_04_15/workspace/logs/compiler_logs_preview.log	file	yes	yes	yes	0o666
snapshots/clean_build_2026_04_15/workspace/logs/compiler_logs_tree.log	file	yes	yes	yes	0o666
snapshots/clean_build_2026_04_15/workspace/logs/compiler_tree.log	file	yes	yes	yes	0o666
snapshots/clean_build_2026_04_15/workspace/logs/steps_actual_tree.log	file	yes	yes	yes	0o666
snapshots/clean_build_2026_04_15/workspace/system_layer_cleanup/README.md	file	yes	yes	yes	0o666
snapshots/clean_build_2026_04_15/workspace/system_layer_cleanup/comparison/01_comparison_plan.md	file	yes	yes	yes	0o666
snapshots/clean_build_2026_04_15/workspace/system_layer_cleanup/comparison/02_comparison_signals.txt	file	yes	yes	yes	0o666
snapshots/clean_build_2026_04_15/workspace/system_layer_cleanup/comparison/03_next_steps.txt	file	yes	yes	yes	0o666
snapshots/clean_build_2026_04_15/workspace/system_layer_cleanup/comparison/flags/01_comparison_flags_scope.md	file	yes	yes	yes	0o666
snapshots/clean_build_2026_04_15/workspace/system_layer_cleanup/comparison/flags/02_comparison_flags_mapping.txt	file	yes	yes	yes	0o666
snapshots/clean_build_2026_04_15/workspace/system_layer_cleanup/comparison/flags/FB_CoreKernel_Comparison_Flags_DRAFT.st	file	yes	yes	yes	0o666
snapshots/clean_build_2026_04_15/workspace/system_layer_cleanup/comparison/harness/01_comparison_harness_scope.md	file	yes	yes	yes	0o666
snapshots/clean_build_2026_04_15/workspace/system_layer_cleanup/comparison/harness/02_harness_mapping.txt	file	yes	yes	yes	0o666
snapshots/clean_build_2026_04_15/workspace/system_layer_cleanup/comparison/harness/03_legacy_path_ready_candidates.txt	file	yes	yes	yes	0o666
snapshots/clean_build_2026_04_15/workspace/system_layer_cleanup/comparison/harness/04_selected_legacy_path_ready_source.txt	file	yes	yes	yes	0o666
snapshots/clean_build_2026_04_15/workspace/system_layer_cleanup/comparison/harness/05_first_live_binding_plan.md	file	yes	yes	yes	0o666
snapshots/clean_build_2026_04_15/workspace/system_layer_cleanup/comparison/harness/06_first_live_binding_mapping.txt	file	yes	yes	yes	0o666
snapshots/clean_build_2026_04_15/workspace/system_layer_cleanup/comparison/harness/FB_CoreKernel_Comparison_Harness_DRAFT.st	file	yes	yes	yes	0o666
snapshots/clean_build_2026_04_15/workspace/system_layer_cleanup/comparison/harness/FB_CoreKernel_First_Live_Binding_DRAFT.st	file	yes	yes	yes	0o666
snapshots/clean_build_2026_04_15/workspace/system_layer_cleanup/comparison/live_observer/01_live_observer_scope.md	file	yes	yes	yes	0o666
snapshots/clean_build_2026_04_15/workspace/system_layer_cleanup/comparison/live_observer/02_prg_system_binding_note.txt	file	yes	yes	yes	0o666
snapshots/clean_build_2026_04_15/workspace/system_layer_cleanup/comparison/live_observer/FB_CoreKernel_Live_Observer_DRAFT.st	file	yes	yes	yes	0o666
snapshots/clean_build_2026_04_15/workspace/system_layer_cleanup/comparison/shadow_outputs/01_shadow_outputs_scope.md	file	yes	yes	yes	0o666
snapshots/clean_build_2026_04_15/workspace/system_layer_cleanup/comparison/shadow_outputs/02_shadow_outputs_mapping.txt	file	yes	yes	yes	0o666
snapshots/clean_build_2026_04_15/workspace/system_layer_cleanup/comparison/shadow_outputs/FB_CoreKernel_Shadow_Outputs_DRAFT.st	file	yes	yes	yes	0o666
snapshots/clean_build_2026_04_15/workspace/system_layer_cleanup/inventory/00_expected_entrypoints.txt	file	yes	yes	yes	0o666
snapshots/clean_build_2026_04_15/workspace/system_layer_cleanup/plans/01_system_layer_cleanup_plan.md	file	yes	yes	yes	0o666
snapshots/clean_build_2026_04_15/workspace/system_layer_cleanup/plans/02_prg_system_module_split.txt	file	yes	yes	yes	0o666
snapshots/clean_build_2026_04_15/workspace/system_layer_cleanup/reports/00_system_layer_wave_opened.txt	file	yes	yes	yes	0o666
snapshots/clean_build_2026_04_15/workspace/system_layer_cleanup/reports/01_system_entrypoints_discovery.txt	file	yes	yes	yes	0o666
snapshots/clean_build_2026_04_15/workspace/system_layer_cleanup/reports/02_system_entrypoints_filtered.txt	file	yes	yes	yes	0o666
snapshots/clean_build_2026_04_15/workspace/system_layer_cleanup/reports/03_main_call_map.txt	file	yes	yes	yes	0o666
snapshots/clean_build_2026_04_15/workspace/system_layer_cleanup/reports/04_prg_system_call_map.txt	file	yes	yes	yes	0o666
snapshots/clean_build_2026_04_15/workspace/system_layer_cleanup/reports/05_prg_system_section_inventory.txt	file	yes	yes	yes	0o666
snapshots/clean_build_2026_04_15/workspace/system_layer_cleanup/reports/06_prg_system_core_kernel_mapping.txt	file	yes	yes	yes	0o666
snapshots/clean_build_2026_04_15/workspace/system_layer_cleanup/reports/07_core_kernel_boundaries.txt	file	yes	yes	yes	0o666
snapshots/clean_build_2026_04_15/workspace/system_layer_cleanup/reports/08_plc_ab_failover_discovery.txt	file	yes	yes	yes	0o666
snapshots/clean_build_2026_04_15/workspace/system_layer_cleanup/split_scaffold/README.md	file	yes	yes	yes	0o666
snapshots/clean_build_2026_04_15/workspace/system_layer_cleanup/split_scaffold/alarm_layer/FB_AlarmLayer_DRAFT.st	file	yes	yes	yes	0o666
snapshots/clean_build_2026_04_15/workspace/system_layer_cleanup/split_scaffold/core_kernel/03_core_kernel_shadow_plan.md	file	yes	yes	yes	0o666
snapshots/clean_build_2026_04_15/workspace/system_layer_cleanup/split_scaffold/core_kernel/04_core_kernel_shadow_execution_notes.md	file	yes	yes	yes	0o666
snapshots/clean_build_2026_04_15/workspace/system_layer_cleanup/split_scaffold/core_kernel/FB_CoreKernel_DRAFT.st	file	yes	yes	yes	0o666
snapshots/clean_build_2026_04_15/workspace/system_layer_cleanup/split_scaffold/core_kernel/FB_CoreKernel_Shadow_Exec_DRAFT.st	file	yes	yes	yes	0o666
snapshots/clean_build_2026_04_15/workspace/system_layer_cleanup/split_scaffold/core_kernel/FB_CoreKernel_Shadow_Stub_DRAFT.st	file	yes	yes	yes	0o666
snapshots/clean_build_2026_04_15/workspace/system_layer_cleanup/split_scaffold/core_kernel/redundancy_slice/01_redundancy_shadow_scope.md	file	yes	yes	yes	0o666
snapshots/clean_build_2026_04_15/workspace/system_layer_cleanup/split_scaffold/core_kernel/redundancy_slice/02_redundancy_shadow_mapping.txt	file	yes	yes	yes	0o666
snapshots/clean_build_2026_04_15/workspace/system_layer_cleanup/split_scaffold/core_kernel/redundancy_slice/FB_Redundancy_Shadow_Slice_DRAFT.st	file	yes	yes	yes	0o666
snapshots/clean_build_2026_04_15/workspace/system_layer_cleanup/split_scaffold/core_kernel/safety_slice/01_safety_shadow_scope.md	file	yes	yes	yes	0o666
snapshots/clean_build_2026_04_15/workspace/system_layer_cleanup/split_scaffold/core_kernel/safety_slice/02_safety_shadow_mapping.txt	file	yes	yes	yes	0o666
snapshots/clean_build_2026_04_15/workspace/system_layer_cleanup/split_scaffold/core_kernel/safety_slice/FB_Safety_Shadow_Slice_DRAFT.st	file	yes	yes	yes	0o666
snapshots/clean_build_2026_04_15/workspace/system_layer_cleanup/split_scaffold/core_kernel/state_manager_slice/01_state_manager_scope.md	file	yes	yes	yes	0o666
snapshots/clean_build_2026_04_15/workspace/system_layer_cleanup/split_scaffold/core_kernel/state_manager_slice/02_state_manager_mapping.txt	file	yes	yes	yes	0o666
snapshots/clean_build_2026_04_15/workspace/system_layer_cleanup/split_scaffold/core_kernel/state_manager_slice/FB_StateManager_Shadow_Slice_DRAFT.st	file	yes	yes	yes	0o666
snapshots/clean_build_2026_04_15/workspace/system_layer_cleanup/split_scaffold/core_kernel/watchdog_health_slice/01_watchdog_health_scope.md	file	yes	yes	yes	0o666
snapshots/clean_build_2026_04_15/workspace/system_layer_cleanup/split_scaffold/core_kernel/watchdog_health_slice/02_watchdog_health_mapping.txt	file	yes	yes	yes	0o666
snapshots/clean_build_2026_04_15/workspace/system_layer_cleanup/split_scaffold/core_kernel/watchdog_health_slice/FB_SystemHealth_Shadow_Slice_DRAFT.st	file	yes	yes	yes	0o666
snapshots/clean_build_2026_04_15/workspace/system_layer_cleanup/split_scaffold/core_kernel/watchdog_health_slice/FB_Watchdog_Shadow_Slice_DRAFT.st	file	yes	yes	yes	0o666
snapshots/clean_build_2026_04_15/workspace/system_layer_cleanup/split_scaffold/external_interface/FB_ExternalInterface_DRAFT.st	file	yes	yes	yes	0o666
snapshots/clean_build_2026_04_15/workspace/system_layer_cleanup/split_scaffold/persistence/FB_PersistenceLayer_DRAFT.st	file	yes	yes	yes	0o666
snapshots/clean_build_2026_04_15/workspace/system_layer_cleanup/split_scaffold/scenario_layer/FB_ScenarioLayer_DRAFT.st	file	yes	yes	yes	0o666
snapshots/clean_build_2026_04_15/workspace/system_layer_cleanup/split_scaffold/time_context/FB_TimeContext_DRAFT.st	file	yes	yes	yes	0o666
snapshots/clean_build_2026_04_15/Система умного дома.xml	file	yes	yes	yes	0o666
snapshots/clean_build_2026_04_15/компилятор/__pycache__/import_codesys_FINAL.cpython-312.pyc	file	yes	yes	yes	0o666
snapshots/clean_build_2026_04_15/компилятор/import_codesys_FINAL.py	file	yes	yes	yes	0o666
snapshots/clean_build_2026_04_15/компилятор/import_codesys_FINAL_METHODS_V2.py	file	yes	yes	yes	0o666
snapshots/clean_build_2026_04_15/компилятор/import_codesys_FINAL_METHODS_V3.py	file	yes	yes	yes	0o666
snapshots/clean_build_2026_04_15/компилятор/logs/001_universal_pou_gvl.log	file	yes	yes	yes	0o666
snapshots/clean_build_2026_04_15/компилятор/logs/004_import_dut_v11.log	file	yes	yes	yes	0o666
snapshots/clean_build_2026_04_15/компилятор/logs/26_clean_compiler_to_baseline.log	file	yes	yes	yes	0o666
snapshots/clean_build_2026_04_15/компилятор/logs/27_copy_pipeline.log	file	yes	yes	yes	0o666
snapshots/clean_build_2026_04_15/компилятор/logs/28_patch_overlay_call.log	file	yes	yes	yes	0o666
snapshots/clean_build_2026_04_15/компилятор/logs/29_restore_overlay.log	file	yes	yes	yes	0o666
snapshots/clean_build_2026_04_15/компилятор/logs/30_fix_overlay_paths.log	file	yes	yes	yes	0o666
snapshots/clean_build_2026_04_15/компилятор/logs/31_create_cheatsheet.log	file	yes	yes	yes	0o666
snapshots/clean_build_2026_04_15/компилятор/logs/33_patch_auto_cleanup.log	file	yes	yes	yes	0o666
snapshots/clean_build_2026_04_15/компилятор/logs/final_test.log	file	yes	yes	yes	0o666
snapshots/clean_build_2026_04_15/компилятор/logs/method_overlay_clean_python.log	file	yes	yes	yes	0o666
snapshots/clean_build_2026_04_15/компилятор/method_overlay_clean.py	file	yes	yes	yes	0o666
snapshots/clean_build_2026_04_15/компилятор/out/RESULT_methods_clean.xml	file	yes	yes	yes	0o666
snapshots/clean_build_2026_04_15/компилятор/steps_pipeline/001_universal_pou_builder.py	file	yes	yes	yes	0o666
snapshots/clean_build_2026_04_15/компилятор/steps_pipeline/001_universal_pou_builder_LEGACY_BACKUP.py	file	yes	yes	yes	0o666
snapshots/clean_build_2026_04_15/компилятор/steps_pipeline/001_universal_pou_builder_METHODS_V1.py	file	yes	yes	yes	0o666
snapshots/clean_build_2026_04_15/компилятор/steps_pipeline/001_universal_pou_builder_METHODS_V2.py	file	yes	yes	yes	0o666
snapshots/clean_build_2026_04_15/компилятор/steps_pipeline/001_universal_pou_gvl_builder.py	file	yes	yes	yes	0o666
snapshots/clean_build_2026_04_15/компилятор/steps_pipeline/003_import_gvl.py	file	yes	yes	yes	0o666
snapshots/clean_build_2026_04_15/компилятор/steps_pipeline/004_import_dut.py	file	yes	yes	yes	0o666
snapshots/clean_build_2026_04_15/компилятор/steps_pipeline/005_import_prg.py	file	yes	yes	yes	0o666
snapshots/clean_build_2026_04_15/компилятор/steps_pipeline/005_import_prg_v2.py	file	yes	yes	yes	0o666
snapshots/clean_build_2026_04_15/компилятор/steps_pipeline/build_project.py	file	yes	yes	yes	0o666
snapshots/clean_build_2026_04_15/компилятор/steps_pipeline/build_project_cli.py	file	yes	yes	yes	0o666
snapshots/clean_build_2026_04_15/компилятор/steps_pipeline/build_project_v2.py	file	yes	yes	yes	0o666
snapshots/clean_build_2026_04_15/компилятор/steps_pipeline/lib_codegen.py	file	yes	yes	yes	0o666
snapshots/clean_build_2026_04_15/компилятор/Система умного дома.xml	file	yes	yes	yes	0o666
snapshots/clean_build_2026_04_15/компилятор/запуск_сборки.sh	file	yes	yes	yes	0o777
snapshots/manual_probe_restore/001_universal_pou_builder.py.before_baseline_restore	file	yes	yes	yes	0o666
snapshots/manual_probe_restore/001_universal_pou_builder.py.current	file	yes	yes	yes	0o666
snapshots/manual_probe_restore/001_universal_pou_builder_LEGACY_BACKUP.py.before_baseline_restore	file	yes	yes	yes	0o666
snapshots/manual_probe_restore/001_universal_pou_builder_LEGACY_BACKUP.py.current	file	yes	yes	yes	0o666
snapshots/manual_probe_restore/001_universal_pou_builder_METHODS_V1.py.before_baseline_restore	file	yes	yes	yes	0o666
snapshots/manual_probe_restore/001_universal_pou_builder_METHODS_V1.py.current	file	yes	yes	yes	0o666
snapshots/manual_probe_restore/002_BASE.xml.current	file	yes	yes	yes	0o666
snapshots/manual_probe_restore/import_codesys_FINAL.py.before_baseline_restore	file	yes	yes	yes	0o666
snapshots/manual_probe_restore/import_codesys_FINAL.py.current	file	yes	yes	yes	0o666
snapshots/manual_probe_restore/import_codesys_FINAL.py.txt.before_baseline_restore	file	yes	yes	yes	0o666
snapshots/manual_probe_restore/import_codesys_FINAL.py.txt.current	file	yes	yes	yes	0o666
snapshots/stable_nvram_ok/FB_NVRAM_Manager.st	file	yes	yes	yes	0o666
snapshots/stable_nvram_ok/RESULT_nvram_ok.xml	file	yes	yes	yes	0o666
steps/MASTER_PIPELINE/001_BASE.xml	file	yes	yes	yes	0o666
steps/MASTER_PIPELINE/001_universal.log	file	yes	yes	yes	0o666
steps/MASTER_PIPELINE/001_universal_methods_v1.log	file	yes	yes	yes	0o666
steps/MASTER_PIPELINE/001_universal_pou_builder.log	file	yes	yes	yes	0o666
steps/MASTER_PIPELINE/001_universal_pou_builder.py	file	yes	yes	yes	0o666
steps/MASTER_PIPELINE/001_universal_pou_builder.py.before_methods_v2	file	yes	yes	yes	0o666
steps/MASTER_PIPELINE/001_universal_pou_builder_LEGACY_BACKUP.py	file	yes	yes	yes	0o666
steps/MASTER_PIPELINE/001_universal_pou_builder_METHODS_V1.py	file	yes	yes	yes	0o666
steps/MASTER_PIPELINE/001_universal_pou_builder_METHODS_V1.py.before_methods_v2	file	yes	yes	yes	0o666
steps/MASTER_PIPELINE/001_universal_pou_builder_METHODS_V2.py	file	yes	yes	yes	0o666
steps/MASTER_PIPELINE/001_universal_pou_gvl.log	file	yes	yes	yes	0o666
steps/MASTER_PIPELINE/001_universal_pou_gvl_builder.py	file	yes	yes	yes	0o666
steps/MASTER_PIPELINE/001_universal_v2.log	file	yes	yes	yes	0o666
steps/MASTER_PIPELINE/002_BASE.xml	file	yes	yes	yes	0o666
steps/MASTER_PIPELINE/003_GVL_BASELINE_INPUT.xml	file	yes	yes	yes	0o666
steps/MASTER_PIPELINE/003_RESULT.xml	file	yes	yes	yes	0o666
steps/MASTER_PIPELINE/003_import_gvl.py	file	yes	yes	yes	0o666
steps/MASTER_PIPELINE/004_RESULT.xml	file	yes	yes	yes	0o666
steps/MASTER_PIPELINE/004_import_dut.log	file	yes	yes	yes	0o666
steps/MASTER_PIPELINE/004_import_dut.py	file	yes	yes	yes	0o666
steps/MASTER_PIPELINE/004_import_dut_run.log	file	yes	yes	yes	0o666
steps/MASTER_PIPELINE/004_import_dut_v11.log	file	yes	yes	yes	0o666
steps/MASTER_PIPELINE/004_precheck_dut.log	file	yes	yes	yes	0o666
steps/MASTER_PIPELINE/005_PLAN.txt	file	yes	yes	yes	0o666
steps/MASTER_PIPELINE/005_PRG_PLAN.txt	file	yes	yes	yes	0o666
steps/MASTER_PIPELINE/005_RESULT.xml	file	yes	yes	yes	0o666
steps/MASTER_PIPELINE/005_import_prg.log	file	yes	yes	yes	0o666
steps/MASTER_PIPELINE/005_import_prg.py	file	yes	yes	yes	0o666
steps/MASTER_PIPELINE/005_import_prg_v2.log	file	yes	yes	yes	0o666
steps/MASTER_PIPELINE/005_import_prg_v2.py	file	yes	yes	yes	0o666
steps/MASTER_PIPELINE/999_archive_flatten_copy.py.txt	file	yes	yes	yes	0o666
steps/MASTER_PIPELINE/INIT.txt	file	yes	yes	yes	0o666
steps/MASTER_PIPELINE/PRG.xml	file	yes	yes	yes	0o666
steps/MASTER_PIPELINE/__pycache__/001_universal_pou_builder_METHODS_V2.cpython-312.pyc	file	yes	yes	yes	0o666
steps/MASTER_PIPELINE/__pycache__/lib_codegen.cpython-312.pyc	file	yes	yes	yes	0o666
steps/MASTER_PIPELINE/archive_legacy_004/004_apply_v3_enum_patch.py	file	yes	yes	yes	0o666
steps/MASTER_PIPELINE/archive_legacy_004/004_fix_struct_initializer.py	file	yes	yes	yes	0o666
steps/MASTER_PIPELINE/archive_legacy_004/004_force_patch_and_verify_v5.py	file	yes	yes	yes	0o666
steps/MASTER_PIPELINE/archive_legacy_004/004_force_patch_parse_enum_v4.py	file	yes	yes	yes	0o666
steps/MASTER_PIPELINE/archive_legacy_004/004_import_dut_rebuild_v2.py	file	yes	yes	yes	0o666
steps/MASTER_PIPELINE/archive_legacy_004/004_struct_initializer_analysis.md	file	yes	yes	yes	0o666
steps/MASTER_PIPELINE/archive_legacy_004/004_struct_initializer_strategy.md	file	yes	yes	yes	0o666
steps/MASTER_PIPELINE/archive_legacy_004/TEST_DUT_ARRAY_INIT.txt	file	yes	yes	yes	0o666
steps/MASTER_PIPELINE/archive_legacy_004/TestDut.xml	file	yes	yes	yes	0o666
steps/MASTER_PIPELINE/archive_logs/001_create_clean_base_with_anchor.log	file	yes	yes	yes	0o666
steps/MASTER_PIPELINE/archive_logs/002_build_clean_master_from_fb.log	file	yes	yes	yes	0o666
steps/MASTER_PIPELINE/archive_logs/002_insert_fb_from_st_and_refresh_projectstructure.log	file	yes	yes	yes	0o666
steps/MASTER_PIPELINE/archive_logs/002_run_full.log	file	yes	yes	yes	0o666
steps/MASTER_PIPELINE/archive_logs/003_GVL_FULL_STRUCT.log	file	yes	yes	yes	0o666
steps/MASTER_PIPELINE/archive_logs/003_GVL_RAW_SYNTAX.log	file	yes	yes	yes	0o666
steps/MASTER_PIPELINE/archive_logs/003_GVL_STRUCTURE_ANALYSIS.log	file	yes	yes	yes	0o666
steps/MASTER_PIPELINE/archive_logs/003_GVL_TEMPLATE_CASES.log	file	yes	yes	yes	0o666
steps/MASTER_PIPELINE/archive_logs/003_GVL_XML_TEMPLATE_ANALYSIS.log	file	yes	yes	yes	0o666
steps/MASTER_PIPELINE/archive_logs/003_import_gvl.log	file	yes	yes	yes	0o666
steps/MASTER_PIPELINE/archive_logs/004_import_dut_v11.log	file	yes	yes	yes	0o666
steps/MASTER_PIPELINE/build_project.py	file	yes	yes	yes	0o666
steps/MASTER_PIPELINE/build_project_cli.py	file	yes	yes	yes	0o666
steps/MASTER_PIPELINE/build_project_v2.py	file	yes	yes	yes	0o666
steps/MASTER_PIPELINE/lib_codegen.py	file	yes	yes	yes	0o666
steps/MASTER_PIPELINE/logs/001_universal_pou_gvl.log	file	yes	yes	yes	0o666
steps/MASTER_PIPELINE/logs/004_import_dut_v11.log	file	yes	yes	yes	0o666
steps/MASTER_PIPELINE/out/003_RESULT.xml	file	yes	yes	yes	0o666
steps/MASTER_PIPELINE/out/004_RESULT.xml	file	yes	yes	yes	0o666
steps/MASTER_PIPELINE/Система умного дома.xml	file	yes	yes	yes	0o666
workspace/WORKFLOW_GITHUB_CODESYS.md	file	yes	yes	yes	0o666
workspace/compile_green_cleanup_inventory_2026-04-12.md	file	yes	yes	yes	0o666
workspace/draft_v2_inventory_2026-04-12.md	file	yes	yes	yes	0o666
workspace/dut_rebuild/INDEX.md	file	yes	yes	yes	0o666
workspace/dut_rebuild/README.md	file	yes	yes	yes	0o666
workspace/dut_rebuild/alarm/01_alarm_rebuild_plan.md	file	yes	yes	yes	0o666
workspace/dut_rebuild/alarm/FB_Alarm_Compatibility_Package_DRAFT.st	file	yes	yes	yes	0o666
workspace/dut_rebuild/alarm/FB_Alarm_Legacy_To_V2_Adapter_DRAFT.st	file	yes	yes	yes	0o666
workspace/dut_rebuild/alarm/FB_Alarm_V2_To_Legacy_Adapter_DRAFT.st	file	yes	yes	yes	0o666
workspace/dut_rebuild/alarm/ST_Alarm_Core_Record_V2.dut	file	yes	yes	yes	0o666
workspace/dut_rebuild/alarm/ST_Alarm_Event_V2.dut	file	yes	yes	yes	0o666
workspace/dut_rebuild/alarm/ST_Alarm_V2.dut	file	yes	yes	yes	0o666
workspace/dut_rebuild/alarm/ST_Alarm_View_Record_V2.dut	file	yes	yes	yes	0o666
workspace/dut_rebuild/alarm/integration/adapter_notes.md	file	yes	yes	yes	0o666
workspace/dut_rebuild/alarm/runtime_hook/active_migration/plan.md	file	yes	yes	yes	0o666
workspace/dut_rebuild/alarm/runtime_hook/staging_clone/FB_Alarm_Manager_STAGING.st	file	yes	yes	yes	0o666
workspace/dut_rebuild/alarm/v2_core/01_alarm_v2_core_plan.md	file	yes	yes	yes	0o666
workspace/dut_rebuild/alarm/v2_core/02_alarm_v2_migration_targets.md	file	yes	yes	yes	0o666
workspace/dut_rebuild/alarm/v2_core/FB_Alarm_V2_Core_DRAFT.st	file	yes	yes	yes	0o666
workspace/dut_rebuild/alarm/v2_core/README.md	file	yes	yes	yes	0o666
workspace/dut_rebuild/alarm/v2_core/extraction/01_pending_queue_extraction_plan.md	file	yes	yes	yes	0o666
workspace/dut_rebuild/alarm/v2_core/extraction/02_pending_queue_old_to_new_map.md	file	yes	yes	yes	0o666
workspace/dut_rebuild/alarm/v2_core/extraction/03_next_runtime_step.md	file	yes	yes	yes	0o666
workspace/dut_rebuild/alarm/v2_core/reports/00_alarm_v2_core_ready.txt	file	yes	yes	yes	0o666
workspace/dut_rebuild/alarm/v2_core/reports/01_pending_queue_extraction_ready.txt	file	yes	yes	yes	0o666
workspace/dut_rebuild/blinds_v2/README.md	file	yes	yes	yes	0o666
workspace/dut_rebuild/blinds_v2/ST_Blinds_Command_V2.dut	file	yes	yes	yes	0o666
workspace/dut_rebuild/blinds_v2/ST_Blinds_State_V2.dut	file	yes	yes	yes	0o666
workspace/dut_rebuild/blinds_v2/compatibility/01_blinds_compatibility_plan.md	file	yes	yes	yes	0o666
workspace/dut_rebuild/blinds_v2/compatibility/FB_Blinds_Legacy_To_V2_Command_Adapter_DRAFT.st	file	yes	yes	yes	0o666
workspace/dut_rebuild/blinds_v2/compatibility/FB_Blinds_Legacy_To_V2_State_Adapter_DRAFT.st	file	yes	yes	yes	0o666
workspace/dut_rebuild/blinds_v2/extraction/01_blinds_extraction_plan.md	file	yes	yes	yes	0o666
workspace/dut_rebuild/blinds_v2/extraction/FB_Blinds_Command_Extractor_DRAFT.st	file	yes	yes	yes	0o666
workspace/dut_rebuild/blinds_v2/extraction/FB_Blinds_State_Extractor_DRAFT.st	file	yes	yes	yes	0o666
workspace/dut_rebuild/blinds_v2/reports/00_blinds_v2_package_ready.txt	file	yes	yes	yes	0o666
workspace/dut_rebuild/blinds_v2/reports/02_blinds_staging_ready.txt	file	yes	yes	yes	0o666
workspace/dut_rebuild/blinds_v2/staging/01_blinds_staging_plan.md	file	yes	yes	yes	0o666
workspace/dut_rebuild/blinds_v2/staging/FB_Blinds_V2_Staging_DRAFT.st	file	yes	yes	yes	0o666
workspace/dut_rebuild/blinds_v2/v2_core/01_blinds_v2_core_plan.md	file	yes	yes	yes	0o666
workspace/dut_rebuild/blinds_v2/v2_core/FB_Blinds_V2_Core_DRAFT.st	file	yes	yes	yes	0o666
workspace/dut_rebuild/dhw_v2/README.md	file	yes	yes	yes	0o666
workspace/dut_rebuild/dhw_v2/ST_DHW_Command_V2.dut	file	yes	yes	yes	0o666
workspace/dut_rebuild/dhw_v2/ST_DHW_State_V2.dut	file	yes	yes	yes	0o666
workspace/dut_rebuild/dhw_v2/compatibility/01_dhw_compatibility_plan.md	file	yes	yes	yes	0o666
workspace/dut_rebuild/dhw_v2/compatibility/FB_DHW_Legacy_To_V2_Command_Adapter_DRAFT.st	file	yes	yes	yes	0o666
workspace/dut_rebuild/dhw_v2/compatibility/FB_DHW_Legacy_To_V2_State_Adapter_DRAFT.st	file	yes	yes	yes	0o666
workspace/dut_rebuild/dhw_v2/extraction/01_dhw_extraction_plan.md	file	yes	yes	yes	0o666
workspace/dut_rebuild/dhw_v2/extraction/FB_DHW_Command_Extractor_DRAFT.st	file	yes	yes	yes	0o666
workspace/dut_rebuild/dhw_v2/extraction/FB_DHW_State_Extractor_DRAFT.st	file	yes	yes	yes	0o666
workspace/dut_rebuild/dhw_v2/reports/00_dhw_v2_package_ready.txt	file	yes	yes	yes	0o666
workspace/dut_rebuild/dhw_v2/reports/02_dhw_staging_ready.txt	file	yes	yes	yes	0o666
workspace/dut_rebuild/dhw_v2/staging/01_dhw_staging_plan.md	file	yes	yes	yes	0o666
workspace/dut_rebuild/dhw_v2/staging/FB_DHW_V2_Staging_DRAFT.st	file	yes	yes	yes	0o666
workspace/dut_rebuild/dhw_v2/v2_core/01_dhw_v2_core_plan.md	file	yes	yes	yes	0o666
workspace/dut_rebuild/dhw_v2/v2_core/FB_DHW_V2_Core_DRAFT.st	file	yes	yes	yes	0o666
workspace/dut_rebuild/heating_v2/README.md	file	yes	yes	yes	0o666
workspace/dut_rebuild/heating_v2/ST_Heating_Command_V2.dut	file	yes	yes	yes	0o666
workspace/dut_rebuild/heating_v2/ST_Heating_State_V2.dut	file	yes	yes	yes	0o666
workspace/dut_rebuild/heating_v2/compatibility/01_heating_compatibility_plan.md	file	yes	yes	yes	0o666
workspace/dut_rebuild/heating_v2/compatibility/FB_Heating_Legacy_To_V2_Command_Adapter_DRAFT.st	file	yes	yes	yes	0o666
workspace/dut_rebuild/heating_v2/compatibility/FB_Heating_Legacy_To_V2_State_Adapter_DRAFT.st	file	yes	yes	yes	0o666
workspace/dut_rebuild/heating_v2/extraction/01_heating_extraction_plan.md	file	yes	yes	yes	0o666
workspace/dut_rebuild/heating_v2/extraction/02_legacy_to_v2_map.md	file	yes	yes	yes	0o666
workspace/dut_rebuild/heating_v2/reports/00_heating_v2_package_ready.txt	file	yes	yes	yes	0o666
workspace/dut_rebuild/heating_v2/reports/01_heating_extraction_ready.txt	file	yes	yes	yes	0o666
workspace/dut_rebuild/heating_v2/reports/02_heating_staging_ready.txt	file	yes	yes	yes	0o666
workspace/dut_rebuild/heating_v2/staging/01_heating_staging_plan.md	file	yes	yes	yes	0o666
workspace/dut_rebuild/heating_v2/staging/FB_Heating_V2_Staging_DRAFT.st	file	yes	yes	yes	0o666
workspace/dut_rebuild/heating_v2/v2_core/01_heating_v2_core_plan.md	file	yes	yes	yes	0o666
workspace/dut_rebuild/heating_v2/v2_core/FB_Heating_Command_Path_DRAFT.st	file	yes	yes	yes	0o666
workspace/dut_rebuild/heating_v2/v2_core/FB_Heating_State_Path_DRAFT.st	file	yes	yes	yes	0o666
workspace/dut_rebuild/heating_v2/v2_core/FB_Heating_V2_Core_DRAFT.st	file	yes	yes	yes	0o666
workspace/dut_rebuild/history_blackbox/01_history_blackbox_rebuild_plan.md	file	yes	yes	yes	0o666
workspace/dut_rebuild/history_blackbox/ST_BlackBox_Snapshot_V2.dut	file	yes	yes	yes	0o666
workspace/dut_rebuild/history_blackbox/ST_History_Event_V2.dut	file	yes	yes	yes	0o666
workspace/dut_rebuild/history_blackbox_v2/README.md	file	yes	yes	yes	0o666
workspace/dut_rebuild/history_blackbox_v2/ST_BlackBox_Snapshot_V2.dut	file	yes	yes	yes	0o666
workspace/dut_rebuild/history_blackbox_v2/ST_History_Event_V2.dut	file	yes	yes	yes	0o666
workspace/dut_rebuild/history_blackbox_v2/compatibility/01_history_blackbox_compatibility_plan.md	file	yes	yes	yes	0o666
workspace/dut_rebuild/history_blackbox_v2/compatibility/FB_BlackBox_Legacy_To_V2_Adapter_DRAFT.st	file	yes	yes	yes	0o666
workspace/dut_rebuild/history_blackbox_v2/compatibility/FB_History_Legacy_To_V2_Adapter_DRAFT.st	file	yes	yes	yes	0o666
workspace/dut_rebuild/history_blackbox_v2/reports/00_history_blackbox_v2_ready.txt	file	yes	yes	yes	0o666
workspace/dut_rebuild/history_blackbox_v2/v2_core/01_history_blackbox_v2_core_plan.md	file	yes	yes	yes	0o666
workspace/dut_rebuild/history_blackbox_v2/v2_core/FB_BlackBox_V2_Core_DRAFT.st	file	yes	yes	yes	0o666
workspace/dut_rebuild/history_blackbox_v2/v2_core/FB_History_V2_Core_DRAFT.st	file	yes	yes	yes	0o666
workspace/dut_rebuild/integration/01_rule_engine_integration_plan.md	file	yes	yes	yes	0o666
workspace/dut_rebuild/integration/02_rule_engine_old_to_new_field_map.md	file	yes	yes	yes	0o666
workspace/dut_rebuild/integration/03_rule_engine_open_questions.md	file	yes	yes	yes	0o666
workspace/dut_rebuild/integration/04_rule_engine_adapter_draft.md	file	yes	yes	yes	0o666
workspace/dut_rebuild/integration/05_rule_engine_condition_translation.md	file	yes	yes	yes	0o666
workspace/dut_rebuild/integration/06_rule_engine_action_translation.md	file	yes	yes	yes	0o666
workspace/dut_rebuild/integration/07_rule_engine_adapter_open_mismatches.md	file	yes	yes	yes	0o666
workspace/dut_rebuild/integration/FB_Rule_Legacy_To_V2_Adapter_DRAFT.st	file	yes	yes	yes	0o666
workspace/dut_rebuild/integration/FB_Rule_V2_To_Legacy_Adapter_DRAFT.st	file	yes	yes	yes	0o666
workspace/dut_rebuild/integration/reports/05_rule_engine_adapter_ready.txt	file	yes	yes	yes	0o666
workspace/dut_rebuild/integration/reports/06_rule_engine_bidirectional_ready.txt	file	yes	yes	yes	0o666
workspace/dut_rebuild/integration/runtime_hook/01_runtime_hook_strategy.md	file	yes	yes	yes	0o666
workspace/dut_rebuild/integration/runtime_hook/02_runtime_hook_package_layout.md	file	yes	yes	yes	0o666
workspace/dut_rebuild/integration/runtime_hook/03_migration_checklist.md	file	yes	yes	yes	0o666
workspace/dut_rebuild/integration/runtime_hook/04_test_checklist.md	file	yes	yes	yes	0o666
workspace/dut_rebuild/integration/runtime_hook/05_next_real_runtime_step.txt	file	yes	yes	yes	0o666
workspace/dut_rebuild/integration/runtime_hook/FB_Rule_Compatibility_Package_DRAFT.st	file	yes	yes	yes	0o666
workspace/dut_rebuild/integration/runtime_hook/README.md	file	yes	yes	yes	0o666
workspace/dut_rebuild/integration/runtime_hook/active_migration/01_insertion_point.md	file	yes	yes	yes	0o666
workspace/dut_rebuild/integration/runtime_hook/active_migration/02_patch_strategy.md	file	yes	yes	yes	0o666
workspace/dut_rebuild/integration/runtime_hook/active_migration/03_patch_diff_draft.md	file	yes	yes	yes	0o666
workspace/dut_rebuild/integration/runtime_hook/active_migration/04_validation_checklist.md	file	yes	yes	yes	0o666
workspace/dut_rebuild/integration/runtime_hook/active_migration/05_rollback_plan.md	file	yes	yes	yes	0o666
workspace/dut_rebuild/integration/runtime_hook/active_migration/06_next_step.txt	file	yes	yes	yes	0o666
workspace/dut_rebuild/integration/runtime_hook/active_migration/README.md	file	yes	yes	yes	0o666
workspace/dut_rebuild/integration/runtime_hook/staging_clone/01_staging_clone_strategy.md	file	yes	yes	yes	0o666
workspace/dut_rebuild/integration/runtime_hook/staging_clone/02_staging_clone_review_points.md	file	yes	yes	yes	0o666
workspace/dut_rebuild/integration/runtime_hook/staging_clone/03_next_runtime_migration_package.md	file	yes	yes	yes	0o666
workspace/dut_rebuild/integration/runtime_hook/staging_clone/FB_Rule_Engine_STAGING_BRIDGE_DRAFT.st	file	yes	yes	yes	0o666
workspace/dut_rebuild/integration/runtime_hook/staging_clone/README.md	file	yes	yes	yes	0o666
workspace/dut_rebuild/integration/runtime_hook/staging_clone/reports/07_staging_clone_ready.txt	file	yes	yes	yes	0o666
workspace/dut_rebuild/lighting_v2/README.md	file	yes	yes	yes	0o666
workspace/dut_rebuild/lighting_v2/ST_Lighting_Command_V2.dut	file	yes	yes	yes	0o666
workspace/dut_rebuild/lighting_v2/ST_Lighting_State_V2.dut	file	yes	yes	yes	0o666
workspace/dut_rebuild/lighting_v2/compatibility/01_lighting_compatibility_plan.md	file	yes	yes	yes	0o666
workspace/dut_rebuild/lighting_v2/compatibility/FB_Lighting_Legacy_To_V2_Command_Adapter_DRAFT.st	file	yes	yes	yes	0o666
workspace/dut_rebuild/lighting_v2/compatibility/FB_Lighting_Legacy_To_V2_State_Adapter_DRAFT.st	file	yes	yes	yes	0o666
workspace/dut_rebuild/lighting_v2/extraction/01_lighting_extraction_plan.md	file	yes	yes	yes	0o666
workspace/dut_rebuild/lighting_v2/extraction/FB_Lighting_Command_Extractor_DRAFT.st	file	yes	yes	yes	0o666
workspace/dut_rebuild/lighting_v2/extraction/FB_Lighting_State_Extractor_DRAFT.st	file	yes	yes	yes	0o666
workspace/dut_rebuild/lighting_v2/reports/00_lighting_v2_package_ready.txt	file	yes	yes	yes	0o666
workspace/dut_rebuild/lighting_v2/reports/02_lighting_staging_ready.txt	file	yes	yes	yes	0o666
workspace/dut_rebuild/lighting_v2/staging/01_lighting_staging_plan.md	file	yes	yes	yes	0o666
workspace/dut_rebuild/lighting_v2/staging/FB_Lighting_V2_Staging_DRAFT.st	file	yes	yes	yes	0o666
workspace/dut_rebuild/lighting_v2/v2_core/01_lighting_v2_core_plan.md	file	yes	yes	yes	0o666
workspace/dut_rebuild/lighting_v2/v2_core/FB_Lighting_V2_Core_DRAFT.st	file	yes	yes	yes	0o666
workspace/dut_rebuild/reports/00_rebuild_first_scope.md	file	yes	yes	yes	0o666
workspace/dut_rebuild/reports/01_old_to_new_mapping.md	file	yes	yes	yes	0o666
workspace/dut_rebuild/reports/02_next_integration_order.txt	file	yes	yes	yes	0o666
workspace/dut_rebuild/reports/03_workspace_review.md	file	yes	yes	yes	0o666
workspace/dut_rebuild/reports/04_next_execution_queue.txt	file	yes	yes	yes	0o666
workspace/dut_rebuild/rule_engine/01_rule_engine_rebuild_plan.md	file	yes	yes	yes	0o666
workspace/dut_rebuild/rule_engine/E_Rule_Data_Source_V2.dut	file	yes	yes	yes	0o666
workspace/dut_rebuild/rule_engine/E_Rule_Target_Domain_V2.dut	file	yes	yes	yes	0o666
workspace/dut_rebuild/rule_engine/E_Rule_Value_Type_V2.dut	file	yes	yes	yes	0o666
workspace/dut_rebuild/rule_engine/ST_Rule_Action_V2.dut	file	yes	yes	yes	0o666
workspace/dut_rebuild/rule_engine/ST_Rule_Condition_V2.dut	file	yes	yes	yes	0o666
workspace/dut_rebuild/rule_engine/ST_User_Rule_V2.dut	file	yes	yes	yes	0o666
workspace/dut_rebuild/socket_v2/README.md	file	yes	yes	yes	0o666
workspace/dut_rebuild/socket_v2/ST_Socket_Command_V2.dut	file	yes	yes	yes	0o666
workspace/dut_rebuild/socket_v2/ST_Socket_State_V2.dut	file	yes	yes	yes	0o666
workspace/dut_rebuild/socket_v2/compatibility/01_socket_compatibility_plan.md	file	yes	yes	yes	0o666
workspace/dut_rebuild/socket_v2/compatibility/FB_Socket_Legacy_To_V2_Command_Adapter_DRAFT.st	file	yes	yes	yes	0o666
workspace/dut_rebuild/socket_v2/compatibility/FB_Socket_Legacy_To_V2_State_Adapter_DRAFT.st	file	yes	yes	yes	0o666
workspace/dut_rebuild/socket_v2/extraction/01_socket_extraction_plan.md	file	yes	yes	yes	0o666
workspace/dut_rebuild/socket_v2/extraction/FB_Socket_Command_Extractor_DRAFT.st	file	yes	yes	yes	0o666
workspace/dut_rebuild/socket_v2/extraction/FB_Socket_State_Extractor_DRAFT.st	file	yes	yes	yes	0o666
workspace/dut_rebuild/socket_v2/reports/00_socket_v2_package_ready.txt	file	yes	yes	yes	0o666
workspace/dut_rebuild/socket_v2/reports/02_socket_staging_ready.txt	file	yes	yes	yes	0o666
workspace/dut_rebuild/socket_v2/staging/01_socket_staging_plan.md	file	yes	yes	yes	0o666
workspace/dut_rebuild/socket_v2/staging/FB_Socket_V2_Staging_DRAFT.st	file	yes	yes	yes	0o666
workspace/dut_rebuild/socket_v2/v2_core/01_socket_v2_core_plan.md	file	yes	yes	yes	0o666
workspace/dut_rebuild/socket_v2/v2_core/FB_Socket_V2_Core_DRAFT.st	file	yes	yes	yes	0o666
workspace/dut_rebuild/ventilation_v2/README.md	file	yes	yes	yes	0o666
workspace/dut_rebuild/ventilation_v2/ST_Ventilation_Command_V2.dut	file	yes	yes	yes	0o666
workspace/dut_rebuild/ventilation_v2/ST_Ventilation_State_V2.dut	file	yes	yes	yes	0o666
workspace/dut_rebuild/ventilation_v2/compatibility/01_ventilation_compatibility_plan.md	file	yes	yes	yes	0o666
workspace/dut_rebuild/ventilation_v2/compatibility/FB_Ventilation_Legacy_To_V2_Command_Adapter_DRAFT.st	file	yes	yes	yes	0o666
workspace/dut_rebuild/ventilation_v2/compatibility/FB_Ventilation_Legacy_To_V2_State_Adapter_DRAFT.st	file	yes	yes	yes	0o666
workspace/dut_rebuild/ventilation_v2/extraction/01_ventilation_extraction_plan.md	file	yes	yes	yes	0o666
workspace/dut_rebuild/ventilation_v2/extraction/02_legacy_to_v2_map.md	file	yes	yes	yes	0o666
workspace/dut_rebuild/ventilation_v2/reports/00_ventilation_v2_package_ready.txt	file	yes	yes	yes	0o666
workspace/dut_rebuild/ventilation_v2/reports/01_ventilation_extraction_ready.txt	file	yes	yes	yes	0o666
workspace/dut_rebuild/ventilation_v2/reports/02_ventilation_staging_ready.txt	file	yes	yes	yes	0o666
workspace/dut_rebuild/ventilation_v2/staging/01_ventilation_staging_plan.md	file	yes	yes	yes	0o666
workspace/dut_rebuild/ventilation_v2/staging/FB_Ventilation_V2_Staging_DRAFT.st	file	yes	yes	yes	0o666
workspace/dut_rebuild/ventilation_v2/v2_core/01_ventilation_v2_core_plan.md	file	yes	yes	yes	0o666
workspace/dut_rebuild/ventilation_v2/v2_core/FB_Ventilation_Command_Path_DRAFT.st	file	yes	yes	yes	0o666
workspace/dut_rebuild/ventilation_v2/v2_core/FB_Ventilation_State_Path_DRAFT.st	file	yes	yes	yes	0o666
workspace/dut_rebuild/ventilation_v2/v2_core/FB_Ventilation_V2_Core_DRAFT.st	file	yes	yes	yes	0o666
workspace/export_forensics/EXPORT_PRELIMINARY_ANALYSIS.md	file	yes	yes	yes	0o666
workspace/export_forensics/EXPORT_STRUCTURE_NOTES.md	file	yes	yes	yes	0o666
workspace/export_forensics/README.md	file	yes	yes	yes	0o666
workspace/export_forensics/XML_EXPORT_STRUCTURE_FINDINGS_2026-04-06.md	file	yes	yes	yes	0o666
workspace/export_forensics/sandbox/BULK_ANCHOR_REPORT.txt	file	yes	yes	yes	0o666
workspace/export_forensics/sandbox/DUT_VS_XML_COMPARE_REPORT.txt	file	yes	yes	yes	0o666
workspace/export_forensics/sandbox/FB_Astro_Timer_diagnostic_report.txt	file	yes	yes	yes	0o666
workspace/export_forensics/sandbox/FB_Astro_Timer_impl_patch_report.txt	file	yes	yes	yes	0o666
workspace/export_forensics/sandbox/FB_IMPORT_STATUS_CONFIRMED.md	file	yes	yes	yes	0o666
workspace/export_forensics/sandbox/FB_VAR_IN_CODE_REPORT_V8.txt	file	yes	yes	yes	0o666
workspace/export_forensics/sandbox/HML_STRUCTURE_REPORT.txt	file	yes	yes	yes	0o666
workspace/export_forensics/sandbox/INTERFACE_PREVIEW.txt	file	yes	yes	yes	0o666
workspace/export_forensics/sandbox/MISSING_POU_PRIORITY_REPORT.txt	file	yes	yes	yes	0o666
workspace/export_forensics/sandbox/REBUILD_FB_LOG_V9.txt	file	yes	yes	yes	0o666
workspace/export_forensics/sandbox/SMART_HOME_SANDBOX.xml	file	yes	yes	yes	0o666
workspace/export_forensics/sandbox/SMART_HOME_SANDBOX_MASTER_BASE.xml	file	yes	yes	yes	0o666
workspace/export_forensics/sandbox/SMART_HOME_SANDBOX_MASTER_V001_BASE.xml	file	yes	yes	yes	0o666
workspace/export_forensics/sandbox/SMART_HOME_SANDBOX_V2.xml	file	yes	yes	yes	0o666
workspace/export_forensics/sandbox/SMART_HOME_SANDBOX_V3.xml	file	yes	yes	yes	0o666
workspace/export_forensics/sandbox/SMART_HOME_SANDBOX_V4.xml	file	yes	yes	yes	0o666
workspace/export_forensics/sandbox/SMART_HOME_SANDBOX_V5.xml	file	yes	yes	yes	0o666
workspace/export_forensics/sandbox/SMART_HOME_SANDBOX_V6.xml	file	yes	yes	yes	0o666
workspace/export_forensics/sandbox/SMART_HOME_SANDBOX_V7.xml	file	yes	yes	yes	0o666
workspace/export_forensics/sandbox/SMART_HOME_SANDBOX_V8.xml	file	yes	yes	yes	0o666
workspace/export_forensics/sandbox/SMART_HOME_SANDBOX_V9.xml	file	yes	yes	yes	0o666
workspace/export_forensics/sandbox/XML_BULK_CLONE_PARAM_REPORT_V8.txt	file	yes	yes	yes	0o666
workspace/export_forensics/sandbox/XML_BULK_CLONE_REPORT.txt	file	yes	yes	yes	0o666
workspace/export_forensics/sandbox/XML_BULK_CLONE_VERIFIED_REPORT.txt	file	yes	yes	yes	0o666
workspace/export_forensics/sandbox/XML_BULK_DUT_FIXED_REPORT.txt	file	yes	yes	yes	0o666
workspace/export_forensics/sandbox/XML_BULK_SYNC_REPORT.txt	file	yes	yes	yes	0o666
workspace/export_forensics/sandbox/XML_BULK_SYNC_REPORT_FINAL.txt	file	yes	yes	yes	0o666
workspace/export_forensics/sandbox/XML_BULK_SYNC_REPORT_V3.txt	file	yes	yes	yes	0o666
workspace/export_forensics/sandbox/XML_BULK_SYNC_REPORT_V4.txt	file	yes	yes	yes	0o666
workspace/export_forensics/sandbox/XML_BULK_SYNC_REPORT_V8.txt	file	yes	yes	yes	0o666
workspace/export_forensics/sandbox/XML_CLONE_POU_REPORT.txt	file	yes	yes	yes	0o666
workspace/export_forensics/sandbox/XML_CLONE_WATCHDOG_V5_REPORT.txt	file	yes	yes	yes	0o666
workspace/export_forensics/sandbox/XML_DUT_INVENTORY_REPORT.txt	file	yes	yes	yes	0o666
workspace/export_forensics/sandbox/XML_DUT_SYNC_REPORT.txt	file	yes	yes	yes	0o666
workspace/export_forensics/sandbox/XML_FORCE_ALL_DUT_REPORT.txt	file	yes	yes	yes	0o666
workspace/export_forensics/sandbox/XML_INSERT_MUST_HAVE_POU_REPORT.txt	file	yes	yes	yes	0o666
workspace/export_forensics/sandbox/XML_INSERT_SINGLE_POU_REPORT.txt	file	yes	yes	yes	0o666
workspace/export_forensics/sandbox/XML_INTERFACE_PREVIEW.txt	file	yes	yes	yes	0o666
workspace/export_forensics/sandbox/XML_INTERFACE_PREVIEW_CLEAN.txt	file	yes	yes	yes	0o666
workspace/export_forensics/sandbox/XML_INTERFACE_PREVIEW_CLEAN_V2.txt	file	yes	yes	yes	0o666
workspace/export_forensics/sandbox/XML_POU_NAMES_REPORT.txt	file	yes	yes	yes	0o666
workspace/export_forensics/sandbox/XML_POU_PATCH_REPORT_V3.txt	file	yes	yes	yes	0o666
workspace/export_forensics/sandbox/XML_STRICT_INSERT_REPORT.txt	file	yes	yes	yes	0o666
workspace/export_forensics/sandbox/apply_151_run.log	file	yes	yes	yes	0o666
workspace/export_forensics/sandbox/fb_astro_timer_diff/00_summary.txt	file	yes	yes	yes	0o666
workspace/export_forensics/sandbox/fb_astro_timer_diff/01_st_source_path.txt	file	yes	yes	yes	0o666
workspace/export_forensics/sandbox/fb_astro_timer_diff/02_repo_st_source.st	file	yes	yes	yes	0o666
workspace/export_forensics/sandbox/fb_astro_timer_diff/03_xml_pou_fragment.xml	file	yes	yes	yes	0o666
workspace/export_forensics/sandbox/fb_astro_timer_diff/04_xml_body_extracted.st	file	yes	yes	yes	0o666
workspace/export_forensics/sandbox/fb_astro_timer_diff/05_unified_diff.txt	file	yes	yes	yes	0o666
workspace/export_forensics/sandbox/pou_template_study/00_summary.txt	file	yes	yes	yes	0o666
workspace/export_forensics/sandbox/pou_template_study/functionBlock_template.xml	file	yes	yes	yes	0o666
workspace/export_forensics/sandbox/pou_template_study/program_template.xml	file	yes	yes	yes	0o666
workspace/gvl_constants_inventory_2026-04-12.md	file	yes	yes	yes	0o666
workspace/index/root_repo_index.log	file	yes	yes	yes	0o666
workspace/logs/2026-04-11_archive_flatten.log	file	yes	yes	yes	0o666
workspace/logs/2026-04-11_archive_flatten_report.txt	file	yes	yes	yes	0o666
workspace/logs/2026-04-11_steps_cleanup.log	file	yes	yes	yes	0o666
workspace/logs/2026-04-11_steps_cleanup_diff.log	file	yes	yes	yes	0o666
workspace/logs/2026-04-11_steps_cleanup_run.log	file	yes	yes	yes	0o666
workspace/logs/2026-04-11_steps_cleanup_status.log	file	yes	yes	yes	0o666
workspace/logs/2026-04-11_steps_cleanup_tree.log	file	yes	yes	yes	0o666
workspace/logs/compiler_logs_preview.log	file	yes	yes	yes	0o666
workspace/logs/compiler_logs_tree.log	file	yes	yes	yes	0o666
workspace/logs/compiler_tree.log	file	yes	yes	yes	0o666
workspace/logs/steps_actual_tree.log	file	yes	yes	yes	0o666
workspace/system_layer_cleanup/README.md	file	yes	yes	yes	0o666
workspace/system_layer_cleanup/comparison/01_comparison_plan.md	file	yes	yes	yes	0o666
workspace/system_layer_cleanup/comparison/02_comparison_signals.txt	file	yes	yes	yes	0o666
workspace/system_layer_cleanup/comparison/03_next_steps.txt	file	yes	yes	yes	0o666
workspace/system_layer_cleanup/comparison/flags/01_comparison_flags_scope.md	file	yes	yes	yes	0o666
workspace/system_layer_cleanup/comparison/flags/02_comparison_flags_mapping.txt	file	yes	yes	yes	0o666
workspace/system_layer_cleanup/comparison/flags/FB_CoreKernel_Comparison_Flags_DRAFT.st	file	yes	yes	yes	0o666
workspace/system_layer_cleanup/comparison/harness/01_comparison_harness_scope.md	file	yes	yes	yes	0o666
workspace/system_layer_cleanup/comparison/harness/02_harness_mapping.txt	file	yes	yes	yes	0o666
workspace/system_layer_cleanup/comparison/harness/03_legacy_path_ready_candidates.txt	file	yes	yes	yes	0o666
workspace/system_layer_cleanup/comparison/harness/04_selected_legacy_path_ready_source.txt	file	yes	yes	yes	0o666
workspace/system_layer_cleanup/comparison/harness/05_first_live_binding_plan.md	file	yes	yes	yes	0o666
workspace/system_layer_cleanup/comparison/harness/06_first_live_binding_mapping.txt	file	yes	yes	yes	0o666
workspace/system_layer_cleanup/comparison/harness/FB_CoreKernel_Comparison_Harness_DRAFT.st	file	yes	yes	yes	0o666
workspace/system_layer_cleanup/comparison/harness/FB_CoreKernel_First_Live_Binding_DRAFT.st	file	yes	yes	yes	0o666
workspace/system_layer_cleanup/comparison/live_observer/01_live_observer_scope.md	file	yes	yes	yes	0o666
workspace/system_layer_cleanup/comparison/live_observer/02_prg_system_binding_note.txt	file	yes	yes	yes	0o666
workspace/system_layer_cleanup/comparison/live_observer/FB_CoreKernel_Live_Observer_DRAFT.st	file	yes	yes	yes	0o666
workspace/system_layer_cleanup/comparison/shadow_outputs/01_shadow_outputs_scope.md	file	yes	yes	yes	0o666
workspace/system_layer_cleanup/comparison/shadow_outputs/02_shadow_outputs_mapping.txt	file	yes	yes	yes	0o666
workspace/system_layer_cleanup/comparison/shadow_outputs/FB_CoreKernel_Shadow_Outputs_DRAFT.st	file	yes	yes	yes	0o666
workspace/system_layer_cleanup/inventory/00_expected_entrypoints.txt	file	yes	yes	yes	0o666
workspace/system_layer_cleanup/plans/01_system_layer_cleanup_plan.md	file	yes	yes	yes	0o666
workspace/system_layer_cleanup/plans/02_prg_system_module_split.txt	file	yes	yes	yes	0o666
workspace/system_layer_cleanup/reports/00_system_layer_wave_opened.txt	file	yes	yes	yes	0o666
workspace/system_layer_cleanup/reports/01_system_entrypoints_discovery.txt	file	yes	yes	yes	0o666
workspace/system_layer_cleanup/reports/02_system_entrypoints_filtered.txt	file	yes	yes	yes	0o666
workspace/system_layer_cleanup/reports/03_main_call_map.txt	file	yes	yes	yes	0o666
workspace/system_layer_cleanup/reports/04_prg_system_call_map.txt	file	yes	yes	yes	0o666
workspace/system_layer_cleanup/reports/05_prg_system_section_inventory.txt	file	yes	yes	yes	0o666
workspace/system_layer_cleanup/reports/06_prg_system_core_kernel_mapping.txt	file	yes	yes	yes	0o666
workspace/system_layer_cleanup/reports/07_core_kernel_boundaries.txt	file	yes	yes	yes	0o666
workspace/system_layer_cleanup/reports/08_plc_ab_failover_discovery.txt	file	yes	yes	yes	0o666
workspace/system_layer_cleanup/split_scaffold/README.md	file	yes	yes	yes	0o666
workspace/system_layer_cleanup/split_scaffold/alarm_layer/FB_AlarmLayer_DRAFT.st	file	yes	yes	yes	0o666
workspace/system_layer_cleanup/split_scaffold/core_kernel/03_core_kernel_shadow_plan.md	file	yes	yes	yes	0o666
workspace/system_layer_cleanup/split_scaffold/core_kernel/04_core_kernel_shadow_execution_notes.md	file	yes	yes	yes	0o666
workspace/system_layer_cleanup/split_scaffold/core_kernel/FB_CoreKernel_DRAFT.st	file	yes	yes	yes	0o666
workspace/system_layer_cleanup/split_scaffold/core_kernel/FB_CoreKernel_Shadow_Exec_DRAFT.st	file	yes	yes	yes	0o666
workspace/system_layer_cleanup/split_scaffold/core_kernel/FB_CoreKernel_Shadow_Stub_DRAFT.st	file	yes	yes	yes	0o666
workspace/system_layer_cleanup/split_scaffold/core_kernel/redundancy_slice/01_redundancy_shadow_scope.md	file	yes	yes	yes	0o666
workspace/system_layer_cleanup/split_scaffold/core_kernel/redundancy_slice/02_redundancy_shadow_mapping.txt	file	yes	yes	yes	0o666
workspace/system_layer_cleanup/split_scaffold/core_kernel/redundancy_slice/FB_Redundancy_Shadow_Slice_DRAFT.st	file	yes	yes	yes	0o666
workspace/system_layer_cleanup/split_scaffold/core_kernel/safety_slice/01_safety_shadow_scope.md	file	yes	yes	yes	0o666
workspace/system_layer_cleanup/split_scaffold/core_kernel/safety_slice/02_safety_shadow_mapping.txt	file	yes	yes	yes	0o666
workspace/system_layer_cleanup/split_scaffold/core_kernel/safety_slice/FB_Safety_Shadow_Slice_DRAFT.st	file	yes	yes	yes	0o666
workspace/system_layer_cleanup/split_scaffold/core_kernel/state_manager_slice/01_state_manager_scope.md	file	yes	yes	yes	0o666
workspace/system_layer_cleanup/split_scaffold/core_kernel/state_manager_slice/02_state_manager_mapping.txt	file	yes	yes	yes	0o666
workspace/system_layer_cleanup/split_scaffold/core_kernel/state_manager_slice/FB_StateManager_Shadow_Slice_DRAFT.st	file	yes	yes	yes	0o666
workspace/system_layer_cleanup/split_scaffold/core_kernel/watchdog_health_slice/01_watchdog_health_scope.md	file	yes	yes	yes	0o666
workspace/system_layer_cleanup/split_scaffold/core_kernel/watchdog_health_slice/02_watchdog_health_mapping.txt	file	yes	yes	yes	0o666
workspace/system_layer_cleanup/split_scaffold/core_kernel/watchdog_health_slice/FB_SystemHealth_Shadow_Slice_DRAFT.st	file	yes	yes	yes	0o666
workspace/system_layer_cleanup/split_scaffold/core_kernel/watchdog_health_slice/FB_Watchdog_Shadow_Slice_DRAFT.st	file	yes	yes	yes	0o666
workspace/system_layer_cleanup/split_scaffold/external_interface/FB_ExternalInterface_DRAFT.st	file	yes	yes	yes	0o666
workspace/system_layer_cleanup/split_scaffold/persistence/FB_PersistenceLayer_DRAFT.st	file	yes	yes	yes	0o666
workspace/system_layer_cleanup/split_scaffold/scenario_layer/FB_ScenarioLayer_DRAFT.st	file	yes	yes	yes	0o666
workspace/system_layer_cleanup/split_scaffold/time_context/FB_TimeContext_DRAFT.st	file	yes	yes	yes	0o666
Система умного дома.xml	file	yes	yes	yes	0o666
диагностика/git_access_check.log	file	yes	yes	yes	0o666
диагностика/repo_rights_final.log	file	yes	yes	yes	0o666
компилятор/__pycache__/import_codesys_FINAL.cpython-312.pyc	file	yes	yes	yes	0o666
компилятор/import_codesys_FINAL.py	file	yes	yes	yes	0o666
компилятор/import_codesys_FINAL_METHODS_V2.py	file	yes	yes	yes	0o666
компилятор/import_codesys_FINAL_METHODS_V3.py	file	yes	yes	yes	0o666
компилятор/logs/001_universal_pou_gvl.log	file	yes	yes	yes	0o666
компилятор/logs/004_import_dut_v11.log	file	yes	yes	yes	0o666
компилятор/logs/26_clean_compiler_to_baseline.log	file	yes	yes	yes	0o666
компилятор/logs/27_copy_pipeline.log	file	yes	yes	yes	0o666
компилятор/logs/28_patch_overlay_call.log	file	yes	yes	yes	0o666
компилятор/logs/29_restore_overlay.log	file	yes	yes	yes	0o666
компилятор/logs/30_fix_overlay_paths.log	file	yes	yes	yes	0o666
компилятор/logs/31_create_cheatsheet.log	file	yes	yes	yes	0o666
компилятор/logs/33_patch_auto_cleanup.log	file	yes	yes	yes	0o666
компилятор/logs/final_test.log	file	yes	yes	yes	0o666
компилятор/logs/method_overlay_clean_python.log	file	yes	yes	yes	0o666
компилятор/method_overlay_clean.py	file	yes	yes	yes	0o666
компилятор/out/.gitkeep	file	yes	yes	yes	0o666
компилятор/steps_pipeline/001_universal_pou_builder.py	file	yes	yes	yes	0o666
компилятор/steps_pipeline/001_universal_pou_builder_LEGACY_BACKUP.py	file	yes	yes	yes	0o666
компилятор/steps_pipeline/001_universal_pou_builder_METHODS_V1.py	file	yes	yes	yes	0o666
компилятор/steps_pipeline/001_universal_pou_builder_METHODS_V2.py	file	yes	yes	yes	0o666
компилятор/steps_pipeline/001_universal_pou_gvl_builder.py	file	yes	yes	yes	0o666
компилятор/steps_pipeline/003_import_gvl.py	file	yes	yes	yes	0o666
компилятор/steps_pipeline/004_import_dut.py	file	yes	yes	yes	0o666
компилятор/steps_pipeline/005_import_prg.py	file	yes	yes	yes	0o666
компилятор/steps_pipeline/005_import_prg_v2.py	file	yes	yes	yes	0o666
компилятор/steps_pipeline/build_project.py	file	yes	yes	yes	0o666
компилятор/steps_pipeline/build_project_cli.py	file	yes	yes	yes	0o666
компилятор/steps_pipeline/build_project_v2.py	file	yes	yes	yes	0o666
компилятор/steps_pipeline/lib_codegen.py	file	yes	yes	yes	0o666
компилятор/Система умного дома.xml	file	yes	yes	yes	0o666
компилятор/запуск_сборки.md	file	yes	yes	yes	0o666
компилятор/запуск_сборки.sh	file	yes	yes	yes	0o777

===== SUMMARY =====
tracked_total=3600
missing=0
readable=3600
not_readable=0
writable=3600
not_writable=0
]633;E;echo;e775d918-891c-48df-a093-fb6809d689d8]633;C
===== DIRECTORY WRITE CHECK =====
dir	write
.	yes
archive/broken_compiler_191903	yes
archive/broken_compiler_191903/__pycache__	yes
archive/broken_compiler_191903/logs	yes
archive/broken_compiler_191903/out	yes
archive/broken_compiler_191903/steps_pipeline	yes
archive/broken_compiler_2026_04_15_185323	yes
archive/broken_compiler_2026_04_15_185323/__pycache__	yes
archive/broken_compiler_2026_04_15_185323/logs	yes
archive/broken_compiler_2026_04_15_185323/out	yes
archive/broken_compiler_2026_04_15_185323/steps_pipeline	yes
archive/cleanup_obsolete_tools	yes
archive/cleanup_obsolete_tools/компилятор	yes
archive/parked_dut/unused	yes
archive/parked_fb/draft/heating	yes
archive/parked_fb/draft/infrastructure	yes
archive/parked_fb/draft/sensors	yes
archive/parked_fb/draft/utils	yes
archive/parked_fb/draft/ventilation	yes
archive/parked_fb/legacy/detectors	yes
archive/parked_fb/legacy/simulation	yes
archive/parked_fb/legacy/valves	yes
archive/parked_fb/unclear	yes
diagnostics/2026_04_15	yes
docs	yes
docs/architecture	yes
docs/assistant_bridge	yes
docs/systems	yes
docs/tech_debt	yes
repo_logs/nvram	yes
save_2026-04-07	yes
snapshots/clean_build_20260414_0820	yes
snapshots/clean_build_20260414_0820/archive/parked_dut/unused	yes
snapshots/clean_build_20260414_0820/archive/parked_fb/draft/heating	yes
snapshots/clean_build_20260414_0820/archive/parked_fb/draft/infrastructure	yes
snapshots/clean_build_20260414_0820/archive/parked_fb/draft/sensors	yes
snapshots/clean_build_20260414_0820/archive/parked_fb/draft/utils	yes
snapshots/clean_build_20260414_0820/archive/parked_fb/draft/ventilation	yes
snapshots/clean_build_20260414_0820/archive/parked_fb/legacy/detectors	yes
snapshots/clean_build_20260414_0820/archive/parked_fb/legacy/simulation	yes
snapshots/clean_build_20260414_0820/archive/parked_fb/legacy/valves	yes
snapshots/clean_build_20260414_0820/archive/parked_fb/unclear	yes
snapshots/clean_build_20260414_0820/docs	yes
snapshots/clean_build_20260414_0820/docs/architecture	yes
snapshots/clean_build_20260414_0820/docs/systems	yes
snapshots/clean_build_20260414_0820/save_2026-04-07	yes
snapshots/clean_build_20260414_0820/steps/MASTER_PIPELINE	yes
snapshots/clean_build_20260414_0820/steps/MASTER_PIPELINE/__pycache__	yes
snapshots/clean_build_20260414_0820/steps/MASTER_PIPELINE/archive_legacy_004	yes
snapshots/clean_build_20260414_0820/steps/MASTER_PIPELINE/archive_logs	yes
snapshots/clean_build_20260414_0820/steps/MASTER_PIPELINE/logs	yes
snapshots/clean_build_20260414_0820/steps/MASTER_PIPELINE/out	yes
snapshots/clean_build_20260414_0820/workspace	yes
snapshots/clean_build_20260414_0820/workspace/dut_rebuild	yes
snapshots/clean_build_20260414_0820/workspace/dut_rebuild/alarm	yes
snapshots/clean_build_20260414_0820/workspace/dut_rebuild/alarm/integration	yes
snapshots/clean_build_20260414_0820/workspace/dut_rebuild/alarm/runtime_hook/active_migration	yes
snapshots/clean_build_20260414_0820/workspace/dut_rebuild/alarm/runtime_hook/staging_clone	yes
snapshots/clean_build_20260414_0820/workspace/dut_rebuild/alarm/v2_core	yes
snapshots/clean_build_20260414_0820/workspace/dut_rebuild/alarm/v2_core/extraction	yes
snapshots/clean_build_20260414_0820/workspace/dut_rebuild/alarm/v2_core/reports	yes
snapshots/clean_build_20260414_0820/workspace/dut_rebuild/blinds_v2	yes
snapshots/clean_build_20260414_0820/workspace/dut_rebuild/blinds_v2/compatibility	yes
snapshots/clean_build_20260414_0820/workspace/dut_rebuild/blinds_v2/extraction	yes
snapshots/clean_build_20260414_0820/workspace/dut_rebuild/blinds_v2/reports	yes
snapshots/clean_build_20260414_0820/workspace/dut_rebuild/blinds_v2/staging	yes
snapshots/clean_build_20260414_0820/workspace/dut_rebuild/blinds_v2/v2_core	yes
snapshots/clean_build_20260414_0820/workspace/dut_rebuild/dhw_v2	yes
snapshots/clean_build_20260414_0820/workspace/dut_rebuild/dhw_v2/compatibility	yes
snapshots/clean_build_20260414_0820/workspace/dut_rebuild/dhw_v2/extraction	yes
snapshots/clean_build_20260414_0820/workspace/dut_rebuild/dhw_v2/reports	yes
snapshots/clean_build_20260414_0820/workspace/dut_rebuild/dhw_v2/staging	yes
snapshots/clean_build_20260414_0820/workspace/dut_rebuild/dhw_v2/v2_core	yes
snapshots/clean_build_20260414_0820/workspace/dut_rebuild/heating_v2	yes
snapshots/clean_build_20260414_0820/workspace/dut_rebuild/heating_v2/compatibility	yes
snapshots/clean_build_20260414_0820/workspace/dut_rebuild/heating_v2/extraction	yes
snapshots/clean_build_20260414_0820/workspace/dut_rebuild/heating_v2/reports	yes
snapshots/clean_build_20260414_0820/workspace/dut_rebuild/heating_v2/staging	yes
snapshots/clean_build_20260414_0820/workspace/dut_rebuild/heating_v2/v2_core	yes
snapshots/clean_build_20260414_0820/workspace/dut_rebuild/history_blackbox	yes
snapshots/clean_build_20260414_0820/workspace/dut_rebuild/history_blackbox_v2	yes
snapshots/clean_build_20260414_0820/workspace/dut_rebuild/history_blackbox_v2/compatibility	yes
snapshots/clean_build_20260414_0820/workspace/dut_rebuild/history_blackbox_v2/reports	yes
snapshots/clean_build_20260414_0820/workspace/dut_rebuild/history_blackbox_v2/v2_core	yes
snapshots/clean_build_20260414_0820/workspace/dut_rebuild/integration	yes
snapshots/clean_build_20260414_0820/workspace/dut_rebuild/integration/reports	yes
snapshots/clean_build_20260414_0820/workspace/dut_rebuild/integration/runtime_hook	yes
snapshots/clean_build_20260414_0820/workspace/dut_rebuild/integration/runtime_hook/active_migration	yes
snapshots/clean_build_20260414_0820/workspace/dut_rebuild/integration/runtime_hook/staging_clone	yes
snapshots/clean_build_20260414_0820/workspace/dut_rebuild/integration/runtime_hook/staging_clone/reports	yes
snapshots/clean_build_20260414_0820/workspace/dut_rebuild/lighting_v2	yes
snapshots/clean_build_20260414_0820/workspace/dut_rebuild/lighting_v2/compatibility	yes
snapshots/clean_build_20260414_0820/workspace/dut_rebuild/lighting_v2/extraction	yes
snapshots/clean_build_20260414_0820/workspace/dut_rebuild/lighting_v2/reports	yes
snapshots/clean_build_20260414_0820/workspace/dut_rebuild/lighting_v2/staging	yes
snapshots/clean_build_20260414_0820/workspace/dut_rebuild/lighting_v2/v2_core	yes
snapshots/clean_build_20260414_0820/workspace/dut_rebuild/reports	yes
snapshots/clean_build_20260414_0820/workspace/dut_rebuild/rule_engine	yes
snapshots/clean_build_20260414_0820/workspace/dut_rebuild/socket_v2	yes
snapshots/clean_build_20260414_0820/workspace/dut_rebuild/socket_v2/compatibility	yes
snapshots/clean_build_20260414_0820/workspace/dut_rebuild/socket_v2/extraction	yes
snapshots/clean_build_20260414_0820/workspace/dut_rebuild/socket_v2/reports	yes
snapshots/clean_build_20260414_0820/workspace/dut_rebuild/socket_v2/staging	yes
snapshots/clean_build_20260414_0820/workspace/dut_rebuild/socket_v2/v2_core	yes
snapshots/clean_build_20260414_0820/workspace/dut_rebuild/ventilation_v2	yes
snapshots/clean_build_20260414_0820/workspace/dut_rebuild/ventilation_v2/compatibility	yes
snapshots/clean_build_20260414_0820/workspace/dut_rebuild/ventilation_v2/extraction	yes
snapshots/clean_build_20260414_0820/workspace/dut_rebuild/ventilation_v2/reports	yes
snapshots/clean_build_20260414_0820/workspace/dut_rebuild/ventilation_v2/staging	yes
snapshots/clean_build_20260414_0820/workspace/dut_rebuild/ventilation_v2/v2_core	yes
snapshots/clean_build_20260414_0820/workspace/export_forensics	yes
snapshots/clean_build_20260414_0820/workspace/export_forensics/sandbox	yes
snapshots/clean_build_20260414_0820/workspace/export_forensics/sandbox/fb_astro_timer_diff	yes
snapshots/clean_build_20260414_0820/workspace/export_forensics/sandbox/pou_template_study	yes
snapshots/clean_build_20260414_0820/workspace/index	yes
snapshots/clean_build_20260414_0820/workspace/logs	yes
snapshots/clean_build_20260414_0820/workspace/system_layer_cleanup	yes
snapshots/clean_build_20260414_0820/workspace/system_layer_cleanup/comparison	yes
snapshots/clean_build_20260414_0820/workspace/system_layer_cleanup/comparison/flags	yes
snapshots/clean_build_20260414_0820/workspace/system_layer_cleanup/comparison/harness	yes
snapshots/clean_build_20260414_0820/workspace/system_layer_cleanup/comparison/live_observer	yes
snapshots/clean_build_20260414_0820/workspace/system_layer_cleanup/comparison/shadow_outputs	yes
snapshots/clean_build_20260414_0820/workspace/system_layer_cleanup/inventory	yes
snapshots/clean_build_20260414_0820/workspace/system_layer_cleanup/plans	yes
snapshots/clean_build_20260414_0820/workspace/system_layer_cleanup/reports	yes
snapshots/clean_build_20260414_0820/workspace/system_layer_cleanup/split_scaffold	yes
snapshots/clean_build_20260414_0820/workspace/system_layer_cleanup/split_scaffold/alarm_layer	yes
snapshots/clean_build_20260414_0820/workspace/system_layer_cleanup/split_scaffold/core_kernel	yes
snapshots/clean_build_20260414_0820/workspace/system_layer_cleanup/split_scaffold/core_kernel/redundancy_slice	yes
snapshots/clean_build_20260414_0820/workspace/system_layer_cleanup/split_scaffold/core_kernel/safety_slice	yes
snapshots/clean_build_20260414_0820/workspace/system_layer_cleanup/split_scaffold/core_kernel/state_manager_slice	yes
snapshots/clean_build_20260414_0820/workspace/system_layer_cleanup/split_scaffold/core_kernel/watchdog_health_slice	yes
snapshots/clean_build_20260414_0820/workspace/system_layer_cleanup/split_scaffold/external_interface	yes
snapshots/clean_build_20260414_0820/workspace/system_layer_cleanup/split_scaffold/persistence	yes
snapshots/clean_build_20260414_0820/workspace/system_layer_cleanup/split_scaffold/scenario_layer	yes
snapshots/clean_build_20260414_0820/workspace/system_layer_cleanup/split_scaffold/time_context	yes
snapshots/clean_build_20260414_0820/компилятор	yes
snapshots/clean_build_20260414_0820/компилятор/logs	yes
snapshots/clean_build_20260414_0820/компилятор/out	yes
snapshots/clean_build_2026_04_14	yes
snapshots/clean_build_2026_04_14/archive/parked_dut/unused	yes
snapshots/clean_build_2026_04_14/archive/parked_fb/draft/heating	yes
snapshots/clean_build_2026_04_14/archive/parked_fb/draft/infrastructure	yes
snapshots/clean_build_2026_04_14/archive/parked_fb/draft/sensors	yes
snapshots/clean_build_2026_04_14/archive/parked_fb/draft/utils	yes
snapshots/clean_build_2026_04_14/archive/parked_fb/draft/ventilation	yes
snapshots/clean_build_2026_04_14/archive/parked_fb/legacy/detectors	yes
snapshots/clean_build_2026_04_14/archive/parked_fb/legacy/simulation	yes
snapshots/clean_build_2026_04_14/archive/parked_fb/legacy/valves	yes
snapshots/clean_build_2026_04_14/archive/parked_fb/unclear	yes
snapshots/clean_build_2026_04_14/docs	yes
snapshots/clean_build_2026_04_14/docs/architecture	yes
snapshots/clean_build_2026_04_14/docs/systems	yes
snapshots/clean_build_2026_04_14/save_2026-04-07	yes
snapshots/clean_build_2026_04_14/steps/MASTER_PIPELINE	yes
snapshots/clean_build_2026_04_14/steps/MASTER_PIPELINE/__pycache__	yes
snapshots/clean_build_2026_04_14/steps/MASTER_PIPELINE/archive_legacy_004	yes
snapshots/clean_build_2026_04_14/steps/MASTER_PIPELINE/archive_logs	yes
snapshots/clean_build_2026_04_14/steps/MASTER_PIPELINE/logs	yes
snapshots/clean_build_2026_04_14/steps/MASTER_PIPELINE/out	yes
snapshots/clean_build_2026_04_14/workspace	yes
snapshots/clean_build_2026_04_14/workspace/dut_rebuild	yes
snapshots/clean_build_2026_04_14/workspace/dut_rebuild/alarm	yes
snapshots/clean_build_2026_04_14/workspace/dut_rebuild/alarm/integration	yes
snapshots/clean_build_2026_04_14/workspace/dut_rebuild/alarm/runtime_hook/active_migration	yes
snapshots/clean_build_2026_04_14/workspace/dut_rebuild/alarm/runtime_hook/staging_clone	yes
snapshots/clean_build_2026_04_14/workspace/dut_rebuild/alarm/v2_core	yes
snapshots/clean_build_2026_04_14/workspace/dut_rebuild/alarm/v2_core/extraction	yes
snapshots/clean_build_2026_04_14/workspace/dut_rebuild/alarm/v2_core/reports	yes
snapshots/clean_build_2026_04_14/workspace/dut_rebuild/blinds_v2	yes
snapshots/clean_build_2026_04_14/workspace/dut_rebuild/blinds_v2/compatibility	yes
snapshots/clean_build_2026_04_14/workspace/dut_rebuild/blinds_v2/extraction	yes
snapshots/clean_build_2026_04_14/workspace/dut_rebuild/blinds_v2/reports	yes
snapshots/clean_build_2026_04_14/workspace/dut_rebuild/blinds_v2/staging	yes
snapshots/clean_build_2026_04_14/workspace/dut_rebuild/blinds_v2/v2_core	yes
snapshots/clean_build_2026_04_14/workspace/dut_rebuild/dhw_v2	yes
snapshots/clean_build_2026_04_14/workspace/dut_rebuild/dhw_v2/compatibility	yes
snapshots/clean_build_2026_04_14/workspace/dut_rebuild/dhw_v2/extraction	yes
snapshots/clean_build_2026_04_14/workspace/dut_rebuild/dhw_v2/reports	yes
snapshots/clean_build_2026_04_14/workspace/dut_rebuild/dhw_v2/staging	yes
snapshots/clean_build_2026_04_14/workspace/dut_rebuild/dhw_v2/v2_core	yes
snapshots/clean_build_2026_04_14/workspace/dut_rebuild/heating_v2	yes
snapshots/clean_build_2026_04_14/workspace/dut_rebuild/heating_v2/compatibility	yes
snapshots/clean_build_2026_04_14/workspace/dut_rebuild/heating_v2/extraction	yes
snapshots/clean_build_2026_04_14/workspace/dut_rebuild/heating_v2/reports	yes
snapshots/clean_build_2026_04_14/workspace/dut_rebuild/heating_v2/staging	yes
snapshots/clean_build_2026_04_14/workspace/dut_rebuild/heating_v2/v2_core	yes
snapshots/clean_build_2026_04_14/workspace/dut_rebuild/history_blackbox	yes
snapshots/clean_build_2026_04_14/workspace/dut_rebuild/history_blackbox_v2	yes
snapshots/clean_build_2026_04_14/workspace/dut_rebuild/history_blackbox_v2/compatibility	yes
snapshots/clean_build_2026_04_14/workspace/dut_rebuild/history_blackbox_v2/reports	yes
snapshots/clean_build_2026_04_14/workspace/dut_rebuild/history_blackbox_v2/v2_core	yes
snapshots/clean_build_2026_04_14/workspace/dut_rebuild/integration	yes
snapshots/clean_build_2026_04_14/workspace/dut_rebuild/integration/reports	yes
snapshots/clean_build_2026_04_14/workspace/dut_rebuild/integration/runtime_hook	yes
snapshots/clean_build_2026_04_14/workspace/dut_rebuild/integration/runtime_hook/active_migration	yes
snapshots/clean_build_2026_04_14/workspace/dut_rebuild/integration/runtime_hook/staging_clone	yes
snapshots/clean_build_2026_04_14/workspace/dut_rebuild/integration/runtime_hook/staging_clone/reports	yes
snapshots/clean_build_2026_04_14/workspace/dut_rebuild/lighting_v2	yes
snapshots/clean_build_2026_04_14/workspace/dut_rebuild/lighting_v2/compatibility	yes
snapshots/clean_build_2026_04_14/workspace/dut_rebuild/lighting_v2/extraction	yes
snapshots/clean_build_2026_04_14/workspace/dut_rebuild/lighting_v2/reports	yes
snapshots/clean_build_2026_04_14/workspace/dut_rebuild/lighting_v2/staging	yes
snapshots/clean_build_2026_04_14/workspace/dut_rebuild/lighting_v2/v2_core	yes
snapshots/clean_build_2026_04_14/workspace/dut_rebuild/reports	yes
snapshots/clean_build_2026_04_14/workspace/dut_rebuild/rule_engine	yes
snapshots/clean_build_2026_04_14/workspace/dut_rebuild/socket_v2	yes
snapshots/clean_build_2026_04_14/workspace/dut_rebuild/socket_v2/compatibility	yes
snapshots/clean_build_2026_04_14/workspace/dut_rebuild/socket_v2/extraction	yes
snapshots/clean_build_2026_04_14/workspace/dut_rebuild/socket_v2/reports	yes
snapshots/clean_build_2026_04_14/workspace/dut_rebuild/socket_v2/staging	yes
snapshots/clean_build_2026_04_14/workspace/dut_rebuild/socket_v2/v2_core	yes
snapshots/clean_build_2026_04_14/workspace/dut_rebuild/ventilation_v2	yes
snapshots/clean_build_2026_04_14/workspace/dut_rebuild/ventilation_v2/compatibility	yes
snapshots/clean_build_2026_04_14/workspace/dut_rebuild/ventilation_v2/extraction	yes
snapshots/clean_build_2026_04_14/workspace/dut_rebuild/ventilation_v2/reports	yes
snapshots/clean_build_2026_04_14/workspace/dut_rebuild/ventilation_v2/staging	yes
snapshots/clean_build_2026_04_14/workspace/dut_rebuild/ventilation_v2/v2_core	yes
snapshots/clean_build_2026_04_14/workspace/export_forensics	yes
snapshots/clean_build_2026_04_14/workspace/export_forensics/sandbox	yes
snapshots/clean_build_2026_04_14/workspace/export_forensics/sandbox/fb_astro_timer_diff	yes
snapshots/clean_build_2026_04_14/workspace/export_forensics/sandbox/pou_template_study	yes
snapshots/clean_build_2026_04_14/workspace/index	yes
snapshots/clean_build_2026_04_14/workspace/logs	yes
snapshots/clean_build_2026_04_14/workspace/system_layer_cleanup	yes
snapshots/clean_build_2026_04_14/workspace/system_layer_cleanup/comparison	yes
snapshots/clean_build_2026_04_14/workspace/system_layer_cleanup/comparison/flags	yes
snapshots/clean_build_2026_04_14/workspace/system_layer_cleanup/comparison/harness	yes
snapshots/clean_build_2026_04_14/workspace/system_layer_cleanup/comparison/live_observer	yes
snapshots/clean_build_2026_04_14/workspace/system_layer_cleanup/comparison/shadow_outputs	yes
snapshots/clean_build_2026_04_14/workspace/system_layer_cleanup/inventory	yes
snapshots/clean_build_2026_04_14/workspace/system_layer_cleanup/plans	yes
snapshots/clean_build_2026_04_14/workspace/system_layer_cleanup/reports	yes
snapshots/clean_build_2026_04_14/workspace/system_layer_cleanup/split_scaffold	yes
snapshots/clean_build_2026_04_14/workspace/system_layer_cleanup/split_scaffold/alarm_layer	yes
snapshots/clean_build_2026_04_14/workspace/system_layer_cleanup/split_scaffold/core_kernel	yes
snapshots/clean_build_2026_04_14/workspace/system_layer_cleanup/split_scaffold/core_kernel/redundancy_slice	yes
snapshots/clean_build_2026_04_14/workspace/system_layer_cleanup/split_scaffold/core_kernel/safety_slice	yes
snapshots/clean_build_2026_04_14/workspace/system_layer_cleanup/split_scaffold/core_kernel/state_manager_slice	yes
snapshots/clean_build_2026_04_14/workspace/system_layer_cleanup/split_scaffold/core_kernel/watchdog_health_slice	yes
snapshots/clean_build_2026_04_14/workspace/system_layer_cleanup/split_scaffold/external_interface	yes
snapshots/clean_build_2026_04_14/workspace/system_layer_cleanup/split_scaffold/persistence	yes
snapshots/clean_build_2026_04_14/workspace/system_layer_cleanup/split_scaffold/scenario_layer	yes
snapshots/clean_build_2026_04_14/workspace/system_layer_cleanup/split_scaffold/time_context	yes
snapshots/clean_build_2026_04_14/компилятор	yes
snapshots/clean_build_2026_04_14/компилятор/logs	yes
snapshots/clean_build_2026_04_15	yes
snapshots/clean_build_2026_04_15/archive/cleanup_obsolete_tools	yes
snapshots/clean_build_2026_04_15/archive/cleanup_obsolete_tools/компилятор	yes
snapshots/clean_build_2026_04_15/archive/parked_dut/unused	yes
snapshots/clean_build_2026_04_15/archive/parked_fb/draft/heating	yes
snapshots/clean_build_2026_04_15/archive/parked_fb/draft/infrastructure	yes
snapshots/clean_build_2026_04_15/archive/parked_fb/draft/sensors	yes
snapshots/clean_build_2026_04_15/archive/parked_fb/draft/utils	yes
snapshots/clean_build_2026_04_15/archive/parked_fb/draft/ventilation	yes
snapshots/clean_build_2026_04_15/archive/parked_fb/legacy/detectors	yes
snapshots/clean_build_2026_04_15/archive/parked_fb/legacy/simulation	yes
snapshots/clean_build_2026_04_15/archive/parked_fb/legacy/valves	yes
snapshots/clean_build_2026_04_15/archive/parked_fb/unclear	yes
snapshots/clean_build_2026_04_15/docs	yes
snapshots/clean_build_2026_04_15/docs/architecture	yes
snapshots/clean_build_2026_04_15/docs/systems	yes
snapshots/clean_build_2026_04_15/save_2026-04-07	yes
snapshots/clean_build_2026_04_15/steps/MASTER_PIPELINE	yes
snapshots/clean_build_2026_04_15/steps/MASTER_PIPELINE/__pycache__	yes
snapshots/clean_build_2026_04_15/steps/MASTER_PIPELINE/archive_legacy_004	yes
snapshots/clean_build_2026_04_15/steps/MASTER_PIPELINE/archive_logs	yes
snapshots/clean_build_2026_04_15/steps/MASTER_PIPELINE/logs	yes
snapshots/clean_build_2026_04_15/steps/MASTER_PIPELINE/out	yes
snapshots/clean_build_2026_04_15/workspace	yes
snapshots/clean_build_2026_04_15/workspace/dut_rebuild	yes
snapshots/clean_build_2026_04_15/workspace/dut_rebuild/alarm	yes
snapshots/clean_build_2026_04_15/workspace/dut_rebuild/alarm/integration	yes
snapshots/clean_build_2026_04_15/workspace/dut_rebuild/alarm/runtime_hook/active_migration	yes
snapshots/clean_build_2026_04_15/workspace/dut_rebuild/alarm/runtime_hook/staging_clone	yes
snapshots/clean_build_2026_04_15/workspace/dut_rebuild/alarm/v2_core	yes
snapshots/clean_build_2026_04_15/workspace/dut_rebuild/alarm/v2_core/extraction	yes
snapshots/clean_build_2026_04_15/workspace/dut_rebuild/alarm/v2_core/reports	yes
snapshots/clean_build_2026_04_15/workspace/dut_rebuild/blinds_v2	yes
snapshots/clean_build_2026_04_15/workspace/dut_rebuild/blinds_v2/compatibility	yes
snapshots/clean_build_2026_04_15/workspace/dut_rebuild/blinds_v2/extraction	yes
snapshots/clean_build_2026_04_15/workspace/dut_rebuild/blinds_v2/reports	yes
snapshots/clean_build_2026_04_15/workspace/dut_rebuild/blinds_v2/staging	yes
snapshots/clean_build_2026_04_15/workspace/dut_rebuild/blinds_v2/v2_core	yes
snapshots/clean_build_2026_04_15/workspace/dut_rebuild/dhw_v2	yes
snapshots/clean_build_2026_04_15/workspace/dut_rebuild/dhw_v2/compatibility	yes
snapshots/clean_build_2026_04_15/workspace/dut_rebuild/dhw_v2/extraction	yes
snapshots/clean_build_2026_04_15/workspace/dut_rebuild/dhw_v2/reports	yes
snapshots/clean_build_2026_04_15/workspace/dut_rebuild/dhw_v2/staging	yes
snapshots/clean_build_2026_04_15/workspace/dut_rebuild/dhw_v2/v2_core	yes
snapshots/clean_build_2026_04_15/workspace/dut_rebuild/heating_v2	yes
snapshots/clean_build_2026_04_15/workspace/dut_rebuild/heating_v2/compatibility	yes
snapshots/clean_build_2026_04_15/workspace/dut_rebuild/heating_v2/extraction	yes
snapshots/clean_build_2026_04_15/workspace/dut_rebuild/heating_v2/reports	yes
snapshots/clean_build_2026_04_15/workspace/dut_rebuild/heating_v2/staging	yes
snapshots/clean_build_2026_04_15/workspace/dut_rebuild/heating_v2/v2_core	yes
snapshots/clean_build_2026_04_15/workspace/dut_rebuild/history_blackbox	yes
snapshots/clean_build_2026_04_15/workspace/dut_rebuild/history_blackbox_v2	yes
snapshots/clean_build_2026_04_15/workspace/dut_rebuild/history_blackbox_v2/compatibility	yes
snapshots/clean_build_2026_04_15/workspace/dut_rebuild/history_blackbox_v2/reports	yes
snapshots/clean_build_2026_04_15/workspace/dut_rebuild/history_blackbox_v2/v2_core	yes
snapshots/clean_build_2026_04_15/workspace/dut_rebuild/integration	yes
snapshots/clean_build_2026_04_15/workspace/dut_rebuild/integration/reports	yes
snapshots/clean_build_2026_04_15/workspace/dut_rebuild/integration/runtime_hook	yes
snapshots/clean_build_2026_04_15/workspace/dut_rebuild/integration/runtime_hook/active_migration	yes
snapshots/clean_build_2026_04_15/workspace/dut_rebuild/integration/runtime_hook/staging_clone	yes
snapshots/clean_build_2026_04_15/workspace/dut_rebuild/integration/runtime_hook/staging_clone/reports	yes
snapshots/clean_build_2026_04_15/workspace/dut_rebuild/lighting_v2	yes
snapshots/clean_build_2026_04_15/workspace/dut_rebuild/lighting_v2/compatibility	yes
snapshots/clean_build_2026_04_15/workspace/dut_rebuild/lighting_v2/extraction	yes
snapshots/clean_build_2026_04_15/workspace/dut_rebuild/lighting_v2/reports	yes
snapshots/clean_build_2026_04_15/workspace/dut_rebuild/lighting_v2/staging	yes
snapshots/clean_build_2026_04_15/workspace/dut_rebuild/lighting_v2/v2_core	yes
snapshots/clean_build_2026_04_15/workspace/dut_rebuild/reports	yes
snapshots/clean_build_2026_04_15/workspace/dut_rebuild/rule_engine	yes
snapshots/clean_build_2026_04_15/workspace/dut_rebuild/socket_v2	yes
snapshots/clean_build_2026_04_15/workspace/dut_rebuild/socket_v2/compatibility	yes
snapshots/clean_build_2026_04_15/workspace/dut_rebuild/socket_v2/extraction	yes
snapshots/clean_build_2026_04_15/workspace/dut_rebuild/socket_v2/reports	yes
snapshots/clean_build_2026_04_15/workspace/dut_rebuild/socket_v2/staging	yes
snapshots/clean_build_2026_04_15/workspace/dut_rebuild/socket_v2/v2_core	yes
snapshots/clean_build_2026_04_15/workspace/dut_rebuild/ventilation_v2	yes
snapshots/clean_build_2026_04_15/workspace/dut_rebuild/ventilation_v2/compatibility	yes
snapshots/clean_build_2026_04_15/workspace/dut_rebuild/ventilation_v2/extraction	yes
snapshots/clean_build_2026_04_15/workspace/dut_rebuild/ventilation_v2/reports	yes
snapshots/clean_build_2026_04_15/workspace/dut_rebuild/ventilation_v2/staging	yes
snapshots/clean_build_2026_04_15/workspace/dut_rebuild/ventilation_v2/v2_core	yes
snapshots/clean_build_2026_04_15/workspace/export_forensics	yes
snapshots/clean_build_2026_04_15/workspace/export_forensics/sandbox	yes
snapshots/clean_build_2026_04_15/workspace/export_forensics/sandbox/fb_astro_timer_diff	yes
snapshots/clean_build_2026_04_15/workspace/export_forensics/sandbox/pou_template_study	yes
snapshots/clean_build_2026_04_15/workspace/index	yes
snapshots/clean_build_2026_04_15/workspace/logs	yes
snapshots/clean_build_2026_04_15/workspace/system_layer_cleanup	yes
snapshots/clean_build_2026_04_15/workspace/system_layer_cleanup/comparison	yes
snapshots/clean_build_2026_04_15/workspace/system_layer_cleanup/comparison/flags	yes
snapshots/clean_build_2026_04_15/workspace/system_layer_cleanup/comparison/harness	yes
snapshots/clean_build_2026_04_15/workspace/system_layer_cleanup/comparison/live_observer	yes
snapshots/clean_build_2026_04_15/workspace/system_layer_cleanup/comparison/shadow_outputs	yes
snapshots/clean_build_2026_04_15/workspace/system_layer_cleanup/inventory	yes
snapshots/clean_build_2026_04_15/workspace/system_layer_cleanup/plans	yes
snapshots/clean_build_2026_04_15/workspace/system_layer_cleanup/reports	yes
snapshots/clean_build_2026_04_15/workspace/system_layer_cleanup/split_scaffold	yes
snapshots/clean_build_2026_04_15/workspace/system_layer_cleanup/split_scaffold/alarm_layer	yes
snapshots/clean_build_2026_04_15/workspace/system_layer_cleanup/split_scaffold/core_kernel	yes
snapshots/clean_build_2026_04_15/workspace/system_layer_cleanup/split_scaffold/core_kernel/redundancy_slice	yes
snapshots/clean_build_2026_04_15/workspace/system_layer_cleanup/split_scaffold/core_kernel/safety_slice	yes
snapshots/clean_build_2026_04_15/workspace/system_layer_cleanup/split_scaffold/core_kernel/state_manager_slice	yes
snapshots/clean_build_2026_04_15/workspace/system_layer_cleanup/split_scaffold/core_kernel/watchdog_health_slice	yes
snapshots/clean_build_2026_04_15/workspace/system_layer_cleanup/split_scaffold/external_interface	yes
snapshots/clean_build_2026_04_15/workspace/system_layer_cleanup/split_scaffold/persistence	yes
snapshots/clean_build_2026_04_15/workspace/system_layer_cleanup/split_scaffold/scenario_layer	yes
snapshots/clean_build_2026_04_15/workspace/system_layer_cleanup/split_scaffold/time_context	yes
snapshots/clean_build_2026_04_15/компилятор	yes
snapshots/clean_build_2026_04_15/компилятор/__pycache__	yes
snapshots/clean_build_2026_04_15/компилятор/logs	yes
snapshots/clean_build_2026_04_15/компилятор/out	yes
snapshots/clean_build_2026_04_15/компилятор/steps_pipeline	yes
snapshots/manual_probe_restore	yes
snapshots/stable_nvram_ok	yes
steps/MASTER_PIPELINE	yes
steps/MASTER_PIPELINE/__pycache__	yes
steps/MASTER_PIPELINE/archive_legacy_004	yes
steps/MASTER_PIPELINE/archive_logs	yes
steps/MASTER_PIPELINE/logs	yes
steps/MASTER_PIPELINE/out	yes
workspace	yes
workspace/dut_rebuild	yes
workspace/dut_rebuild/alarm	yes
workspace/dut_rebuild/alarm/integration	yes
workspace/dut_rebuild/alarm/runtime_hook/active_migration	yes
workspace/dut_rebuild/alarm/runtime_hook/staging_clone	yes
workspace/dut_rebuild/alarm/v2_core	yes
workspace/dut_rebuild/alarm/v2_core/extraction	yes
workspace/dut_rebuild/alarm/v2_core/reports	yes
workspace/dut_rebuild/blinds_v2	yes
workspace/dut_rebuild/blinds_v2/compatibility	yes
workspace/dut_rebuild/blinds_v2/extraction	yes
workspace/dut_rebuild/blinds_v2/reports	yes
workspace/dut_rebuild/blinds_v2/staging	yes
workspace/dut_rebuild/blinds_v2/v2_core	yes
workspace/dut_rebuild/dhw_v2	yes
workspace/dut_rebuild/dhw_v2/compatibility	yes
workspace/dut_rebuild/dhw_v2/extraction	yes
workspace/dut_rebuild/dhw_v2/reports	yes
workspace/dut_rebuild/dhw_v2/staging	yes
workspace/dut_rebuild/dhw_v2/v2_core	yes
workspace/dut_rebuild/heating_v2	yes
workspace/dut_rebuild/heating_v2/compatibility	yes
workspace/dut_rebuild/heating_v2/extraction	yes
workspace/dut_rebuild/heating_v2/reports	yes
workspace/dut_rebuild/heating_v2/staging	yes
workspace/dut_rebuild/heating_v2/v2_core	yes
workspace/dut_rebuild/history_blackbox	yes
workspace/dut_rebuild/history_blackbox_v2	yes
workspace/dut_rebuild/history_blackbox_v2/compatibility	yes
workspace/dut_rebuild/history_blackbox_v2/reports	yes
workspace/dut_rebuild/history_blackbox_v2/v2_core	yes
workspace/dut_rebuild/integration	yes
workspace/dut_rebuild/integration/reports	yes
workspace/dut_rebuild/integration/runtime_hook	yes
workspace/dut_rebuild/integration/runtime_hook/active_migration	yes
workspace/dut_rebuild/integration/runtime_hook/staging_clone	yes
workspace/dut_rebuild/integration/runtime_hook/staging_clone/reports	yes
workspace/dut_rebuild/lighting_v2	yes
workspace/dut_rebuild/lighting_v2/compatibility	yes
workspace/dut_rebuild/lighting_v2/extraction	yes
workspace/dut_rebuild/lighting_v2/reports	yes
workspace/dut_rebuild/lighting_v2/staging	yes
workspace/dut_rebuild/lighting_v2/v2_core	yes
workspace/dut_rebuild/reports	yes
workspace/dut_rebuild/rule_engine	yes
workspace/dut_rebuild/socket_v2	yes
workspace/dut_rebuild/socket_v2/compatibility	yes
workspace/dut_rebuild/socket_v2/extraction	yes
workspace/dut_rebuild/socket_v2/reports	yes
workspace/dut_rebuild/socket_v2/staging	yes
workspace/dut_rebuild/socket_v2/v2_core	yes
workspace/dut_rebuild/ventilation_v2	yes
workspace/dut_rebuild/ventilation_v2/compatibility	yes
workspace/dut_rebuild/ventilation_v2/extraction	yes
workspace/dut_rebuild/ventilation_v2/reports	yes
workspace/dut_rebuild/ventilation_v2/staging	yes
workspace/dut_rebuild/ventilation_v2/v2_core	yes
workspace/export_forensics	yes
workspace/export_forensics/sandbox	yes
workspace/export_forensics/sandbox/fb_astro_timer_diff	yes
workspace/export_forensics/sandbox/pou_template_study	yes
workspace/index	yes
workspace/logs	yes
workspace/system_layer_cleanup	yes
workspace/system_layer_cleanup/comparison	yes
workspace/system_layer_cleanup/comparison/flags	yes
workspace/system_layer_cleanup/comparison/harness	yes
workspace/system_layer_cleanup/comparison/live_observer	yes
workspace/system_layer_cleanup/comparison/shadow_outputs	yes
workspace/system_layer_cleanup/inventory	yes
workspace/system_layer_cleanup/plans	yes
workspace/system_layer_cleanup/reports	yes
workspace/system_layer_cleanup/split_scaffold	yes
workspace/system_layer_cleanup/split_scaffold/alarm_layer	yes
workspace/system_layer_cleanup/split_scaffold/core_kernel	yes
workspace/system_layer_cleanup/split_scaffold/core_kernel/redundancy_slice	yes
workspace/system_layer_cleanup/split_scaffold/core_kernel/safety_slice	yes
workspace/system_layer_cleanup/split_scaffold/core_kernel/state_manager_slice	yes
workspace/system_layer_cleanup/split_scaffold/core_kernel/watchdog_health_slice	yes
workspace/system_layer_cleanup/split_scaffold/external_interface	yes
workspace/system_layer_cleanup/split_scaffold/persistence	yes
workspace/system_layer_cleanup/split_scaffold/scenario_layer	yes
workspace/system_layer_cleanup/split_scaffold/time_context	yes
диагностика	yes
компилятор	yes
компилятор/__pycache__	yes
компилятор/logs	yes
компилятор/out	yes
компилятор/steps_pipeline	yes

===== DIR SUMMARY =====
dirs_total=456
dirs_writable=456
dirs_not_writable=0
]633;E;echo;e775d918-891c-48df-a093-fb6809d689d8]633;C
===== TEMP WRITE TEST =====
write test ok
temp_write_create_delete=ok
