./PRG_System.st.bak_step240:128:    L_Persist_Buffer : ARRAY[0..4] OF BYTE;
./PRG_System.st.bak_step240:130:    L_Persist_Buffer_Changed : BOOL;
./PRG_System.st.bak_step240:749:L_Persist_Buffer[0] := TO_BYTE(TO_INT(L_Persist_Struct.System_Mode));
./PRG_System.st.bak_step240:751:    L_Persist_Buffer[1] := BYTE#1;
./PRG_System.st.bak_step240:753:    L_Persist_Buffer[1] := BYTE#0;
./PRG_System.st.bak_step240:756:    L_Persist_Buffer[2] := BYTE#1;
./PRG_System.st.bak_step240:758:    L_Persist_Buffer[2] := BYTE#0;
./PRG_System.st.bak_step240:761:    L_Persist_Buffer[3] := BYTE#1;
./PRG_System.st.bak_step240:763:    L_Persist_Buffer[3] := BYTE#0;
./PRG_System.st.bak_step240:766:    L_Persist_Buffer[4] := BYTE#1;
./PRG_System.st.bak_step240:768:    L_Persist_Buffer[4] := BYTE#0;
./PRG_System.st.bak_step240:771:L_Persist_Buffer_Changed :=
./PRG_System.st.bak_step240:772:    (L_Persist_Buffer[0] <> L_Last_Written_Persist_Buffer[0]) OR
./PRG_System.st.bak_step240:773:    (L_Persist_Buffer[1] <> L_Last_Written_Persist_Buffer[1]) OR
./PRG_System.st.bak_step240:774:    (L_Persist_Buffer[2] <> L_Last_Written_Persist_Buffer[2]) OR
./PRG_System.st.bak_step240:775:    (L_Persist_Buffer[3] <> L_Last_Written_Persist_Buffer[3]) OR
./PRG_System.st.bak_step240:776:    (L_Persist_Buffer[4] <> L_Last_Written_Persist_Buffer[4]);
./PRG_System.st.bak_step240:786:ELSIF L_Persist_Buffer_Changed THEN
./PRG_System.st.bak_step240:797:    VI_DataRef := L_Persist_Buffer[0],
./PRG_System.st.bak_step240:809:    L_Last_Written_Persist_Buffer[0] := L_Persist_Buffer[0];
./PRG_System.st.bak_step240:810:    L_Last_Written_Persist_Buffer[1] := L_Persist_Buffer[1];
./PRG_System.st.bak_step240:811:    L_Last_Written_Persist_Buffer[2] := L_Persist_Buffer[2];
./PRG_System.st.bak_step240:812:    L_Last_Written_Persist_Buffer[3] := L_Persist_Buffer[3];
./PRG_System.st.bak_step240:813:    L_Last_Written_Persist_Buffer[4] := L_Persist_Buffer[4];
./steps/2026-04-16_pack_nvram_buffer_from_struct_adapter/01_pack_nvram_buffer_from_struct_adapter.py:7:    "L_Persist_Buffer[0] := TO_BYTE(TO_INT(GVL_STATE.G_System_Mode));":
./steps/2026-04-16_pack_nvram_buffer_from_struct_adapter/01_pack_nvram_buffer_from_struct_adapter.py:8:    "L_Persist_Buffer[0] := TO_BYTE(TO_INT(L_Persist_Struct.System_Mode));",
./steps/2026-04-16_pack_nvram_buffer_from_struct_adapter/01_pack_nvram_buffer_from_struct_adapter.py:29:print("OK: L_Persist_Buffer now packs from L_Persist_Struct")
./компилятор/out/RESULT_methods_clean.xml:18296:            <variable name="L_Persist_Buffer">
./компилятор/out/RESULT_methods_clean.xml:18306:            <variable name="L_Persist_Buffer_Changed">
./компилятор/out/RESULT_methods_clean.xml:18943:L_Persist_Buffer[0] := TO_BYTE(TO_INT(L_Persist_Struct.System_Mode));
./компилятор/out/RESULT_methods_clean.xml:18945:    L_Persist_Buffer[1] := BYTE#1;
./компилятор/out/RESULT_methods_clean.xml:18947:    L_Persist_Buffer[1] := BYTE#0;
./компилятор/out/RESULT_methods_clean.xml:18950:    L_Persist_Buffer[2] := BYTE#1;
./компилятор/out/RESULT_methods_clean.xml:18952:    L_Persist_Buffer[2] := BYTE#0;
./компилятор/out/RESULT_methods_clean.xml:18955:    L_Persist_Buffer[3] := BYTE#1;
./компилятор/out/RESULT_methods_clean.xml:18957:    L_Persist_Buffer[3] := BYTE#0;
./компилятор/out/RESULT_methods_clean.xml:18960:    L_Persist_Buffer[4] := BYTE#1;
./компилятор/out/RESULT_methods_clean.xml:18962:    L_Persist_Buffer[4] := BYTE#0;
./компилятор/out/RESULT_methods_clean.xml:18965:L_Persist_Buffer_Changed :=
./компилятор/out/RESULT_methods_clean.xml:18966:    (L_Persist_Buffer[0] &lt;&gt; L_Last_Written_Persist_Buffer[0]) OR
./компилятор/out/RESULT_methods_clean.xml:18967:    (L_Persist_Buffer[1] &lt;&gt; L_Last_Written_Persist_Buffer[1]) OR
./компилятор/out/RESULT_methods_clean.xml:18968:    (L_Persist_Buffer[2] &lt;&gt; L_Last_Written_Persist_Buffer[2]) OR
./компилятор/out/RESULT_methods_clean.xml:18969:    (L_Persist_Buffer[3] &lt;&gt; L_Last_Written_Persist_Buffer[3]) OR
./компилятор/out/RESULT_methods_clean.xml:18970:    (L_Persist_Buffer[4] &lt;&gt; L_Last_Written_Persist_Buffer[4]);
./компилятор/out/RESULT_methods_clean.xml:18980:ELSIF L_Persist_Buffer_Changed THEN
./компилятор/out/RESULT_methods_clean.xml:18991:    VI_DataRef := L_Persist_Buffer[0],
./компилятор/out/RESULT_methods_clean.xml:19003:    L_Last_Written_Persist_Buffer[0] := L_Persist_Buffer[0];
./компилятор/out/RESULT_methods_clean.xml:19004:    L_Last_Written_Persist_Buffer[1] := L_Persist_Buffer[1];
./компилятор/out/RESULT_methods_clean.xml:19005:    L_Last_Written_Persist_Buffer[2] := L_Persist_Buffer[2];
./компилятор/out/RESULT_methods_clean.xml:19006:    L_Last_Written_Persist_Buffer[3] := L_Persist_Buffer[3];
./компилятор/out/RESULT_methods_clean.xml:19007:    L_Last_Written_Persist_Buffer[4] := L_Persist_Buffer[4];
./repo_logs/nvram/2026_04_16/step_19_persist_write_precheck.log:79:    L_Persist_Buffer : ARRAY[0..4] OF BYTE;
./repo_logs/nvram/2026_04_16/step_19_persist_write_precheck.log:81:    L_Persist_Buffer_Changed : BOOL;
./repo_logs/nvram/2026_04_16/step_19_persist_write_precheck.log:186:76:    L_Persist_Buffer : ARRAY[0..4] OF BYTE;
./repo_logs/nvram/2026_04_16/step_19_persist_write_precheck.log:188:78:    L_Persist_Buffer_Changed : BOOL;
./repo_logs/nvram/2026_04_16/step_19_persist_write_precheck.log:194:674:L_Persist_Buffer[0] := TO_BYTE(TO_INT(GVL_STATE.G_System_Mode));
./repo_logs/nvram/2026_04_16/step_19_persist_write_precheck.log:195:676:    L_Persist_Buffer[1] := BYTE#1;
./repo_logs/nvram/2026_04_16/step_19_persist_write_precheck.log:196:678:    L_Persist_Buffer[1] := BYTE#0;
./repo_logs/nvram/2026_04_16/step_19_persist_write_precheck.log:197:681:    L_Persist_Buffer[2] := BYTE#1;
./repo_logs/nvram/2026_04_16/step_19_persist_write_precheck.log:198:683:    L_Persist_Buffer[2] := BYTE#0;
./repo_logs/nvram/2026_04_16/step_19_persist_write_precheck.log:199:686:    L_Persist_Buffer[3] := BYTE#1;
./repo_logs/nvram/2026_04_16/step_19_persist_write_precheck.log:200:688:    L_Persist_Buffer[3] := BYTE#0;
./repo_logs/nvram/2026_04_16/step_19_persist_write_precheck.log:201:691:    L_Persist_Buffer[4] := BYTE#1;
./repo_logs/nvram/2026_04_16/step_19_persist_write_precheck.log:202:693:    L_Persist_Buffer[4] := BYTE#0;
./repo_logs/nvram/2026_04_16/step_19_persist_write_precheck.log:203:696:L_Persist_Buffer_Changed :=
./repo_logs/nvram/2026_04_16/step_19_persist_write_precheck.log:204:697:    (L_Persist_Buffer[0] <> L_Last_Written_Persist_Buffer[0]) OR
./repo_logs/nvram/2026_04_16/step_19_persist_write_precheck.log:205:698:    (L_Persist_Buffer[1] <> L_Last_Written_Persist_Buffer[1]) OR
./repo_logs/nvram/2026_04_16/step_19_persist_write_precheck.log:206:699:    (L_Persist_Buffer[2] <> L_Last_Written_Persist_Buffer[2]) OR
./repo_logs/nvram/2026_04_16/step_19_persist_write_precheck.log:207:700:    (L_Persist_Buffer[3] <> L_Last_Written_Persist_Buffer[3]) OR
./repo_logs/nvram/2026_04_16/step_19_persist_write_precheck.log:208:701:    (L_Persist_Buffer[4] <> L_Last_Written_Persist_Buffer[4]);
./repo_logs/nvram/2026_04_16/step_19_persist_write_precheck.log:209:716:ELSIF L_Persist_Buffer_Changed THEN
./repo_logs/nvram/2026_04_16/step_19_persist_write_precheck.log:212:727:    VI_DataRef := L_Persist_Buffer[0],
./repo_logs/nvram/2026_04_16/step_19_persist_write_precheck.log:213:739:    L_Last_Written_Persist_Buffer[0] := L_Persist_Buffer[0];
./repo_logs/nvram/2026_04_16/step_19_persist_write_precheck.log:214:740:    L_Last_Written_Persist_Buffer[1] := L_Persist_Buffer[1];
./repo_logs/nvram/2026_04_16/step_19_persist_write_precheck.log:215:741:    L_Last_Written_Persist_Buffer[2] := L_Persist_Buffer[2];
./repo_logs/nvram/2026_04_16/step_19_persist_write_precheck.log:216:742:    L_Last_Written_Persist_Buffer[3] := L_Persist_Buffer[3];
./repo_logs/nvram/2026_04_16/step_19_persist_write_precheck.log:217:743:    L_Last_Written_Persist_Buffer[4] := L_Persist_Buffer[4];
./repo_logs/nvram/2026_04_16/step_17_startup_entry.log:2374:    L_Persist_Buffer : ARRAY[0..4] OF BYTE;
./repo_logs/nvram/2026_04_16/step_17_startup_entry.log:2376:    L_Persist_Buffer_Changed : BOOL;
./repo_logs/nvram/2026_04_16/step_16_nvram_runtime_flow.log:777:    L_Persist_Buffer : ARRAY[0..4] OF BYTE;
./repo_logs/nvram/2026_04_16/step_16_nvram_runtime_flow.log:779:    L_Persist_Buffer_Changed : BOOL;
./repo_logs/assistant_bridge/2026_04_19/step_269b_snapshot_real_audit/snapshot_real_audit.log:10534:./repo_logs/assistant_bridge/2026_04_16/step_05_persistence_path_reconciliation/persistence_path_reconciliation.log:1222:./snapshots/project_clean_state_2026_04_16/компилятор/out/RESULT_methods_clean.xml:19717:    VI_DataRef := L_Persist_Buffer[0],
./repo_logs/assistant_bridge/2026_04_19/step_269b_snapshot_real_audit/snapshot_real_audit.log:10654:./repo_logs/assistant_bridge/2026_04_16/step_05_persistence_path_reconciliation/persistence_path_reconciliation.log:1342:./snapshots/project_clean_state_2026_04_16/PRG_System.st:727:    VI_DataRef := L_Persist_Buffer[0],
./repo_logs/assistant_bridge/2026_04_19/step_269b_snapshot_real_audit/snapshot_real_audit.log:10682:./repo_logs/assistant_bridge/2026_04_16/step_05_persistence_path_reconciliation/persistence_path_reconciliation.log:1370:./snapshots/clean_build_2026_04_16/компилятор/out/RESULT_methods_clean.xml:19717:    VI_DataRef := L_Persist_Buffer[0],
./repo_logs/assistant_bridge/2026_04_19/step_269b_snapshot_real_audit/snapshot_real_audit.log:36088:./repo_logs/assistant_bridge/2026_04_16/step_05_persistence_path_reconciliation/persistence_path_reconciliation.log:925:./repo_logs/nvram/2026_04_16/step_19_persist_write_precheck.log:212:727:    VI_DataRef := L_Persist_Buffer[0],
./repo_logs/assistant_bridge/2026_04_19/step_269b_snapshot_real_audit/snapshot_real_audit.log:36192:./repo_logs/assistant_bridge/2026_04_16/step_05_persistence_path_reconciliation/persistence_path_reconciliation.log:1029:./repo_logs/assistant_bridge/2026_04_16/step_03_nvram_write_flow/nvram_write_flow.log:36:727:    VI_DataRef := L_Persist_Buffer[0],
./repo_logs/assistant_bridge/2026_04_19/step_269b_snapshot_real_audit/snapshot_real_audit.log:36193:./repo_logs/assistant_bridge/2026_04_16/step_05_persistence_path_reconciliation/persistence_path_reconciliation.log:1030:./repo_logs/assistant_bridge/2026_04_16/step_03_nvram_write_flow/nvram_write_flow.log:64:727:    VI_DataRef := L_Persist_Buffer[0],
./repo_logs/assistant_bridge/2026_04_19/step_269b_snapshot_real_audit/snapshot_real_audit.log:36195:./repo_logs/assistant_bridge/2026_04_16/step_05_persistence_path_reconciliation/persistence_path_reconciliation.log:1032:./repo_logs/assistant_bridge/2026_04_16/step_03_nvram_write_flow/nvram_write_flow.log:153:    VI_DataRef := L_Persist_Buffer[0],
./repo_logs/assistant_bridge/2026_04_19/step_269b_snapshot_real_audit/snapshot_real_audit.log:37741:./repo_logs/assistant_bridge/2026_04_16/step_36_gateway_interface_audit/gateway_interface_audit.log:3249:./steps/2026-04-16_pack_nvram_buffer_from_struct_adapter/01_pack_nvram_buffer_from_struct_adapter.py:29:print("OK: L_Persist_Buffer now packs from L_Persist_Struct")
./repo_logs/assistant_bridge/2026_04_19/step_269b_snapshot_real_audit/snapshot_real_audit.log:38066:./repo_logs/assistant_bridge/2026_04_16/step_36_gateway_interface_audit/gateway_interface_audit.log:4028:./repo_logs/assistant_bridge/2026_04_16/step_13_pack_nvram_buffer_from_struct_adapter/pack_nvram_buffer_from_struct_adapter.log:63:OK: L_Persist_Buffer now packs from L_Persist_Struct
./repo_logs/assistant_bridge/2026_04_19/step_269b_snapshot_real_audit/snapshot_real_audit.log:62581:    L_Persist_Buffer : ARRAY[0..4] OF BYTE;
./repo_logs/assistant_bridge/2026_04_19/step_269b_snapshot_real_audit/snapshot_real_audit.log:62583:    L_Persist_Buffer_Changed : BOOL;
./repo_logs/assistant_bridge/2026_04_19/step_269_snapshot_architecture_audit/snapshot_architecture_audit.log:2215:169-    L_Persist_Buffer : ARRAY[0..4] OF BYTE;
./repo_logs/assistant_bridge/2026_04_19/step_269_snapshot_architecture_audit/snapshot_architecture_audit.log:2217:171-    L_Persist_Buffer_Changed : BOOL;
./repo_logs/assistant_bridge/2026_04_17/step_141_142_repair_restore_persist_and_gateway_enum/repair_restore_persist_and_gateway_enum.log:90:699:L_Persist_Buffer[0] := TO_BYTE(TO_INT(L_Persist_Struct.System_Mode));
./repo_logs/assistant_bridge/2026_04_17/step_156a_diag_trend_extend_failure/diag_trend_extend_failure.log:185:    L_Persist_Buffer : ARRAY[0..4] OF BYTE;
./repo_logs/assistant_bridge/2026_04_17/step_156a_diag_trend_extend_failure/diag_trend_extend_failure.log:187:    L_Persist_Buffer_Changed : BOOL;
./repo_logs/assistant_bridge/2026_04_16/step_05_persistence_path_reconciliation/persistence_path_reconciliation.log:643:PRG_System.st:727:    VI_DataRef := L_Persist_Buffer[0],
./repo_logs/assistant_bridge/2026_04_16/step_05_persistence_path_reconciliation/persistence_path_reconciliation.log:909:./компилятор/out/RESULT_methods_clean.xml:19720:    VI_DataRef := L_Persist_Buffer[0],
./repo_logs/assistant_bridge/2026_04_16/step_05_persistence_path_reconciliation/persistence_path_reconciliation.log:925:./repo_logs/nvram/2026_04_16/step_19_persist_write_precheck.log:212:727:    VI_DataRef := L_Persist_Buffer[0],
./repo_logs/assistant_bridge/2026_04_16/step_05_persistence_path_reconciliation/persistence_path_reconciliation.log:1029:./repo_logs/assistant_bridge/2026_04_16/step_03_nvram_write_flow/nvram_write_flow.log:36:727:    VI_DataRef := L_Persist_Buffer[0],
./repo_logs/assistant_bridge/2026_04_16/step_05_persistence_path_reconciliation/persistence_path_reconciliation.log:1030:./repo_logs/assistant_bridge/2026_04_16/step_03_nvram_write_flow/nvram_write_flow.log:64:727:    VI_DataRef := L_Persist_Buffer[0],
./repo_logs/assistant_bridge/2026_04_16/step_05_persistence_path_reconciliation/persistence_path_reconciliation.log:1032:./repo_logs/assistant_bridge/2026_04_16/step_03_nvram_write_flow/nvram_write_flow.log:153:    VI_DataRef := L_Persist_Buffer[0],
./repo_logs/assistant_bridge/2026_04_16/step_05_persistence_path_reconciliation/persistence_path_reconciliation.log:1222:./snapshots/project_clean_state_2026_04_16/компилятор/out/RESULT_methods_clean.xml:19717:    VI_DataRef := L_Persist_Buffer[0],
./repo_logs/assistant_bridge/2026_04_16/step_05_persistence_path_reconciliation/persistence_path_reconciliation.log:1342:./snapshots/project_clean_state_2026_04_16/PRG_System.st:727:    VI_DataRef := L_Persist_Buffer[0],
./repo_logs/assistant_bridge/2026_04_16/step_05_persistence_path_reconciliation/persistence_path_reconciliation.log:1370:./snapshots/clean_build_2026_04_16/компилятор/out/RESULT_methods_clean.xml:19717:    VI_DataRef := L_Persist_Buffer[0],
./repo_logs/assistant_bridge/2026_04_16/step_05_persistence_path_reconciliation/persistence_path_reconciliation.log:1477:./PRG_System.st:727:    VI_DataRef := L_Persist_Buffer[0],
./repo_logs/assistant_bridge/2026_04_16/step_05_persistence_path_reconciliation/persistence_path_reconciliation.log:1525:    L_Persist_Buffer[4] := BYTE#1;
./repo_logs/assistant_bridge/2026_04_16/step_05_persistence_path_reconciliation/persistence_path_reconciliation.log:1527:    L_Persist_Buffer[4] := BYTE#0;
./repo_logs/assistant_bridge/2026_04_16/step_05_persistence_path_reconciliation/persistence_path_reconciliation.log:1530:L_Persist_Buffer_Changed :=
./repo_logs/assistant_bridge/2026_04_16/step_05_persistence_path_reconciliation/persistence_path_reconciliation.log:1531:    (L_Persist_Buffer[0] <> L_Last_Written_Persist_Buffer[0]) OR
./repo_logs/assistant_bridge/2026_04_16/step_05_persistence_path_reconciliation/persistence_path_reconciliation.log:1532:    (L_Persist_Buffer[1] <> L_Last_Written_Persist_Buffer[1]) OR
./repo_logs/assistant_bridge/2026_04_16/step_05_persistence_path_reconciliation/persistence_path_reconciliation.log:1533:    (L_Persist_Buffer[2] <> L_Last_Written_Persist_Buffer[2]) OR
./repo_logs/assistant_bridge/2026_04_16/step_05_persistence_path_reconciliation/persistence_path_reconciliation.log:1534:    (L_Persist_Buffer[3] <> L_Last_Written_Persist_Buffer[3]) OR
./repo_logs/assistant_bridge/2026_04_16/step_05_persistence_path_reconciliation/persistence_path_reconciliation.log:1535:    (L_Persist_Buffer[4] <> L_Last_Written_Persist_Buffer[4]);
./repo_logs/assistant_bridge/2026_04_16/step_05_persistence_path_reconciliation/persistence_path_reconciliation.log:1550:ELSIF L_Persist_Buffer_Changed THEN
./repo_logs/assistant_bridge/2026_04_16/step_05_persistence_path_reconciliation/persistence_path_reconciliation.log:1561:    VI_DataRef := L_Persist_Buffer[0],
./repo_logs/assistant_bridge/2026_04_16/step_05_persistence_path_reconciliation/persistence_path_reconciliation.log:1573:    L_Last_Written_Persist_Buffer[0] := L_Persist_Buffer[0];
./repo_logs/assistant_bridge/2026_04_16/step_05_persistence_path_reconciliation/persistence_path_reconciliation.log:1574:    L_Last_Written_Persist_Buffer[1] := L_Persist_Buffer[1];
./repo_logs/assistant_bridge/2026_04_16/step_05_persistence_path_reconciliation/persistence_path_reconciliation.log:1575:    L_Last_Written_Persist_Buffer[2] := L_Persist_Buffer[2];
./repo_logs/assistant_bridge/2026_04_16/step_05_persistence_path_reconciliation/persistence_path_reconciliation.log:1576:    L_Last_Written_Persist_Buffer[3] := L_Persist_Buffer[3];
./repo_logs/assistant_bridge/2026_04_16/step_05_persistence_path_reconciliation/persistence_path_reconciliation.log:1577:    L_Last_Written_Persist_Buffer[4] := L_Persist_Buffer[4];
./repo_logs/assistant_bridge/2026_04_16/step_14_nvram_final_state/nvram_final_state.log:12:PRG_System.st:75:    L_Persist_Buffer : ARRAY[0..4] OF BYTE;
./repo_logs/assistant_bridge/2026_04_16/step_14_nvram_final_state/nvram_final_state.log:14:PRG_System.st:77:    L_Persist_Buffer_Changed : BOOL;
./repo_logs/assistant_bridge/2026_04_16/step_14_nvram_final_state/nvram_final_state.log:21:PRG_System.st:674:L_Persist_Buffer[0] := TO_BYTE(TO_INT(L_Persist_Struct.System_Mode));
./repo_logs/assistant_bridge/2026_04_16/step_14_nvram_final_state/nvram_final_state.log:23:PRG_System.st:676:    L_Persist_Buffer[1] := BYTE#1;
./repo_logs/assistant_bridge/2026_04_16/step_14_nvram_final_state/nvram_final_state.log:24:PRG_System.st:678:    L_Persist_Buffer[1] := BYTE#0;
./repo_logs/assistant_bridge/2026_04_16/step_14_nvram_final_state/nvram_final_state.log:26:PRG_System.st:681:    L_Persist_Buffer[2] := BYTE#1;
./repo_logs/assistant_bridge/2026_04_16/step_14_nvram_final_state/nvram_final_state.log:27:PRG_System.st:683:    L_Persist_Buffer[2] := BYTE#0;
./repo_logs/assistant_bridge/2026_04_16/step_14_nvram_final_state/nvram_final_state.log:29:PRG_System.st:686:    L_Persist_Buffer[3] := BYTE#1;
./repo_logs/assistant_bridge/2026_04_16/step_14_nvram_final_state/nvram_final_state.log:30:PRG_System.st:688:    L_Persist_Buffer[3] := BYTE#0;
./repo_logs/assistant_bridge/2026_04_16/step_14_nvram_final_state/nvram_final_state.log:32:PRG_System.st:691:    L_Persist_Buffer[4] := BYTE#1;
./repo_logs/assistant_bridge/2026_04_16/step_14_nvram_final_state/nvram_final_state.log:33:PRG_System.st:693:    L_Persist_Buffer[4] := BYTE#0;
./repo_logs/assistant_bridge/2026_04_16/step_14_nvram_final_state/nvram_final_state.log:34:PRG_System.st:696:L_Persist_Buffer_Changed :=
./repo_logs/assistant_bridge/2026_04_16/step_14_nvram_final_state/nvram_final_state.log:35:PRG_System.st:697:    (L_Persist_Buffer[0] <> L_Last_Written_Persist_Buffer[0]) OR
./repo_logs/assistant_bridge/2026_04_16/step_14_nvram_final_state/nvram_final_state.log:36:PRG_System.st:698:    (L_Persist_Buffer[1] <> L_Last_Written_Persist_Buffer[1]) OR
./repo_logs/assistant_bridge/2026_04_16/step_14_nvram_final_state/nvram_final_state.log:37:PRG_System.st:699:    (L_Persist_Buffer[2] <> L_Last_Written_Persist_Buffer[2]) OR
./repo_logs/assistant_bridge/2026_04_16/step_14_nvram_final_state/nvram_final_state.log:38:PRG_System.st:700:    (L_Persist_Buffer[3] <> L_Last_Written_Persist_Buffer[3]) OR
./repo_logs/assistant_bridge/2026_04_16/step_14_nvram_final_state/nvram_final_state.log:39:PRG_System.st:701:    (L_Persist_Buffer[4] <> L_Last_Written_Persist_Buffer[4]);
./repo_logs/assistant_bridge/2026_04_16/step_14_nvram_final_state/nvram_final_state.log:40:PRG_System.st:711:ELSIF L_Persist_Buffer_Changed THEN
./repo_logs/assistant_bridge/2026_04_16/step_14_nvram_final_state/nvram_final_state.log:43:PRG_System.st:722:    VI_DataRef := L_Persist_Buffer[0],
./repo_logs/assistant_bridge/2026_04_16/step_14_nvram_final_state/nvram_final_state.log:44:PRG_System.st:734:    L_Last_Written_Persist_Buffer[0] := L_Persist_Buffer[0];
./repo_logs/assistant_bridge/2026_04_16/step_14_nvram_final_state/nvram_final_state.log:45:PRG_System.st:735:    L_Last_Written_Persist_Buffer[1] := L_Persist_Buffer[1];
./repo_logs/assistant_bridge/2026_04_16/step_14_nvram_final_state/nvram_final_state.log:46:PRG_System.st:736:    L_Last_Written_Persist_Buffer[2] := L_Persist_Buffer[2];
./repo_logs/assistant_bridge/2026_04_16/step_14_nvram_final_state/nvram_final_state.log:47:PRG_System.st:737:    L_Last_Written_Persist_Buffer[3] := L_Persist_Buffer[3];
./repo_logs/assistant_bridge/2026_04_16/step_14_nvram_final_state/nvram_final_state.log:48:PRG_System.st:738:    L_Last_Written_Persist_Buffer[4] := L_Persist_Buffer[4];
./repo_logs/assistant_bridge/2026_04_16/step_14_nvram_final_state/nvram_final_state.log:73:L_Persist_Buffer[0] := TO_BYTE(TO_INT(L_Persist_Struct.System_Mode));
./repo_logs/assistant_bridge/2026_04_16/step_14_nvram_final_state/nvram_final_state.log:75:    L_Persist_Buffer[1] := BYTE#1;
./repo_logs/assistant_bridge/2026_04_16/step_14_nvram_final_state/nvram_final_state.log:77:    L_Persist_Buffer[1] := BYTE#0;
./repo_logs/assistant_bridge/2026_04_16/step_14_nvram_final_state/nvram_final_state.log:80:    L_Persist_Buffer[2] := BYTE#1;
./repo_logs/assistant_bridge/2026_04_16/step_14_nvram_final_state/nvram_final_state.log:82:    L_Persist_Buffer[2] := BYTE#0;
./repo_logs/assistant_bridge/2026_04_16/step_14_nvram_final_state/nvram_final_state.log:85:    L_Persist_Buffer[3] := BYTE#1;
./repo_logs/assistant_bridge/2026_04_16/step_14_nvram_final_state/nvram_final_state.log:87:    L_Persist_Buffer[3] := BYTE#0;
./repo_logs/assistant_bridge/2026_04_16/step_14_nvram_final_state/nvram_final_state.log:90:    L_Persist_Buffer[4] := BYTE#1;
./repo_logs/assistant_bridge/2026_04_16/step_14_nvram_final_state/nvram_final_state.log:92:    L_Persist_Buffer[4] := BYTE#0;
./repo_logs/assistant_bridge/2026_04_16/step_14_nvram_final_state/nvram_final_state.log:95:L_Persist_Buffer_Changed :=
./repo_logs/assistant_bridge/2026_04_16/step_14_nvram_final_state/nvram_final_state.log:96:    (L_Persist_Buffer[0] <> L_Last_Written_Persist_Buffer[0]) OR
./repo_logs/assistant_bridge/2026_04_16/step_14_nvram_final_state/nvram_final_state.log:97:    (L_Persist_Buffer[1] <> L_Last_Written_Persist_Buffer[1]) OR
./repo_logs/assistant_bridge/2026_04_16/step_14_nvram_final_state/nvram_final_state.log:98:    (L_Persist_Buffer[2] <> L_Last_Written_Persist_Buffer[2]) OR
./repo_logs/assistant_bridge/2026_04_16/step_14_nvram_final_state/nvram_final_state.log:99:    (L_Persist_Buffer[3] <> L_Last_Written_Persist_Buffer[3]) OR
./repo_logs/assistant_bridge/2026_04_16/step_14_nvram_final_state/nvram_final_state.log:100:    (L_Persist_Buffer[4] <> L_Last_Written_Persist_Buffer[4]);
./repo_logs/assistant_bridge/2026_04_16/step_14_nvram_final_state/nvram_final_state.log:110:ELSIF L_Persist_Buffer_Changed THEN
./repo_logs/assistant_bridge/2026_04_16/step_14_nvram_final_state/nvram_final_state.log:121:    VI_DataRef := L_Persist_Buffer[0],
./repo_logs/assistant_bridge/2026_04_16/step_33_prg_system_final_audit/prg_system_final_audit.log:24:687:L_Persist_Buffer[0] := TO_BYTE(TO_INT(L_Persist_Struct.System_Mode));
./repo_logs/assistant_bridge/2026_04_16/step_02_nvram_topology/nvram_topology.log:567:    L_Persist_Buffer : ARRAY[0..4] OF BYTE;
./repo_logs/assistant_bridge/2026_04_16/step_02_nvram_topology/nvram_topology.log:569:    L_Persist_Buffer_Changed : BOOL;
./repo_logs/assistant_bridge/2026_04_16/step_15_prg_system_event_scenario_audit/prg_system_event_scenario_audit.log:123:77:    L_Persist_Buffer_Changed : BOOL;
./repo_logs/assistant_bridge/2026_04_16/step_15_prg_system_event_scenario_audit/prg_system_event_scenario_audit.log:124:696:L_Persist_Buffer_Changed :=
./repo_logs/assistant_bridge/2026_04_16/step_15_prg_system_event_scenario_audit/prg_system_event_scenario_audit.log:125:711:ELSIF L_Persist_Buffer_Changed THEN
./repo_logs/assistant_bridge/2026_04_16/step_15_prg_system_event_scenario_audit/prg_system_event_scenario_audit.log:253:L_Persist_Buffer[0] := TO_BYTE(TO_INT(L_Persist_Struct.System_Mode));
./repo_logs/assistant_bridge/2026_04_16/step_15_prg_system_event_scenario_audit/prg_system_event_scenario_audit.log:255:    L_Persist_Buffer[1] := BYTE#1;
./repo_logs/assistant_bridge/2026_04_16/step_15_prg_system_event_scenario_audit/prg_system_event_scenario_audit.log:257:    L_Persist_Buffer[1] := BYTE#0;
./repo_logs/assistant_bridge/2026_04_16/step_15_prg_system_event_scenario_audit/prg_system_event_scenario_audit.log:260:    L_Persist_Buffer[2] := BYTE#1;
./repo_logs/assistant_bridge/2026_04_16/step_15_prg_system_event_scenario_audit/prg_system_event_scenario_audit.log:262:    L_Persist_Buffer[2] := BYTE#0;
./repo_logs/assistant_bridge/2026_04_16/step_15_prg_system_event_scenario_audit/prg_system_event_scenario_audit.log:265:    L_Persist_Buffer[3] := BYTE#1;
./repo_logs/assistant_bridge/2026_04_16/step_15_prg_system_event_scenario_audit/prg_system_event_scenario_audit.log:267:    L_Persist_Buffer[3] := BYTE#0;
./repo_logs/assistant_bridge/2026_04_16/step_19_cleanup_dead_var_tail/cleanup_dead_var_tail.log:32:    L_Persist_Buffer : ARRAY[0..4] OF BYTE;
./repo_logs/assistant_bridge/2026_04_16/step_19_cleanup_dead_var_tail/cleanup_dead_var_tail.log:34:    L_Persist_Buffer_Changed : BOOL;
./repo_logs/assistant_bridge/2026_04_16/step_03_nvram_write_flow/nvram_write_flow.log:14:76:    L_Persist_Buffer : ARRAY[0..4] OF BYTE;
./repo_logs/assistant_bridge/2026_04_16/step_03_nvram_write_flow/nvram_write_flow.log:16:78:    L_Persist_Buffer_Changed : BOOL;
./repo_logs/assistant_bridge/2026_04_16/step_03_nvram_write_flow/nvram_write_flow.log:18:674:L_Persist_Buffer[0] := TO_BYTE(TO_INT(GVL_STATE.G_System_Mode));
./repo_logs/assistant_bridge/2026_04_16/step_03_nvram_write_flow/nvram_write_flow.log:19:676:    L_Persist_Buffer[1] := BYTE#1;
./repo_logs/assistant_bridge/2026_04_16/step_03_nvram_write_flow/nvram_write_flow.log:20:678:    L_Persist_Buffer[1] := BYTE#0;
./repo_logs/assistant_bridge/2026_04_16/step_03_nvram_write_flow/nvram_write_flow.log:21:681:    L_Persist_Buffer[2] := BYTE#1;
./repo_logs/assistant_bridge/2026_04_16/step_03_nvram_write_flow/nvram_write_flow.log:22:683:    L_Persist_Buffer[2] := BYTE#0;
./repo_logs/assistant_bridge/2026_04_16/step_03_nvram_write_flow/nvram_write_flow.log:23:686:    L_Persist_Buffer[3] := BYTE#1;
./repo_logs/assistant_bridge/2026_04_16/step_03_nvram_write_flow/nvram_write_flow.log:24:688:    L_Persist_Buffer[3] := BYTE#0;
./repo_logs/assistant_bridge/2026_04_16/step_03_nvram_write_flow/nvram_write_flow.log:25:691:    L_Persist_Buffer[4] := BYTE#1;
./repo_logs/assistant_bridge/2026_04_16/step_03_nvram_write_flow/nvram_write_flow.log:26:693:    L_Persist_Buffer[4] := BYTE#0;
./repo_logs/assistant_bridge/2026_04_16/step_03_nvram_write_flow/nvram_write_flow.log:27:696:L_Persist_Buffer_Changed :=
./repo_logs/assistant_bridge/2026_04_16/step_03_nvram_write_flow/nvram_write_flow.log:28:697:    (L_Persist_Buffer[0] <> L_Last_Written_Persist_Buffer[0]) OR
./repo_logs/assistant_bridge/2026_04_16/step_03_nvram_write_flow/nvram_write_flow.log:29:698:    (L_Persist_Buffer[1] <> L_Last_Written_Persist_Buffer[1]) OR
./repo_logs/assistant_bridge/2026_04_16/step_03_nvram_write_flow/nvram_write_flow.log:30:699:    (L_Persist_Buffer[2] <> L_Last_Written_Persist_Buffer[2]) OR
./repo_logs/assistant_bridge/2026_04_16/step_03_nvram_write_flow/nvram_write_flow.log:31:700:    (L_Persist_Buffer[3] <> L_Last_Written_Persist_Buffer[3]) OR
./repo_logs/assistant_bridge/2026_04_16/step_03_nvram_write_flow/nvram_write_flow.log:32:701:    (L_Persist_Buffer[4] <> L_Last_Written_Persist_Buffer[4]);
./repo_logs/assistant_bridge/2026_04_16/step_03_nvram_write_flow/nvram_write_flow.log:33:716:ELSIF L_Persist_Buffer_Changed THEN
./repo_logs/assistant_bridge/2026_04_16/step_03_nvram_write_flow/nvram_write_flow.log:36:727:    VI_DataRef := L_Persist_Buffer[0],
./repo_logs/assistant_bridge/2026_04_16/step_03_nvram_write_flow/nvram_write_flow.log:37:739:    L_Last_Written_Persist_Buffer[0] := L_Persist_Buffer[0];
./repo_logs/assistant_bridge/2026_04_16/step_03_nvram_write_flow/nvram_write_flow.log:38:740:    L_Last_Written_Persist_Buffer[1] := L_Persist_Buffer[1];
./repo_logs/assistant_bridge/2026_04_16/step_03_nvram_write_flow/nvram_write_flow.log:39:741:    L_Last_Written_Persist_Buffer[2] := L_Persist_Buffer[2];
./repo_logs/assistant_bridge/2026_04_16/step_03_nvram_write_flow/nvram_write_flow.log:40:742:    L_Last_Written_Persist_Buffer[3] := L_Persist_Buffer[3];
./repo_logs/assistant_bridge/2026_04_16/step_03_nvram_write_flow/nvram_write_flow.log:41:743:    L_Last_Written_Persist_Buffer[4] := L_Persist_Buffer[4];
./repo_logs/assistant_bridge/2026_04_16/step_03_nvram_write_flow/nvram_write_flow.log:45:76:    L_Persist_Buffer : ARRAY[0..4] OF BYTE;
./repo_logs/assistant_bridge/2026_04_16/step_03_nvram_write_flow/nvram_write_flow.log:47:78:    L_Persist_Buffer_Changed : BOOL;
./repo_logs/assistant_bridge/2026_04_16/step_03_nvram_write_flow/nvram_write_flow.log:48:674:L_Persist_Buffer[0] := TO_BYTE(TO_INT(GVL_STATE.G_System_Mode));
./repo_logs/assistant_bridge/2026_04_16/step_03_nvram_write_flow/nvram_write_flow.log:49:676:    L_Persist_Buffer[1] := BYTE#1;
./repo_logs/assistant_bridge/2026_04_16/step_03_nvram_write_flow/nvram_write_flow.log:50:678:    L_Persist_Buffer[1] := BYTE#0;
./repo_logs/assistant_bridge/2026_04_16/step_03_nvram_write_flow/nvram_write_flow.log:51:681:    L_Persist_Buffer[2] := BYTE#1;
./repo_logs/assistant_bridge/2026_04_16/step_03_nvram_write_flow/nvram_write_flow.log:52:683:    L_Persist_Buffer[2] := BYTE#0;
./repo_logs/assistant_bridge/2026_04_16/step_03_nvram_write_flow/nvram_write_flow.log:53:686:    L_Persist_Buffer[3] := BYTE#1;
./repo_logs/assistant_bridge/2026_04_16/step_03_nvram_write_flow/nvram_write_flow.log:54:688:    L_Persist_Buffer[3] := BYTE#0;
./repo_logs/assistant_bridge/2026_04_16/step_03_nvram_write_flow/nvram_write_flow.log:55:691:    L_Persist_Buffer[4] := BYTE#1;
./repo_logs/assistant_bridge/2026_04_16/step_03_nvram_write_flow/nvram_write_flow.log:56:693:    L_Persist_Buffer[4] := BYTE#0;
./repo_logs/assistant_bridge/2026_04_16/step_03_nvram_write_flow/nvram_write_flow.log:57:696:L_Persist_Buffer_Changed :=
./repo_logs/assistant_bridge/2026_04_16/step_03_nvram_write_flow/nvram_write_flow.log:58:697:    (L_Persist_Buffer[0] <> L_Last_Written_Persist_Buffer[0]) OR
./repo_logs/assistant_bridge/2026_04_16/step_03_nvram_write_flow/nvram_write_flow.log:59:698:    (L_Persist_Buffer[1] <> L_Last_Written_Persist_Buffer[1]) OR
./repo_logs/assistant_bridge/2026_04_16/step_03_nvram_write_flow/nvram_write_flow.log:60:699:    (L_Persist_Buffer[2] <> L_Last_Written_Persist_Buffer[2]) OR
./repo_logs/assistant_bridge/2026_04_16/step_03_nvram_write_flow/nvram_write_flow.log:61:700:    (L_Persist_Buffer[3] <> L_Last_Written_Persist_Buffer[3]) OR
./repo_logs/assistant_bridge/2026_04_16/step_03_nvram_write_flow/nvram_write_flow.log:62:701:    (L_Persist_Buffer[4] <> L_Last_Written_Persist_Buffer[4]);
./repo_logs/assistant_bridge/2026_04_16/step_03_nvram_write_flow/nvram_write_flow.log:63:716:ELSIF L_Persist_Buffer_Changed THEN
./repo_logs/assistant_bridge/2026_04_16/step_03_nvram_write_flow/nvram_write_flow.log:64:727:    VI_DataRef := L_Persist_Buffer[0],
./repo_logs/assistant_bridge/2026_04_16/step_03_nvram_write_flow/nvram_write_flow.log:65:739:    L_Last_Written_Persist_Buffer[0] := L_Persist_Buffer[0];
./repo_logs/assistant_bridge/2026_04_16/step_03_nvram_write_flow/nvram_write_flow.log:66:740:    L_Last_Written_Persist_Buffer[1] := L_Persist_Buffer[1];
./repo_logs/assistant_bridge/2026_04_16/step_03_nvram_write_flow/nvram_write_flow.log:67:741:    L_Last_Written_Persist_Buffer[2] := L_Persist_Buffer[2];
./repo_logs/assistant_bridge/2026_04_16/step_03_nvram_write_flow/nvram_write_flow.log:68:742:    L_Last_Written_Persist_Buffer[3] := L_Persist_Buffer[3];
./repo_logs/assistant_bridge/2026_04_16/step_03_nvram_write_flow/nvram_write_flow.log:69:743:    L_Last_Written_Persist_Buffer[4] := L_Persist_Buffer[4];
./repo_logs/assistant_bridge/2026_04_16/step_03_nvram_write_flow/nvram_write_flow.log:100:L_Persist_Buffer[0] := TO_BYTE(TO_INT(GVL_STATE.G_System_Mode));
./repo_logs/assistant_bridge/2026_04_16/step_03_nvram_write_flow/nvram_write_flow.log:102:    L_Persist_Buffer[1] := BYTE#1;
./repo_logs/assistant_bridge/2026_04_16/step_03_nvram_write_flow/nvram_write_flow.log:104:    L_Persist_Buffer[1] := BYTE#0;
./repo_logs/assistant_bridge/2026_04_16/step_03_nvram_write_flow/nvram_write_flow.log:107:    L_Persist_Buffer[2] := BYTE#1;
./repo_logs/assistant_bridge/2026_04_16/step_03_nvram_write_flow/nvram_write_flow.log:109:    L_Persist_Buffer[2] := BYTE#0;
./repo_logs/assistant_bridge/2026_04_16/step_03_nvram_write_flow/nvram_write_flow.log:112:    L_Persist_Buffer[3] := BYTE#1;
./repo_logs/assistant_bridge/2026_04_16/step_03_nvram_write_flow/nvram_write_flow.log:114:    L_Persist_Buffer[3] := BYTE#0;
./repo_logs/assistant_bridge/2026_04_16/step_03_nvram_write_flow/nvram_write_flow.log:117:    L_Persist_Buffer[4] := BYTE#1;
./repo_logs/assistant_bridge/2026_04_16/step_03_nvram_write_flow/nvram_write_flow.log:119:    L_Persist_Buffer[4] := BYTE#0;
./repo_logs/assistant_bridge/2026_04_16/step_03_nvram_write_flow/nvram_write_flow.log:122:L_Persist_Buffer_Changed :=
./repo_logs/assistant_bridge/2026_04_16/step_03_nvram_write_flow/nvram_write_flow.log:123:    (L_Persist_Buffer[0] <> L_Last_Written_Persist_Buffer[0]) OR
./repo_logs/assistant_bridge/2026_04_16/step_03_nvram_write_flow/nvram_write_flow.log:124:    (L_Persist_Buffer[1] <> L_Last_Written_Persist_Buffer[1]) OR
./repo_logs/assistant_bridge/2026_04_16/step_03_nvram_write_flow/nvram_write_flow.log:125:    (L_Persist_Buffer[2] <> L_Last_Written_Persist_Buffer[2]) OR
./repo_logs/assistant_bridge/2026_04_16/step_03_nvram_write_flow/nvram_write_flow.log:126:    (L_Persist_Buffer[3] <> L_Last_Written_Persist_Buffer[3]) OR
./repo_logs/assistant_bridge/2026_04_16/step_03_nvram_write_flow/nvram_write_flow.log:127:    (L_Persist_Buffer[4] <> L_Last_Written_Persist_Buffer[4]);
./repo_logs/assistant_bridge/2026_04_16/step_03_nvram_write_flow/nvram_write_flow.log:142:ELSIF L_Persist_Buffer_Changed THEN
./repo_logs/assistant_bridge/2026_04_16/step_03_nvram_write_flow/nvram_write_flow.log:153:    VI_DataRef := L_Persist_Buffer[0],
./repo_logs/assistant_bridge/2026_04_16/step_03_nvram_write_flow/nvram_write_flow.log:165:    L_Last_Written_Persist_Buffer[0] := L_Persist_Buffer[0];
./repo_logs/assistant_bridge/2026_04_16/step_03_nvram_write_flow/nvram_write_flow.log:166:    L_Last_Written_Persist_Buffer[1] := L_Persist_Buffer[1];
./repo_logs/assistant_bridge/2026_04_16/step_03_nvram_write_flow/nvram_write_flow.log:167:    L_Last_Written_Persist_Buffer[2] := L_Persist_Buffer[2];
./repo_logs/assistant_bridge/2026_04_16/step_03_nvram_write_flow/nvram_write_flow.log:168:    L_Last_Written_Persist_Buffer[3] := L_Persist_Buffer[3];
./repo_logs/assistant_bridge/2026_04_16/step_03_nvram_write_flow/nvram_write_flow.log:169:    L_Last_Written_Persist_Buffer[4] := L_Persist_Buffer[4];
./repo_logs/assistant_bridge/2026_04_16/step_13_pack_nvram_buffer_from_struct_adapter/pack_nvram_buffer_from_struct_adapter.log:19:L_Persist_Buffer[0] := TO_BYTE(TO_INT(GVL_STATE.G_System_Mode));
./repo_logs/assistant_bridge/2026_04_16/step_13_pack_nvram_buffer_from_struct_adapter/pack_nvram_buffer_from_struct_adapter.log:21:    L_Persist_Buffer[1] := BYTE#1;
./repo_logs/assistant_bridge/2026_04_16/step_13_pack_nvram_buffer_from_struct_adapter/pack_nvram_buffer_from_struct_adapter.log:23:    L_Persist_Buffer[1] := BYTE#0;
./repo_logs/assistant_bridge/2026_04_16/step_13_pack_nvram_buffer_from_struct_adapter/pack_nvram_buffer_from_struct_adapter.log:26:    L_Persist_Buffer[2] := BYTE#1;
./repo_logs/assistant_bridge/2026_04_16/step_13_pack_nvram_buffer_from_struct_adapter/pack_nvram_buffer_from_struct_adapter.log:28:    L_Persist_Buffer[2] := BYTE#0;
./repo_logs/assistant_bridge/2026_04_16/step_13_pack_nvram_buffer_from_struct_adapter/pack_nvram_buffer_from_struct_adapter.log:31:    L_Persist_Buffer[3] := BYTE#1;
./repo_logs/assistant_bridge/2026_04_16/step_13_pack_nvram_buffer_from_struct_adapter/pack_nvram_buffer_from_struct_adapter.log:33:    L_Persist_Buffer[3] := BYTE#0;
./repo_logs/assistant_bridge/2026_04_16/step_13_pack_nvram_buffer_from_struct_adapter/pack_nvram_buffer_from_struct_adapter.log:36:    L_Persist_Buffer[4] := BYTE#1;
./repo_logs/assistant_bridge/2026_04_16/step_13_pack_nvram_buffer_from_struct_adapter/pack_nvram_buffer_from_struct_adapter.log:38:    L_Persist_Buffer[4] := BYTE#0;
./repo_logs/assistant_bridge/2026_04_16/step_13_pack_nvram_buffer_from_struct_adapter/pack_nvram_buffer_from_struct_adapter.log:41:L_Persist_Buffer_Changed :=
./repo_logs/assistant_bridge/2026_04_16/step_13_pack_nvram_buffer_from_struct_adapter/pack_nvram_buffer_from_struct_adapter.log:42:    (L_Persist_Buffer[0] <> L_Last_Written_Persist_Buffer[0]) OR
./repo_logs/assistant_bridge/2026_04_16/step_13_pack_nvram_buffer_from_struct_adapter/pack_nvram_buffer_from_struct_adapter.log:43:    (L_Persist_Buffer[1] <> L_Last_Written_Persist_Buffer[1]) OR
./repo_logs/assistant_bridge/2026_04_16/step_13_pack_nvram_buffer_from_struct_adapter/pack_nvram_buffer_from_struct_adapter.log:44:    (L_Persist_Buffer[2] <> L_Last_Written_Persist_Buffer[2]) OR
./repo_logs/assistant_bridge/2026_04_16/step_13_pack_nvram_buffer_from_struct_adapter/pack_nvram_buffer_from_struct_adapter.log:45:    (L_Persist_Buffer[3] <> L_Last_Written_Persist_Buffer[3]) OR
./repo_logs/assistant_bridge/2026_04_16/step_13_pack_nvram_buffer_from_struct_adapter/pack_nvram_buffer_from_struct_adapter.log:46:    (L_Persist_Buffer[4] <> L_Last_Written_Persist_Buffer[4]);
./repo_logs/assistant_bridge/2026_04_16/step_13_pack_nvram_buffer_from_struct_adapter/pack_nvram_buffer_from_struct_adapter.log:56:ELSIF L_Persist_Buffer_Changed THEN
./repo_logs/assistant_bridge/2026_04_16/step_13_pack_nvram_buffer_from_struct_adapter/pack_nvram_buffer_from_struct_adapter.log:63:OK: L_Persist_Buffer now packs from L_Persist_Struct
./repo_logs/assistant_bridge/2026_04_16/step_13_pack_nvram_buffer_from_struct_adapter/pack_nvram_buffer_from_struct_adapter.log:80:L_Persist_Buffer[0] := TO_BYTE(TO_INT(L_Persist_Struct.System_Mode));
./repo_logs/assistant_bridge/2026_04_16/step_13_pack_nvram_buffer_from_struct_adapter/pack_nvram_buffer_from_struct_adapter.log:82:    L_Persist_Buffer[1] := BYTE#1;
./repo_logs/assistant_bridge/2026_04_16/step_13_pack_nvram_buffer_from_struct_adapter/pack_nvram_buffer_from_struct_adapter.log:84:    L_Persist_Buffer[1] := BYTE#0;
./repo_logs/assistant_bridge/2026_04_16/step_13_pack_nvram_buffer_from_struct_adapter/pack_nvram_buffer_from_struct_adapter.log:87:    L_Persist_Buffer[2] := BYTE#1;
./repo_logs/assistant_bridge/2026_04_16/step_13_pack_nvram_buffer_from_struct_adapter/pack_nvram_buffer_from_struct_adapter.log:89:    L_Persist_Buffer[2] := BYTE#0;
./repo_logs/assistant_bridge/2026_04_16/step_13_pack_nvram_buffer_from_struct_adapter/pack_nvram_buffer_from_struct_adapter.log:92:    L_Persist_Buffer[3] := BYTE#1;
./repo_logs/assistant_bridge/2026_04_16/step_13_pack_nvram_buffer_from_struct_adapter/pack_nvram_buffer_from_struct_adapter.log:94:    L_Persist_Buffer[3] := BYTE#0;
./repo_logs/assistant_bridge/2026_04_16/step_13_pack_nvram_buffer_from_struct_adapter/pack_nvram_buffer_from_struct_adapter.log:97:    L_Persist_Buffer[4] := BYTE#1;
./repo_logs/assistant_bridge/2026_04_16/step_13_pack_nvram_buffer_from_struct_adapter/pack_nvram_buffer_from_struct_adapter.log:99:    L_Persist_Buffer[4] := BYTE#0;
./repo_logs/assistant_bridge/2026_04_16/step_13_pack_nvram_buffer_from_struct_adapter/pack_nvram_buffer_from_struct_adapter.log:102:L_Persist_Buffer_Changed :=
./repo_logs/assistant_bridge/2026_04_16/step_13_pack_nvram_buffer_from_struct_adapter/pack_nvram_buffer_from_struct_adapter.log:103:    (L_Persist_Buffer[0] <> L_Last_Written_Persist_Buffer[0]) OR
./repo_logs/assistant_bridge/2026_04_16/step_13_pack_nvram_buffer_from_struct_adapter/pack_nvram_buffer_from_struct_adapter.log:104:    (L_Persist_Buffer[1] <> L_Last_Written_Persist_Buffer[1]) OR
./repo_logs/assistant_bridge/2026_04_16/step_13_pack_nvram_buffer_from_struct_adapter/pack_nvram_buffer_from_struct_adapter.log:105:    (L_Persist_Buffer[2] <> L_Last_Written_Persist_Buffer[2]) OR
./repo_logs/assistant_bridge/2026_04_16/step_13_pack_nvram_buffer_from_struct_adapter/pack_nvram_buffer_from_struct_adapter.log:106:    (L_Persist_Buffer[3] <> L_Last_Written_Persist_Buffer[3]) OR
./repo_logs/assistant_bridge/2026_04_16/step_13_pack_nvram_buffer_from_struct_adapter/pack_nvram_buffer_from_struct_adapter.log:107:    (L_Persist_Buffer[4] <> L_Last_Written_Persist_Buffer[4]);
./repo_logs/assistant_bridge/2026_04_16/step_13_pack_nvram_buffer_from_struct_adapter/pack_nvram_buffer_from_struct_adapter.log:117:ELSIF L_Persist_Buffer_Changed THEN
./repo_logs/assistant_bridge/2026_04_16/step_13_pack_nvram_buffer_from_struct_adapter/pack_nvram_buffer_from_struct_adapter.log:124:674:L_Persist_Buffer[0] := TO_BYTE(TO_INT(L_Persist_Struct.System_Mode));
./repo_logs/assistant_bridge/2026_04_16/step_13_pack_nvram_buffer_from_struct_adapter/pack_nvram_buffer_from_struct_adapter.log:149:-L_Persist_Buffer[0] := TO_BYTE(TO_INT(GVL_STATE.G_System_Mode));
./repo_logs/assistant_bridge/2026_04_16/step_13_pack_nvram_buffer_from_struct_adapter/pack_nvram_buffer_from_struct_adapter.log:151:+L_Persist_Buffer[0] := TO_BYTE(TO_INT(L_Persist_Struct.System_Mode));
./repo_logs/assistant_bridge/2026_04_16/step_13_pack_nvram_buffer_from_struct_adapter/pack_nvram_buffer_from_struct_adapter.log:153:     L_Persist_Buffer[1] := BYTE#1;
./repo_logs/assistant_bridge/2026_04_16/step_13_pack_nvram_buffer_from_struct_adapter/pack_nvram_buffer_from_struct_adapter.log:155:     L_Persist_Buffer[1] := BYTE#0;
./repo_logs/assistant_bridge/2026_04_16/step_13_pack_nvram_buffer_from_struct_adapter/pack_nvram_buffer_from_struct_adapter.log:159:     L_Persist_Buffer[2] := BYTE#1;
./repo_logs/assistant_bridge/2026_04_16/step_13_pack_nvram_buffer_from_struct_adapter/pack_nvram_buffer_from_struct_adapter.log:161:     L_Persist_Buffer[2] := BYTE#0;
./repo_logs/assistant_bridge/2026_04_16/step_13_pack_nvram_buffer_from_struct_adapter/pack_nvram_buffer_from_struct_adapter.log:165:     L_Persist_Buffer[3] := BYTE#1;
./repo_logs/assistant_bridge/2026_04_16/step_13_pack_nvram_buffer_from_struct_adapter/pack_nvram_buffer_from_struct_adapter.log:167:     L_Persist_Buffer[3] := BYTE#0;
./repo_logs/assistant_bridge/2026_04_16/step_13_pack_nvram_buffer_from_struct_adapter/pack_nvram_buffer_from_struct_adapter.log:171:     L_Persist_Buffer[4] := BYTE#1;
./repo_logs/assistant_bridge/2026_04_16/step_13_pack_nvram_buffer_from_struct_adapter/pack_nvram_buffer_from_struct_adapter.log:173:     L_Persist_Buffer[4] := BYTE#0;
./repo_logs/assistant_bridge/2026_04_16/step_12_add_persist_struct_adapter_fixed/add_persist_struct_adapter_fixed.log:54:    L_Persist_Buffer : ARRAY[0..4] OF BYTE;
./repo_logs/assistant_bridge/2026_04_16/step_12_add_persist_struct_adapter_fixed/add_persist_struct_adapter_fixed.log:56:    L_Persist_Buffer_Changed : BOOL;
./repo_logs/assistant_bridge/2026_04_16/step_12_add_persist_struct_adapter_fixed/add_persist_struct_adapter_fixed.log:104:     L_Persist_Buffer_Changed : BOOL;
./repo_logs/assistant_bridge/2026_04_16/step_47_scenario_transition_matrix_source_audit/scenario_transition_matrix_source_audit.log:139:L_Persist_Buffer[0] := TO_BYTE(TO_INT(L_Persist_Struct.System_Mode));
./repo_logs/assistant_bridge/2026_04_16/step_47_scenario_transition_matrix_source_audit/scenario_transition_matrix_source_audit.log:141:    L_Persist_Buffer[1] := BYTE#1;
./repo_logs/assistant_bridge/2026_04_16/step_06_remove_legacy_startup_raw_read/remove_legacy_startup_raw_read.log:19:    L_Persist_Buffer[4] := BYTE#1;
./repo_logs/assistant_bridge/2026_04_16/step_06_remove_legacy_startup_raw_read/remove_legacy_startup_raw_read.log:21:    L_Persist_Buffer[4] := BYTE#0;
./repo_logs/assistant_bridge/2026_04_16/step_06_remove_legacy_startup_raw_read/remove_legacy_startup_raw_read.log:24:L_Persist_Buffer_Changed :=
./repo_logs/assistant_bridge/2026_04_16/step_06_remove_legacy_startup_raw_read/remove_legacy_startup_raw_read.log:25:    (L_Persist_Buffer[0] <> L_Last_Written_Persist_Buffer[0]) OR
./repo_logs/assistant_bridge/2026_04_16/step_06_remove_legacy_startup_raw_read/remove_legacy_startup_raw_read.log:26:    (L_Persist_Buffer[1] <> L_Last_Written_Persist_Buffer[1]) OR
./repo_logs/assistant_bridge/2026_04_16/step_06_remove_legacy_startup_raw_read/remove_legacy_startup_raw_read.log:27:    (L_Persist_Buffer[2] <> L_Last_Written_Persist_Buffer[2]) OR
./repo_logs/assistant_bridge/2026_04_16/step_06_remove_legacy_startup_raw_read/remove_legacy_startup_raw_read.log:28:    (L_Persist_Buffer[3] <> L_Last_Written_Persist_Buffer[3]) OR
./repo_logs/assistant_bridge/2026_04_16/step_06_remove_legacy_startup_raw_read/remove_legacy_startup_raw_read.log:29:    (L_Persist_Buffer[4] <> L_Last_Written_Persist_Buffer[4]);
./repo_logs/assistant_bridge/2026_04_16/step_06_remove_legacy_startup_raw_read/remove_legacy_startup_raw_read.log:39:ELSIF L_Persist_Buffer_Changed THEN
./repo_logs/assistant_bridge/2026_04_16/step_06_remove_legacy_startup_raw_read/remove_legacy_startup_raw_read.log:50:    VI_DataRef := L_Persist_Buffer[0],
./repo_logs/assistant_bridge/2026_04_16/step_06_remove_legacy_startup_raw_read/remove_legacy_startup_raw_read.log:62:    L_Last_Written_Persist_Buffer[0] := L_Persist_Buffer[0];
./repo_logs/assistant_bridge/2026_04_16/step_06_remove_legacy_startup_raw_read/remove_legacy_startup_raw_read.log:63:    L_Last_Written_Persist_Buffer[1] := L_Persist_Buffer[1];
./repo_logs/assistant_bridge/2026_04_16/step_06_remove_legacy_startup_raw_read/remove_legacy_startup_raw_read.log:64:    L_Last_Written_Persist_Buffer[2] := L_Persist_Buffer[2];
./repo_logs/assistant_bridge/2026_04_16/step_06_remove_legacy_startup_raw_read/remove_legacy_startup_raw_read.log:79:@@ -703,12 +702,7 @@ L_Persist_Buffer_Changed :=
./repo_logs/assistant_bridge/2026_04_16/step_36_gateway_interface_audit/gateway_interface_audit.log:3249:./steps/2026-04-16_pack_nvram_buffer_from_struct_adapter/01_pack_nvram_buffer_from_struct_adapter.py:29:print("OK: L_Persist_Buffer now packs from L_Persist_Struct")
./repo_logs/assistant_bridge/2026_04_16/step_36_gateway_interface_audit/gateway_interface_audit.log:4028:./repo_logs/assistant_bridge/2026_04_16/step_13_pack_nvram_buffer_from_struct_adapter/pack_nvram_buffer_from_struct_adapter.log:63:OK: L_Persist_Buffer now packs from L_Persist_Struct
./repo_logs/assistant_bridge/2026_04_16/step_35_prg_system_block_closed/prg_system_block_closed.log:22:688:L_Persist_Buffer[0] := TO_BYTE(TO_INT(L_Persist_Struct.System_Mode));
./repo_logs/assistant_bridge/2026_04_16/step_31_system_health_watchdog_audit/system_health_watchdog_audit.log:107:ELSIF L_Persist_Buffer_Changed THEN
./repo_logs/assistant_bridge/2026_04_16/step_31_system_health_watchdog_audit/system_health_watchdog_audit.log:118:    VI_DataRef := L_Persist_Buffer[0],
./repo_logs/assistant_bridge/2026_04_16/step_31_system_health_watchdog_audit/system_health_watchdog_audit.log:130:    L_Last_Written_Persist_Buffer[0] := L_Persist_Buffer[0];
./repo_logs/assistant_bridge/2026_04_16/step_31_system_health_watchdog_audit/system_health_watchdog_audit.log:131:    L_Last_Written_Persist_Buffer[1] := L_Persist_Buffer[1];
./repo_logs/assistant_bridge/2026_04_16/step_31_system_health_watchdog_audit/system_health_watchdog_audit.log:132:    L_Last_Written_Persist_Buffer[2] := L_Persist_Buffer[2];
./repo_logs/assistant_bridge/2026_04_16/step_31_system_health_watchdog_audit/system_health_watchdog_audit.log:133:    L_Last_Written_Persist_Buffer[3] := L_Persist_Buffer[3];
./repo_logs/assistant_bridge/2026_04_16/step_31_system_health_watchdog_audit/system_health_watchdog_audit.log:134:    L_Last_Written_Persist_Buffer[4] := L_Persist_Buffer[4];
./repo_logs/assistant_bridge/2026_04_16/step_34_fix_dangerous_request_edge/fix_dangerous_request_edge.log:67:     L_Persist_Buffer : ARRAY[0..4] OF BYTE;
./repo_logs/assistant_bridge/2026_04_16/step_09_nvram_current_contract/nvram_current_contract.log:37:PRG_System.st:75:    L_Persist_Buffer : ARRAY[0..4] OF BYTE;
./repo_logs/assistant_bridge/2026_04_16/step_09_nvram_current_contract/nvram_current_contract.log:39:PRG_System.st:77:    L_Persist_Buffer_Changed : BOOL;
./repo_logs/assistant_bridge/2026_04_16/step_09_nvram_current_contract/nvram_current_contract.log:42:PRG_System.st:673:L_Persist_Buffer[0] := TO_BYTE(TO_INT(GVL_STATE.G_System_Mode));
./repo_logs/assistant_bridge/2026_04_16/step_09_nvram_current_contract/nvram_current_contract.log:43:PRG_System.st:675:    L_Persist_Buffer[1] := BYTE#1;
./repo_logs/assistant_bridge/2026_04_16/step_09_nvram_current_contract/nvram_current_contract.log:44:PRG_System.st:677:    L_Persist_Buffer[1] := BYTE#0;
./repo_logs/assistant_bridge/2026_04_16/step_09_nvram_current_contract/nvram_current_contract.log:45:PRG_System.st:680:    L_Persist_Buffer[2] := BYTE#1;
./repo_logs/assistant_bridge/2026_04_16/step_09_nvram_current_contract/nvram_current_contract.log:46:PRG_System.st:682:    L_Persist_Buffer[2] := BYTE#0;
./repo_logs/assistant_bridge/2026_04_16/step_09_nvram_current_contract/nvram_current_contract.log:47:PRG_System.st:685:    L_Persist_Buffer[3] := BYTE#1;
./repo_logs/assistant_bridge/2026_04_16/step_09_nvram_current_contract/nvram_current_contract.log:48:PRG_System.st:687:    L_Persist_Buffer[3] := BYTE#0;
./repo_logs/assistant_bridge/2026_04_16/step_09_nvram_current_contract/nvram_current_contract.log:49:PRG_System.st:690:    L_Persist_Buffer[4] := BYTE#1;
./repo_logs/assistant_bridge/2026_04_16/step_09_nvram_current_contract/nvram_current_contract.log:50:PRG_System.st:692:    L_Persist_Buffer[4] := BYTE#0;
./repo_logs/assistant_bridge/2026_04_16/step_09_nvram_current_contract/nvram_current_contract.log:51:PRG_System.st:695:L_Persist_Buffer_Changed :=
./repo_logs/assistant_bridge/2026_04_16/step_09_nvram_current_contract/nvram_current_contract.log:52:PRG_System.st:696:    (L_Persist_Buffer[0] <> L_Last_Written_Persist_Buffer[0]) OR
./repo_logs/assistant_bridge/2026_04_16/step_09_nvram_current_contract/nvram_current_contract.log:53:PRG_System.st:697:    (L_Persist_Buffer[1] <> L_Last_Written_Persist_Buffer[1]) OR
./repo_logs/assistant_bridge/2026_04_16/step_09_nvram_current_contract/nvram_current_contract.log:54:PRG_System.st:698:    (L_Persist_Buffer[2] <> L_Last_Written_Persist_Buffer[2]) OR
./repo_logs/assistant_bridge/2026_04_16/step_09_nvram_current_contract/nvram_current_contract.log:55:PRG_System.st:699:    (L_Persist_Buffer[3] <> L_Last_Written_Persist_Buffer[3]) OR
./repo_logs/assistant_bridge/2026_04_16/step_09_nvram_current_contract/nvram_current_contract.log:56:PRG_System.st:700:    (L_Persist_Buffer[4] <> L_Last_Written_Persist_Buffer[4]);
./repo_logs/assistant_bridge/2026_04_16/step_09_nvram_current_contract/nvram_current_contract.log:60:PRG_System.st:710:ELSIF L_Persist_Buffer_Changed THEN
./repo_logs/assistant_bridge/2026_04_16/step_09_nvram_current_contract/nvram_current_contract.log:64:PRG_System.st:721:    VI_DataRef := L_Persist_Buffer[0],
./repo_logs/assistant_bridge/2026_04_16/step_09_nvram_current_contract/nvram_current_contract.log:65:PRG_System.st:733:    L_Last_Written_Persist_Buffer[0] := L_Persist_Buffer[0];
./repo_logs/assistant_bridge/2026_04_16/step_09_nvram_current_contract/nvram_current_contract.log:66:PRG_System.st:734:    L_Last_Written_Persist_Buffer[1] := L_Persist_Buffer[1];
./repo_logs/assistant_bridge/2026_04_16/step_09_nvram_current_contract/nvram_current_contract.log:67:PRG_System.st:735:    L_Last_Written_Persist_Buffer[2] := L_Persist_Buffer[2];
./repo_logs/assistant_bridge/2026_04_16/step_09_nvram_current_contract/nvram_current_contract.log:68:PRG_System.st:736:    L_Last_Written_Persist_Buffer[3] := L_Persist_Buffer[3];
./repo_logs/assistant_bridge/2026_04_16/step_09_nvram_current_contract/nvram_current_contract.log:69:PRG_System.st:737:    L_Last_Written_Persist_Buffer[4] := L_Persist_Buffer[4];
./repo_logs/assistant_bridge/2026_04_16/step_09_nvram_current_contract/nvram_current_contract.log:91:PRG_System.st:721:    VI_DataRef := L_Persist_Buffer[0],
./repo_logs/assistant_bridge/2026_04_16/step_09_nvram_current_contract/nvram_current_contract.log:113:    L_Persist_Buffer[4] := BYTE#1;
./repo_logs/assistant_bridge/2026_04_16/step_09_nvram_current_contract/nvram_current_contract.log:115:    L_Persist_Buffer[4] := BYTE#0;
./repo_logs/assistant_bridge/2026_04_16/step_09_nvram_current_contract/nvram_current_contract.log:118:L_Persist_Buffer_Changed :=
./repo_logs/assistant_bridge/2026_04_16/step_09_nvram_current_contract/nvram_current_contract.log:119:    (L_Persist_Buffer[0] <> L_Last_Written_Persist_Buffer[0]) OR
./repo_logs/assistant_bridge/2026_04_16/step_09_nvram_current_contract/nvram_current_contract.log:120:    (L_Persist_Buffer[1] <> L_Last_Written_Persist_Buffer[1]) OR
./repo_logs/assistant_bridge/2026_04_16/step_09_nvram_current_contract/nvram_current_contract.log:121:    (L_Persist_Buffer[2] <> L_Last_Written_Persist_Buffer[2]) OR
./repo_logs/assistant_bridge/2026_04_16/step_09_nvram_current_contract/nvram_current_contract.log:122:    (L_Persist_Buffer[3] <> L_Last_Written_Persist_Buffer[3]) OR
./repo_logs/assistant_bridge/2026_04_16/step_09_nvram_current_contract/nvram_current_contract.log:123:    (L_Persist_Buffer[4] <> L_Last_Written_Persist_Buffer[4]);
./repo_logs/assistant_bridge/2026_04_16/step_09_nvram_current_contract/nvram_current_contract.log:133:ELSIF L_Persist_Buffer_Changed THEN
./repo_logs/assistant_bridge/2026_04_16/step_09_nvram_current_contract/nvram_current_contract.log:144:    VI_DataRef := L_Persist_Buffer[0],
./repo_logs/assistant_bridge/2026_04_16/step_09_nvram_current_contract/nvram_current_contract.log:156:    L_Last_Written_Persist_Buffer[0] := L_Persist_Buffer[0];
./repo_logs/assistant_bridge/2026_04_16/step_09_nvram_current_contract/nvram_current_contract.log:157:    L_Last_Written_Persist_Buffer[1] := L_Persist_Buffer[1];
./repo_logs/assistant_bridge/2026_04_16/step_09_nvram_current_contract/nvram_current_contract.log:158:    L_Last_Written_Persist_Buffer[2] := L_Persist_Buffer[2];
./snapshots/project_clean_state_2026_04_16/компилятор/out/RESULT_methods_clean.xml:19044:            <variable name="L_Persist_Buffer">
./snapshots/project_clean_state_2026_04_16/компилятор/out/RESULT_methods_clean.xml:19054:            <variable name="L_Persist_Buffer_Changed">
./snapshots/project_clean_state_2026_04_16/компилятор/out/RESULT_methods_clean.xml:19664:L_Persist_Buffer[0] := TO_BYTE(TO_INT(GVL_STATE.G_System_Mode));
./snapshots/project_clean_state_2026_04_16/компилятор/out/RESULT_methods_clean.xml:19666:    L_Persist_Buffer[1] := BYTE#1;
./snapshots/project_clean_state_2026_04_16/компилятор/out/RESULT_methods_clean.xml:19668:    L_Persist_Buffer[1] := BYTE#0;
./snapshots/project_clean_state_2026_04_16/компилятор/out/RESULT_methods_clean.xml:19671:    L_Persist_Buffer[2] := BYTE#1;
./snapshots/project_clean_state_2026_04_16/компилятор/out/RESULT_methods_clean.xml:19673:    L_Persist_Buffer[2] := BYTE#0;
./snapshots/project_clean_state_2026_04_16/компилятор/out/RESULT_methods_clean.xml:19676:    L_Persist_Buffer[3] := BYTE#1;
./snapshots/project_clean_state_2026_04_16/компилятор/out/RESULT_methods_clean.xml:19678:    L_Persist_Buffer[3] := BYTE#0;
./snapshots/project_clean_state_2026_04_16/компилятор/out/RESULT_methods_clean.xml:19681:    L_Persist_Buffer[4] := BYTE#1;
./snapshots/project_clean_state_2026_04_16/компилятор/out/RESULT_methods_clean.xml:19683:    L_Persist_Buffer[4] := BYTE#0;
./snapshots/project_clean_state_2026_04_16/компилятор/out/RESULT_methods_clean.xml:19686:L_Persist_Buffer_Changed :=
./snapshots/project_clean_state_2026_04_16/компилятор/out/RESULT_methods_clean.xml:19687:    (L_Persist_Buffer[0] &lt;&gt; L_Last_Written_Persist_Buffer[0]) OR
./snapshots/project_clean_state_2026_04_16/компилятор/out/RESULT_methods_clean.xml:19688:    (L_Persist_Buffer[1] &lt;&gt; L_Last_Written_Persist_Buffer[1]) OR
./snapshots/project_clean_state_2026_04_16/компилятор/out/RESULT_methods_clean.xml:19689:    (L_Persist_Buffer[2] &lt;&gt; L_Last_Written_Persist_Buffer[2]) OR
./snapshots/project_clean_state_2026_04_16/компилятор/out/RESULT_methods_clean.xml:19690:    (L_Persist_Buffer[3] &lt;&gt; L_Last_Written_Persist_Buffer[3]) OR
./snapshots/project_clean_state_2026_04_16/компилятор/out/RESULT_methods_clean.xml:19691:    (L_Persist_Buffer[4] &lt;&gt; L_Last_Written_Persist_Buffer[4]);
./snapshots/project_clean_state_2026_04_16/компилятор/out/RESULT_methods_clean.xml:19706:ELSIF L_Persist_Buffer_Changed THEN
./snapshots/project_clean_state_2026_04_16/компилятор/out/RESULT_methods_clean.xml:19717:    VI_DataRef := L_Persist_Buffer[0],
./snapshots/project_clean_state_2026_04_16/компилятор/out/RESULT_methods_clean.xml:19729:    L_Last_Written_Persist_Buffer[0] := L_Persist_Buffer[0];
./snapshots/project_clean_state_2026_04_16/компилятор/out/RESULT_methods_clean.xml:19730:    L_Last_Written_Persist_Buffer[1] := L_Persist_Buffer[1];
./snapshots/project_clean_state_2026_04_16/компилятор/out/RESULT_methods_clean.xml:19731:    L_Last_Written_Persist_Buffer[2] := L_Persist_Buffer[2];
./snapshots/project_clean_state_2026_04_16/компилятор/out/RESULT_methods_clean.xml:19732:    L_Last_Written_Persist_Buffer[3] := L_Persist_Buffer[3];
./snapshots/project_clean_state_2026_04_16/компилятор/out/RESULT_methods_clean.xml:19733:    L_Last_Written_Persist_Buffer[4] := L_Persist_Buffer[4];
./snapshots/project_clean_state_2026_04_16/PRG_System.st:76:    L_Persist_Buffer : ARRAY[0..4] OF BYTE;
./snapshots/project_clean_state_2026_04_16/PRG_System.st:78:    L_Persist_Buffer_Changed : BOOL;
./snapshots/project_clean_state_2026_04_16/PRG_System.st:674:L_Persist_Buffer[0] := TO_BYTE(TO_INT(GVL_STATE.G_System_Mode));
./snapshots/project_clean_state_2026_04_16/PRG_System.st:676:    L_Persist_Buffer[1] := BYTE#1;
./snapshots/project_clean_state_2026_04_16/PRG_System.st:678:    L_Persist_Buffer[1] := BYTE#0;
./snapshots/project_clean_state_2026_04_16/PRG_System.st:681:    L_Persist_Buffer[2] := BYTE#1;
./snapshots/project_clean_state_2026_04_16/PRG_System.st:683:    L_Persist_Buffer[2] := BYTE#0;
./snapshots/project_clean_state_2026_04_16/PRG_System.st:686:    L_Persist_Buffer[3] := BYTE#1;
./snapshots/project_clean_state_2026_04_16/PRG_System.st:688:    L_Persist_Buffer[3] := BYTE#0;
./snapshots/project_clean_state_2026_04_16/PRG_System.st:691:    L_Persist_Buffer[4] := BYTE#1;
./snapshots/project_clean_state_2026_04_16/PRG_System.st:693:    L_Persist_Buffer[4] := BYTE#0;
./snapshots/project_clean_state_2026_04_16/PRG_System.st:696:L_Persist_Buffer_Changed :=
./snapshots/project_clean_state_2026_04_16/PRG_System.st:697:    (L_Persist_Buffer[0] <> L_Last_Written_Persist_Buffer[0]) OR
./snapshots/project_clean_state_2026_04_16/PRG_System.st:698:    (L_Persist_Buffer[1] <> L_Last_Written_Persist_Buffer[1]) OR
./snapshots/project_clean_state_2026_04_16/PRG_System.st:699:    (L_Persist_Buffer[2] <> L_Last_Written_Persist_Buffer[2]) OR
./snapshots/project_clean_state_2026_04_16/PRG_System.st:700:    (L_Persist_Buffer[3] <> L_Last_Written_Persist_Buffer[3]) OR
./snapshots/project_clean_state_2026_04_16/PRG_System.st:701:    (L_Persist_Buffer[4] <> L_Last_Written_Persist_Buffer[4]);
./snapshots/project_clean_state_2026_04_16/PRG_System.st:716:ELSIF L_Persist_Buffer_Changed THEN
./snapshots/project_clean_state_2026_04_16/PRG_System.st:727:    VI_DataRef := L_Persist_Buffer[0],
./snapshots/project_clean_state_2026_04_16/PRG_System.st:739:    L_Last_Written_Persist_Buffer[0] := L_Persist_Buffer[0];
./snapshots/project_clean_state_2026_04_16/PRG_System.st:740:    L_Last_Written_Persist_Buffer[1] := L_Persist_Buffer[1];
./snapshots/project_clean_state_2026_04_16/PRG_System.st:741:    L_Last_Written_Persist_Buffer[2] := L_Persist_Buffer[2];
./snapshots/project_clean_state_2026_04_16/PRG_System.st:742:    L_Last_Written_Persist_Buffer[3] := L_Persist_Buffer[3];
./snapshots/project_clean_state_2026_04_16/PRG_System.st:743:    L_Last_Written_Persist_Buffer[4] := L_Persist_Buffer[4];
./snapshots/clean_build_2026_04_16/компилятор/out/RESULT_methods_clean.xml:19044:            <variable name="L_Persist_Buffer">
./snapshots/clean_build_2026_04_16/компилятор/out/RESULT_methods_clean.xml:19054:            <variable name="L_Persist_Buffer_Changed">
./snapshots/clean_build_2026_04_16/компилятор/out/RESULT_methods_clean.xml:19664:L_Persist_Buffer[0] := TO_BYTE(TO_INT(GVL_STATE.G_System_Mode));
./snapshots/clean_build_2026_04_16/компилятор/out/RESULT_methods_clean.xml:19666:    L_Persist_Buffer[1] := BYTE#1;
./snapshots/clean_build_2026_04_16/компилятор/out/RESULT_methods_clean.xml:19668:    L_Persist_Buffer[1] := BYTE#0;
./snapshots/clean_build_2026_04_16/компилятор/out/RESULT_methods_clean.xml:19671:    L_Persist_Buffer[2] := BYTE#1;
./snapshots/clean_build_2026_04_16/компилятор/out/RESULT_methods_clean.xml:19673:    L_Persist_Buffer[2] := BYTE#0;
./snapshots/clean_build_2026_04_16/компилятор/out/RESULT_methods_clean.xml:19676:    L_Persist_Buffer[3] := BYTE#1;
./snapshots/clean_build_2026_04_16/компилятор/out/RESULT_methods_clean.xml:19678:    L_Persist_Buffer[3] := BYTE#0;
./snapshots/clean_build_2026_04_16/компилятор/out/RESULT_methods_clean.xml:19681:    L_Persist_Buffer[4] := BYTE#1;
./snapshots/clean_build_2026_04_16/компилятор/out/RESULT_methods_clean.xml:19683:    L_Persist_Buffer[4] := BYTE#0;
./snapshots/clean_build_2026_04_16/компилятор/out/RESULT_methods_clean.xml:19686:L_Persist_Buffer_Changed :=
./snapshots/clean_build_2026_04_16/компилятор/out/RESULT_methods_clean.xml:19687:    (L_Persist_Buffer[0] &lt;&gt; L_Last_Written_Persist_Buffer[0]) OR
./snapshots/clean_build_2026_04_16/компилятор/out/RESULT_methods_clean.xml:19688:    (L_Persist_Buffer[1] &lt;&gt; L_Last_Written_Persist_Buffer[1]) OR
./snapshots/clean_build_2026_04_16/компилятор/out/RESULT_methods_clean.xml:19689:    (L_Persist_Buffer[2] &lt;&gt; L_Last_Written_Persist_Buffer[2]) OR
./snapshots/clean_build_2026_04_16/компилятор/out/RESULT_methods_clean.xml:19690:    (L_Persist_Buffer[3] &lt;&gt; L_Last_Written_Persist_Buffer[3]) OR
./snapshots/clean_build_2026_04_16/компилятор/out/RESULT_methods_clean.xml:19691:    (L_Persist_Buffer[4] &lt;&gt; L_Last_Written_Persist_Buffer[4]);
./snapshots/clean_build_2026_04_16/компилятор/out/RESULT_methods_clean.xml:19706:ELSIF L_Persist_Buffer_Changed THEN
./snapshots/clean_build_2026_04_16/компилятор/out/RESULT_methods_clean.xml:19717:    VI_DataRef := L_Persist_Buffer[0],
./snapshots/clean_build_2026_04_16/компилятор/out/RESULT_methods_clean.xml:19729:    L_Last_Written_Persist_Buffer[0] := L_Persist_Buffer[0];
./snapshots/clean_build_2026_04_16/компилятор/out/RESULT_methods_clean.xml:19730:    L_Last_Written_Persist_Buffer[1] := L_Persist_Buffer[1];
./snapshots/clean_build_2026_04_16/компилятор/out/RESULT_methods_clean.xml:19731:    L_Last_Written_Persist_Buffer[2] := L_Persist_Buffer[2];
./snapshots/clean_build_2026_04_16/компилятор/out/RESULT_methods_clean.xml:19732:    L_Last_Written_Persist_Buffer[3] := L_Persist_Buffer[3];
./snapshots/clean_build_2026_04_16/компилятор/out/RESULT_methods_clean.xml:19733:    L_Last_Written_Persist_Buffer[4] := L_Persist_Buffer[4];
./PRG_System.st:169:    L_Persist_Buffer : ARRAY[0..4] OF BYTE;
./PRG_System.st:171:    L_Persist_Buffer_Changed : BOOL;
./PRG_System.st:790:L_Persist_Buffer[0] := TO_BYTE(TO_INT(L_Persist_Struct.System_Mode));
./PRG_System.st:792:    L_Persist_Buffer[1] := BYTE#1;
./PRG_System.st:794:    L_Persist_Buffer[1] := BYTE#0;
./PRG_System.st:797:    L_Persist_Buffer[2] := BYTE#1;
./PRG_System.st:799:    L_Persist_Buffer[2] := BYTE#0;
./PRG_System.st:802:    L_Persist_Buffer[3] := BYTE#1;
./PRG_System.st:804:    L_Persist_Buffer[3] := BYTE#0;
./PRG_System.st:807:    L_Persist_Buffer[4] := BYTE#1;
./PRG_System.st:809:    L_Persist_Buffer[4] := BYTE#0;
./PRG_System.st:812:L_Persist_Buffer_Changed :=
./PRG_System.st:813:    (L_Persist_Buffer[0] <> L_Last_Written_Persist_Buffer[0]) OR
./PRG_System.st:814:    (L_Persist_Buffer[1] <> L_Last_Written_Persist_Buffer[1]) OR
./PRG_System.st:815:    (L_Persist_Buffer[2] <> L_Last_Written_Persist_Buffer[2]) OR
./PRG_System.st:816:    (L_Persist_Buffer[3] <> L_Last_Written_Persist_Buffer[3]) OR
./PRG_System.st:817:    (L_Persist_Buffer[4] <> L_Last_Written_Persist_Buffer[4]);
./PRG_System.st:827:ELSIF L_Persist_Buffer_Changed THEN
./PRG_System.st:838:    VI_DataRef := L_Persist_Buffer[0],
./PRG_System.st:850:    L_Last_Written_Persist_Buffer[0] := L_Persist_Buffer[0];
./PRG_System.st:851:    L_Last_Written_Persist_Buffer[1] := L_Persist_Buffer[1];
./PRG_System.st:852:    L_Last_Written_Persist_Buffer[2] := L_Persist_Buffer[2];
./PRG_System.st:853:    L_Last_Written_Persist_Buffer[3] := L_Persist_Buffer[3];
./PRG_System.st:854:    L_Last_Written_Persist_Buffer[4] := L_Persist_Buffer[4];
./PRG_System.st.bak_step240:166:        GVL_STATE.G_Safety_Gas_Latched := GVL_PERSISTENT.P_Safety_Gas_Latched;
./PRG_System.st.bak_step240:167:        GVL_STATE.G_Safety_Smoke_Latched := GVL_PERSISTENT.P_Safety_Smoke_Latched;
./PRG_System.st.bak_step240:168:        GVL_STATE.G_Safety_Leak_Latched := GVL_PERSISTENT.P_Safety_Leak_Latched;
./PRG_System.st.bak_step240:1108:GVL_PERSISTENT.P_Safety_Gas_Latched := L_Persist_Struct.Safety_Gas_Latched;
./PRG_System.st.bak_step240:1109:GVL_PERSISTENT.P_Safety_Smoke_Latched := L_Persist_Struct.Safety_Smoke_Latched;
./PRG_System.st.bak_step240:1110:GVL_PERSISTENT.P_Safety_Leak_Latched := L_Persist_Struct.Safety_Leak_Latched;
./steps/2026-04-16_add_persist_struct_adapter_fixed/01_add_persist_struct_adapter_fixed.py:17:GVL_PERSISTENT.P_Safety_Gas_Latched := GVL_STATE.G_Safety_Gas_Latched;
./steps/2026-04-16_add_persist_struct_adapter_fixed/01_add_persist_struct_adapter_fixed.py:18:GVL_PERSISTENT.P_Safety_Smoke_Latched := GVL_STATE.G_Safety_Smoke_Latched;
./steps/2026-04-16_add_persist_struct_adapter_fixed/01_add_persist_struct_adapter_fixed.py:19:GVL_PERSISTENT.P_Safety_Leak_Latched := GVL_STATE.G_Safety_Leak_Latched;
./steps/2026-04-16_add_persist_struct_adapter_fixed/01_add_persist_struct_adapter_fixed.py:39:GVL_PERSISTENT.P_Safety_Gas_Latched := L_Persist_Struct.Safety_Gas_Latched;
./steps/2026-04-16_add_persist_struct_adapter_fixed/01_add_persist_struct_adapter_fixed.py:40:GVL_PERSISTENT.P_Safety_Smoke_Latched := L_Persist_Struct.Safety_Smoke_Latched;
./steps/2026-04-16_add_persist_struct_adapter_fixed/01_add_persist_struct_adapter_fixed.py:41:GVL_PERSISTENT.P_Safety_Leak_Latched := L_Persist_Struct.Safety_Leak_Latched;
./steps/2026-04-16_add_persist_struct_adapter/01_add_persist_struct_adapter.py:17:GVL_PERSISTENT.P_Safety_Gas_Latched := GVL_STATE.G_Safety_Gas_Latched;
./steps/2026-04-16_add_persist_struct_adapter/01_add_persist_struct_adapter.py:18:GVL_PERSISTENT.P_Safety_Smoke_Latched := GVL_STATE.G_Safety_Smoke_Latched;
./steps/2026-04-16_add_persist_struct_adapter/01_add_persist_struct_adapter.py:19:GVL_PERSISTENT.P_Safety_Leak_Latched := GVL_STATE.G_Safety_Leak_Latched;
./steps/2026-04-16_add_persist_struct_adapter/01_add_persist_struct_adapter.py:38:GVL_PERSISTENT.P_Safety_Gas_Latched := L_Persist_Struct.Safety_Gas_Latched;
./steps/2026-04-16_add_persist_struct_adapter/01_add_persist_struct_adapter.py:39:GVL_PERSISTENT.P_Safety_Smoke_Latched := L_Persist_Struct.Safety_Smoke_Latched;
./steps/2026-04-16_add_persist_struct_adapter/01_add_persist_struct_adapter.py:40:GVL_PERSISTENT.P_Safety_Leak_Latched := L_Persist_Struct.Safety_Leak_Latched;
./steps/2026-04-16_pack_nvram_buffer_from_struct_adapter/01_pack_nvram_buffer_from_struct_adapter.py:10:    "IF GVL_PERSISTENT.P_Safety_Gas_Latched THEN":
./steps/2026-04-16_pack_nvram_buffer_from_struct_adapter/01_pack_nvram_buffer_from_struct_adapter.py:13:    "IF GVL_PERSISTENT.P_Safety_Smoke_Latched THEN":
./steps/2026-04-16_pack_nvram_buffer_from_struct_adapter/01_pack_nvram_buffer_from_struct_adapter.py:16:    "IF GVL_PERSISTENT.P_Safety_Leak_Latched THEN":
./diagnostics/2026_04_16/step_14_nvram_audit.log:213:    P_Safety_Gas_Latched : BOOL;
./diagnostics/2026_04_16/step_14_nvram_audit.log:214:    P_Safety_Smoke_Latched : BOOL;
./diagnostics/2026_04_16/step_14_nvram_audit.log:215:    P_Safety_Leak_Latched : BOOL;
./компилятор/out/RESULT_methods_clean.xml:18360:        GVL_STATE.G_Safety_Gas_Latched := GVL_PERSISTENT.P_Safety_Gas_Latched;
./компилятор/out/RESULT_methods_clean.xml:18361:        GVL_STATE.G_Safety_Smoke_Latched := GVL_PERSISTENT.P_Safety_Smoke_Latched;
./компилятор/out/RESULT_methods_clean.xml:18362:        GVL_STATE.G_Safety_Leak_Latched := GVL_PERSISTENT.P_Safety_Leak_Latched;
./компилятор/out/RESULT_methods_clean.xml:19302:GVL_PERSISTENT.P_Safety_Gas_Latched := L_Persist_Struct.Safety_Gas_Latched;
./компилятор/out/RESULT_methods_clean.xml:19303:GVL_PERSISTENT.P_Safety_Smoke_Latched := L_Persist_Struct.Safety_Smoke_Latched;
./компилятор/out/RESULT_methods_clean.xml:19304:GVL_PERSISTENT.P_Safety_Leak_Latched := L_Persist_Struct.Safety_Leak_Latched;
./компилятор/out/RESULT_methods_clean.xml:20831:<data name="http://www.3s-software.com/plcopenxml/globalvars" handleUnknown="implementation"><globalVars name="GVL_PERSISTENT" retain="true"><variable name="P_System_Mode"><type><derived name="E_System_Operating_Mode" /></type></variable><variable name="P_Safety_Gas_Latched"><type><BOOL /></type></variable><variable name="P_Safety_Smoke_Latched"><type><BOOL /></type></variable><variable name="P_Safety_Leak_Latched"><type><BOOL /></type></variable><variable name="P_DHW_Heating_Active"><type><BOOL /></type></variable><variable name="P_Valid"><type><BOOL /></type></variable><addData><data name="http://www.3s-software.com/plcopenxml/objectid" handleUnknown="discard"><ObjectId>7b214a17-f321-40a2-914e-01bb84cca44e</ObjectId></data></addData></globalVars></data>
./repo_logs/nvram/nvram_REAL_latest.log:11:    P_Safety_Gas_Latched : BOOL;
./repo_logs/nvram/nvram_REAL_latest.log:12:    P_Safety_Smoke_Latched : BOOL;
./repo_logs/nvram/nvram_REAL_latest.log:13:    P_Safety_Leak_Latched : BOOL;
./repo_logs/nvram/nvram_REAL_latest.log:181:113:        GVL_STATE.G_Safety_Gas_Latched := GVL_PERSISTENT.P_Safety_Gas_Latched;
./repo_logs/nvram/nvram_REAL_latest.log:182:114:        GVL_STATE.G_Safety_Smoke_Latched := GVL_PERSISTENT.P_Safety_Smoke_Latched;
./repo_logs/nvram/nvram_REAL_latest.log:183:115:        GVL_STATE.G_Safety_Leak_Latched := GVL_PERSISTENT.P_Safety_Leak_Latched;
./repo_logs/nvram/nvram_REAL_latest.log:188:675:IF GVL_PERSISTENT.P_Safety_Gas_Latched THEN
./repo_logs/nvram/nvram_REAL_latest.log:189:680:IF GVL_PERSISTENT.P_Safety_Smoke_Latched THEN
./repo_logs/nvram/nvram_REAL_latest.log:190:685:IF GVL_PERSISTENT.P_Safety_Leak_Latched THEN
./repo_logs/nvram/nvram_REAL_latest.log:206:997:GVL_PERSISTENT.P_Safety_Gas_Latched := GVL_STATE.G_Safety_Gas_Latched;
./repo_logs/nvram/nvram_REAL_latest.log:207:998:GVL_PERSISTENT.P_Safety_Smoke_Latched := GVL_STATE.G_Safety_Smoke_Latched;
./repo_logs/nvram/nvram_REAL_latest.log:208:999:GVL_PERSISTENT.P_Safety_Leak_Latched := GVL_STATE.G_Safety_Leak_Latched;
./repo_logs/nvram/2026_04_16/step_19_persist_write_precheck.log:116:        GVL_STATE.G_Safety_Gas_Latched := GVL_PERSISTENT.P_Safety_Gas_Latched;
./repo_logs/nvram/2026_04_16/step_19_persist_write_precheck.log:117:        GVL_STATE.G_Safety_Smoke_Latched := GVL_PERSISTENT.P_Safety_Smoke_Latched;
./repo_logs/nvram/2026_04_16/step_19_persist_write_precheck.log:118:        GVL_STATE.G_Safety_Leak_Latched := GVL_PERSISTENT.P_Safety_Leak_Latched;
./repo_logs/nvram/2026_04_16/step_19_persist_write_precheck.log:227:    P_Safety_Gas_Latched : BOOL;
./repo_logs/nvram/2026_04_16/step_19_persist_write_precheck.log:228:    P_Safety_Smoke_Latched : BOOL;
./repo_logs/nvram/2026_04_16/step_19_persist_write_precheck.log:229:    P_Safety_Leak_Latched : BOOL;
./repo_logs/nvram/2026_04_16/step_19_persist_write_precheck.log:242:./docs/assistant_bridge/nvram_REAL_latest.log:181:113:        GVL_STATE.G_Safety_Gas_Latched := GVL_PERSISTENT.P_Safety_Gas_Latched;
./repo_logs/nvram/2026_04_16/step_19_persist_write_precheck.log:243:./docs/assistant_bridge/nvram_REAL_latest.log:182:114:        GVL_STATE.G_Safety_Smoke_Latched := GVL_PERSISTENT.P_Safety_Smoke_Latched;
./repo_logs/nvram/2026_04_16/step_19_persist_write_precheck.log:244:./docs/assistant_bridge/nvram_REAL_latest.log:183:115:        GVL_STATE.G_Safety_Leak_Latched := GVL_PERSISTENT.P_Safety_Leak_Latched;
./repo_logs/nvram/2026_04_16/step_19_persist_write_precheck.log:246:./docs/assistant_bridge/nvram_REAL_latest.log:188:675:IF GVL_PERSISTENT.P_Safety_Gas_Latched THEN
./repo_logs/nvram/2026_04_16/step_19_persist_write_precheck.log:247:./docs/assistant_bridge/nvram_REAL_latest.log:189:680:IF GVL_PERSISTENT.P_Safety_Smoke_Latched THEN
./repo_logs/nvram/2026_04_16/step_19_persist_write_precheck.log:248:./docs/assistant_bridge/nvram_REAL_latest.log:190:685:IF GVL_PERSISTENT.P_Safety_Leak_Latched THEN
./repo_logs/nvram/2026_04_16/step_19_persist_write_precheck.log:251:./docs/assistant_bridge/nvram_REAL_latest.log:206:997:GVL_PERSISTENT.P_Safety_Gas_Latched := GVL_STATE.G_Safety_Gas_Latched;
./repo_logs/nvram/2026_04_16/step_19_persist_write_precheck.log:252:./docs/assistant_bridge/nvram_REAL_latest.log:207:998:GVL_PERSISTENT.P_Safety_Smoke_Latched := GVL_STATE.G_Safety_Smoke_Latched;
./repo_logs/nvram/2026_04_16/step_19_persist_write_precheck.log:253:./docs/assistant_bridge/nvram_REAL_latest.log:208:999:GVL_PERSISTENT.P_Safety_Leak_Latched := GVL_STATE.G_Safety_Leak_Latched;
./repo_logs/nvram/2026_04_16/step_19_persist_write_precheck.log:257:./PRG_System.st:113:        GVL_STATE.G_Safety_Gas_Latched := GVL_PERSISTENT.P_Safety_Gas_Latched;
./repo_logs/nvram/2026_04_16/step_19_persist_write_precheck.log:258:./PRG_System.st:114:        GVL_STATE.G_Safety_Smoke_Latched := GVL_PERSISTENT.P_Safety_Smoke_Latched;
./repo_logs/nvram/2026_04_16/step_19_persist_write_precheck.log:259:./PRG_System.st:115:        GVL_STATE.G_Safety_Leak_Latched := GVL_PERSISTENT.P_Safety_Leak_Latched;
./repo_logs/nvram/2026_04_16/step_19_persist_write_precheck.log:261:./PRG_System.st:675:IF GVL_PERSISTENT.P_Safety_Gas_Latched THEN
./repo_logs/nvram/2026_04_16/step_19_persist_write_precheck.log:262:./PRG_System.st:680:IF GVL_PERSISTENT.P_Safety_Smoke_Latched THEN
./repo_logs/nvram/2026_04_16/step_19_persist_write_precheck.log:263:./PRG_System.st:685:IF GVL_PERSISTENT.P_Safety_Leak_Latched THEN
./repo_logs/nvram/2026_04_16/step_19_persist_write_precheck.log:266:./PRG_System.st:997:GVL_PERSISTENT.P_Safety_Gas_Latched := GVL_STATE.G_Safety_Gas_Latched;
./repo_logs/nvram/2026_04_16/step_19_persist_write_precheck.log:267:./PRG_System.st:998:GVL_PERSISTENT.P_Safety_Smoke_Latched := GVL_STATE.G_Safety_Smoke_Latched;
./repo_logs/nvram/2026_04_16/step_19_persist_write_precheck.log:268:./PRG_System.st:999:GVL_PERSISTENT.P_Safety_Leak_Latched := GVL_STATE.G_Safety_Leak_Latched;
./repo_logs/nvram/2026_04_16/step_17_startup_entry.log:2411:        GVL_STATE.G_Safety_Gas_Latched := GVL_PERSISTENT.P_Safety_Gas_Latched;
./repo_logs/nvram/2026_04_16/step_17_startup_entry.log:2412:        GVL_STATE.G_Safety_Smoke_Latched := GVL_PERSISTENT.P_Safety_Smoke_Latched;
./repo_logs/nvram/2026_04_16/step_17_startup_entry.log:2413:        GVL_STATE.G_Safety_Leak_Latched := GVL_PERSISTENT.P_Safety_Leak_Latched;
./repo_logs/nvram/2026_04_16/step_16_nvram_runtime_flow.log:814:        GVL_STATE.G_Safety_Gas_Latched := GVL_PERSISTENT.P_Safety_Gas_Latched;
./repo_logs/nvram/2026_04_16/step_16_nvram_runtime_flow.log:815:        GVL_STATE.G_Safety_Smoke_Latched := GVL_PERSISTENT.P_Safety_Smoke_Latched;
./repo_logs/nvram/2026_04_16/step_16_nvram_runtime_flow.log:816:        GVL_STATE.G_Safety_Leak_Latched := GVL_PERSISTENT.P_Safety_Leak_Latched;
./repo_logs/assistant_bridge/2026_04_19/step_269b_snapshot_real_audit/snapshot_real_audit.log:10250:./repo_logs/assistant_bridge/2026_04_16/step_05_persistence_path_reconciliation/persistence_path_reconciliation.log:486:./snapshots/project_clean_state_2026_04_16/компилятор/out/RESULT_methods_clean.xml:19103:        GVL_STATE.G_Safety_Gas_Latched := GVL_PERSISTENT.P_Safety_Gas_Latched;
./repo_logs/assistant_bridge/2026_04_19/step_269b_snapshot_real_audit/snapshot_real_audit.log:10251:./repo_logs/assistant_bridge/2026_04_16/step_05_persistence_path_reconciliation/persistence_path_reconciliation.log:487:./snapshots/project_clean_state_2026_04_16/компилятор/out/RESULT_methods_clean.xml:19104:        GVL_STATE.G_Safety_Smoke_Latched := GVL_PERSISTENT.P_Safety_Smoke_Latched;
./repo_logs/assistant_bridge/2026_04_19/step_269b_snapshot_real_audit/snapshot_real_audit.log:10252:./repo_logs/assistant_bridge/2026_04_16/step_05_persistence_path_reconciliation/persistence_path_reconciliation.log:488:./snapshots/project_clean_state_2026_04_16/компилятор/out/RESULT_methods_clean.xml:19105:        GVL_STATE.G_Safety_Leak_Latched := GVL_PERSISTENT.P_Safety_Leak_Latched;
./repo_logs/assistant_bridge/2026_04_19/step_269b_snapshot_real_audit/snapshot_real_audit.log:10255:./repo_logs/assistant_bridge/2026_04_16/step_05_persistence_path_reconciliation/persistence_path_reconciliation.log:491:./snapshots/project_clean_state_2026_04_16/компилятор/out/RESULT_methods_clean.xml:19665:IF GVL_PERSISTENT.P_Safety_Gas_Latched THEN
./repo_logs/assistant_bridge/2026_04_19/step_269b_snapshot_real_audit/snapshot_real_audit.log:10256:./repo_logs/assistant_bridge/2026_04_16/step_05_persistence_path_reconciliation/persistence_path_reconciliation.log:492:./snapshots/project_clean_state_2026_04_16/компилятор/out/RESULT_methods_clean.xml:19670:IF GVL_PERSISTENT.P_Safety_Smoke_Latched THEN
./repo_logs/assistant_bridge/2026_04_19/step_269b_snapshot_real_audit/snapshot_real_audit.log:10257:./repo_logs/assistant_bridge/2026_04_16/step_05_persistence_path_reconciliation/persistence_path_reconciliation.log:493:./snapshots/project_clean_state_2026_04_16/компилятор/out/RESULT_methods_clean.xml:19675:IF GVL_PERSISTENT.P_Safety_Leak_Latched THEN
./repo_logs/assistant_bridge/2026_04_19/step_269b_snapshot_real_audit/snapshot_real_audit.log:10260:./repo_logs/assistant_bridge/2026_04_16/step_05_persistence_path_reconciliation/persistence_path_reconciliation.log:496:./snapshots/project_clean_state_2026_04_16/компилятор/out/RESULT_methods_clean.xml:19987:GVL_PERSISTENT.P_Safety_Gas_Latched := GVL_STATE.G_Safety_Gas_Latched;
./repo_logs/assistant_bridge/2026_04_19/step_269b_snapshot_real_audit/snapshot_real_audit.log:10261:./repo_logs/assistant_bridge/2026_04_16/step_05_persistence_path_reconciliation/persistence_path_reconciliation.log:497:./snapshots/project_clean_state_2026_04_16/компилятор/out/RESULT_methods_clean.xml:19988:GVL_PERSISTENT.P_Safety_Smoke_Latched := GVL_STATE.G_Safety_Smoke_Latched;
./repo_logs/assistant_bridge/2026_04_19/step_269b_snapshot_real_audit/snapshot_real_audit.log:10262:./repo_logs/assistant_bridge/2026_04_16/step_05_persistence_path_reconciliation/persistence_path_reconciliation.log:498:./snapshots/project_clean_state_2026_04_16/компилятор/out/RESULT_methods_clean.xml:19989:GVL_PERSISTENT.P_Safety_Leak_Latched := GVL_STATE.G_Safety_Leak_Latched;
./repo_logs/assistant_bridge/2026_04_19/step_269b_snapshot_real_audit/snapshot_real_audit.log:10265:./repo_logs/assistant_bridge/2026_04_16/step_05_persistence_path_reconciliation/persistence_path_reconciliation.log:501:./snapshots/project_clean_state_2026_04_16/компилятор/out/RESULT_methods_clean.xml:20086:<data name="http://www.3s-software.com/plcopenxml/globalvars" handleUnknown="implementation"><globalVars name="GVL_PERSISTENT" retain="true"><variable name="P_System_Mode"><type><derived name="E_System_Operating_Mode" /></type></variable><variable name="P_Safety_Gas_Latched"><type><BOOL /></type></variable><variable name="P_Safety_Smoke_Latched"><type><BOOL /></type></variable><variable name="P_Safety_Leak_Latched"><type><BOOL /></type></variable><variable name="P_DHW_Heating_Active"><type><BOOL /></type></variable><variable name="P_Valid"><type><BOOL /></type></variable><addData><data name="http://www.3s-software.com/plcopenxml/objectid" handleUnknown="discard"><ObjectId>a01760fc-f32a-4644-87c3-ab326656d6f4</ObjectId></data></addData></globalVars></data>
./repo_logs/assistant_bridge/2026_04_19/step_269b_snapshot_real_audit/snapshot_real_audit.log:10267:./repo_logs/assistant_bridge/2026_04_16/step_05_persistence_path_reconciliation/persistence_path_reconciliation.log:503:./snapshots/project_clean_state_2026_04_16/repo_logs/nvram/nvram_REAL_latest.log:11:    P_Safety_Gas_Latched : BOOL;
./repo_logs/assistant_bridge/2026_04_19/step_269b_snapshot_real_audit/snapshot_real_audit.log:10268:./repo_logs/assistant_bridge/2026_04_16/step_05_persistence_path_reconciliation/persistence_path_reconciliation.log:504:./snapshots/project_clean_state_2026_04_16/repo_logs/nvram/nvram_REAL_latest.log:12:    P_Safety_Smoke_Latched : BOOL;
./repo_logs/assistant_bridge/2026_04_19/step_269b_snapshot_real_audit/snapshot_real_audit.log:10269:./repo_logs/assistant_bridge/2026_04_16/step_05_persistence_path_reconciliation/persistence_path_reconciliation.log:505:./snapshots/project_clean_state_2026_04_16/repo_logs/nvram/nvram_REAL_latest.log:13:    P_Safety_Leak_Latched : BOOL;
./repo_logs/assistant_bridge/2026_04_19/step_269b_snapshot_real_audit/snapshot_real_audit.log:10273:./repo_logs/assistant_bridge/2026_04_16/step_05_persistence_path_reconciliation/persistence_path_reconciliation.log:509:./snapshots/project_clean_state_2026_04_16/repo_logs/nvram/nvram_REAL_latest.log:181:113:        GVL_STATE.G_Safety_Gas_Latched := GVL_PERSISTENT.P_Safety_Gas_Latched;
./repo_logs/assistant_bridge/2026_04_19/step_269b_snapshot_real_audit/snapshot_real_audit.log:10274:./repo_logs/assistant_bridge/2026_04_16/step_05_persistence_path_reconciliation/persistence_path_reconciliation.log:510:./snapshots/project_clean_state_2026_04_16/repo_logs/nvram/nvram_REAL_latest.log:182:114:        GVL_STATE.G_Safety_Smoke_Latched := GVL_PERSISTENT.P_Safety_Smoke_Latched;
./repo_logs/assistant_bridge/2026_04_19/step_269b_snapshot_real_audit/snapshot_real_audit.log:10275:./repo_logs/assistant_bridge/2026_04_16/step_05_persistence_path_reconciliation/persistence_path_reconciliation.log:511:./snapshots/project_clean_state_2026_04_16/repo_logs/nvram/nvram_REAL_latest.log:183:115:        GVL_STATE.G_Safety_Leak_Latched := GVL_PERSISTENT.P_Safety_Leak_Latched;
./repo_logs/assistant_bridge/2026_04_19/step_269b_snapshot_real_audit/snapshot_real_audit.log:10277:./repo_logs/assistant_bridge/2026_04_16/step_05_persistence_path_reconciliation/persistence_path_reconciliation.log:513:./snapshots/project_clean_state_2026_04_16/repo_logs/nvram/nvram_REAL_latest.log:188:675:IF GVL_PERSISTENT.P_Safety_Gas_Latched THEN
./repo_logs/assistant_bridge/2026_04_19/step_269b_snapshot_real_audit/snapshot_real_audit.log:10278:./repo_logs/assistant_bridge/2026_04_16/step_05_persistence_path_reconciliation/persistence_path_reconciliation.log:514:./snapshots/project_clean_state_2026_04_16/repo_logs/nvram/nvram_REAL_latest.log:189:680:IF GVL_PERSISTENT.P_Safety_Smoke_Latched THEN
./repo_logs/assistant_bridge/2026_04_19/step_269b_snapshot_real_audit/snapshot_real_audit.log:10279:./repo_logs/assistant_bridge/2026_04_16/step_05_persistence_path_reconciliation/persistence_path_reconciliation.log:515:./snapshots/project_clean_state_2026_04_16/repo_logs/nvram/nvram_REAL_latest.log:190:685:IF GVL_PERSISTENT.P_Safety_Leak_Latched THEN
./repo_logs/assistant_bridge/2026_04_19/step_269b_snapshot_real_audit/snapshot_real_audit.log:10282:./repo_logs/assistant_bridge/2026_04_16/step_05_persistence_path_reconciliation/persistence_path_reconciliation.log:518:./snapshots/project_clean_state_2026_04_16/repo_logs/nvram/nvram_REAL_latest.log:206:997:GVL_PERSISTENT.P_Safety_Gas_Latched := GVL_STATE.G_Safety_Gas_Latched;
./repo_logs/assistant_bridge/2026_04_19/step_269b_snapshot_real_audit/snapshot_real_audit.log:10283:./repo_logs/assistant_bridge/2026_04_16/step_05_persistence_path_reconciliation/persistence_path_reconciliation.log:519:./snapshots/project_clean_state_2026_04_16/repo_logs/nvram/nvram_REAL_latest.log:207:998:GVL_PERSISTENT.P_Safety_Smoke_Latched := GVL_STATE.G_Safety_Smoke_Latched;
./repo_logs/assistant_bridge/2026_04_19/step_269b_snapshot_real_audit/snapshot_real_audit.log:10284:./repo_logs/assistant_bridge/2026_04_16/step_05_persistence_path_reconciliation/persistence_path_reconciliation.log:520:./snapshots/project_clean_state_2026_04_16/repo_logs/nvram/nvram_REAL_latest.log:208:999:GVL_PERSISTENT.P_Safety_Leak_Latched := GVL_STATE.G_Safety_Leak_Latched;
./repo_logs/assistant_bridge/2026_04_19/step_269b_snapshot_real_audit/snapshot_real_audit.log:10288:./repo_logs/assistant_bridge/2026_04_16/step_05_persistence_path_reconciliation/persistence_path_reconciliation.log:524:./snapshots/project_clean_state_2026_04_16/GVL_PERSISTENT.gvl:7:    P_Safety_Gas_Latched : BOOL;
./repo_logs/assistant_bridge/2026_04_19/step_269b_snapshot_real_audit/snapshot_real_audit.log:10289:./repo_logs/assistant_bridge/2026_04_16/step_05_persistence_path_reconciliation/persistence_path_reconciliation.log:525:./snapshots/project_clean_state_2026_04_16/GVL_PERSISTENT.gvl:8:    P_Safety_Smoke_Latched : BOOL;
./repo_logs/assistant_bridge/2026_04_19/step_269b_snapshot_real_audit/snapshot_real_audit.log:10290:./repo_logs/assistant_bridge/2026_04_16/step_05_persistence_path_reconciliation/persistence_path_reconciliation.log:526:./snapshots/project_clean_state_2026_04_16/GVL_PERSISTENT.gvl:9:    P_Safety_Leak_Latched : BOOL;
./repo_logs/assistant_bridge/2026_04_19/step_269b_snapshot_real_audit/snapshot_real_audit.log:10294:./repo_logs/assistant_bridge/2026_04_16/step_05_persistence_path_reconciliation/persistence_path_reconciliation.log:530:./snapshots/project_clean_state_2026_04_16/docs/assistant_bridge/nvram_REAL_latest.log:11:    P_Safety_Gas_Latched : BOOL;
./repo_logs/assistant_bridge/2026_04_19/step_269b_snapshot_real_audit/snapshot_real_audit.log:10295:./repo_logs/assistant_bridge/2026_04_16/step_05_persistence_path_reconciliation/persistence_path_reconciliation.log:531:./snapshots/project_clean_state_2026_04_16/docs/assistant_bridge/nvram_REAL_latest.log:12:    P_Safety_Smoke_Latched : BOOL;
./repo_logs/assistant_bridge/2026_04_19/step_269b_snapshot_real_audit/snapshot_real_audit.log:10296:./repo_logs/assistant_bridge/2026_04_16/step_05_persistence_path_reconciliation/persistence_path_reconciliation.log:532:./snapshots/project_clean_state_2026_04_16/docs/assistant_bridge/nvram_REAL_latest.log:13:    P_Safety_Leak_Latched : BOOL;
./repo_logs/assistant_bridge/2026_04_19/step_269b_snapshot_real_audit/snapshot_real_audit.log:10300:./repo_logs/assistant_bridge/2026_04_16/step_05_persistence_path_reconciliation/persistence_path_reconciliation.log:536:./snapshots/project_clean_state_2026_04_16/docs/assistant_bridge/nvram_REAL_latest.log:181:113:        GVL_STATE.G_Safety_Gas_Latched := GVL_PERSISTENT.P_Safety_Gas_Latched;
./repo_logs/assistant_bridge/2026_04_19/step_269b_snapshot_real_audit/snapshot_real_audit.log:10301:./repo_logs/assistant_bridge/2026_04_16/step_05_persistence_path_reconciliation/persistence_path_reconciliation.log:537:./snapshots/project_clean_state_2026_04_16/docs/assistant_bridge/nvram_REAL_latest.log:182:114:        GVL_STATE.G_Safety_Smoke_Latched := GVL_PERSISTENT.P_Safety_Smoke_Latched;
./repo_logs/assistant_bridge/2026_04_19/step_269b_snapshot_real_audit/snapshot_real_audit.log:10302:./repo_logs/assistant_bridge/2026_04_16/step_05_persistence_path_reconciliation/persistence_path_reconciliation.log:538:./snapshots/project_clean_state_2026_04_16/docs/assistant_bridge/nvram_REAL_latest.log:183:115:        GVL_STATE.G_Safety_Leak_Latched := GVL_PERSISTENT.P_Safety_Leak_Latched;
./repo_logs/assistant_bridge/2026_04_19/step_269b_snapshot_real_audit/snapshot_real_audit.log:10304:./repo_logs/assistant_bridge/2026_04_16/step_05_persistence_path_reconciliation/persistence_path_reconciliation.log:540:./snapshots/project_clean_state_2026_04_16/docs/assistant_bridge/nvram_REAL_latest.log:188:675:IF GVL_PERSISTENT.P_Safety_Gas_Latched THEN
./repo_logs/assistant_bridge/2026_04_19/step_269b_snapshot_real_audit/snapshot_real_audit.log:10305:./repo_logs/assistant_bridge/2026_04_16/step_05_persistence_path_reconciliation/persistence_path_reconciliation.log:541:./snapshots/project_clean_state_2026_04_16/docs/assistant_bridge/nvram_REAL_latest.log:189:680:IF GVL_PERSISTENT.P_Safety_Smoke_Latched THEN
./repo_logs/assistant_bridge/2026_04_19/step_269b_snapshot_real_audit/snapshot_real_audit.log:10306:./repo_logs/assistant_bridge/2026_04_16/step_05_persistence_path_reconciliation/persistence_path_reconciliation.log:542:./snapshots/project_clean_state_2026_04_16/docs/assistant_bridge/nvram_REAL_latest.log:190:685:IF GVL_PERSISTENT.P_Safety_Leak_Latched THEN
./repo_logs/assistant_bridge/2026_04_19/step_269b_snapshot_real_audit/snapshot_real_audit.log:10309:./repo_logs/assistant_bridge/2026_04_16/step_05_persistence_path_reconciliation/persistence_path_reconciliation.log:545:./snapshots/project_clean_state_2026_04_16/docs/assistant_bridge/nvram_REAL_latest.log:206:997:GVL_PERSISTENT.P_Safety_Gas_Latched := GVL_STATE.G_Safety_Gas_Latched;
./repo_logs/assistant_bridge/2026_04_19/step_269b_snapshot_real_audit/snapshot_real_audit.log:10310:./repo_logs/assistant_bridge/2026_04_16/step_05_persistence_path_reconciliation/persistence_path_reconciliation.log:546:./snapshots/project_clean_state_2026_04_16/docs/assistant_bridge/nvram_REAL_latest.log:207:998:GVL_PERSISTENT.P_Safety_Smoke_Latched := GVL_STATE.G_Safety_Smoke_Latched;
./repo_logs/assistant_bridge/2026_04_19/step_269b_snapshot_real_audit/snapshot_real_audit.log:10311:./repo_logs/assistant_bridge/2026_04_16/step_05_persistence_path_reconciliation/persistence_path_reconciliation.log:547:./snapshots/project_clean_state_2026_04_16/docs/assistant_bridge/nvram_REAL_latest.log:208:999:GVL_PERSISTENT.P_Safety_Leak_Latched := GVL_STATE.G_Safety_Leak_Latched;
./repo_logs/assistant_bridge/2026_04_19/step_269b_snapshot_real_audit/snapshot_real_audit.log:10317:./repo_logs/assistant_bridge/2026_04_16/step_05_persistence_path_reconciliation/persistence_path_reconciliation.log:553:./snapshots/project_clean_state_2026_04_16/PRG_System.st:113:        GVL_STATE.G_Safety_Gas_Latched := GVL_PERSISTENT.P_Safety_Gas_Latched;
./repo_logs/assistant_bridge/2026_04_19/step_269b_snapshot_real_audit/snapshot_real_audit.log:10318:./repo_logs/assistant_bridge/2026_04_16/step_05_persistence_path_reconciliation/persistence_path_reconciliation.log:554:./snapshots/project_clean_state_2026_04_16/PRG_System.st:114:        GVL_STATE.G_Safety_Smoke_Latched := GVL_PERSISTENT.P_Safety_Smoke_Latched;
./repo_logs/assistant_bridge/2026_04_19/step_269b_snapshot_real_audit/snapshot_real_audit.log:10319:./repo_logs/assistant_bridge/2026_04_16/step_05_persistence_path_reconciliation/persistence_path_reconciliation.log:555:./snapshots/project_clean_state_2026_04_16/PRG_System.st:115:        GVL_STATE.G_Safety_Leak_Latched := GVL_PERSISTENT.P_Safety_Leak_Latched;
./repo_logs/assistant_bridge/2026_04_19/step_269b_snapshot_real_audit/snapshot_real_audit.log:10322:./repo_logs/assistant_bridge/2026_04_16/step_05_persistence_path_reconciliation/persistence_path_reconciliation.log:558:./snapshots/project_clean_state_2026_04_16/PRG_System.st:675:IF GVL_PERSISTENT.P_Safety_Gas_Latched THEN
./repo_logs/assistant_bridge/2026_04_19/step_269b_snapshot_real_audit/snapshot_real_audit.log:10323:./repo_logs/assistant_bridge/2026_04_16/step_05_persistence_path_reconciliation/persistence_path_reconciliation.log:559:./snapshots/project_clean_state_2026_04_16/PRG_System.st:680:IF GVL_PERSISTENT.P_Safety_Smoke_Latched THEN
./repo_logs/assistant_bridge/2026_04_19/step_269b_snapshot_real_audit/snapshot_real_audit.log:10324:./repo_logs/assistant_bridge/2026_04_16/step_05_persistence_path_reconciliation/persistence_path_reconciliation.log:560:./snapshots/project_clean_state_2026_04_16/PRG_System.st:685:IF GVL_PERSISTENT.P_Safety_Leak_Latched THEN
./repo_logs/assistant_bridge/2026_04_19/step_269b_snapshot_real_audit/snapshot_real_audit.log:10327:./repo_logs/assistant_bridge/2026_04_16/step_05_persistence_path_reconciliation/persistence_path_reconciliation.log:563:./snapshots/project_clean_state_2026_04_16/PRG_System.st:997:GVL_PERSISTENT.P_Safety_Gas_Latched := GVL_STATE.G_Safety_Gas_Latched;
./repo_logs/assistant_bridge/2026_04_19/step_269b_snapshot_real_audit/snapshot_real_audit.log:10328:./repo_logs/assistant_bridge/2026_04_16/step_05_persistence_path_reconciliation/persistence_path_reconciliation.log:564:./snapshots/project_clean_state_2026_04_16/PRG_System.st:998:GVL_PERSISTENT.P_Safety_Smoke_Latched := GVL_STATE.G_Safety_Smoke_Latched;
./repo_logs/assistant_bridge/2026_04_19/step_269b_snapshot_real_audit/snapshot_real_audit.log:10329:./repo_logs/assistant_bridge/2026_04_16/step_05_persistence_path_reconciliation/persistence_path_reconciliation.log:565:./snapshots/project_clean_state_2026_04_16/PRG_System.st:999:GVL_PERSISTENT.P_Safety_Leak_Latched := GVL_STATE.G_Safety_Leak_Latched;
./repo_logs/assistant_bridge/2026_04_19/step_269b_snapshot_real_audit/snapshot_real_audit.log:10335:./repo_logs/assistant_bridge/2026_04_16/step_05_persistence_path_reconciliation/persistence_path_reconciliation.log:571:./snapshots/clean_build_2026_04_16/компилятор/out/RESULT_methods_clean.xml:19103:        GVL_STATE.G_Safety_Gas_Latched := GVL_PERSISTENT.P_Safety_Gas_Latched;
./repo_logs/assistant_bridge/2026_04_19/step_269b_snapshot_real_audit/snapshot_real_audit.log:10336:./repo_logs/assistant_bridge/2026_04_16/step_05_persistence_path_reconciliation/persistence_path_reconciliation.log:572:./snapshots/clean_build_2026_04_16/компилятор/out/RESULT_methods_clean.xml:19104:        GVL_STATE.G_Safety_Smoke_Latched := GVL_PERSISTENT.P_Safety_Smoke_Latched;
./repo_logs/assistant_bridge/2026_04_19/step_269b_snapshot_real_audit/snapshot_real_audit.log:10337:./repo_logs/assistant_bridge/2026_04_16/step_05_persistence_path_reconciliation/persistence_path_reconciliation.log:573:./snapshots/clean_build_2026_04_16/компилятор/out/RESULT_methods_clean.xml:19105:        GVL_STATE.G_Safety_Leak_Latched := GVL_PERSISTENT.P_Safety_Leak_Latched;
./repo_logs/assistant_bridge/2026_04_19/step_269b_snapshot_real_audit/snapshot_real_audit.log:10340:./repo_logs/assistant_bridge/2026_04_16/step_05_persistence_path_reconciliation/persistence_path_reconciliation.log:576:./snapshots/clean_build_2026_04_16/компилятор/out/RESULT_methods_clean.xml:19665:IF GVL_PERSISTENT.P_Safety_Gas_Latched THEN
./repo_logs/assistant_bridge/2026_04_19/step_269b_snapshot_real_audit/snapshot_real_audit.log:10341:./repo_logs/assistant_bridge/2026_04_16/step_05_persistence_path_reconciliation/persistence_path_reconciliation.log:577:./snapshots/clean_build_2026_04_16/компилятор/out/RESULT_methods_clean.xml:19670:IF GVL_PERSISTENT.P_Safety_Smoke_Latched THEN
./repo_logs/assistant_bridge/2026_04_19/step_269b_snapshot_real_audit/snapshot_real_audit.log:10342:./repo_logs/assistant_bridge/2026_04_16/step_05_persistence_path_reconciliation/persistence_path_reconciliation.log:578:./snapshots/clean_build_2026_04_16/компилятор/out/RESULT_methods_clean.xml:19675:IF GVL_PERSISTENT.P_Safety_Leak_Latched THEN
./repo_logs/assistant_bridge/2026_04_19/step_269b_snapshot_real_audit/snapshot_real_audit.log:10345:./repo_logs/assistant_bridge/2026_04_16/step_05_persistence_path_reconciliation/persistence_path_reconciliation.log:581:./snapshots/clean_build_2026_04_16/компилятор/out/RESULT_methods_clean.xml:19987:GVL_PERSISTENT.P_Safety_Gas_Latched := GVL_STATE.G_Safety_Gas_Latched;
./repo_logs/assistant_bridge/2026_04_19/step_269b_snapshot_real_audit/snapshot_real_audit.log:10346:./repo_logs/assistant_bridge/2026_04_16/step_05_persistence_path_reconciliation/persistence_path_reconciliation.log:582:./snapshots/clean_build_2026_04_16/компилятор/out/RESULT_methods_clean.xml:19988:GVL_PERSISTENT.P_Safety_Smoke_Latched := GVL_STATE.G_Safety_Smoke_Latched;
./repo_logs/assistant_bridge/2026_04_19/step_269b_snapshot_real_audit/snapshot_real_audit.log:10347:./repo_logs/assistant_bridge/2026_04_16/step_05_persistence_path_reconciliation/persistence_path_reconciliation.log:583:./snapshots/clean_build_2026_04_16/компилятор/out/RESULT_methods_clean.xml:19989:GVL_PERSISTENT.P_Safety_Leak_Latched := GVL_STATE.G_Safety_Leak_Latched;
./repo_logs/assistant_bridge/2026_04_19/step_269b_snapshot_real_audit/snapshot_real_audit.log:10350:./repo_logs/assistant_bridge/2026_04_16/step_05_persistence_path_reconciliation/persistence_path_reconciliation.log:586:./snapshots/clean_build_2026_04_16/компилятор/out/RESULT_methods_clean.xml:20086:<data name="http://www.3s-software.com/plcopenxml/globalvars" handleUnknown="implementation"><globalVars name="GVL_PERSISTENT" retain="true"><variable name="P_System_Mode"><type><derived name="E_System_Operating_Mode" /></type></variable><variable name="P_Safety_Gas_Latched"><type><BOOL /></type></variable><variable name="P_Safety_Smoke_Latched"><type><BOOL /></type></variable><variable name="P_Safety_Leak_Latched"><type><BOOL /></type></variable><variable name="P_DHW_Heating_Active"><type><BOOL /></type></variable><variable name="P_Valid"><type><BOOL /></type></variable><addData><data name="http://www.3s-software.com/plcopenxml/objectid" handleUnknown="discard"><ObjectId>a01760fc-f32a-4644-87c3-ab326656d6f4</ObjectId></data></addData></globalVars></data>
./repo_logs/assistant_bridge/2026_04_19/step_269b_snapshot_real_audit/snapshot_real_audit.log:32830:./repo_logs/nvram/2026_04_16/step_19_persist_write_precheck.log:242:./docs/assistant_bridge/nvram_REAL_latest.log:181:113:        GVL_STATE.G_Safety_Gas_Latched := GVL_PERSISTENT.P_Safety_Gas_Latched;
./repo_logs/assistant_bridge/2026_04_19/step_269b_snapshot_real_audit/snapshot_real_audit.log:32831:./repo_logs/nvram/2026_04_16/step_19_persist_write_precheck.log:243:./docs/assistant_bridge/nvram_REAL_latest.log:182:114:        GVL_STATE.G_Safety_Smoke_Latched := GVL_PERSISTENT.P_Safety_Smoke_Latched;
./repo_logs/assistant_bridge/2026_04_19/step_269b_snapshot_real_audit/snapshot_real_audit.log:32832:./repo_logs/nvram/2026_04_16/step_19_persist_write_precheck.log:244:./docs/assistant_bridge/nvram_REAL_latest.log:183:115:        GVL_STATE.G_Safety_Leak_Latched := GVL_PERSISTENT.P_Safety_Leak_Latched;
./repo_logs/assistant_bridge/2026_04_19/step_269b_snapshot_real_audit/snapshot_real_audit.log:32834:./repo_logs/nvram/2026_04_16/step_19_persist_write_precheck.log:246:./docs/assistant_bridge/nvram_REAL_latest.log:188:675:IF GVL_PERSISTENT.P_Safety_Gas_Latched THEN
./repo_logs/assistant_bridge/2026_04_19/step_269b_snapshot_real_audit/snapshot_real_audit.log:32835:./repo_logs/nvram/2026_04_16/step_19_persist_write_precheck.log:247:./docs/assistant_bridge/nvram_REAL_latest.log:189:680:IF GVL_PERSISTENT.P_Safety_Smoke_Latched THEN
./repo_logs/assistant_bridge/2026_04_19/step_269b_snapshot_real_audit/snapshot_real_audit.log:32836:./repo_logs/nvram/2026_04_16/step_19_persist_write_precheck.log:248:./docs/assistant_bridge/nvram_REAL_latest.log:190:685:IF GVL_PERSISTENT.P_Safety_Leak_Latched THEN
./repo_logs/assistant_bridge/2026_04_19/step_269b_snapshot_real_audit/snapshot_real_audit.log:32839:./repo_logs/nvram/2026_04_16/step_19_persist_write_precheck.log:251:./docs/assistant_bridge/nvram_REAL_latest.log:206:997:GVL_PERSISTENT.P_Safety_Gas_Latched := GVL_STATE.G_Safety_Gas_Latched;
./repo_logs/assistant_bridge/2026_04_19/step_269b_snapshot_real_audit/snapshot_real_audit.log:32840:./repo_logs/nvram/2026_04_16/step_19_persist_write_precheck.log:252:./docs/assistant_bridge/nvram_REAL_latest.log:207:998:GVL_PERSISTENT.P_Safety_Smoke_Latched := GVL_STATE.G_Safety_Smoke_Latched;
./repo_logs/assistant_bridge/2026_04_19/step_269b_snapshot_real_audit/snapshot_real_audit.log:32841:./repo_logs/nvram/2026_04_16/step_19_persist_write_precheck.log:253:./docs/assistant_bridge/nvram_REAL_latest.log:208:999:GVL_PERSISTENT.P_Safety_Leak_Latched := GVL_STATE.G_Safety_Leak_Latched;
./repo_logs/assistant_bridge/2026_04_19/step_269b_snapshot_real_audit/snapshot_real_audit.log:35698:./repo_logs/assistant_bridge/2026_04_16/step_05_persistence_path_reconciliation/persistence_path_reconciliation.log:327:./diagnostics/2026_04_16/step_14_nvram_audit.log:213:    P_Safety_Gas_Latched : BOOL;
./repo_logs/assistant_bridge/2026_04_19/step_269b_snapshot_real_audit/snapshot_real_audit.log:35699:./repo_logs/assistant_bridge/2026_04_16/step_05_persistence_path_reconciliation/persistence_path_reconciliation.log:328:./diagnostics/2026_04_16/step_14_nvram_audit.log:214:    P_Safety_Smoke_Latched : BOOL;
./repo_logs/assistant_bridge/2026_04_19/step_269b_snapshot_real_audit/snapshot_real_audit.log:35700:./repo_logs/assistant_bridge/2026_04_16/step_05_persistence_path_reconciliation/persistence_path_reconciliation.log:329:./diagnostics/2026_04_16/step_14_nvram_audit.log:215:    P_Safety_Leak_Latched : BOOL;
./repo_logs/assistant_bridge/2026_04_19/step_269b_snapshot_real_audit/snapshot_real_audit.log:35704:./repo_logs/assistant_bridge/2026_04_16/step_05_persistence_path_reconciliation/persistence_path_reconciliation.log:352:./repo_logs/nvram/nvram_REAL_latest.log:11:    P_Safety_Gas_Latched : BOOL;
./repo_logs/assistant_bridge/2026_04_19/step_269b_snapshot_real_audit/snapshot_real_audit.log:35705:./repo_logs/assistant_bridge/2026_04_16/step_05_persistence_path_reconciliation/persistence_path_reconciliation.log:353:./repo_logs/nvram/nvram_REAL_latest.log:12:    P_Safety_Smoke_Latched : BOOL;
./repo_logs/assistant_bridge/2026_04_19/step_269b_snapshot_real_audit/snapshot_real_audit.log:35706:./repo_logs/assistant_bridge/2026_04_16/step_05_persistence_path_reconciliation/persistence_path_reconciliation.log:354:./repo_logs/nvram/nvram_REAL_latest.log:13:    P_Safety_Leak_Latched : BOOL;
./repo_logs/assistant_bridge/2026_04_19/step_269b_snapshot_real_audit/snapshot_real_audit.log:35710:./repo_logs/assistant_bridge/2026_04_16/step_05_persistence_path_reconciliation/persistence_path_reconciliation.log:358:./repo_logs/nvram/nvram_REAL_latest.log:181:113:        GVL_STATE.G_Safety_Gas_Latched := GVL_PERSISTENT.P_Safety_Gas_Latched;
./repo_logs/assistant_bridge/2026_04_19/step_269b_snapshot_real_audit/snapshot_real_audit.log:35711:./repo_logs/assistant_bridge/2026_04_16/step_05_persistence_path_reconciliation/persistence_path_reconciliation.log:359:./repo_logs/nvram/nvram_REAL_latest.log:182:114:        GVL_STATE.G_Safety_Smoke_Latched := GVL_PERSISTENT.P_Safety_Smoke_Latched;
./repo_logs/assistant_bridge/2026_04_19/step_269b_snapshot_real_audit/snapshot_real_audit.log:35712:./repo_logs/assistant_bridge/2026_04_16/step_05_persistence_path_reconciliation/persistence_path_reconciliation.log:360:./repo_logs/nvram/nvram_REAL_latest.log:183:115:        GVL_STATE.G_Safety_Leak_Latched := GVL_PERSISTENT.P_Safety_Leak_Latched;
./repo_logs/assistant_bridge/2026_04_19/step_269b_snapshot_real_audit/snapshot_real_audit.log:35714:./repo_logs/assistant_bridge/2026_04_16/step_05_persistence_path_reconciliation/persistence_path_reconciliation.log:362:./repo_logs/nvram/nvram_REAL_latest.log:188:675:IF GVL_PERSISTENT.P_Safety_Gas_Latched THEN
./repo_logs/assistant_bridge/2026_04_19/step_269b_snapshot_real_audit/snapshot_real_audit.log:35715:./repo_logs/assistant_bridge/2026_04_16/step_05_persistence_path_reconciliation/persistence_path_reconciliation.log:363:./repo_logs/nvram/nvram_REAL_latest.log:189:680:IF GVL_PERSISTENT.P_Safety_Smoke_Latched THEN
./repo_logs/assistant_bridge/2026_04_19/step_269b_snapshot_real_audit/snapshot_real_audit.log:35716:./repo_logs/assistant_bridge/2026_04_16/step_05_persistence_path_reconciliation/persistence_path_reconciliation.log:364:./repo_logs/nvram/nvram_REAL_latest.log:190:685:IF GVL_PERSISTENT.P_Safety_Leak_Latched THEN
./repo_logs/assistant_bridge/2026_04_19/step_269b_snapshot_real_audit/snapshot_real_audit.log:35719:./repo_logs/assistant_bridge/2026_04_16/step_05_persistence_path_reconciliation/persistence_path_reconciliation.log:367:./repo_logs/nvram/nvram_REAL_latest.log:206:997:GVL_PERSISTENT.P_Safety_Gas_Latched := GVL_STATE.G_Safety_Gas_Latched;
./repo_logs/assistant_bridge/2026_04_19/step_269b_snapshot_real_audit/snapshot_real_audit.log:35720:./repo_logs/assistant_bridge/2026_04_16/step_05_persistence_path_reconciliation/persistence_path_reconciliation.log:368:./repo_logs/nvram/nvram_REAL_latest.log:207:998:GVL_PERSISTENT.P_Safety_Smoke_Latched := GVL_STATE.G_Safety_Smoke_Latched;
./repo_logs/assistant_bridge/2026_04_19/step_269b_snapshot_real_audit/snapshot_real_audit.log:35721:./repo_logs/assistant_bridge/2026_04_16/step_05_persistence_path_reconciliation/persistence_path_reconciliation.log:369:./repo_logs/nvram/nvram_REAL_latest.log:208:999:GVL_PERSISTENT.P_Safety_Leak_Latched := GVL_STATE.G_Safety_Leak_Latched;
./repo_logs/assistant_bridge/2026_04_19/step_269b_snapshot_real_audit/snapshot_real_audit.log:35727:./repo_logs/assistant_bridge/2026_04_16/step_05_persistence_path_reconciliation/persistence_path_reconciliation.log:375:./repo_logs/nvram/2026_04_16/step_19_persist_write_precheck.log:116:        GVL_STATE.G_Safety_Gas_Latched := GVL_PERSISTENT.P_Safety_Gas_Latched;
./repo_logs/assistant_bridge/2026_04_19/step_269b_snapshot_real_audit/snapshot_real_audit.log:35728:./repo_logs/assistant_bridge/2026_04_16/step_05_persistence_path_reconciliation/persistence_path_reconciliation.log:376:./repo_logs/nvram/2026_04_16/step_19_persist_write_precheck.log:117:        GVL_STATE.G_Safety_Smoke_Latched := GVL_PERSISTENT.P_Safety_Smoke_Latched;
./repo_logs/assistant_bridge/2026_04_19/step_269b_snapshot_real_audit/snapshot_real_audit.log:35729:./repo_logs/assistant_bridge/2026_04_16/step_05_persistence_path_reconciliation/persistence_path_reconciliation.log:377:./repo_logs/nvram/2026_04_16/step_19_persist_write_precheck.log:118:        GVL_STATE.G_Safety_Leak_Latched := GVL_PERSISTENT.P_Safety_Leak_Latched;
./repo_logs/assistant_bridge/2026_04_19/step_269b_snapshot_real_audit/snapshot_real_audit.log:35736:./repo_logs/assistant_bridge/2026_04_16/step_05_persistence_path_reconciliation/persistence_path_reconciliation.log:384:./repo_logs/nvram/2026_04_16/step_19_persist_write_precheck.log:227:    P_Safety_Gas_Latched : BOOL;
./repo_logs/assistant_bridge/2026_04_19/step_269b_snapshot_real_audit/snapshot_real_audit.log:35737:./repo_logs/assistant_bridge/2026_04_16/step_05_persistence_path_reconciliation/persistence_path_reconciliation.log:385:./repo_logs/nvram/2026_04_16/step_19_persist_write_precheck.log:228:    P_Safety_Smoke_Latched : BOOL;
./repo_logs/assistant_bridge/2026_04_19/step_269b_snapshot_real_audit/snapshot_real_audit.log:35738:./repo_logs/assistant_bridge/2026_04_16/step_05_persistence_path_reconciliation/persistence_path_reconciliation.log:386:./repo_logs/nvram/2026_04_16/step_19_persist_write_precheck.log:229:    P_Safety_Leak_Latched : BOOL;
./repo_logs/assistant_bridge/2026_04_19/step_269b_snapshot_real_audit/snapshot_real_audit.log:35742:./repo_logs/assistant_bridge/2026_04_16/step_05_persistence_path_reconciliation/persistence_path_reconciliation.log:390:./repo_logs/nvram/2026_04_16/step_19_persist_write_precheck.log:242:./docs/assistant_bridge/nvram_REAL_latest.log:181:113:        GVL_STATE.G_Safety_Gas_Latched := GVL_PERSISTENT.P_Safety_Gas_Latched;
./repo_logs/assistant_bridge/2026_04_19/step_269b_snapshot_real_audit/snapshot_real_audit.log:35743:./repo_logs/assistant_bridge/2026_04_16/step_05_persistence_path_reconciliation/persistence_path_reconciliation.log:391:./repo_logs/nvram/2026_04_16/step_19_persist_write_precheck.log:243:./docs/assistant_bridge/nvram_REAL_latest.log:182:114:        GVL_STATE.G_Safety_Smoke_Latched := GVL_PERSISTENT.P_Safety_Smoke_Latched;
./repo_logs/assistant_bridge/2026_04_19/step_269b_snapshot_real_audit/snapshot_real_audit.log:35744:./repo_logs/assistant_bridge/2026_04_16/step_05_persistence_path_reconciliation/persistence_path_reconciliation.log:392:./repo_logs/nvram/2026_04_16/step_19_persist_write_precheck.log:244:./docs/assistant_bridge/nvram_REAL_latest.log:183:115:        GVL_STATE.G_Safety_Leak_Latched := GVL_PERSISTENT.P_Safety_Leak_Latched;
./repo_logs/assistant_bridge/2026_04_19/step_269b_snapshot_real_audit/snapshot_real_audit.log:35746:./repo_logs/assistant_bridge/2026_04_16/step_05_persistence_path_reconciliation/persistence_path_reconciliation.log:394:./repo_logs/nvram/2026_04_16/step_19_persist_write_precheck.log:246:./docs/assistant_bridge/nvram_REAL_latest.log:188:675:IF GVL_PERSISTENT.P_Safety_Gas_Latched THEN
./repo_logs/assistant_bridge/2026_04_19/step_269b_snapshot_real_audit/snapshot_real_audit.log:35747:./repo_logs/assistant_bridge/2026_04_16/step_05_persistence_path_reconciliation/persistence_path_reconciliation.log:395:./repo_logs/nvram/2026_04_16/step_19_persist_write_precheck.log:247:./docs/assistant_bridge/nvram_REAL_latest.log:189:680:IF GVL_PERSISTENT.P_Safety_Smoke_Latched THEN
./repo_logs/assistant_bridge/2026_04_19/step_269b_snapshot_real_audit/snapshot_real_audit.log:35748:./repo_logs/assistant_bridge/2026_04_16/step_05_persistence_path_reconciliation/persistence_path_reconciliation.log:396:./repo_logs/nvram/2026_04_16/step_19_persist_write_precheck.log:248:./docs/assistant_bridge/nvram_REAL_latest.log:190:685:IF GVL_PERSISTENT.P_Safety_Leak_Latched THEN
./repo_logs/assistant_bridge/2026_04_19/step_269b_snapshot_real_audit/snapshot_real_audit.log:35751:./repo_logs/assistant_bridge/2026_04_16/step_05_persistence_path_reconciliation/persistence_path_reconciliation.log:399:./repo_logs/nvram/2026_04_16/step_19_persist_write_precheck.log:251:./docs/assistant_bridge/nvram_REAL_latest.log:206:997:GVL_PERSISTENT.P_Safety_Gas_Latched := GVL_STATE.G_Safety_Gas_Latched;
./repo_logs/assistant_bridge/2026_04_19/step_269b_snapshot_real_audit/snapshot_real_audit.log:35752:./repo_logs/assistant_bridge/2026_04_16/step_05_persistence_path_reconciliation/persistence_path_reconciliation.log:400:./repo_logs/nvram/2026_04_16/step_19_persist_write_precheck.log:252:./docs/assistant_bridge/nvram_REAL_latest.log:207:998:GVL_PERSISTENT.P_Safety_Smoke_Latched := GVL_STATE.G_Safety_Smoke_Latched;
./repo_logs/assistant_bridge/2026_04_19/step_269b_snapshot_real_audit/snapshot_real_audit.log:35753:./repo_logs/assistant_bridge/2026_04_16/step_05_persistence_path_reconciliation/persistence_path_reconciliation.log:401:./repo_logs/nvram/2026_04_16/step_19_persist_write_precheck.log:253:./docs/assistant_bridge/nvram_REAL_latest.log:208:999:GVL_PERSISTENT.P_Safety_Leak_Latched := GVL_STATE.G_Safety_Leak_Latched;
./repo_logs/assistant_bridge/2026_04_19/step_269b_snapshot_real_audit/snapshot_real_audit.log:35757:./repo_logs/assistant_bridge/2026_04_16/step_05_persistence_path_reconciliation/persistence_path_reconciliation.log:405:./repo_logs/nvram/2026_04_16/step_19_persist_write_precheck.log:257:./PRG_System.st:113:        GVL_STATE.G_Safety_Gas_Latched := GVL_PERSISTENT.P_Safety_Gas_Latched;
./repo_logs/assistant_bridge/2026_04_19/step_269b_snapshot_real_audit/snapshot_real_audit.log:35758:./repo_logs/assistant_bridge/2026_04_16/step_05_persistence_path_reconciliation/persistence_path_reconciliation.log:406:./repo_logs/nvram/2026_04_16/step_19_persist_write_precheck.log:258:./PRG_System.st:114:        GVL_STATE.G_Safety_Smoke_Latched := GVL_PERSISTENT.P_Safety_Smoke_Latched;
./repo_logs/assistant_bridge/2026_04_19/step_269b_snapshot_real_audit/snapshot_real_audit.log:35759:./repo_logs/assistant_bridge/2026_04_16/step_05_persistence_path_reconciliation/persistence_path_reconciliation.log:407:./repo_logs/nvram/2026_04_16/step_19_persist_write_precheck.log:259:./PRG_System.st:115:        GVL_STATE.G_Safety_Leak_Latched := GVL_PERSISTENT.P_Safety_Leak_Latched;
./repo_logs/assistant_bridge/2026_04_19/step_269b_snapshot_real_audit/snapshot_real_audit.log:35761:./repo_logs/assistant_bridge/2026_04_16/step_05_persistence_path_reconciliation/persistence_path_reconciliation.log:409:./repo_logs/nvram/2026_04_16/step_19_persist_write_precheck.log:261:./PRG_System.st:675:IF GVL_PERSISTENT.P_Safety_Gas_Latched THEN
./repo_logs/assistant_bridge/2026_04_19/step_269b_snapshot_real_audit/snapshot_real_audit.log:35762:./repo_logs/assistant_bridge/2026_04_16/step_05_persistence_path_reconciliation/persistence_path_reconciliation.log:410:./repo_logs/nvram/2026_04_16/step_19_persist_write_precheck.log:262:./PRG_System.st:680:IF GVL_PERSISTENT.P_Safety_Smoke_Latched THEN
./repo_logs/assistant_bridge/2026_04_19/step_269b_snapshot_real_audit/snapshot_real_audit.log:35763:./repo_logs/assistant_bridge/2026_04_16/step_05_persistence_path_reconciliation/persistence_path_reconciliation.log:411:./repo_logs/nvram/2026_04_16/step_19_persist_write_precheck.log:263:./PRG_System.st:685:IF GVL_PERSISTENT.P_Safety_Leak_Latched THEN
./repo_logs/assistant_bridge/2026_04_19/step_269b_snapshot_real_audit/snapshot_real_audit.log:35766:./repo_logs/assistant_bridge/2026_04_16/step_05_persistence_path_reconciliation/persistence_path_reconciliation.log:414:./repo_logs/nvram/2026_04_16/step_19_persist_write_precheck.log:266:./PRG_System.st:997:GVL_PERSISTENT.P_Safety_Gas_Latched := GVL_STATE.G_Safety_Gas_Latched;
./repo_logs/assistant_bridge/2026_04_19/step_269b_snapshot_real_audit/snapshot_real_audit.log:35767:./repo_logs/assistant_bridge/2026_04_16/step_05_persistence_path_reconciliation/persistence_path_reconciliation.log:415:./repo_logs/nvram/2026_04_16/step_19_persist_write_precheck.log:267:./PRG_System.st:998:GVL_PERSISTENT.P_Safety_Smoke_Latched := GVL_STATE.G_Safety_Smoke_Latched;
./repo_logs/assistant_bridge/2026_04_19/step_269b_snapshot_real_audit/snapshot_real_audit.log:35768:./repo_logs/assistant_bridge/2026_04_16/step_05_persistence_path_reconciliation/persistence_path_reconciliation.log:416:./repo_logs/nvram/2026_04_16/step_19_persist_write_precheck.log:268:./PRG_System.st:999:GVL_PERSISTENT.P_Safety_Leak_Latched := GVL_STATE.G_Safety_Leak_Latched;
./repo_logs/assistant_bridge/2026_04_19/step_269b_snapshot_real_audit/snapshot_real_audit.log:35774:./repo_logs/assistant_bridge/2026_04_16/step_05_persistence_path_reconciliation/persistence_path_reconciliation.log:422:./repo_logs/nvram/2026_04_16/step_17_startup_entry.log:2411:        GVL_STATE.G_Safety_Gas_Latched := GVL_PERSISTENT.P_Safety_Gas_Latched;
./repo_logs/assistant_bridge/2026_04_19/step_269b_snapshot_real_audit/snapshot_real_audit.log:35775:./repo_logs/assistant_bridge/2026_04_16/step_05_persistence_path_reconciliation/persistence_path_reconciliation.log:423:./repo_logs/nvram/2026_04_16/step_17_startup_entry.log:2412:        GVL_STATE.G_Safety_Smoke_Latched := GVL_PERSISTENT.P_Safety_Smoke_Latched;
./repo_logs/assistant_bridge/2026_04_19/step_269b_snapshot_real_audit/snapshot_real_audit.log:35776:./repo_logs/assistant_bridge/2026_04_16/step_05_persistence_path_reconciliation/persistence_path_reconciliation.log:424:./repo_logs/nvram/2026_04_16/step_17_startup_entry.log:2413:        GVL_STATE.G_Safety_Leak_Latched := GVL_PERSISTENT.P_Safety_Leak_Latched;
./repo_logs/assistant_bridge/2026_04_19/step_269b_snapshot_real_audit/snapshot_real_audit.log:35782:./repo_logs/assistant_bridge/2026_04_16/step_05_persistence_path_reconciliation/persistence_path_reconciliation.log:430:./repo_logs/nvram/2026_04_16/step_16_nvram_runtime_flow.log:814:        GVL_STATE.G_Safety_Gas_Latched := GVL_PERSISTENT.P_Safety_Gas_Latched;
./repo_logs/assistant_bridge/2026_04_19/step_269b_snapshot_real_audit/snapshot_real_audit.log:35783:./repo_logs/assistant_bridge/2026_04_16/step_05_persistence_path_reconciliation/persistence_path_reconciliation.log:431:./repo_logs/nvram/2026_04_16/step_16_nvram_runtime_flow.log:815:        GVL_STATE.G_Safety_Smoke_Latched := GVL_PERSISTENT.P_Safety_Smoke_Latched;
./repo_logs/assistant_bridge/2026_04_19/step_269b_snapshot_real_audit/snapshot_real_audit.log:35784:./repo_logs/assistant_bridge/2026_04_16/step_05_persistence_path_reconciliation/persistence_path_reconciliation.log:432:./repo_logs/nvram/2026_04_16/step_16_nvram_runtime_flow.log:816:        GVL_STATE.G_Safety_Leak_Latched := GVL_PERSISTENT.P_Safety_Leak_Latched;
./repo_logs/assistant_bridge/2026_04_19/step_269b_snapshot_real_audit/snapshot_real_audit.log:35790:./repo_logs/assistant_bridge/2026_04_16/step_05_persistence_path_reconciliation/persistence_path_reconciliation.log:438:./repo_logs/assistant_bridge/2026_04_16/step_02_nvram_topology/nvram_topology.log:96:PRG_System.st:113:        GVL_STATE.G_Safety_Gas_Latched := GVL_PERSISTENT.P_Safety_Gas_Latched;
./repo_logs/assistant_bridge/2026_04_19/step_269b_snapshot_real_audit/snapshot_real_audit.log:35791:./repo_logs/assistant_bridge/2026_04_16/step_05_persistence_path_reconciliation/persistence_path_reconciliation.log:439:./repo_logs/assistant_bridge/2026_04_16/step_02_nvram_topology/nvram_topology.log:97:PRG_System.st:114:        GVL_STATE.G_Safety_Smoke_Latched := GVL_PERSISTENT.P_Safety_Smoke_Latched;
./repo_logs/assistant_bridge/2026_04_19/step_269b_snapshot_real_audit/snapshot_real_audit.log:35792:./repo_logs/assistant_bridge/2026_04_16/step_05_persistence_path_reconciliation/persistence_path_reconciliation.log:440:./repo_logs/assistant_bridge/2026_04_16/step_02_nvram_topology/nvram_topology.log:98:PRG_System.st:115:        GVL_STATE.G_Safety_Leak_Latched := GVL_PERSISTENT.P_Safety_Leak_Latched;
./repo_logs/assistant_bridge/2026_04_19/step_269b_snapshot_real_audit/snapshot_real_audit.log:35795:./repo_logs/assistant_bridge/2026_04_16/step_05_persistence_path_reconciliation/persistence_path_reconciliation.log:443:./repo_logs/assistant_bridge/2026_04_16/step_02_nvram_topology/nvram_topology.log:110:PRG_System.st:675:IF GVL_PERSISTENT.P_Safety_Gas_Latched THEN
./repo_logs/assistant_bridge/2026_04_19/step_269b_snapshot_real_audit/snapshot_real_audit.log:35796:./repo_logs/assistant_bridge/2026_04_16/step_05_persistence_path_reconciliation/persistence_path_reconciliation.log:444:./repo_logs/assistant_bridge/2026_04_16/step_02_nvram_topology/nvram_topology.log:111:PRG_System.st:680:IF GVL_PERSISTENT.P_Safety_Smoke_Latched THEN
./repo_logs/assistant_bridge/2026_04_19/step_269b_snapshot_real_audit/snapshot_real_audit.log:35797:./repo_logs/assistant_bridge/2026_04_16/step_05_persistence_path_reconciliation/persistence_path_reconciliation.log:445:./repo_logs/assistant_bridge/2026_04_16/step_02_nvram_topology/nvram_topology.log:112:PRG_System.st:685:IF GVL_PERSISTENT.P_Safety_Leak_Latched THEN
./repo_logs/assistant_bridge/2026_04_19/step_269b_snapshot_real_audit/snapshot_real_audit.log:35800:./repo_logs/assistant_bridge/2026_04_16/step_05_persistence_path_reconciliation/persistence_path_reconciliation.log:448:./repo_logs/assistant_bridge/2026_04_16/step_02_nvram_topology/nvram_topology.log:144:PRG_System.st:997:GVL_PERSISTENT.P_Safety_Gas_Latched := GVL_STATE.G_Safety_Gas_Latched;
./repo_logs/assistant_bridge/2026_04_19/step_269b_snapshot_real_audit/snapshot_real_audit.log:35801:./repo_logs/assistant_bridge/2026_04_16/step_05_persistence_path_reconciliation/persistence_path_reconciliation.log:449:./repo_logs/assistant_bridge/2026_04_16/step_02_nvram_topology/nvram_topology.log:145:PRG_System.st:998:GVL_PERSISTENT.P_Safety_Smoke_Latched := GVL_STATE.G_Safety_Smoke_Latched;
./repo_logs/assistant_bridge/2026_04_19/step_269b_snapshot_real_audit/snapshot_real_audit.log:35802:./repo_logs/assistant_bridge/2026_04_16/step_05_persistence_path_reconciliation/persistence_path_reconciliation.log:450:./repo_logs/assistant_bridge/2026_04_16/step_02_nvram_topology/nvram_topology.log:146:PRG_System.st:999:GVL_PERSISTENT.P_Safety_Leak_Latched := GVL_STATE.G_Safety_Leak_Latched;
./repo_logs/assistant_bridge/2026_04_19/step_269b_snapshot_real_audit/snapshot_real_audit.log:35806:./repo_logs/assistant_bridge/2026_04_16/step_05_persistence_path_reconciliation/persistence_path_reconciliation.log:454:./repo_logs/assistant_bridge/2026_04_16/step_02_nvram_topology/nvram_topology.log:161:    P_Safety_Gas_Latched : BOOL;
./repo_logs/assistant_bridge/2026_04_19/step_269b_snapshot_real_audit/snapshot_real_audit.log:35807:./repo_logs/assistant_bridge/2026_04_16/step_05_persistence_path_reconciliation/persistence_path_reconciliation.log:455:./repo_logs/assistant_bridge/2026_04_16/step_02_nvram_topology/nvram_topology.log:162:    P_Safety_Smoke_Latched : BOOL;
./repo_logs/assistant_bridge/2026_04_19/step_269b_snapshot_real_audit/snapshot_real_audit.log:35808:./repo_logs/assistant_bridge/2026_04_16/step_05_persistence_path_reconciliation/persistence_path_reconciliation.log:456:./repo_logs/assistant_bridge/2026_04_16/step_02_nvram_topology/nvram_topology.log:163:    P_Safety_Leak_Latched : BOOL;
./repo_logs/assistant_bridge/2026_04_19/step_269b_snapshot_real_audit/snapshot_real_audit.log:35814:./repo_logs/assistant_bridge/2026_04_16/step_05_persistence_path_reconciliation/persistence_path_reconciliation.log:462:./repo_logs/assistant_bridge/2026_04_16/step_02_nvram_topology/nvram_topology.log:604:        GVL_STATE.G_Safety_Gas_Latched := GVL_PERSISTENT.P_Safety_Gas_Latched;
./repo_logs/assistant_bridge/2026_04_19/step_269b_snapshot_real_audit/snapshot_real_audit.log:35815:./repo_logs/assistant_bridge/2026_04_16/step_05_persistence_path_reconciliation/persistence_path_reconciliation.log:463:./repo_logs/assistant_bridge/2026_04_16/step_02_nvram_topology/nvram_topology.log:605:        GVL_STATE.G_Safety_Smoke_Latched := GVL_PERSISTENT.P_Safety_Smoke_Latched;
./repo_logs/assistant_bridge/2026_04_19/step_269b_snapshot_real_audit/snapshot_real_audit.log:35816:./repo_logs/assistant_bridge/2026_04_16/step_05_persistence_path_reconciliation/persistence_path_reconciliation.log:464:./repo_logs/assistant_bridge/2026_04_16/step_02_nvram_topology/nvram_topology.log:606:        GVL_STATE.G_Safety_Leak_Latched := GVL_PERSISTENT.P_Safety_Leak_Latched;
./repo_logs/assistant_bridge/2026_04_19/step_269b_snapshot_real_audit/snapshot_real_audit.log:35819:./repo_logs/assistant_bridge/2026_04_16/step_05_persistence_path_reconciliation/persistence_path_reconciliation.log:467:./repo_logs/assistant_bridge/2026_04_16/step_03_nvram_write_flow/nvram_write_flow.log:101:IF GVL_PERSISTENT.P_Safety_Gas_Latched THEN
./repo_logs/assistant_bridge/2026_04_19/step_269b_snapshot_real_audit/snapshot_real_audit.log:35820:./repo_logs/assistant_bridge/2026_04_16/step_05_persistence_path_reconciliation/persistence_path_reconciliation.log:468:./repo_logs/assistant_bridge/2026_04_16/step_03_nvram_write_flow/nvram_write_flow.log:106:IF GVL_PERSISTENT.P_Safety_Smoke_Latched THEN
./repo_logs/assistant_bridge/2026_04_19/step_269b_snapshot_real_audit/snapshot_real_audit.log:35821:./repo_logs/assistant_bridge/2026_04_16/step_05_persistence_path_reconciliation/persistence_path_reconciliation.log:469:./repo_logs/assistant_bridge/2026_04_16/step_03_nvram_write_flow/nvram_write_flow.log:111:IF GVL_PERSISTENT.P_Safety_Leak_Latched THEN
./repo_logs/assistant_bridge/2026_04_19/step_269b_snapshot_real_audit/snapshot_real_audit.log:35824:./repo_logs/assistant_bridge/2026_04_16/step_05_persistence_path_reconciliation/persistence_path_reconciliation.log:472:./repo_logs/assistant_bridge/2026_04_16/step_03_nvram_write_flow/nvram_write_flow.log:256:GVL_PERSISTENT.P_Safety_Gas_Latched := GVL_STATE.G_Safety_Gas_Latched;
./repo_logs/assistant_bridge/2026_04_19/step_269b_snapshot_real_audit/snapshot_real_audit.log:35825:./repo_logs/assistant_bridge/2026_04_16/step_05_persistence_path_reconciliation/persistence_path_reconciliation.log:473:./repo_logs/assistant_bridge/2026_04_16/step_03_nvram_write_flow/nvram_write_flow.log:257:GVL_PERSISTENT.P_Safety_Smoke_Latched := GVL_STATE.G_Safety_Smoke_Latched;
./repo_logs/assistant_bridge/2026_04_19/step_269b_snapshot_real_audit/snapshot_real_audit.log:35826:./repo_logs/assistant_bridge/2026_04_16/step_05_persistence_path_reconciliation/persistence_path_reconciliation.log:474:./repo_logs/assistant_bridge/2026_04_16/step_03_nvram_write_flow/nvram_write_flow.log:258:GVL_PERSISTENT.P_Safety_Leak_Latched := GVL_STATE.G_Safety_Leak_Latched;
./repo_logs/assistant_bridge/2026_04_19/step_269b_snapshot_real_audit/snapshot_real_audit.log:35830:./repo_logs/assistant_bridge/2026_04_16/step_05_persistence_path_reconciliation/persistence_path_reconciliation.log:503:./snapshots/project_clean_state_2026_04_16/repo_logs/nvram/nvram_REAL_latest.log:11:    P_Safety_Gas_Latched : BOOL;
./repo_logs/assistant_bridge/2026_04_19/step_269b_snapshot_real_audit/snapshot_real_audit.log:35831:./repo_logs/assistant_bridge/2026_04_16/step_05_persistence_path_reconciliation/persistence_path_reconciliation.log:504:./snapshots/project_clean_state_2026_04_16/repo_logs/nvram/nvram_REAL_latest.log:12:    P_Safety_Smoke_Latched : BOOL;
./repo_logs/assistant_bridge/2026_04_19/step_269b_snapshot_real_audit/snapshot_real_audit.log:35832:./repo_logs/assistant_bridge/2026_04_16/step_05_persistence_path_reconciliation/persistence_path_reconciliation.log:505:./snapshots/project_clean_state_2026_04_16/repo_logs/nvram/nvram_REAL_latest.log:13:    P_Safety_Leak_Latched : BOOL;
./repo_logs/assistant_bridge/2026_04_19/step_269b_snapshot_real_audit/snapshot_real_audit.log:35836:./repo_logs/assistant_bridge/2026_04_16/step_05_persistence_path_reconciliation/persistence_path_reconciliation.log:509:./snapshots/project_clean_state_2026_04_16/repo_logs/nvram/nvram_REAL_latest.log:181:113:        GVL_STATE.G_Safety_Gas_Latched := GVL_PERSISTENT.P_Safety_Gas_Latched;
./repo_logs/assistant_bridge/2026_04_19/step_269b_snapshot_real_audit/snapshot_real_audit.log:35837:./repo_logs/assistant_bridge/2026_04_16/step_05_persistence_path_reconciliation/persistence_path_reconciliation.log:510:./snapshots/project_clean_state_2026_04_16/repo_logs/nvram/nvram_REAL_latest.log:182:114:        GVL_STATE.G_Safety_Smoke_Latched := GVL_PERSISTENT.P_Safety_Smoke_Latched;
./repo_logs/assistant_bridge/2026_04_19/step_269b_snapshot_real_audit/snapshot_real_audit.log:35838:./repo_logs/assistant_bridge/2026_04_16/step_05_persistence_path_reconciliation/persistence_path_reconciliation.log:511:./snapshots/project_clean_state_2026_04_16/repo_logs/nvram/nvram_REAL_latest.log:183:115:        GVL_STATE.G_Safety_Leak_Latched := GVL_PERSISTENT.P_Safety_Leak_Latched;
./repo_logs/assistant_bridge/2026_04_19/step_269b_snapshot_real_audit/snapshot_real_audit.log:35840:./repo_logs/assistant_bridge/2026_04_16/step_05_persistence_path_reconciliation/persistence_path_reconciliation.log:513:./snapshots/project_clean_state_2026_04_16/repo_logs/nvram/nvram_REAL_latest.log:188:675:IF GVL_PERSISTENT.P_Safety_Gas_Latched THEN
./repo_logs/assistant_bridge/2026_04_19/step_269b_snapshot_real_audit/snapshot_real_audit.log:35841:./repo_logs/assistant_bridge/2026_04_16/step_05_persistence_path_reconciliation/persistence_path_reconciliation.log:514:./snapshots/project_clean_state_2026_04_16/repo_logs/nvram/nvram_REAL_latest.log:189:680:IF GVL_PERSISTENT.P_Safety_Smoke_Latched THEN
./repo_logs/assistant_bridge/2026_04_19/step_269b_snapshot_real_audit/snapshot_real_audit.log:35842:./repo_logs/assistant_bridge/2026_04_16/step_05_persistence_path_reconciliation/persistence_path_reconciliation.log:515:./snapshots/project_clean_state_2026_04_16/repo_logs/nvram/nvram_REAL_latest.log:190:685:IF GVL_PERSISTENT.P_Safety_Leak_Latched THEN
./repo_logs/assistant_bridge/2026_04_19/step_269b_snapshot_real_audit/snapshot_real_audit.log:35845:./repo_logs/assistant_bridge/2026_04_16/step_05_persistence_path_reconciliation/persistence_path_reconciliation.log:518:./snapshots/project_clean_state_2026_04_16/repo_logs/nvram/nvram_REAL_latest.log:206:997:GVL_PERSISTENT.P_Safety_Gas_Latched := GVL_STATE.G_Safety_Gas_Latched;
./repo_logs/assistant_bridge/2026_04_19/step_269b_snapshot_real_audit/snapshot_real_audit.log:35846:./repo_logs/assistant_bridge/2026_04_16/step_05_persistence_path_reconciliation/persistence_path_reconciliation.log:519:./snapshots/project_clean_state_2026_04_16/repo_logs/nvram/nvram_REAL_latest.log:207:998:GVL_PERSISTENT.P_Safety_Smoke_Latched := GVL_STATE.G_Safety_Smoke_Latched;
./repo_logs/assistant_bridge/2026_04_19/step_269b_snapshot_real_audit/snapshot_real_audit.log:35847:./repo_logs/assistant_bridge/2026_04_16/step_05_persistence_path_reconciliation/persistence_path_reconciliation.log:520:./snapshots/project_clean_state_2026_04_16/repo_logs/nvram/nvram_REAL_latest.log:208:999:GVL_PERSISTENT.P_Safety_Leak_Latched := GVL_STATE.G_Safety_Leak_Latched;
./repo_logs/assistant_bridge/2026_04_19/step_269b_snapshot_real_audit/snapshot_real_audit.log:35851:./repo_logs/assistant_bridge/2026_04_16/step_05_persistence_path_reconciliation/persistence_path_reconciliation.log:530:./snapshots/project_clean_state_2026_04_16/docs/assistant_bridge/nvram_REAL_latest.log:11:    P_Safety_Gas_Latched : BOOL;
./repo_logs/assistant_bridge/2026_04_19/step_269b_snapshot_real_audit/snapshot_real_audit.log:35852:./repo_logs/assistant_bridge/2026_04_16/step_05_persistence_path_reconciliation/persistence_path_reconciliation.log:531:./snapshots/project_clean_state_2026_04_16/docs/assistant_bridge/nvram_REAL_latest.log:12:    P_Safety_Smoke_Latched : BOOL;
./repo_logs/assistant_bridge/2026_04_19/step_269b_snapshot_real_audit/snapshot_real_audit.log:35853:./repo_logs/assistant_bridge/2026_04_16/step_05_persistence_path_reconciliation/persistence_path_reconciliation.log:532:./snapshots/project_clean_state_2026_04_16/docs/assistant_bridge/nvram_REAL_latest.log:13:    P_Safety_Leak_Latched : BOOL;
./repo_logs/assistant_bridge/2026_04_19/step_269b_snapshot_real_audit/snapshot_real_audit.log:35857:./repo_logs/assistant_bridge/2026_04_16/step_05_persistence_path_reconciliation/persistence_path_reconciliation.log:536:./snapshots/project_clean_state_2026_04_16/docs/assistant_bridge/nvram_REAL_latest.log:181:113:        GVL_STATE.G_Safety_Gas_Latched := GVL_PERSISTENT.P_Safety_Gas_Latched;
./repo_logs/assistant_bridge/2026_04_19/step_269b_snapshot_real_audit/snapshot_real_audit.log:35858:./repo_logs/assistant_bridge/2026_04_16/step_05_persistence_path_reconciliation/persistence_path_reconciliation.log:537:./snapshots/project_clean_state_2026_04_16/docs/assistant_bridge/nvram_REAL_latest.log:182:114:        GVL_STATE.G_Safety_Smoke_Latched := GVL_PERSISTENT.P_Safety_Smoke_Latched;
./repo_logs/assistant_bridge/2026_04_19/step_269b_snapshot_real_audit/snapshot_real_audit.log:35859:./repo_logs/assistant_bridge/2026_04_16/step_05_persistence_path_reconciliation/persistence_path_reconciliation.log:538:./snapshots/project_clean_state_2026_04_16/docs/assistant_bridge/nvram_REAL_latest.log:183:115:        GVL_STATE.G_Safety_Leak_Latched := GVL_PERSISTENT.P_Safety_Leak_Latched;
./repo_logs/assistant_bridge/2026_04_19/step_269b_snapshot_real_audit/snapshot_real_audit.log:35861:./repo_logs/assistant_bridge/2026_04_16/step_05_persistence_path_reconciliation/persistence_path_reconciliation.log:540:./snapshots/project_clean_state_2026_04_16/docs/assistant_bridge/nvram_REAL_latest.log:188:675:IF GVL_PERSISTENT.P_Safety_Gas_Latched THEN
./repo_logs/assistant_bridge/2026_04_19/step_269b_snapshot_real_audit/snapshot_real_audit.log:35862:./repo_logs/assistant_bridge/2026_04_16/step_05_persistence_path_reconciliation/persistence_path_reconciliation.log:541:./snapshots/project_clean_state_2026_04_16/docs/assistant_bridge/nvram_REAL_latest.log:189:680:IF GVL_PERSISTENT.P_Safety_Smoke_Latched THEN
./repo_logs/assistant_bridge/2026_04_19/step_269b_snapshot_real_audit/snapshot_real_audit.log:35863:./repo_logs/assistant_bridge/2026_04_16/step_05_persistence_path_reconciliation/persistence_path_reconciliation.log:542:./snapshots/project_clean_state_2026_04_16/docs/assistant_bridge/nvram_REAL_latest.log:190:685:IF GVL_PERSISTENT.P_Safety_Leak_Latched THEN
./repo_logs/assistant_bridge/2026_04_19/step_269b_snapshot_real_audit/snapshot_real_audit.log:35866:./repo_logs/assistant_bridge/2026_04_16/step_05_persistence_path_reconciliation/persistence_path_reconciliation.log:545:./snapshots/project_clean_state_2026_04_16/docs/assistant_bridge/nvram_REAL_latest.log:206:997:GVL_PERSISTENT.P_Safety_Gas_Latched := GVL_STATE.G_Safety_Gas_Latched;
./repo_logs/assistant_bridge/2026_04_19/step_269b_snapshot_real_audit/snapshot_real_audit.log:35867:./repo_logs/assistant_bridge/2026_04_16/step_05_persistence_path_reconciliation/persistence_path_reconciliation.log:546:./snapshots/project_clean_state_2026_04_16/docs/assistant_bridge/nvram_REAL_latest.log:207:998:GVL_PERSISTENT.P_Safety_Smoke_Latched := GVL_STATE.G_Safety_Smoke_Latched;
./repo_logs/assistant_bridge/2026_04_19/step_269b_snapshot_real_audit/snapshot_real_audit.log:35868:./repo_logs/assistant_bridge/2026_04_16/step_05_persistence_path_reconciliation/persistence_path_reconciliation.log:547:./snapshots/project_clean_state_2026_04_16/docs/assistant_bridge/nvram_REAL_latest.log:208:999:GVL_PERSISTENT.P_Safety_Leak_Latched := GVL_STATE.G_Safety_Leak_Latched;
./repo_logs/assistant_bridge/2026_04_19/step_269b_snapshot_real_audit/snapshot_real_audit.log:35872:./repo_logs/assistant_bridge/2026_04_16/step_05_persistence_path_reconciliation/persistence_path_reconciliation.log:588:./docs/assistant_bridge/nvram_REAL_latest.log:11:    P_Safety_Gas_Latched : BOOL;
./repo_logs/assistant_bridge/2026_04_19/step_269b_snapshot_real_audit/snapshot_real_audit.log:35873:./repo_logs/assistant_bridge/2026_04_16/step_05_persistence_path_reconciliation/persistence_path_reconciliation.log:589:./docs/assistant_bridge/nvram_REAL_latest.log:12:    P_Safety_Smoke_Latched : BOOL;
./repo_logs/assistant_bridge/2026_04_19/step_269b_snapshot_real_audit/snapshot_real_audit.log:35874:./repo_logs/assistant_bridge/2026_04_16/step_05_persistence_path_reconciliation/persistence_path_reconciliation.log:590:./docs/assistant_bridge/nvram_REAL_latest.log:13:    P_Safety_Leak_Latched : BOOL;
./repo_logs/assistant_bridge/2026_04_19/step_269b_snapshot_real_audit/snapshot_real_audit.log:35878:./repo_logs/assistant_bridge/2026_04_16/step_05_persistence_path_reconciliation/persistence_path_reconciliation.log:594:./docs/assistant_bridge/nvram_REAL_latest.log:181:113:        GVL_STATE.G_Safety_Gas_Latched := GVL_PERSISTENT.P_Safety_Gas_Latched;
./repo_logs/assistant_bridge/2026_04_19/step_269b_snapshot_real_audit/snapshot_real_audit.log:35879:./repo_logs/assistant_bridge/2026_04_16/step_05_persistence_path_reconciliation/persistence_path_reconciliation.log:595:./docs/assistant_bridge/nvram_REAL_latest.log:182:114:        GVL_STATE.G_Safety_Smoke_Latched := GVL_PERSISTENT.P_Safety_Smoke_Latched;
./repo_logs/assistant_bridge/2026_04_19/step_269b_snapshot_real_audit/snapshot_real_audit.log:35880:./repo_logs/assistant_bridge/2026_04_16/step_05_persistence_path_reconciliation/persistence_path_reconciliation.log:596:./docs/assistant_bridge/nvram_REAL_latest.log:183:115:        GVL_STATE.G_Safety_Leak_Latched := GVL_PERSISTENT.P_Safety_Leak_Latched;
./repo_logs/assistant_bridge/2026_04_19/step_269b_snapshot_real_audit/snapshot_real_audit.log:35882:./repo_logs/assistant_bridge/2026_04_16/step_05_persistence_path_reconciliation/persistence_path_reconciliation.log:598:./docs/assistant_bridge/nvram_REAL_latest.log:188:675:IF GVL_PERSISTENT.P_Safety_Gas_Latched THEN
./repo_logs/assistant_bridge/2026_04_19/step_269b_snapshot_real_audit/snapshot_real_audit.log:35883:./repo_logs/assistant_bridge/2026_04_16/step_05_persistence_path_reconciliation/persistence_path_reconciliation.log:599:./docs/assistant_bridge/nvram_REAL_latest.log:189:680:IF GVL_PERSISTENT.P_Safety_Smoke_Latched THEN
./repo_logs/assistant_bridge/2026_04_19/step_269b_snapshot_real_audit/snapshot_real_audit.log:35884:./repo_logs/assistant_bridge/2026_04_16/step_05_persistence_path_reconciliation/persistence_path_reconciliation.log:600:./docs/assistant_bridge/nvram_REAL_latest.log:190:685:IF GVL_PERSISTENT.P_Safety_Leak_Latched THEN
./repo_logs/assistant_bridge/2026_04_19/step_269b_snapshot_real_audit/snapshot_real_audit.log:35887:./repo_logs/assistant_bridge/2026_04_16/step_05_persistence_path_reconciliation/persistence_path_reconciliation.log:603:./docs/assistant_bridge/nvram_REAL_latest.log:206:997:GVL_PERSISTENT.P_Safety_Gas_Latched := GVL_STATE.G_Safety_Gas_Latched;
./repo_logs/assistant_bridge/2026_04_19/step_269b_snapshot_real_audit/snapshot_real_audit.log:35888:./repo_logs/assistant_bridge/2026_04_16/step_05_persistence_path_reconciliation/persistence_path_reconciliation.log:604:./docs/assistant_bridge/nvram_REAL_latest.log:207:998:GVL_PERSISTENT.P_Safety_Smoke_Latched := GVL_STATE.G_Safety_Smoke_Latched;
./repo_logs/assistant_bridge/2026_04_19/step_269b_snapshot_real_audit/snapshot_real_audit.log:35889:./repo_logs/assistant_bridge/2026_04_16/step_05_persistence_path_reconciliation/persistence_path_reconciliation.log:605:./docs/assistant_bridge/nvram_REAL_latest.log:208:999:GVL_PERSISTENT.P_Safety_Leak_Latched := GVL_STATE.G_Safety_Leak_Latched;
./repo_logs/assistant_bridge/2026_04_19/step_269b_snapshot_real_audit/snapshot_real_audit.log:59455:./компилятор/out/RESULT_methods_clean.xml:20831:<data name="http://www.3s-software.com/plcopenxml/globalvars" handleUnknown="implementation"><globalVars name="GVL_PERSISTENT" retain="true"><variable name="P_System_Mode"><type><derived name="E_System_Operating_Mode" /></type></variable><variable name="P_Safety_Gas_Latched"><type><BOOL /></type></variable><variable name="P_Safety_Smoke_Latched"><type><BOOL /></type></variable><variable name="P_Safety_Leak_Latched"><type><BOOL /></type></variable><variable name="P_DHW_Heating_Active"><type><BOOL /></type></variable><variable name="P_Valid"><type><BOOL /></type></variable><addData><data name="http://www.3s-software.com/plcopenxml/objectid" handleUnknown="discard"><ObjectId>7b214a17-f321-40a2-914e-01bb84cca44e</ObjectId></data></addData></globalVars></data>
./repo_logs/assistant_bridge/2026_04_19/step_269b_snapshot_real_audit/snapshot_real_audit.log:60556:./repo_logs/assistant_bridge/2026_04_16/step_05_persistence_path_reconciliation/persistence_path_reconciliation.log:350:./компилятор/out/RESULT_methods_clean.xml:20089:<data name="http://www.3s-software.com/plcopenxml/globalvars" handleUnknown="implementation"><globalVars name="GVL_PERSISTENT" retain="true"><variable name="P_System_Mode"><type><derived name="E_System_Operating_Mode" /></type></variable><variable name="P_Safety_Gas_Latched"><type><BOOL /></type></variable><variable name="P_Safety_Smoke_Latched"><type><BOOL /></type></variable><variable name="P_Safety_Leak_Latched"><type><BOOL /></type></variable><variable name="P_DHW_Heating_Active"><type><BOOL /></type></variable><variable name="P_Valid"><type><BOOL /></type></variable><addData><data name="http://www.3s-software.com/plcopenxml/objectid" handleUnknown="discard"><ObjectId>5f00672b-cde1-4a17-9ba3-5e9a767b7e20</ObjectId></data></addData></globalVars></data>
./repo_logs/assistant_bridge/2026_04_19/step_269b_snapshot_real_audit/snapshot_real_audit.log:60557:./repo_logs/assistant_bridge/2026_04_16/step_05_persistence_path_reconciliation/persistence_path_reconciliation.log:501:./snapshots/project_clean_state_2026_04_16/компилятор/out/RESULT_methods_clean.xml:20086:<data name="http://www.3s-software.com/plcopenxml/globalvars" handleUnknown="implementation"><globalVars name="GVL_PERSISTENT" retain="true"><variable name="P_System_Mode"><type><derived name="E_System_Operating_Mode" /></type></variable><variable name="P_Safety_Gas_Latched"><type><BOOL /></type></variable><variable name="P_Safety_Smoke_Latched"><type><BOOL /></type></variable><variable name="P_Safety_Leak_Latched"><type><BOOL /></type></variable><variable name="P_DHW_Heating_Active"><type><BOOL /></type></variable><variable name="P_Valid"><type><BOOL /></type></variable><addData><data name="http://www.3s-software.com/plcopenxml/objectid" handleUnknown="discard"><ObjectId>a01760fc-f32a-4644-87c3-ab326656d6f4</ObjectId></data></addData></globalVars></data>
./repo_logs/assistant_bridge/2026_04_19/step_269b_snapshot_real_audit/snapshot_real_audit.log:60558:./repo_logs/assistant_bridge/2026_04_16/step_05_persistence_path_reconciliation/persistence_path_reconciliation.log:586:./snapshots/clean_build_2026_04_16/компилятор/out/RESULT_methods_clean.xml:20086:<data name="http://www.3s-software.com/plcopenxml/globalvars" handleUnknown="implementation"><globalVars name="GVL_PERSISTENT" retain="true"><variable name="P_System_Mode"><type><derived name="E_System_Operating_Mode" /></type></variable><variable name="P_Safety_Gas_Latched"><type><BOOL /></type></variable><variable name="P_Safety_Smoke_Latched"><type><BOOL /></type></variable><variable name="P_Safety_Leak_Latched"><type><BOOL /></type></variable><variable name="P_DHW_Heating_Active"><type><BOOL /></type></variable><variable name="P_Valid"><type><BOOL /></type></variable><addData><data name="http://www.3s-software.com/plcopenxml/objectid" handleUnknown="discard"><ObjectId>a01760fc-f32a-4644-87c3-ab326656d6f4</ObjectId></data></addData></globalVars></data>
./repo_logs/assistant_bridge/2026_04_19/step_269b_snapshot_real_audit/snapshot_real_audit.log:61962:./snapshots/project_clean_state_2026_04_16/компилятор/out/RESULT_methods_clean.xml:20086:<data name="http://www.3s-software.com/plcopenxml/globalvars" handleUnknown="implementation"><globalVars name="GVL_PERSISTENT" retain="true"><variable name="P_System_Mode"><type><derived name="E_System_Operating_Mode" /></type></variable><variable name="P_Safety_Gas_Latched"><type><BOOL /></type></variable><variable name="P_Safety_Smoke_Latched"><type><BOOL /></type></variable><variable name="P_Safety_Leak_Latched"><type><BOOL /></type></variable><variable name="P_DHW_Heating_Active"><type><BOOL /></type></variable><variable name="P_Valid"><type><BOOL /></type></variable><addData><data name="http://www.3s-software.com/plcopenxml/objectid" handleUnknown="discard"><ObjectId>a01760fc-f32a-4644-87c3-ab326656d6f4</ObjectId></data></addData></globalVars></data>
./repo_logs/assistant_bridge/2026_04_19/step_269b_snapshot_real_audit/snapshot_real_audit.log:62213:./snapshots/clean_build_2026_04_16/компилятор/out/RESULT_methods_clean.xml:20086:<data name="http://www.3s-software.com/plcopenxml/globalvars" handleUnknown="implementation"><globalVars name="GVL_PERSISTENT" retain="true"><variable name="P_System_Mode"><type><derived name="E_System_Operating_Mode" /></type></variable><variable name="P_Safety_Gas_Latched"><type><BOOL /></type></variable><variable name="P_Safety_Smoke_Latched"><type><BOOL /></type></variable><variable name="P_Safety_Leak_Latched"><type><BOOL /></type></variable><variable name="P_DHW_Heating_Active"><type><BOOL /></type></variable><variable name="P_Valid"><type><BOOL /></type></variable><addData><data name="http://www.3s-software.com/plcopenxml/objectid" handleUnknown="discard"><ObjectId>a01760fc-f32a-4644-87c3-ab326656d6f4</ObjectId></data></addData></globalVars></data>
./repo_logs/assistant_bridge/2026_04_19/step_269b_snapshot_real_audit/snapshot_real_audit.log:62619:        GVL_STATE.G_Safety_Gas_Latched := GVL_PERSISTENT.P_Safety_Gas_Latched;
./repo_logs/assistant_bridge/2026_04_19/step_269b_snapshot_real_audit/snapshot_real_audit.log:62620:        GVL_STATE.G_Safety_Smoke_Latched := GVL_PERSISTENT.P_Safety_Smoke_Latched;
./repo_logs/assistant_bridge/2026_04_19/step_269b_snapshot_real_audit/snapshot_real_audit.log:62621:        GVL_STATE.G_Safety_Leak_Latched := GVL_PERSISTENT.P_Safety_Leak_Latched;
./repo_logs/assistant_bridge/2026_04_17/step_141_142_repair_restore_persist_and_gateway_enum/repair_restore_persist_and_gateway_enum.log:46:116:        GVL_STATE.G_Safety_Gas_Latched := GVL_PERSISTENT.P_Safety_Gas_Latched;
./repo_logs/assistant_bridge/2026_04_17/step_141_142_repair_restore_persist_and_gateway_enum/repair_restore_persist_and_gateway_enum.log:47:117:        GVL_STATE.G_Safety_Smoke_Latched := GVL_PERSISTENT.P_Safety_Smoke_Latched;
./repo_logs/assistant_bridge/2026_04_17/step_141_142_repair_restore_persist_and_gateway_enum/repair_restore_persist_and_gateway_enum.log:48:118:        GVL_STATE.G_Safety_Leak_Latched := GVL_PERSISTENT.P_Safety_Leak_Latched;
./repo_logs/assistant_bridge/2026_04_17/step_141_142_repair_restore_persist_and_gateway_enum/repair_restore_persist_and_gateway_enum.log:115:1058:GVL_PERSISTENT.P_Safety_Gas_Latched := L_Persist_Struct.Safety_Gas_Latched;
./repo_logs/assistant_bridge/2026_04_17/step_141_142_repair_restore_persist_and_gateway_enum/repair_restore_persist_and_gateway_enum.log:116:1059:GVL_PERSISTENT.P_Safety_Smoke_Latched := L_Persist_Struct.Safety_Smoke_Latched;
./repo_logs/assistant_bridge/2026_04_17/step_141_142_repair_restore_persist_and_gateway_enum/repair_restore_persist_and_gateway_enum.log:117:1060:GVL_PERSISTENT.P_Safety_Leak_Latched := L_Persist_Struct.Safety_Leak_Latched;
./repo_logs/assistant_bridge/2026_04_16/step_05_persistence_path_reconciliation/persistence_path_reconciliation.log:303:GVL_PERSISTENT.gvl:7:    P_Safety_Gas_Latched : BOOL;
./repo_logs/assistant_bridge/2026_04_16/step_05_persistence_path_reconciliation/persistence_path_reconciliation.log:304:GVL_PERSISTENT.gvl:8:    P_Safety_Smoke_Latched : BOOL;
./repo_logs/assistant_bridge/2026_04_16/step_05_persistence_path_reconciliation/persistence_path_reconciliation.log:305:GVL_PERSISTENT.gvl:9:    P_Safety_Leak_Latched : BOOL;
./repo_logs/assistant_bridge/2026_04_16/step_05_persistence_path_reconciliation/persistence_path_reconciliation.log:311:PRG_System.st:113:        GVL_STATE.G_Safety_Gas_Latched := GVL_PERSISTENT.P_Safety_Gas_Latched;
./repo_logs/assistant_bridge/2026_04_16/step_05_persistence_path_reconciliation/persistence_path_reconciliation.log:312:PRG_System.st:114:        GVL_STATE.G_Safety_Smoke_Latched := GVL_PERSISTENT.P_Safety_Smoke_Latched;
./repo_logs/assistant_bridge/2026_04_16/step_05_persistence_path_reconciliation/persistence_path_reconciliation.log:313:PRG_System.st:115:        GVL_STATE.G_Safety_Leak_Latched := GVL_PERSISTENT.P_Safety_Leak_Latched;
./repo_logs/assistant_bridge/2026_04_16/step_05_persistence_path_reconciliation/persistence_path_reconciliation.log:316:PRG_System.st:675:IF GVL_PERSISTENT.P_Safety_Gas_Latched THEN
./repo_logs/assistant_bridge/2026_04_16/step_05_persistence_path_reconciliation/persistence_path_reconciliation.log:317:PRG_System.st:680:IF GVL_PERSISTENT.P_Safety_Smoke_Latched THEN
./repo_logs/assistant_bridge/2026_04_16/step_05_persistence_path_reconciliation/persistence_path_reconciliation.log:318:PRG_System.st:685:IF GVL_PERSISTENT.P_Safety_Leak_Latched THEN
./repo_logs/assistant_bridge/2026_04_16/step_05_persistence_path_reconciliation/persistence_path_reconciliation.log:321:PRG_System.st:997:GVL_PERSISTENT.P_Safety_Gas_Latched := GVL_STATE.G_Safety_Gas_Latched;
./repo_logs/assistant_bridge/2026_04_16/step_05_persistence_path_reconciliation/persistence_path_reconciliation.log:322:PRG_System.st:998:GVL_PERSISTENT.P_Safety_Smoke_Latched := GVL_STATE.G_Safety_Smoke_Latched;
./repo_logs/assistant_bridge/2026_04_16/step_05_persistence_path_reconciliation/persistence_path_reconciliation.log:323:PRG_System.st:999:GVL_PERSISTENT.P_Safety_Leak_Latched := GVL_STATE.G_Safety_Leak_Latched;
./repo_logs/assistant_bridge/2026_04_16/step_05_persistence_path_reconciliation/persistence_path_reconciliation.log:327:./diagnostics/2026_04_16/step_14_nvram_audit.log:213:    P_Safety_Gas_Latched : BOOL;
./repo_logs/assistant_bridge/2026_04_16/step_05_persistence_path_reconciliation/persistence_path_reconciliation.log:328:./diagnostics/2026_04_16/step_14_nvram_audit.log:214:    P_Safety_Smoke_Latched : BOOL;
./repo_logs/assistant_bridge/2026_04_16/step_05_persistence_path_reconciliation/persistence_path_reconciliation.log:329:./diagnostics/2026_04_16/step_14_nvram_audit.log:215:    P_Safety_Leak_Latched : BOOL;
./repo_logs/assistant_bridge/2026_04_16/step_05_persistence_path_reconciliation/persistence_path_reconciliation.log:335:./компилятор/out/RESULT_methods_clean.xml:19106:        GVL_STATE.G_Safety_Gas_Latched := GVL_PERSISTENT.P_Safety_Gas_Latched;
./repo_logs/assistant_bridge/2026_04_16/step_05_persistence_path_reconciliation/persistence_path_reconciliation.log:336:./компилятор/out/RESULT_methods_clean.xml:19107:        GVL_STATE.G_Safety_Smoke_Latched := GVL_PERSISTENT.P_Safety_Smoke_Latched;
./repo_logs/assistant_bridge/2026_04_16/step_05_persistence_path_reconciliation/persistence_path_reconciliation.log:337:./компилятор/out/RESULT_methods_clean.xml:19108:        GVL_STATE.G_Safety_Leak_Latched := GVL_PERSISTENT.P_Safety_Leak_Latched;
./repo_logs/assistant_bridge/2026_04_16/step_05_persistence_path_reconciliation/persistence_path_reconciliation.log:340:./компилятор/out/RESULT_methods_clean.xml:19668:IF GVL_PERSISTENT.P_Safety_Gas_Latched THEN
./repo_logs/assistant_bridge/2026_04_16/step_05_persistence_path_reconciliation/persistence_path_reconciliation.log:341:./компилятор/out/RESULT_methods_clean.xml:19673:IF GVL_PERSISTENT.P_Safety_Smoke_Latched THEN
./repo_logs/assistant_bridge/2026_04_16/step_05_persistence_path_reconciliation/persistence_path_reconciliation.log:342:./компилятор/out/RESULT_methods_clean.xml:19678:IF GVL_PERSISTENT.P_Safety_Leak_Latched THEN
./repo_logs/assistant_bridge/2026_04_16/step_05_persistence_path_reconciliation/persistence_path_reconciliation.log:345:./компилятор/out/RESULT_methods_clean.xml:19990:GVL_PERSISTENT.P_Safety_Gas_Latched := GVL_STATE.G_Safety_Gas_Latched;
./repo_logs/assistant_bridge/2026_04_16/step_05_persistence_path_reconciliation/persistence_path_reconciliation.log:346:./компилятор/out/RESULT_methods_clean.xml:19991:GVL_PERSISTENT.P_Safety_Smoke_Latched := GVL_STATE.G_Safety_Smoke_Latched;
./repo_logs/assistant_bridge/2026_04_16/step_05_persistence_path_reconciliation/persistence_path_reconciliation.log:347:./компилятор/out/RESULT_methods_clean.xml:19992:GVL_PERSISTENT.P_Safety_Leak_Latched := GVL_STATE.G_Safety_Leak_Latched;
./repo_logs/assistant_bridge/2026_04_16/step_05_persistence_path_reconciliation/persistence_path_reconciliation.log:350:./компилятор/out/RESULT_methods_clean.xml:20089:<data name="http://www.3s-software.com/plcopenxml/globalvars" handleUnknown="implementation"><globalVars name="GVL_PERSISTENT" retain="true"><variable name="P_System_Mode"><type><derived name="E_System_Operating_Mode" /></type></variable><variable name="P_Safety_Gas_Latched"><type><BOOL /></type></variable><variable name="P_Safety_Smoke_Latched"><type><BOOL /></type></variable><variable name="P_Safety_Leak_Latched"><type><BOOL /></type></variable><variable name="P_DHW_Heating_Active"><type><BOOL /></type></variable><variable name="P_Valid"><type><BOOL /></type></variable><addData><data name="http://www.3s-software.com/plcopenxml/objectid" handleUnknown="discard"><ObjectId>5f00672b-cde1-4a17-9ba3-5e9a767b7e20</ObjectId></data></addData></globalVars></data>
./repo_logs/assistant_bridge/2026_04_16/step_05_persistence_path_reconciliation/persistence_path_reconciliation.log:352:./repo_logs/nvram/nvram_REAL_latest.log:11:    P_Safety_Gas_Latched : BOOL;
./repo_logs/assistant_bridge/2026_04_16/step_05_persistence_path_reconciliation/persistence_path_reconciliation.log:353:./repo_logs/nvram/nvram_REAL_latest.log:12:    P_Safety_Smoke_Latched : BOOL;
./repo_logs/assistant_bridge/2026_04_16/step_05_persistence_path_reconciliation/persistence_path_reconciliation.log:354:./repo_logs/nvram/nvram_REAL_latest.log:13:    P_Safety_Leak_Latched : BOOL;
./repo_logs/assistant_bridge/2026_04_16/step_05_persistence_path_reconciliation/persistence_path_reconciliation.log:358:./repo_logs/nvram/nvram_REAL_latest.log:181:113:        GVL_STATE.G_Safety_Gas_Latched := GVL_PERSISTENT.P_Safety_Gas_Latched;
./repo_logs/assistant_bridge/2026_04_16/step_05_persistence_path_reconciliation/persistence_path_reconciliation.log:359:./repo_logs/nvram/nvram_REAL_latest.log:182:114:        GVL_STATE.G_Safety_Smoke_Latched := GVL_PERSISTENT.P_Safety_Smoke_Latched;
./repo_logs/assistant_bridge/2026_04_16/step_05_persistence_path_reconciliation/persistence_path_reconciliation.log:360:./repo_logs/nvram/nvram_REAL_latest.log:183:115:        GVL_STATE.G_Safety_Leak_Latched := GVL_PERSISTENT.P_Safety_Leak_Latched;
./repo_logs/assistant_bridge/2026_04_16/step_05_persistence_path_reconciliation/persistence_path_reconciliation.log:362:./repo_logs/nvram/nvram_REAL_latest.log:188:675:IF GVL_PERSISTENT.P_Safety_Gas_Latched THEN
./repo_logs/assistant_bridge/2026_04_16/step_05_persistence_path_reconciliation/persistence_path_reconciliation.log:363:./repo_logs/nvram/nvram_REAL_latest.log:189:680:IF GVL_PERSISTENT.P_Safety_Smoke_Latched THEN
./repo_logs/assistant_bridge/2026_04_16/step_05_persistence_path_reconciliation/persistence_path_reconciliation.log:364:./repo_logs/nvram/nvram_REAL_latest.log:190:685:IF GVL_PERSISTENT.P_Safety_Leak_Latched THEN
./repo_logs/assistant_bridge/2026_04_16/step_05_persistence_path_reconciliation/persistence_path_reconciliation.log:367:./repo_logs/nvram/nvram_REAL_latest.log:206:997:GVL_PERSISTENT.P_Safety_Gas_Latched := GVL_STATE.G_Safety_Gas_Latched;
./repo_logs/assistant_bridge/2026_04_16/step_05_persistence_path_reconciliation/persistence_path_reconciliation.log:368:./repo_logs/nvram/nvram_REAL_latest.log:207:998:GVL_PERSISTENT.P_Safety_Smoke_Latched := GVL_STATE.G_Safety_Smoke_Latched;
./repo_logs/assistant_bridge/2026_04_16/step_05_persistence_path_reconciliation/persistence_path_reconciliation.log:369:./repo_logs/nvram/nvram_REAL_latest.log:208:999:GVL_PERSISTENT.P_Safety_Leak_Latched := GVL_STATE.G_Safety_Leak_Latched;
./repo_logs/assistant_bridge/2026_04_16/step_05_persistence_path_reconciliation/persistence_path_reconciliation.log:375:./repo_logs/nvram/2026_04_16/step_19_persist_write_precheck.log:116:        GVL_STATE.G_Safety_Gas_Latched := GVL_PERSISTENT.P_Safety_Gas_Latched;
./repo_logs/assistant_bridge/2026_04_16/step_05_persistence_path_reconciliation/persistence_path_reconciliation.log:376:./repo_logs/nvram/2026_04_16/step_19_persist_write_precheck.log:117:        GVL_STATE.G_Safety_Smoke_Latched := GVL_PERSISTENT.P_Safety_Smoke_Latched;
./repo_logs/assistant_bridge/2026_04_16/step_05_persistence_path_reconciliation/persistence_path_reconciliation.log:377:./repo_logs/nvram/2026_04_16/step_19_persist_write_precheck.log:118:        GVL_STATE.G_Safety_Leak_Latched := GVL_PERSISTENT.P_Safety_Leak_Latched;
./repo_logs/assistant_bridge/2026_04_16/step_05_persistence_path_reconciliation/persistence_path_reconciliation.log:384:./repo_logs/nvram/2026_04_16/step_19_persist_write_precheck.log:227:    P_Safety_Gas_Latched : BOOL;
./repo_logs/assistant_bridge/2026_04_16/step_05_persistence_path_reconciliation/persistence_path_reconciliation.log:385:./repo_logs/nvram/2026_04_16/step_19_persist_write_precheck.log:228:    P_Safety_Smoke_Latched : BOOL;
./repo_logs/assistant_bridge/2026_04_16/step_05_persistence_path_reconciliation/persistence_path_reconciliation.log:386:./repo_logs/nvram/2026_04_16/step_19_persist_write_precheck.log:229:    P_Safety_Leak_Latched : BOOL;
./repo_logs/assistant_bridge/2026_04_16/step_05_persistence_path_reconciliation/persistence_path_reconciliation.log:390:./repo_logs/nvram/2026_04_16/step_19_persist_write_precheck.log:242:./docs/assistant_bridge/nvram_REAL_latest.log:181:113:        GVL_STATE.G_Safety_Gas_Latched := GVL_PERSISTENT.P_Safety_Gas_Latched;
./repo_logs/assistant_bridge/2026_04_16/step_05_persistence_path_reconciliation/persistence_path_reconciliation.log:391:./repo_logs/nvram/2026_04_16/step_19_persist_write_precheck.log:243:./docs/assistant_bridge/nvram_REAL_latest.log:182:114:        GVL_STATE.G_Safety_Smoke_Latched := GVL_PERSISTENT.P_Safety_Smoke_Latched;
./repo_logs/assistant_bridge/2026_04_16/step_05_persistence_path_reconciliation/persistence_path_reconciliation.log:392:./repo_logs/nvram/2026_04_16/step_19_persist_write_precheck.log:244:./docs/assistant_bridge/nvram_REAL_latest.log:183:115:        GVL_STATE.G_Safety_Leak_Latched := GVL_PERSISTENT.P_Safety_Leak_Latched;
./repo_logs/assistant_bridge/2026_04_16/step_05_persistence_path_reconciliation/persistence_path_reconciliation.log:394:./repo_logs/nvram/2026_04_16/step_19_persist_write_precheck.log:246:./docs/assistant_bridge/nvram_REAL_latest.log:188:675:IF GVL_PERSISTENT.P_Safety_Gas_Latched THEN
./repo_logs/assistant_bridge/2026_04_16/step_05_persistence_path_reconciliation/persistence_path_reconciliation.log:395:./repo_logs/nvram/2026_04_16/step_19_persist_write_precheck.log:247:./docs/assistant_bridge/nvram_REAL_latest.log:189:680:IF GVL_PERSISTENT.P_Safety_Smoke_Latched THEN
./repo_logs/assistant_bridge/2026_04_16/step_05_persistence_path_reconciliation/persistence_path_reconciliation.log:396:./repo_logs/nvram/2026_04_16/step_19_persist_write_precheck.log:248:./docs/assistant_bridge/nvram_REAL_latest.log:190:685:IF GVL_PERSISTENT.P_Safety_Leak_Latched THEN
./repo_logs/assistant_bridge/2026_04_16/step_05_persistence_path_reconciliation/persistence_path_reconciliation.log:399:./repo_logs/nvram/2026_04_16/step_19_persist_write_precheck.log:251:./docs/assistant_bridge/nvram_REAL_latest.log:206:997:GVL_PERSISTENT.P_Safety_Gas_Latched := GVL_STATE.G_Safety_Gas_Latched;
./repo_logs/assistant_bridge/2026_04_16/step_05_persistence_path_reconciliation/persistence_path_reconciliation.log:400:./repo_logs/nvram/2026_04_16/step_19_persist_write_precheck.log:252:./docs/assistant_bridge/nvram_REAL_latest.log:207:998:GVL_PERSISTENT.P_Safety_Smoke_Latched := GVL_STATE.G_Safety_Smoke_Latched;
./repo_logs/assistant_bridge/2026_04_16/step_05_persistence_path_reconciliation/persistence_path_reconciliation.log:401:./repo_logs/nvram/2026_04_16/step_19_persist_write_precheck.log:253:./docs/assistant_bridge/nvram_REAL_latest.log:208:999:GVL_PERSISTENT.P_Safety_Leak_Latched := GVL_STATE.G_Safety_Leak_Latched;
./repo_logs/assistant_bridge/2026_04_16/step_05_persistence_path_reconciliation/persistence_path_reconciliation.log:405:./repo_logs/nvram/2026_04_16/step_19_persist_write_precheck.log:257:./PRG_System.st:113:        GVL_STATE.G_Safety_Gas_Latched := GVL_PERSISTENT.P_Safety_Gas_Latched;
./repo_logs/assistant_bridge/2026_04_16/step_05_persistence_path_reconciliation/persistence_path_reconciliation.log:406:./repo_logs/nvram/2026_04_16/step_19_persist_write_precheck.log:258:./PRG_System.st:114:        GVL_STATE.G_Safety_Smoke_Latched := GVL_PERSISTENT.P_Safety_Smoke_Latched;
./repo_logs/assistant_bridge/2026_04_16/step_05_persistence_path_reconciliation/persistence_path_reconciliation.log:407:./repo_logs/nvram/2026_04_16/step_19_persist_write_precheck.log:259:./PRG_System.st:115:        GVL_STATE.G_Safety_Leak_Latched := GVL_PERSISTENT.P_Safety_Leak_Latched;
./repo_logs/assistant_bridge/2026_04_16/step_05_persistence_path_reconciliation/persistence_path_reconciliation.log:409:./repo_logs/nvram/2026_04_16/step_19_persist_write_precheck.log:261:./PRG_System.st:675:IF GVL_PERSISTENT.P_Safety_Gas_Latched THEN
./repo_logs/assistant_bridge/2026_04_16/step_05_persistence_path_reconciliation/persistence_path_reconciliation.log:410:./repo_logs/nvram/2026_04_16/step_19_persist_write_precheck.log:262:./PRG_System.st:680:IF GVL_PERSISTENT.P_Safety_Smoke_Latched THEN
./repo_logs/assistant_bridge/2026_04_16/step_05_persistence_path_reconciliation/persistence_path_reconciliation.log:411:./repo_logs/nvram/2026_04_16/step_19_persist_write_precheck.log:263:./PRG_System.st:685:IF GVL_PERSISTENT.P_Safety_Leak_Latched THEN
./repo_logs/assistant_bridge/2026_04_16/step_05_persistence_path_reconciliation/persistence_path_reconciliation.log:414:./repo_logs/nvram/2026_04_16/step_19_persist_write_precheck.log:266:./PRG_System.st:997:GVL_PERSISTENT.P_Safety_Gas_Latched := GVL_STATE.G_Safety_Gas_Latched;
./repo_logs/assistant_bridge/2026_04_16/step_05_persistence_path_reconciliation/persistence_path_reconciliation.log:415:./repo_logs/nvram/2026_04_16/step_19_persist_write_precheck.log:267:./PRG_System.st:998:GVL_PERSISTENT.P_Safety_Smoke_Latched := GVL_STATE.G_Safety_Smoke_Latched;
./repo_logs/assistant_bridge/2026_04_16/step_05_persistence_path_reconciliation/persistence_path_reconciliation.log:416:./repo_logs/nvram/2026_04_16/step_19_persist_write_precheck.log:268:./PRG_System.st:999:GVL_PERSISTENT.P_Safety_Leak_Latched := GVL_STATE.G_Safety_Leak_Latched;
./repo_logs/assistant_bridge/2026_04_16/step_05_persistence_path_reconciliation/persistence_path_reconciliation.log:422:./repo_logs/nvram/2026_04_16/step_17_startup_entry.log:2411:        GVL_STATE.G_Safety_Gas_Latched := GVL_PERSISTENT.P_Safety_Gas_Latched;
./repo_logs/assistant_bridge/2026_04_16/step_05_persistence_path_reconciliation/persistence_path_reconciliation.log:423:./repo_logs/nvram/2026_04_16/step_17_startup_entry.log:2412:        GVL_STATE.G_Safety_Smoke_Latched := GVL_PERSISTENT.P_Safety_Smoke_Latched;
./repo_logs/assistant_bridge/2026_04_16/step_05_persistence_path_reconciliation/persistence_path_reconciliation.log:424:./repo_logs/nvram/2026_04_16/step_17_startup_entry.log:2413:        GVL_STATE.G_Safety_Leak_Latched := GVL_PERSISTENT.P_Safety_Leak_Latched;
./repo_logs/assistant_bridge/2026_04_16/step_05_persistence_path_reconciliation/persistence_path_reconciliation.log:430:./repo_logs/nvram/2026_04_16/step_16_nvram_runtime_flow.log:814:        GVL_STATE.G_Safety_Gas_Latched := GVL_PERSISTENT.P_Safety_Gas_Latched;
./repo_logs/assistant_bridge/2026_04_16/step_05_persistence_path_reconciliation/persistence_path_reconciliation.log:431:./repo_logs/nvram/2026_04_16/step_16_nvram_runtime_flow.log:815:        GVL_STATE.G_Safety_Smoke_Latched := GVL_PERSISTENT.P_Safety_Smoke_Latched;
./repo_logs/assistant_bridge/2026_04_16/step_05_persistence_path_reconciliation/persistence_path_reconciliation.log:432:./repo_logs/nvram/2026_04_16/step_16_nvram_runtime_flow.log:816:        GVL_STATE.G_Safety_Leak_Latched := GVL_PERSISTENT.P_Safety_Leak_Latched;
./repo_logs/assistant_bridge/2026_04_16/step_05_persistence_path_reconciliation/persistence_path_reconciliation.log:438:./repo_logs/assistant_bridge/2026_04_16/step_02_nvram_topology/nvram_topology.log:96:PRG_System.st:113:        GVL_STATE.G_Safety_Gas_Latched := GVL_PERSISTENT.P_Safety_Gas_Latched;
./repo_logs/assistant_bridge/2026_04_16/step_05_persistence_path_reconciliation/persistence_path_reconciliation.log:439:./repo_logs/assistant_bridge/2026_04_16/step_02_nvram_topology/nvram_topology.log:97:PRG_System.st:114:        GVL_STATE.G_Safety_Smoke_Latched := GVL_PERSISTENT.P_Safety_Smoke_Latched;
./repo_logs/assistant_bridge/2026_04_16/step_05_persistence_path_reconciliation/persistence_path_reconciliation.log:440:./repo_logs/assistant_bridge/2026_04_16/step_02_nvram_topology/nvram_topology.log:98:PRG_System.st:115:        GVL_STATE.G_Safety_Leak_Latched := GVL_PERSISTENT.P_Safety_Leak_Latched;
./repo_logs/assistant_bridge/2026_04_16/step_05_persistence_path_reconciliation/persistence_path_reconciliation.log:443:./repo_logs/assistant_bridge/2026_04_16/step_02_nvram_topology/nvram_topology.log:110:PRG_System.st:675:IF GVL_PERSISTENT.P_Safety_Gas_Latched THEN
./repo_logs/assistant_bridge/2026_04_16/step_05_persistence_path_reconciliation/persistence_path_reconciliation.log:444:./repo_logs/assistant_bridge/2026_04_16/step_02_nvram_topology/nvram_topology.log:111:PRG_System.st:680:IF GVL_PERSISTENT.P_Safety_Smoke_Latched THEN
./repo_logs/assistant_bridge/2026_04_16/step_05_persistence_path_reconciliation/persistence_path_reconciliation.log:445:./repo_logs/assistant_bridge/2026_04_16/step_02_nvram_topology/nvram_topology.log:112:PRG_System.st:685:IF GVL_PERSISTENT.P_Safety_Leak_Latched THEN
./repo_logs/assistant_bridge/2026_04_16/step_05_persistence_path_reconciliation/persistence_path_reconciliation.log:448:./repo_logs/assistant_bridge/2026_04_16/step_02_nvram_topology/nvram_topology.log:144:PRG_System.st:997:GVL_PERSISTENT.P_Safety_Gas_Latched := GVL_STATE.G_Safety_Gas_Latched;
./repo_logs/assistant_bridge/2026_04_16/step_05_persistence_path_reconciliation/persistence_path_reconciliation.log:449:./repo_logs/assistant_bridge/2026_04_16/step_02_nvram_topology/nvram_topology.log:145:PRG_System.st:998:GVL_PERSISTENT.P_Safety_Smoke_Latched := GVL_STATE.G_Safety_Smoke_Latched;
./repo_logs/assistant_bridge/2026_04_16/step_05_persistence_path_reconciliation/persistence_path_reconciliation.log:450:./repo_logs/assistant_bridge/2026_04_16/step_02_nvram_topology/nvram_topology.log:146:PRG_System.st:999:GVL_PERSISTENT.P_Safety_Leak_Latched := GVL_STATE.G_Safety_Leak_Latched;
./repo_logs/assistant_bridge/2026_04_16/step_05_persistence_path_reconciliation/persistence_path_reconciliation.log:454:./repo_logs/assistant_bridge/2026_04_16/step_02_nvram_topology/nvram_topology.log:161:    P_Safety_Gas_Latched : BOOL;
./repo_logs/assistant_bridge/2026_04_16/step_05_persistence_path_reconciliation/persistence_path_reconciliation.log:455:./repo_logs/assistant_bridge/2026_04_16/step_02_nvram_topology/nvram_topology.log:162:    P_Safety_Smoke_Latched : BOOL;
./repo_logs/assistant_bridge/2026_04_16/step_05_persistence_path_reconciliation/persistence_path_reconciliation.log:456:./repo_logs/assistant_bridge/2026_04_16/step_02_nvram_topology/nvram_topology.log:163:    P_Safety_Leak_Latched : BOOL;
./repo_logs/assistant_bridge/2026_04_16/step_05_persistence_path_reconciliation/persistence_path_reconciliation.log:462:./repo_logs/assistant_bridge/2026_04_16/step_02_nvram_topology/nvram_topology.log:604:        GVL_STATE.G_Safety_Gas_Latched := GVL_PERSISTENT.P_Safety_Gas_Latched;
./repo_logs/assistant_bridge/2026_04_16/step_05_persistence_path_reconciliation/persistence_path_reconciliation.log:463:./repo_logs/assistant_bridge/2026_04_16/step_02_nvram_topology/nvram_topology.log:605:        GVL_STATE.G_Safety_Smoke_Latched := GVL_PERSISTENT.P_Safety_Smoke_Latched;
./repo_logs/assistant_bridge/2026_04_16/step_05_persistence_path_reconciliation/persistence_path_reconciliation.log:464:./repo_logs/assistant_bridge/2026_04_16/step_02_nvram_topology/nvram_topology.log:606:        GVL_STATE.G_Safety_Leak_Latched := GVL_PERSISTENT.P_Safety_Leak_Latched;
./repo_logs/assistant_bridge/2026_04_16/step_05_persistence_path_reconciliation/persistence_path_reconciliation.log:467:./repo_logs/assistant_bridge/2026_04_16/step_03_nvram_write_flow/nvram_write_flow.log:101:IF GVL_PERSISTENT.P_Safety_Gas_Latched THEN
./repo_logs/assistant_bridge/2026_04_16/step_05_persistence_path_reconciliation/persistence_path_reconciliation.log:468:./repo_logs/assistant_bridge/2026_04_16/step_03_nvram_write_flow/nvram_write_flow.log:106:IF GVL_PERSISTENT.P_Safety_Smoke_Latched THEN
./repo_logs/assistant_bridge/2026_04_16/step_05_persistence_path_reconciliation/persistence_path_reconciliation.log:469:./repo_logs/assistant_bridge/2026_04_16/step_03_nvram_write_flow/nvram_write_flow.log:111:IF GVL_PERSISTENT.P_Safety_Leak_Latched THEN
./repo_logs/assistant_bridge/2026_04_16/step_05_persistence_path_reconciliation/persistence_path_reconciliation.log:472:./repo_logs/assistant_bridge/2026_04_16/step_03_nvram_write_flow/nvram_write_flow.log:256:GVL_PERSISTENT.P_Safety_Gas_Latched := GVL_STATE.G_Safety_Gas_Latched;
./repo_logs/assistant_bridge/2026_04_16/step_05_persistence_path_reconciliation/persistence_path_reconciliation.log:473:./repo_logs/assistant_bridge/2026_04_16/step_03_nvram_write_flow/nvram_write_flow.log:257:GVL_PERSISTENT.P_Safety_Smoke_Latched := GVL_STATE.G_Safety_Smoke_Latched;
./repo_logs/assistant_bridge/2026_04_16/step_05_persistence_path_reconciliation/persistence_path_reconciliation.log:474:./repo_logs/assistant_bridge/2026_04_16/step_03_nvram_write_flow/nvram_write_flow.log:258:GVL_PERSISTENT.P_Safety_Leak_Latched := GVL_STATE.G_Safety_Leak_Latched;
./repo_logs/assistant_bridge/2026_04_16/step_05_persistence_path_reconciliation/persistence_path_reconciliation.log:478:./GVL_PERSISTENT.gvl:7:    P_Safety_Gas_Latched : BOOL;
./repo_logs/assistant_bridge/2026_04_16/step_05_persistence_path_reconciliation/persistence_path_reconciliation.log:479:./GVL_PERSISTENT.gvl:8:    P_Safety_Smoke_Latched : BOOL;
./repo_logs/assistant_bridge/2026_04_16/step_05_persistence_path_reconciliation/persistence_path_reconciliation.log:480:./GVL_PERSISTENT.gvl:9:    P_Safety_Leak_Latched : BOOL;
./repo_logs/assistant_bridge/2026_04_16/step_05_persistence_path_reconciliation/persistence_path_reconciliation.log:486:./snapshots/project_clean_state_2026_04_16/компилятор/out/RESULT_methods_clean.xml:19103:        GVL_STATE.G_Safety_Gas_Latched := GVL_PERSISTENT.P_Safety_Gas_Latched;
./repo_logs/assistant_bridge/2026_04_16/step_05_persistence_path_reconciliation/persistence_path_reconciliation.log:487:./snapshots/project_clean_state_2026_04_16/компилятор/out/RESULT_methods_clean.xml:19104:        GVL_STATE.G_Safety_Smoke_Latched := GVL_PERSISTENT.P_Safety_Smoke_Latched;
./repo_logs/assistant_bridge/2026_04_16/step_05_persistence_path_reconciliation/persistence_path_reconciliation.log:488:./snapshots/project_clean_state_2026_04_16/компилятор/out/RESULT_methods_clean.xml:19105:        GVL_STATE.G_Safety_Leak_Latched := GVL_PERSISTENT.P_Safety_Leak_Latched;
./repo_logs/assistant_bridge/2026_04_16/step_05_persistence_path_reconciliation/persistence_path_reconciliation.log:491:./snapshots/project_clean_state_2026_04_16/компилятор/out/RESULT_methods_clean.xml:19665:IF GVL_PERSISTENT.P_Safety_Gas_Latched THEN
./repo_logs/assistant_bridge/2026_04_16/step_05_persistence_path_reconciliation/persistence_path_reconciliation.log:492:./snapshots/project_clean_state_2026_04_16/компилятор/out/RESULT_methods_clean.xml:19670:IF GVL_PERSISTENT.P_Safety_Smoke_Latched THEN
./repo_logs/assistant_bridge/2026_04_16/step_05_persistence_path_reconciliation/persistence_path_reconciliation.log:493:./snapshots/project_clean_state_2026_04_16/компилятор/out/RESULT_methods_clean.xml:19675:IF GVL_PERSISTENT.P_Safety_Leak_Latched THEN
./repo_logs/assistant_bridge/2026_04_16/step_05_persistence_path_reconciliation/persistence_path_reconciliation.log:496:./snapshots/project_clean_state_2026_04_16/компилятор/out/RESULT_methods_clean.xml:19987:GVL_PERSISTENT.P_Safety_Gas_Latched := GVL_STATE.G_Safety_Gas_Latched;
./repo_logs/assistant_bridge/2026_04_16/step_05_persistence_path_reconciliation/persistence_path_reconciliation.log:497:./snapshots/project_clean_state_2026_04_16/компилятор/out/RESULT_methods_clean.xml:19988:GVL_PERSISTENT.P_Safety_Smoke_Latched := GVL_STATE.G_Safety_Smoke_Latched;
./repo_logs/assistant_bridge/2026_04_16/step_05_persistence_path_reconciliation/persistence_path_reconciliation.log:498:./snapshots/project_clean_state_2026_04_16/компилятор/out/RESULT_methods_clean.xml:19989:GVL_PERSISTENT.P_Safety_Leak_Latched := GVL_STATE.G_Safety_Leak_Latched;
./repo_logs/assistant_bridge/2026_04_16/step_05_persistence_path_reconciliation/persistence_path_reconciliation.log:501:./snapshots/project_clean_state_2026_04_16/компилятор/out/RESULT_methods_clean.xml:20086:<data name="http://www.3s-software.com/plcopenxml/globalvars" handleUnknown="implementation"><globalVars name="GVL_PERSISTENT" retain="true"><variable name="P_System_Mode"><type><derived name="E_System_Operating_Mode" /></type></variable><variable name="P_Safety_Gas_Latched"><type><BOOL /></type></variable><variable name="P_Safety_Smoke_Latched"><type><BOOL /></type></variable><variable name="P_Safety_Leak_Latched"><type><BOOL /></type></variable><variable name="P_DHW_Heating_Active"><type><BOOL /></type></variable><variable name="P_Valid"><type><BOOL /></type></variable><addData><data name="http://www.3s-software.com/plcopenxml/objectid" handleUnknown="discard"><ObjectId>a01760fc-f32a-4644-87c3-ab326656d6f4</ObjectId></data></addData></globalVars></data>
./repo_logs/assistant_bridge/2026_04_16/step_05_persistence_path_reconciliation/persistence_path_reconciliation.log:503:./snapshots/project_clean_state_2026_04_16/repo_logs/nvram/nvram_REAL_latest.log:11:    P_Safety_Gas_Latched : BOOL;
./repo_logs/assistant_bridge/2026_04_16/step_05_persistence_path_reconciliation/persistence_path_reconciliation.log:504:./snapshots/project_clean_state_2026_04_16/repo_logs/nvram/nvram_REAL_latest.log:12:    P_Safety_Smoke_Latched : BOOL;
./repo_logs/assistant_bridge/2026_04_16/step_05_persistence_path_reconciliation/persistence_path_reconciliation.log:505:./snapshots/project_clean_state_2026_04_16/repo_logs/nvram/nvram_REAL_latest.log:13:    P_Safety_Leak_Latched : BOOL;
./repo_logs/assistant_bridge/2026_04_16/step_05_persistence_path_reconciliation/persistence_path_reconciliation.log:509:./snapshots/project_clean_state_2026_04_16/repo_logs/nvram/nvram_REAL_latest.log:181:113:        GVL_STATE.G_Safety_Gas_Latched := GVL_PERSISTENT.P_Safety_Gas_Latched;
./repo_logs/assistant_bridge/2026_04_16/step_05_persistence_path_reconciliation/persistence_path_reconciliation.log:510:./snapshots/project_clean_state_2026_04_16/repo_logs/nvram/nvram_REAL_latest.log:182:114:        GVL_STATE.G_Safety_Smoke_Latched := GVL_PERSISTENT.P_Safety_Smoke_Latched;
./repo_logs/assistant_bridge/2026_04_16/step_05_persistence_path_reconciliation/persistence_path_reconciliation.log:511:./snapshots/project_clean_state_2026_04_16/repo_logs/nvram/nvram_REAL_latest.log:183:115:        GVL_STATE.G_Safety_Leak_Latched := GVL_PERSISTENT.P_Safety_Leak_Latched;
./repo_logs/assistant_bridge/2026_04_16/step_05_persistence_path_reconciliation/persistence_path_reconciliation.log:513:./snapshots/project_clean_state_2026_04_16/repo_logs/nvram/nvram_REAL_latest.log:188:675:IF GVL_PERSISTENT.P_Safety_Gas_Latched THEN
./repo_logs/assistant_bridge/2026_04_16/step_05_persistence_path_reconciliation/persistence_path_reconciliation.log:514:./snapshots/project_clean_state_2026_04_16/repo_logs/nvram/nvram_REAL_latest.log:189:680:IF GVL_PERSISTENT.P_Safety_Smoke_Latched THEN
./repo_logs/assistant_bridge/2026_04_16/step_05_persistence_path_reconciliation/persistence_path_reconciliation.log:515:./snapshots/project_clean_state_2026_04_16/repo_logs/nvram/nvram_REAL_latest.log:190:685:IF GVL_PERSISTENT.P_Safety_Leak_Latched THEN
./repo_logs/assistant_bridge/2026_04_16/step_05_persistence_path_reconciliation/persistence_path_reconciliation.log:518:./snapshots/project_clean_state_2026_04_16/repo_logs/nvram/nvram_REAL_latest.log:206:997:GVL_PERSISTENT.P_Safety_Gas_Latched := GVL_STATE.G_Safety_Gas_Latched;
./repo_logs/assistant_bridge/2026_04_16/step_05_persistence_path_reconciliation/persistence_path_reconciliation.log:519:./snapshots/project_clean_state_2026_04_16/repo_logs/nvram/nvram_REAL_latest.log:207:998:GVL_PERSISTENT.P_Safety_Smoke_Latched := GVL_STATE.G_Safety_Smoke_Latched;
./repo_logs/assistant_bridge/2026_04_16/step_05_persistence_path_reconciliation/persistence_path_reconciliation.log:520:./snapshots/project_clean_state_2026_04_16/repo_logs/nvram/nvram_REAL_latest.log:208:999:GVL_PERSISTENT.P_Safety_Leak_Latched := GVL_STATE.G_Safety_Leak_Latched;
./repo_logs/assistant_bridge/2026_04_16/step_05_persistence_path_reconciliation/persistence_path_reconciliation.log:524:./snapshots/project_clean_state_2026_04_16/GVL_PERSISTENT.gvl:7:    P_Safety_Gas_Latched : BOOL;
./repo_logs/assistant_bridge/2026_04_16/step_05_persistence_path_reconciliation/persistence_path_reconciliation.log:525:./snapshots/project_clean_state_2026_04_16/GVL_PERSISTENT.gvl:8:    P_Safety_Smoke_Latched : BOOL;
./repo_logs/assistant_bridge/2026_04_16/step_05_persistence_path_reconciliation/persistence_path_reconciliation.log:526:./snapshots/project_clean_state_2026_04_16/GVL_PERSISTENT.gvl:9:    P_Safety_Leak_Latched : BOOL;
./repo_logs/assistant_bridge/2026_04_16/step_05_persistence_path_reconciliation/persistence_path_reconciliation.log:530:./snapshots/project_clean_state_2026_04_16/docs/assistant_bridge/nvram_REAL_latest.log:11:    P_Safety_Gas_Latched : BOOL;
./repo_logs/assistant_bridge/2026_04_16/step_05_persistence_path_reconciliation/persistence_path_reconciliation.log:531:./snapshots/project_clean_state_2026_04_16/docs/assistant_bridge/nvram_REAL_latest.log:12:    P_Safety_Smoke_Latched : BOOL;
./repo_logs/assistant_bridge/2026_04_16/step_05_persistence_path_reconciliation/persistence_path_reconciliation.log:532:./snapshots/project_clean_state_2026_04_16/docs/assistant_bridge/nvram_REAL_latest.log:13:    P_Safety_Leak_Latched : BOOL;
./repo_logs/assistant_bridge/2026_04_16/step_05_persistence_path_reconciliation/persistence_path_reconciliation.log:536:./snapshots/project_clean_state_2026_04_16/docs/assistant_bridge/nvram_REAL_latest.log:181:113:        GVL_STATE.G_Safety_Gas_Latched := GVL_PERSISTENT.P_Safety_Gas_Latched;
./repo_logs/assistant_bridge/2026_04_16/step_05_persistence_path_reconciliation/persistence_path_reconciliation.log:537:./snapshots/project_clean_state_2026_04_16/docs/assistant_bridge/nvram_REAL_latest.log:182:114:        GVL_STATE.G_Safety_Smoke_Latched := GVL_PERSISTENT.P_Safety_Smoke_Latched;
./repo_logs/assistant_bridge/2026_04_16/step_05_persistence_path_reconciliation/persistence_path_reconciliation.log:538:./snapshots/project_clean_state_2026_04_16/docs/assistant_bridge/nvram_REAL_latest.log:183:115:        GVL_STATE.G_Safety_Leak_Latched := GVL_PERSISTENT.P_Safety_Leak_Latched;
./repo_logs/assistant_bridge/2026_04_16/step_05_persistence_path_reconciliation/persistence_path_reconciliation.log:540:./snapshots/project_clean_state_2026_04_16/docs/assistant_bridge/nvram_REAL_latest.log:188:675:IF GVL_PERSISTENT.P_Safety_Gas_Latched THEN
./repo_logs/assistant_bridge/2026_04_16/step_05_persistence_path_reconciliation/persistence_path_reconciliation.log:541:./snapshots/project_clean_state_2026_04_16/docs/assistant_bridge/nvram_REAL_latest.log:189:680:IF GVL_PERSISTENT.P_Safety_Smoke_Latched THEN
./repo_logs/assistant_bridge/2026_04_16/step_05_persistence_path_reconciliation/persistence_path_reconciliation.log:542:./snapshots/project_clean_state_2026_04_16/docs/assistant_bridge/nvram_REAL_latest.log:190:685:IF GVL_PERSISTENT.P_Safety_Leak_Latched THEN
./repo_logs/assistant_bridge/2026_04_16/step_05_persistence_path_reconciliation/persistence_path_reconciliation.log:545:./snapshots/project_clean_state_2026_04_16/docs/assistant_bridge/nvram_REAL_latest.log:206:997:GVL_PERSISTENT.P_Safety_Gas_Latched := GVL_STATE.G_Safety_Gas_Latched;
./repo_logs/assistant_bridge/2026_04_16/step_05_persistence_path_reconciliation/persistence_path_reconciliation.log:546:./snapshots/project_clean_state_2026_04_16/docs/assistant_bridge/nvram_REAL_latest.log:207:998:GVL_PERSISTENT.P_Safety_Smoke_Latched := GVL_STATE.G_Safety_Smoke_Latched;
./repo_logs/assistant_bridge/2026_04_16/step_05_persistence_path_reconciliation/persistence_path_reconciliation.log:547:./snapshots/project_clean_state_2026_04_16/docs/assistant_bridge/nvram_REAL_latest.log:208:999:GVL_PERSISTENT.P_Safety_Leak_Latched := GVL_STATE.G_Safety_Leak_Latched;
./repo_logs/assistant_bridge/2026_04_16/step_05_persistence_path_reconciliation/persistence_path_reconciliation.log:553:./snapshots/project_clean_state_2026_04_16/PRG_System.st:113:        GVL_STATE.G_Safety_Gas_Latched := GVL_PERSISTENT.P_Safety_Gas_Latched;
./repo_logs/assistant_bridge/2026_04_16/step_05_persistence_path_reconciliation/persistence_path_reconciliation.log:554:./snapshots/project_clean_state_2026_04_16/PRG_System.st:114:        GVL_STATE.G_Safety_Smoke_Latched := GVL_PERSISTENT.P_Safety_Smoke_Latched;
./repo_logs/assistant_bridge/2026_04_16/step_05_persistence_path_reconciliation/persistence_path_reconciliation.log:555:./snapshots/project_clean_state_2026_04_16/PRG_System.st:115:        GVL_STATE.G_Safety_Leak_Latched := GVL_PERSISTENT.P_Safety_Leak_Latched;
./repo_logs/assistant_bridge/2026_04_16/step_05_persistence_path_reconciliation/persistence_path_reconciliation.log:558:./snapshots/project_clean_state_2026_04_16/PRG_System.st:675:IF GVL_PERSISTENT.P_Safety_Gas_Latched THEN
./repo_logs/assistant_bridge/2026_04_16/step_05_persistence_path_reconciliation/persistence_path_reconciliation.log:559:./snapshots/project_clean_state_2026_04_16/PRG_System.st:680:IF GVL_PERSISTENT.P_Safety_Smoke_Latched THEN
./repo_logs/assistant_bridge/2026_04_16/step_05_persistence_path_reconciliation/persistence_path_reconciliation.log:560:./snapshots/project_clean_state_2026_04_16/PRG_System.st:685:IF GVL_PERSISTENT.P_Safety_Leak_Latched THEN
./repo_logs/assistant_bridge/2026_04_16/step_05_persistence_path_reconciliation/persistence_path_reconciliation.log:563:./snapshots/project_clean_state_2026_04_16/PRG_System.st:997:GVL_PERSISTENT.P_Safety_Gas_Latched := GVL_STATE.G_Safety_Gas_Latched;
./repo_logs/assistant_bridge/2026_04_16/step_05_persistence_path_reconciliation/persistence_path_reconciliation.log:564:./snapshots/project_clean_state_2026_04_16/PRG_System.st:998:GVL_PERSISTENT.P_Safety_Smoke_Latched := GVL_STATE.G_Safety_Smoke_Latched;
./repo_logs/assistant_bridge/2026_04_16/step_05_persistence_path_reconciliation/persistence_path_reconciliation.log:565:./snapshots/project_clean_state_2026_04_16/PRG_System.st:999:GVL_PERSISTENT.P_Safety_Leak_Latched := GVL_STATE.G_Safety_Leak_Latched;
./repo_logs/assistant_bridge/2026_04_16/step_05_persistence_path_reconciliation/persistence_path_reconciliation.log:571:./snapshots/clean_build_2026_04_16/компилятор/out/RESULT_methods_clean.xml:19103:        GVL_STATE.G_Safety_Gas_Latched := GVL_PERSISTENT.P_Safety_Gas_Latched;
./repo_logs/assistant_bridge/2026_04_16/step_05_persistence_path_reconciliation/persistence_path_reconciliation.log:572:./snapshots/clean_build_2026_04_16/компилятор/out/RESULT_methods_clean.xml:19104:        GVL_STATE.G_Safety_Smoke_Latched := GVL_PERSISTENT.P_Safety_Smoke_Latched;
./repo_logs/assistant_bridge/2026_04_16/step_05_persistence_path_reconciliation/persistence_path_reconciliation.log:573:./snapshots/clean_build_2026_04_16/компилятор/out/RESULT_methods_clean.xml:19105:        GVL_STATE.G_Safety_Leak_Latched := GVL_PERSISTENT.P_Safety_Leak_Latched;
./repo_logs/assistant_bridge/2026_04_16/step_05_persistence_path_reconciliation/persistence_path_reconciliation.log:576:./snapshots/clean_build_2026_04_16/компилятор/out/RESULT_methods_clean.xml:19665:IF GVL_PERSISTENT.P_Safety_Gas_Latched THEN
./repo_logs/assistant_bridge/2026_04_16/step_05_persistence_path_reconciliation/persistence_path_reconciliation.log:577:./snapshots/clean_build_2026_04_16/компилятор/out/RESULT_methods_clean.xml:19670:IF GVL_PERSISTENT.P_Safety_Smoke_Latched THEN
./repo_logs/assistant_bridge/2026_04_16/step_05_persistence_path_reconciliation/persistence_path_reconciliation.log:578:./snapshots/clean_build_2026_04_16/компилятор/out/RESULT_methods_clean.xml:19675:IF GVL_PERSISTENT.P_Safety_Leak_Latched THEN
./repo_logs/assistant_bridge/2026_04_16/step_05_persistence_path_reconciliation/persistence_path_reconciliation.log:581:./snapshots/clean_build_2026_04_16/компилятор/out/RESULT_methods_clean.xml:19987:GVL_PERSISTENT.P_Safety_Gas_Latched := GVL_STATE.G_Safety_Gas_Latched;
./repo_logs/assistant_bridge/2026_04_16/step_05_persistence_path_reconciliation/persistence_path_reconciliation.log:582:./snapshots/clean_build_2026_04_16/компилятор/out/RESULT_methods_clean.xml:19988:GVL_PERSISTENT.P_Safety_Smoke_Latched := GVL_STATE.G_Safety_Smoke_Latched;
./repo_logs/assistant_bridge/2026_04_16/step_05_persistence_path_reconciliation/persistence_path_reconciliation.log:583:./snapshots/clean_build_2026_04_16/компилятор/out/RESULT_methods_clean.xml:19989:GVL_PERSISTENT.P_Safety_Leak_Latched := GVL_STATE.G_Safety_Leak_Latched;
./repo_logs/assistant_bridge/2026_04_16/step_05_persistence_path_reconciliation/persistence_path_reconciliation.log:586:./snapshots/clean_build_2026_04_16/компилятор/out/RESULT_methods_clean.xml:20086:<data name="http://www.3s-software.com/plcopenxml/globalvars" handleUnknown="implementation"><globalVars name="GVL_PERSISTENT" retain="true"><variable name="P_System_Mode"><type><derived name="E_System_Operating_Mode" /></type></variable><variable name="P_Safety_Gas_Latched"><type><BOOL /></type></variable><variable name="P_Safety_Smoke_Latched"><type><BOOL /></type></variable><variable name="P_Safety_Leak_Latched"><type><BOOL /></type></variable><variable name="P_DHW_Heating_Active"><type><BOOL /></type></variable><variable name="P_Valid"><type><BOOL /></type></variable><addData><data name="http://www.3s-software.com/plcopenxml/objectid" handleUnknown="discard"><ObjectId>a01760fc-f32a-4644-87c3-ab326656d6f4</ObjectId></data></addData></globalVars></data>
./repo_logs/assistant_bridge/2026_04_16/step_05_persistence_path_reconciliation/persistence_path_reconciliation.log:588:./docs/assistant_bridge/nvram_REAL_latest.log:11:    P_Safety_Gas_Latched : BOOL;
./repo_logs/assistant_bridge/2026_04_16/step_05_persistence_path_reconciliation/persistence_path_reconciliation.log:589:./docs/assistant_bridge/nvram_REAL_latest.log:12:    P_Safety_Smoke_Latched : BOOL;
./repo_logs/assistant_bridge/2026_04_16/step_05_persistence_path_reconciliation/persistence_path_reconciliation.log:590:./docs/assistant_bridge/nvram_REAL_latest.log:13:    P_Safety_Leak_Latched : BOOL;
./repo_logs/assistant_bridge/2026_04_16/step_05_persistence_path_reconciliation/persistence_path_reconciliation.log:594:./docs/assistant_bridge/nvram_REAL_latest.log:181:113:        GVL_STATE.G_Safety_Gas_Latched := GVL_PERSISTENT.P_Safety_Gas_Latched;
./repo_logs/assistant_bridge/2026_04_16/step_05_persistence_path_reconciliation/persistence_path_reconciliation.log:595:./docs/assistant_bridge/nvram_REAL_latest.log:182:114:        GVL_STATE.G_Safety_Smoke_Latched := GVL_PERSISTENT.P_Safety_Smoke_Latched;
./repo_logs/assistant_bridge/2026_04_16/step_05_persistence_path_reconciliation/persistence_path_reconciliation.log:596:./docs/assistant_bridge/nvram_REAL_latest.log:183:115:        GVL_STATE.G_Safety_Leak_Latched := GVL_PERSISTENT.P_Safety_Leak_Latched;
./repo_logs/assistant_bridge/2026_04_16/step_05_persistence_path_reconciliation/persistence_path_reconciliation.log:598:./docs/assistant_bridge/nvram_REAL_latest.log:188:675:IF GVL_PERSISTENT.P_Safety_Gas_Latched THEN
./repo_logs/assistant_bridge/2026_04_16/step_05_persistence_path_reconciliation/persistence_path_reconciliation.log:599:./docs/assistant_bridge/nvram_REAL_latest.log:189:680:IF GVL_PERSISTENT.P_Safety_Smoke_Latched THEN
./repo_logs/assistant_bridge/2026_04_16/step_05_persistence_path_reconciliation/persistence_path_reconciliation.log:600:./docs/assistant_bridge/nvram_REAL_latest.log:190:685:IF GVL_PERSISTENT.P_Safety_Leak_Latched THEN
./repo_logs/assistant_bridge/2026_04_16/step_05_persistence_path_reconciliation/persistence_path_reconciliation.log:603:./docs/assistant_bridge/nvram_REAL_latest.log:206:997:GVL_PERSISTENT.P_Safety_Gas_Latched := GVL_STATE.G_Safety_Gas_Latched;
./repo_logs/assistant_bridge/2026_04_16/step_05_persistence_path_reconciliation/persistence_path_reconciliation.log:604:./docs/assistant_bridge/nvram_REAL_latest.log:207:998:GVL_PERSISTENT.P_Safety_Smoke_Latched := GVL_STATE.G_Safety_Smoke_Latched;
./repo_logs/assistant_bridge/2026_04_16/step_05_persistence_path_reconciliation/persistence_path_reconciliation.log:605:./docs/assistant_bridge/nvram_REAL_latest.log:208:999:GVL_PERSISTENT.P_Safety_Leak_Latched := GVL_STATE.G_Safety_Leak_Latched;
./repo_logs/assistant_bridge/2026_04_16/step_05_persistence_path_reconciliation/persistence_path_reconciliation.log:611:./PRG_System.st:113:        GVL_STATE.G_Safety_Gas_Latched := GVL_PERSISTENT.P_Safety_Gas_Latched;
./repo_logs/assistant_bridge/2026_04_16/step_05_persistence_path_reconciliation/persistence_path_reconciliation.log:612:./PRG_System.st:114:        GVL_STATE.G_Safety_Smoke_Latched := GVL_PERSISTENT.P_Safety_Smoke_Latched;
./repo_logs/assistant_bridge/2026_04_16/step_05_persistence_path_reconciliation/persistence_path_reconciliation.log:613:./PRG_System.st:115:        GVL_STATE.G_Safety_Leak_Latched := GVL_PERSISTENT.P_Safety_Leak_Latched;
./repo_logs/assistant_bridge/2026_04_16/step_05_persistence_path_reconciliation/persistence_path_reconciliation.log:616:./PRG_System.st:675:IF GVL_PERSISTENT.P_Safety_Gas_Latched THEN
./repo_logs/assistant_bridge/2026_04_16/step_05_persistence_path_reconciliation/persistence_path_reconciliation.log:617:./PRG_System.st:680:IF GVL_PERSISTENT.P_Safety_Smoke_Latched THEN
./repo_logs/assistant_bridge/2026_04_16/step_05_persistence_path_reconciliation/persistence_path_reconciliation.log:618:./PRG_System.st:685:IF GVL_PERSISTENT.P_Safety_Leak_Latched THEN
./repo_logs/assistant_bridge/2026_04_16/step_05_persistence_path_reconciliation/persistence_path_reconciliation.log:621:./PRG_System.st:997:GVL_PERSISTENT.P_Safety_Gas_Latched := GVL_STATE.G_Safety_Gas_Latched;
./repo_logs/assistant_bridge/2026_04_16/step_05_persistence_path_reconciliation/persistence_path_reconciliation.log:622:./PRG_System.st:998:GVL_PERSISTENT.P_Safety_Smoke_Latched := GVL_STATE.G_Safety_Smoke_Latched;
./repo_logs/assistant_bridge/2026_04_16/step_05_persistence_path_reconciliation/persistence_path_reconciliation.log:623:./PRG_System.st:999:GVL_PERSISTENT.P_Safety_Leak_Latched := GVL_STATE.G_Safety_Leak_Latched;
./repo_logs/assistant_bridge/2026_04_16/step_05_persistence_path_reconciliation/persistence_path_reconciliation.log:1494:        GVL_STATE.G_Safety_Gas_Latched := GVL_PERSISTENT.P_Safety_Gas_Latched;
./repo_logs/assistant_bridge/2026_04_16/step_05_persistence_path_reconciliation/persistence_path_reconciliation.log:1495:        GVL_STATE.G_Safety_Smoke_Latched := GVL_PERSISTENT.P_Safety_Smoke_Latched;
./repo_logs/assistant_bridge/2026_04_16/step_05_persistence_path_reconciliation/persistence_path_reconciliation.log:1496:        GVL_STATE.G_Safety_Leak_Latched := GVL_PERSISTENT.P_Safety_Leak_Latched;
./repo_logs/assistant_bridge/2026_04_16/step_14_nvram_final_state/nvram_final_state.log:57:PRG_System.st:1002:GVL_PERSISTENT.P_Safety_Gas_Latched := L_Persist_Struct.Safety_Gas_Latched;
./repo_logs/assistant_bridge/2026_04_16/step_14_nvram_final_state/nvram_final_state.log:58:PRG_System.st:1003:GVL_PERSISTENT.P_Safety_Smoke_Latched := L_Persist_Struct.Safety_Smoke_Latched;
./repo_logs/assistant_bridge/2026_04_16/step_14_nvram_final_state/nvram_final_state.log:59:PRG_System.st:1004:GVL_PERSISTENT.P_Safety_Leak_Latched := L_Persist_Struct.Safety_Leak_Latched;
./repo_logs/assistant_bridge/2026_04_16/step_14_nvram_final_state/nvram_final_state.log:146:GVL_PERSISTENT.P_Safety_Gas_Latched := L_Persist_Struct.Safety_Gas_Latched;
./repo_logs/assistant_bridge/2026_04_16/step_14_nvram_final_state/nvram_final_state.log:147:GVL_PERSISTENT.P_Safety_Smoke_Latched := L_Persist_Struct.Safety_Smoke_Latched;
./repo_logs/assistant_bridge/2026_04_16/step_14_nvram_final_state/nvram_final_state.log:148:GVL_PERSISTENT.P_Safety_Leak_Latched := L_Persist_Struct.Safety_Leak_Latched;
./repo_logs/assistant_bridge/2026_04_16/step_33_prg_system_final_audit/prg_system_final_audit.log:59:1043:GVL_PERSISTENT.P_Safety_Gas_Latched := L_Persist_Struct.Safety_Gas_Latched;
./repo_logs/assistant_bridge/2026_04_16/step_33_prg_system_final_audit/prg_system_final_audit.log:60:1044:GVL_PERSISTENT.P_Safety_Smoke_Latched := L_Persist_Struct.Safety_Smoke_Latched;
./repo_logs/assistant_bridge/2026_04_16/step_33_prg_system_final_audit/prg_system_final_audit.log:61:1045:GVL_PERSISTENT.P_Safety_Leak_Latched := L_Persist_Struct.Safety_Leak_Latched;
./repo_logs/assistant_bridge/2026_04_16/step_17_unify_scenario_event_source_fixed/unify_scenario_event_source_fixed.log:47:GVL_PERSISTENT.P_Safety_Gas_Latched := L_Persist_Struct.Safety_Gas_Latched;
./repo_logs/assistant_bridge/2026_04_16/step_17_unify_scenario_event_source_fixed/unify_scenario_event_source_fixed.log:48:GVL_PERSISTENT.P_Safety_Smoke_Latched := L_Persist_Struct.Safety_Smoke_Latched;
./repo_logs/assistant_bridge/2026_04_16/step_17_unify_scenario_event_source_fixed/unify_scenario_event_source_fixed.log:49:GVL_PERSISTENT.P_Safety_Leak_Latched := L_Persist_Struct.Safety_Leak_Latched;
./repo_logs/assistant_bridge/2026_04_16/step_10_define_persist_struct_contract/define_persist_struct_contract.log:28:GVL_PERSISTENT.gvl:7:    P_Safety_Gas_Latched : BOOL;
./repo_logs/assistant_bridge/2026_04_16/step_10_define_persist_struct_contract/define_persist_struct_contract.log:29:GVL_PERSISTENT.gvl:8:    P_Safety_Smoke_Latched : BOOL;
./repo_logs/assistant_bridge/2026_04_16/step_10_define_persist_struct_contract/define_persist_struct_contract.log:30:GVL_PERSISTENT.gvl:9:    P_Safety_Leak_Latched : BOOL;
./repo_logs/assistant_bridge/2026_04_16/step_10_define_persist_struct_contract/define_persist_struct_contract.log:32:PRG_System.st:112:        GVL_STATE.G_Safety_Gas_Latched := GVL_PERSISTENT.P_Safety_Gas_Latched;
./repo_logs/assistant_bridge/2026_04_16/step_10_define_persist_struct_contract/define_persist_struct_contract.log:33:PRG_System.st:113:        GVL_STATE.G_Safety_Smoke_Latched := GVL_PERSISTENT.P_Safety_Smoke_Latched;
./repo_logs/assistant_bridge/2026_04_16/step_10_define_persist_struct_contract/define_persist_struct_contract.log:34:PRG_System.st:114:        GVL_STATE.G_Safety_Leak_Latched := GVL_PERSISTENT.P_Safety_Leak_Latched;
./repo_logs/assistant_bridge/2026_04_16/step_10_define_persist_struct_contract/define_persist_struct_contract.log:36:PRG_System.st:674:IF GVL_PERSISTENT.P_Safety_Gas_Latched THEN
./repo_logs/assistant_bridge/2026_04_16/step_10_define_persist_struct_contract/define_persist_struct_contract.log:37:PRG_System.st:679:IF GVL_PERSISTENT.P_Safety_Smoke_Latched THEN
./repo_logs/assistant_bridge/2026_04_16/step_10_define_persist_struct_contract/define_persist_struct_contract.log:38:PRG_System.st:684:IF GVL_PERSISTENT.P_Safety_Leak_Latched THEN
./repo_logs/assistant_bridge/2026_04_16/step_10_define_persist_struct_contract/define_persist_struct_contract.log:41:PRG_System.st:991:GVL_PERSISTENT.P_Safety_Gas_Latched := GVL_STATE.G_Safety_Gas_Latched;
./repo_logs/assistant_bridge/2026_04_16/step_10_define_persist_struct_contract/define_persist_struct_contract.log:42:PRG_System.st:992:GVL_PERSISTENT.P_Safety_Smoke_Latched := GVL_STATE.G_Safety_Smoke_Latched;
./repo_logs/assistant_bridge/2026_04_16/step_10_define_persist_struct_contract/define_persist_struct_contract.log:43:PRG_System.st:993:GVL_PERSISTENT.P_Safety_Leak_Latched := GVL_STATE.G_Safety_Leak_Latched;
./repo_logs/assistant_bridge/2026_04_16/step_02_nvram_topology/nvram_topology.log:96:PRG_System.st:113:        GVL_STATE.G_Safety_Gas_Latched := GVL_PERSISTENT.P_Safety_Gas_Latched;
./repo_logs/assistant_bridge/2026_04_16/step_02_nvram_topology/nvram_topology.log:97:PRG_System.st:114:        GVL_STATE.G_Safety_Smoke_Latched := GVL_PERSISTENT.P_Safety_Smoke_Latched;
./repo_logs/assistant_bridge/2026_04_16/step_02_nvram_topology/nvram_topology.log:98:PRG_System.st:115:        GVL_STATE.G_Safety_Leak_Latched := GVL_PERSISTENT.P_Safety_Leak_Latched;
./repo_logs/assistant_bridge/2026_04_16/step_02_nvram_topology/nvram_topology.log:110:PRG_System.st:675:IF GVL_PERSISTENT.P_Safety_Gas_Latched THEN
./repo_logs/assistant_bridge/2026_04_16/step_02_nvram_topology/nvram_topology.log:111:PRG_System.st:680:IF GVL_PERSISTENT.P_Safety_Smoke_Latched THEN
./repo_logs/assistant_bridge/2026_04_16/step_02_nvram_topology/nvram_topology.log:112:PRG_System.st:685:IF GVL_PERSISTENT.P_Safety_Leak_Latched THEN
./repo_logs/assistant_bridge/2026_04_16/step_02_nvram_topology/nvram_topology.log:144:PRG_System.st:997:GVL_PERSISTENT.P_Safety_Gas_Latched := GVL_STATE.G_Safety_Gas_Latched;
./repo_logs/assistant_bridge/2026_04_16/step_02_nvram_topology/nvram_topology.log:145:PRG_System.st:998:GVL_PERSISTENT.P_Safety_Smoke_Latched := GVL_STATE.G_Safety_Smoke_Latched;
./repo_logs/assistant_bridge/2026_04_16/step_02_nvram_topology/nvram_topology.log:146:PRG_System.st:999:GVL_PERSISTENT.P_Safety_Leak_Latched := GVL_STATE.G_Safety_Leak_Latched;
./repo_logs/assistant_bridge/2026_04_16/step_02_nvram_topology/nvram_topology.log:161:    P_Safety_Gas_Latched : BOOL;
./repo_logs/assistant_bridge/2026_04_16/step_02_nvram_topology/nvram_topology.log:162:    P_Safety_Smoke_Latched : BOOL;
./repo_logs/assistant_bridge/2026_04_16/step_02_nvram_topology/nvram_topology.log:163:    P_Safety_Leak_Latched : BOOL;
./repo_logs/assistant_bridge/2026_04_16/step_02_nvram_topology/nvram_topology.log:604:        GVL_STATE.G_Safety_Gas_Latched := GVL_PERSISTENT.P_Safety_Gas_Latched;
./repo_logs/assistant_bridge/2026_04_16/step_02_nvram_topology/nvram_topology.log:605:        GVL_STATE.G_Safety_Smoke_Latched := GVL_PERSISTENT.P_Safety_Smoke_Latched;
./repo_logs/assistant_bridge/2026_04_16/step_02_nvram_topology/nvram_topology.log:606:        GVL_STATE.G_Safety_Leak_Latched := GVL_PERSISTENT.P_Safety_Leak_Latched;
./repo_logs/assistant_bridge/2026_04_16/step_03_nvram_write_flow/nvram_write_flow.log:101:IF GVL_PERSISTENT.P_Safety_Gas_Latched THEN
./repo_logs/assistant_bridge/2026_04_16/step_03_nvram_write_flow/nvram_write_flow.log:106:IF GVL_PERSISTENT.P_Safety_Smoke_Latched THEN
./repo_logs/assistant_bridge/2026_04_16/step_03_nvram_write_flow/nvram_write_flow.log:111:IF GVL_PERSISTENT.P_Safety_Leak_Latched THEN
./repo_logs/assistant_bridge/2026_04_16/step_03_nvram_write_flow/nvram_write_flow.log:256:GVL_PERSISTENT.P_Safety_Gas_Latched := GVL_STATE.G_Safety_Gas_Latched;
./repo_logs/assistant_bridge/2026_04_16/step_03_nvram_write_flow/nvram_write_flow.log:257:GVL_PERSISTENT.P_Safety_Smoke_Latched := GVL_STATE.G_Safety_Smoke_Latched;
./repo_logs/assistant_bridge/2026_04_16/step_03_nvram_write_flow/nvram_write_flow.log:258:GVL_PERSISTENT.P_Safety_Leak_Latched := GVL_STATE.G_Safety_Leak_Latched;
./repo_logs/assistant_bridge/2026_04_16/step_13_pack_nvram_buffer_from_struct_adapter/pack_nvram_buffer_from_struct_adapter.log:20:IF GVL_PERSISTENT.P_Safety_Gas_Latched THEN
./repo_logs/assistant_bridge/2026_04_16/step_13_pack_nvram_buffer_from_struct_adapter/pack_nvram_buffer_from_struct_adapter.log:25:IF GVL_PERSISTENT.P_Safety_Smoke_Latched THEN
./repo_logs/assistant_bridge/2026_04_16/step_13_pack_nvram_buffer_from_struct_adapter/pack_nvram_buffer_from_struct_adapter.log:30:IF GVL_PERSISTENT.P_Safety_Leak_Latched THEN
./repo_logs/assistant_bridge/2026_04_16/step_13_pack_nvram_buffer_from_struct_adapter/pack_nvram_buffer_from_struct_adapter.log:135:1002:GVL_PERSISTENT.P_Safety_Gas_Latched := L_Persist_Struct.Safety_Gas_Latched;
./repo_logs/assistant_bridge/2026_04_16/step_13_pack_nvram_buffer_from_struct_adapter/pack_nvram_buffer_from_struct_adapter.log:136:1003:GVL_PERSISTENT.P_Safety_Smoke_Latched := L_Persist_Struct.Safety_Smoke_Latched;
./repo_logs/assistant_bridge/2026_04_16/step_13_pack_nvram_buffer_from_struct_adapter/pack_nvram_buffer_from_struct_adapter.log:137:1004:GVL_PERSISTENT.P_Safety_Leak_Latched := L_Persist_Struct.Safety_Leak_Latched;
./repo_logs/assistant_bridge/2026_04_16/step_13_pack_nvram_buffer_from_struct_adapter/pack_nvram_buffer_from_struct_adapter.log:150:-IF GVL_PERSISTENT.P_Safety_Gas_Latched THEN
./repo_logs/assistant_bridge/2026_04_16/step_13_pack_nvram_buffer_from_struct_adapter/pack_nvram_buffer_from_struct_adapter.log:157:-IF GVL_PERSISTENT.P_Safety_Smoke_Latched THEN
./repo_logs/assistant_bridge/2026_04_16/step_13_pack_nvram_buffer_from_struct_adapter/pack_nvram_buffer_from_struct_adapter.log:163:-IF GVL_PERSISTENT.P_Safety_Leak_Latched THEN
./repo_logs/assistant_bridge/2026_04_16/step_23_prg_system_runtime_hardening_state/prg_system_runtime_hardening_state.log:183:GVL_PERSISTENT.P_Safety_Gas_Latched := L_Persist_Struct.Safety_Gas_Latched;
./repo_logs/assistant_bridge/2026_04_16/step_23_prg_system_runtime_hardening_state/prg_system_runtime_hardening_state.log:184:GVL_PERSISTENT.P_Safety_Smoke_Latched := L_Persist_Struct.Safety_Smoke_Latched;
./repo_logs/assistant_bridge/2026_04_16/step_23_prg_system_runtime_hardening_state/prg_system_runtime_hardening_state.log:185:GVL_PERSISTENT.P_Safety_Leak_Latched := L_Persist_Struct.Safety_Leak_Latched;
./repo_logs/assistant_bridge/2026_04_16/step_26_prg_system_event_and_control_final_state/prg_system_event_and_control_final_state.log:239:GVL_PERSISTENT.P_Safety_Gas_Latched := L_Persist_Struct.Safety_Gas_Latched;
./repo_logs/assistant_bridge/2026_04_16/step_26_prg_system_event_and_control_final_state/prg_system_event_and_control_final_state.log:240:GVL_PERSISTENT.P_Safety_Smoke_Latched := L_Persist_Struct.Safety_Smoke_Latched;
./repo_logs/assistant_bridge/2026_04_16/step_26_prg_system_event_and_control_final_state/prg_system_event_and_control_final_state.log:241:GVL_PERSISTENT.P_Safety_Leak_Latched := L_Persist_Struct.Safety_Leak_Latched;
./repo_logs/assistant_bridge/2026_04_16/step_12_add_persist_struct_adapter_fixed/add_persist_struct_adapter_fixed.log:19:1002:GVL_PERSISTENT.P_Safety_Gas_Latched := L_Persist_Struct.Safety_Gas_Latched;
./repo_logs/assistant_bridge/2026_04_16/step_12_add_persist_struct_adapter_fixed/add_persist_struct_adapter_fixed.log:20:1003:GVL_PERSISTENT.P_Safety_Smoke_Latched := L_Persist_Struct.Safety_Smoke_Latched;
./repo_logs/assistant_bridge/2026_04_16/step_12_add_persist_struct_adapter_fixed/add_persist_struct_adapter_fixed.log:21:1004:GVL_PERSISTENT.P_Safety_Leak_Latched := L_Persist_Struct.Safety_Leak_Latched;
./repo_logs/assistant_bridge/2026_04_16/step_12_add_persist_struct_adapter_fixed/add_persist_struct_adapter_fixed.log:83:GVL_PERSISTENT.P_Safety_Gas_Latched := L_Persist_Struct.Safety_Gas_Latched;
./repo_logs/assistant_bridge/2026_04_16/step_12_add_persist_struct_adapter_fixed/add_persist_struct_adapter_fixed.log:84:GVL_PERSISTENT.P_Safety_Smoke_Latched := L_Persist_Struct.Safety_Smoke_Latched;
./repo_logs/assistant_bridge/2026_04_16/step_12_add_persist_struct_adapter_fixed/add_persist_struct_adapter_fixed.log:85:GVL_PERSISTENT.P_Safety_Leak_Latched := L_Persist_Struct.Safety_Leak_Latched;
./repo_logs/assistant_bridge/2026_04_16/step_12_add_persist_struct_adapter_fixed/add_persist_struct_adapter_fixed.log:120:-GVL_PERSISTENT.P_Safety_Gas_Latched := GVL_STATE.G_Safety_Gas_Latched;
./repo_logs/assistant_bridge/2026_04_16/step_12_add_persist_struct_adapter_fixed/add_persist_struct_adapter_fixed.log:121:-GVL_PERSISTENT.P_Safety_Smoke_Latched := GVL_STATE.G_Safety_Smoke_Latched;
./repo_logs/assistant_bridge/2026_04_16/step_12_add_persist_struct_adapter_fixed/add_persist_struct_adapter_fixed.log:122:-GVL_PERSISTENT.P_Safety_Leak_Latched := GVL_STATE.G_Safety_Leak_Latched;
./repo_logs/assistant_bridge/2026_04_16/step_12_add_persist_struct_adapter_fixed/add_persist_struct_adapter_fixed.log:135:+GVL_PERSISTENT.P_Safety_Gas_Latched := L_Persist_Struct.Safety_Gas_Latched;
./repo_logs/assistant_bridge/2026_04_16/step_12_add_persist_struct_adapter_fixed/add_persist_struct_adapter_fixed.log:136:+GVL_PERSISTENT.P_Safety_Smoke_Latched := L_Persist_Struct.Safety_Smoke_Latched;
./repo_logs/assistant_bridge/2026_04_16/step_12_add_persist_struct_adapter_fixed/add_persist_struct_adapter_fixed.log:137:+GVL_PERSISTENT.P_Safety_Leak_Latched := L_Persist_Struct.Safety_Leak_Latched;
./repo_logs/assistant_bridge/2026_04_16/step_24_event_antiflood_audit/event_antiflood_audit.log:463:GVL_PERSISTENT.P_Safety_Gas_Latched := L_Persist_Struct.Safety_Gas_Latched;
./repo_logs/assistant_bridge/2026_04_16/step_24_event_antiflood_audit/event_antiflood_audit.log:464:GVL_PERSISTENT.P_Safety_Smoke_Latched := L_Persist_Struct.Safety_Smoke_Latched;
./repo_logs/assistant_bridge/2026_04_16/step_24_event_antiflood_audit/event_antiflood_audit.log:465:GVL_PERSISTENT.P_Safety_Leak_Latched := L_Persist_Struct.Safety_Leak_Latched;
./repo_logs/assistant_bridge/2026_04_16/step_35_prg_system_block_closed/prg_system_block_closed.log:51:1047:GVL_PERSISTENT.P_Safety_Gas_Latched := L_Persist_Struct.Safety_Gas_Latched;
./repo_logs/assistant_bridge/2026_04_16/step_35_prg_system_block_closed/prg_system_block_closed.log:52:1048:GVL_PERSISTENT.P_Safety_Smoke_Latched := L_Persist_Struct.Safety_Smoke_Latched;
./repo_logs/assistant_bridge/2026_04_16/step_35_prg_system_block_closed/prg_system_block_closed.log:53:1049:GVL_PERSISTENT.P_Safety_Leak_Latched := L_Persist_Struct.Safety_Leak_Latched;
./repo_logs/assistant_bridge/2026_04_16/step_31_system_health_watchdog_audit/system_health_watchdog_audit.log:231:GVL_PERSISTENT.P_Safety_Gas_Latched := L_Persist_Struct.Safety_Gas_Latched;
./repo_logs/assistant_bridge/2026_04_16/step_31_system_health_watchdog_audit/system_health_watchdog_audit.log:232:GVL_PERSISTENT.P_Safety_Smoke_Latched := L_Persist_Struct.Safety_Smoke_Latched;
./repo_logs/assistant_bridge/2026_04_16/step_31_system_health_watchdog_audit/system_health_watchdog_audit.log:233:GVL_PERSISTENT.P_Safety_Leak_Latched := L_Persist_Struct.Safety_Leak_Latched;
./repo_logs/assistant_bridge/2026_04_16/step_09_nvram_current_contract/nvram_current_contract.log:14:PRG_System.st:112:        GVL_STATE.G_Safety_Gas_Latched := GVL_PERSISTENT.P_Safety_Gas_Latched;
./repo_logs/assistant_bridge/2026_04_16/step_09_nvram_current_contract/nvram_current_contract.log:15:PRG_System.st:113:        GVL_STATE.G_Safety_Smoke_Latched := GVL_PERSISTENT.P_Safety_Smoke_Latched;
./repo_logs/assistant_bridge/2026_04_16/step_09_nvram_current_contract/nvram_current_contract.log:16:PRG_System.st:114:        GVL_STATE.G_Safety_Leak_Latched := GVL_PERSISTENT.P_Safety_Leak_Latched;
./repo_logs/assistant_bridge/2026_04_16/step_09_nvram_current_contract/nvram_current_contract.log:19:PRG_System.st:674:IF GVL_PERSISTENT.P_Safety_Gas_Latched THEN
./repo_logs/assistant_bridge/2026_04_16/step_09_nvram_current_contract/nvram_current_contract.log:20:PRG_System.st:679:IF GVL_PERSISTENT.P_Safety_Smoke_Latched THEN
./repo_logs/assistant_bridge/2026_04_16/step_09_nvram_current_contract/nvram_current_contract.log:21:PRG_System.st:684:IF GVL_PERSISTENT.P_Safety_Leak_Latched THEN
./repo_logs/assistant_bridge/2026_04_16/step_09_nvram_current_contract/nvram_current_contract.log:24:PRG_System.st:991:GVL_PERSISTENT.P_Safety_Gas_Latched := GVL_STATE.G_Safety_Gas_Latched;
./repo_logs/assistant_bridge/2026_04_16/step_09_nvram_current_contract/nvram_current_contract.log:25:PRG_System.st:992:GVL_PERSISTENT.P_Safety_Smoke_Latched := GVL_STATE.G_Safety_Smoke_Latched;
./repo_logs/assistant_bridge/2026_04_16/step_09_nvram_current_contract/nvram_current_contract.log:26:PRG_System.st:993:GVL_PERSISTENT.P_Safety_Leak_Latched := GVL_STATE.G_Safety_Leak_Latched;
./repo_logs/assistant_bridge/2026_04_16/step_09_nvram_current_contract/nvram_current_contract.log:30:GVL_PERSISTENT.gvl:7:    P_Safety_Gas_Latched : BOOL;
./repo_logs/assistant_bridge/2026_04_16/step_09_nvram_current_contract/nvram_current_contract.log:31:GVL_PERSISTENT.gvl:8:    P_Safety_Smoke_Latched : BOOL;
./repo_logs/assistant_bridge/2026_04_16/step_09_nvram_current_contract/nvram_current_contract.log:32:GVL_PERSISTENT.gvl:9:    P_Safety_Leak_Latched : BOOL;
./repo_logs/assistant_bridge/2026_04_16/step_09_nvram_current_contract/nvram_current_contract.log:99:        GVL_STATE.G_Safety_Gas_Latched := GVL_PERSISTENT.P_Safety_Gas_Latched;
./repo_logs/assistant_bridge/2026_04_16/step_09_nvram_current_contract/nvram_current_contract.log:100:        GVL_STATE.G_Safety_Smoke_Latched := GVL_PERSISTENT.P_Safety_Smoke_Latched;
./repo_logs/assistant_bridge/2026_04_16/step_09_nvram_current_contract/nvram_current_contract.log:101:        GVL_STATE.G_Safety_Leak_Latched := GVL_PERSISTENT.P_Safety_Leak_Latched;
./repo_logs/assistant_bridge/2026_04_16/step_09_nvram_current_contract/nvram_current_contract.log:161:GVL_PERSISTENT.P_Safety_Smoke_Latched := GVL_STATE.G_Safety_Smoke_Latched;
./repo_logs/assistant_bridge/2026_04_16/step_09_nvram_current_contract/nvram_current_contract.log:162:GVL_PERSISTENT.P_Safety_Leak_Latched := GVL_STATE.G_Safety_Leak_Latched;
./repo_logs/assistant_bridge/2026_04_18/step_174_diag_floor_temp_usages/diag_floor_temp_usages.log:8:136:        GVL_STATE.G_Safety_Gas_Latched := GVL_PERSISTENT.P_Safety_Gas_Latched;
./repo_logs/assistant_bridge/2026_04_18/step_174_diag_floor_temp_usages/diag_floor_temp_usages.log:9:137:        GVL_STATE.G_Safety_Smoke_Latched := GVL_PERSISTENT.P_Safety_Smoke_Latched;
./repo_logs/assistant_bridge/2026_04_18/step_174_diag_floor_temp_usages/diag_floor_temp_usages.log:10:138:        GVL_STATE.G_Safety_Leak_Latched := GVL_PERSISTENT.P_Safety_Leak_Latched;
./GVL_PERSISTENT.gvl:7:    P_Safety_Gas_Latched : BOOL;
./GVL_PERSISTENT.gvl:8:    P_Safety_Smoke_Latched : BOOL;
./GVL_PERSISTENT.gvl:9:    P_Safety_Leak_Latched : BOOL;
./snapshots/project_clean_state_2026_04_16/компилятор/out/RESULT_methods_clean.xml:19103:        GVL_STATE.G_Safety_Gas_Latched := GVL_PERSISTENT.P_Safety_Gas_Latched;
./snapshots/project_clean_state_2026_04_16/компилятор/out/RESULT_methods_clean.xml:19104:        GVL_STATE.G_Safety_Smoke_Latched := GVL_PERSISTENT.P_Safety_Smoke_Latched;
./snapshots/project_clean_state_2026_04_16/компилятор/out/RESULT_methods_clean.xml:19105:        GVL_STATE.G_Safety_Leak_Latched := GVL_PERSISTENT.P_Safety_Leak_Latched;
./snapshots/project_clean_state_2026_04_16/компилятор/out/RESULT_methods_clean.xml:19665:IF GVL_PERSISTENT.P_Safety_Gas_Latched THEN
./snapshots/project_clean_state_2026_04_16/компилятор/out/RESULT_methods_clean.xml:19670:IF GVL_PERSISTENT.P_Safety_Smoke_Latched THEN
./snapshots/project_clean_state_2026_04_16/компилятор/out/RESULT_methods_clean.xml:19675:IF GVL_PERSISTENT.P_Safety_Leak_Latched THEN
./snapshots/project_clean_state_2026_04_16/компилятор/out/RESULT_methods_clean.xml:19987:GVL_PERSISTENT.P_Safety_Gas_Latched := GVL_STATE.G_Safety_Gas_Latched;
./snapshots/project_clean_state_2026_04_16/компилятор/out/RESULT_methods_clean.xml:19988:GVL_PERSISTENT.P_Safety_Smoke_Latched := GVL_STATE.G_Safety_Smoke_Latched;
./snapshots/project_clean_state_2026_04_16/компилятор/out/RESULT_methods_clean.xml:19989:GVL_PERSISTENT.P_Safety_Leak_Latched := GVL_STATE.G_Safety_Leak_Latched;
./snapshots/project_clean_state_2026_04_16/компилятор/out/RESULT_methods_clean.xml:20086:<data name="http://www.3s-software.com/plcopenxml/globalvars" handleUnknown="implementation"><globalVars name="GVL_PERSISTENT" retain="true"><variable name="P_System_Mode"><type><derived name="E_System_Operating_Mode" /></type></variable><variable name="P_Safety_Gas_Latched"><type><BOOL /></type></variable><variable name="P_Safety_Smoke_Latched"><type><BOOL /></type></variable><variable name="P_Safety_Leak_Latched"><type><BOOL /></type></variable><variable name="P_DHW_Heating_Active"><type><BOOL /></type></variable><variable name="P_Valid"><type><BOOL /></type></variable><addData><data name="http://www.3s-software.com/plcopenxml/objectid" handleUnknown="discard"><ObjectId>a01760fc-f32a-4644-87c3-ab326656d6f4</ObjectId></data></addData></globalVars></data>
./snapshots/project_clean_state_2026_04_16/repo_logs/nvram/nvram_REAL_latest.log:11:    P_Safety_Gas_Latched : BOOL;
./snapshots/project_clean_state_2026_04_16/repo_logs/nvram/nvram_REAL_latest.log:12:    P_Safety_Smoke_Latched : BOOL;
./snapshots/project_clean_state_2026_04_16/repo_logs/nvram/nvram_REAL_latest.log:13:    P_Safety_Leak_Latched : BOOL;
./snapshots/project_clean_state_2026_04_16/repo_logs/nvram/nvram_REAL_latest.log:181:113:        GVL_STATE.G_Safety_Gas_Latched := GVL_PERSISTENT.P_Safety_Gas_Latched;
./snapshots/project_clean_state_2026_04_16/repo_logs/nvram/nvram_REAL_latest.log:182:114:        GVL_STATE.G_Safety_Smoke_Latched := GVL_PERSISTENT.P_Safety_Smoke_Latched;
./snapshots/project_clean_state_2026_04_16/repo_logs/nvram/nvram_REAL_latest.log:183:115:        GVL_STATE.G_Safety_Leak_Latched := GVL_PERSISTENT.P_Safety_Leak_Latched;
./snapshots/project_clean_state_2026_04_16/repo_logs/nvram/nvram_REAL_latest.log:188:675:IF GVL_PERSISTENT.P_Safety_Gas_Latched THEN
./snapshots/project_clean_state_2026_04_16/repo_logs/nvram/nvram_REAL_latest.log:189:680:IF GVL_PERSISTENT.P_Safety_Smoke_Latched THEN
./snapshots/project_clean_state_2026_04_16/repo_logs/nvram/nvram_REAL_latest.log:190:685:IF GVL_PERSISTENT.P_Safety_Leak_Latched THEN
./snapshots/project_clean_state_2026_04_16/repo_logs/nvram/nvram_REAL_latest.log:206:997:GVL_PERSISTENT.P_Safety_Gas_Latched := GVL_STATE.G_Safety_Gas_Latched;
./snapshots/project_clean_state_2026_04_16/repo_logs/nvram/nvram_REAL_latest.log:207:998:GVL_PERSISTENT.P_Safety_Smoke_Latched := GVL_STATE.G_Safety_Smoke_Latched;
./snapshots/project_clean_state_2026_04_16/repo_logs/nvram/nvram_REAL_latest.log:208:999:GVL_PERSISTENT.P_Safety_Leak_Latched := GVL_STATE.G_Safety_Leak_Latched;
./snapshots/project_clean_state_2026_04_16/GVL_PERSISTENT.gvl:7:    P_Safety_Gas_Latched : BOOL;
./snapshots/project_clean_state_2026_04_16/GVL_PERSISTENT.gvl:8:    P_Safety_Smoke_Latched : BOOL;
./snapshots/project_clean_state_2026_04_16/GVL_PERSISTENT.gvl:9:    P_Safety_Leak_Latched : BOOL;
./snapshots/project_clean_state_2026_04_16/docs/assistant_bridge/nvram_REAL_latest.log:11:    P_Safety_Gas_Latched : BOOL;
./snapshots/project_clean_state_2026_04_16/docs/assistant_bridge/nvram_REAL_latest.log:12:    P_Safety_Smoke_Latched : BOOL;
./snapshots/project_clean_state_2026_04_16/docs/assistant_bridge/nvram_REAL_latest.log:13:    P_Safety_Leak_Latched : BOOL;
./snapshots/project_clean_state_2026_04_16/docs/assistant_bridge/nvram_REAL_latest.log:181:113:        GVL_STATE.G_Safety_Gas_Latched := GVL_PERSISTENT.P_Safety_Gas_Latched;
./snapshots/project_clean_state_2026_04_16/docs/assistant_bridge/nvram_REAL_latest.log:182:114:        GVL_STATE.G_Safety_Smoke_Latched := GVL_PERSISTENT.P_Safety_Smoke_Latched;
./snapshots/project_clean_state_2026_04_16/docs/assistant_bridge/nvram_REAL_latest.log:183:115:        GVL_STATE.G_Safety_Leak_Latched := GVL_PERSISTENT.P_Safety_Leak_Latched;
./snapshots/project_clean_state_2026_04_16/docs/assistant_bridge/nvram_REAL_latest.log:188:675:IF GVL_PERSISTENT.P_Safety_Gas_Latched THEN
./snapshots/project_clean_state_2026_04_16/docs/assistant_bridge/nvram_REAL_latest.log:189:680:IF GVL_PERSISTENT.P_Safety_Smoke_Latched THEN
./snapshots/project_clean_state_2026_04_16/docs/assistant_bridge/nvram_REAL_latest.log:190:685:IF GVL_PERSISTENT.P_Safety_Leak_Latched THEN
./snapshots/project_clean_state_2026_04_16/docs/assistant_bridge/nvram_REAL_latest.log:206:997:GVL_PERSISTENT.P_Safety_Gas_Latched := GVL_STATE.G_Safety_Gas_Latched;
./snapshots/project_clean_state_2026_04_16/docs/assistant_bridge/nvram_REAL_latest.log:207:998:GVL_PERSISTENT.P_Safety_Smoke_Latched := GVL_STATE.G_Safety_Smoke_Latched;
./snapshots/project_clean_state_2026_04_16/docs/assistant_bridge/nvram_REAL_latest.log:208:999:GVL_PERSISTENT.P_Safety_Leak_Latched := GVL_STATE.G_Safety_Leak_Latched;
./snapshots/project_clean_state_2026_04_16/PRG_System.st:113:        GVL_STATE.G_Safety_Gas_Latched := GVL_PERSISTENT.P_Safety_Gas_Latched;
./snapshots/project_clean_state_2026_04_16/PRG_System.st:114:        GVL_STATE.G_Safety_Smoke_Latched := GVL_PERSISTENT.P_Safety_Smoke_Latched;
./snapshots/project_clean_state_2026_04_16/PRG_System.st:115:        GVL_STATE.G_Safety_Leak_Latched := GVL_PERSISTENT.P_Safety_Leak_Latched;
./snapshots/project_clean_state_2026_04_16/PRG_System.st:675:IF GVL_PERSISTENT.P_Safety_Gas_Latched THEN
./snapshots/project_clean_state_2026_04_16/PRG_System.st:680:IF GVL_PERSISTENT.P_Safety_Smoke_Latched THEN
./snapshots/project_clean_state_2026_04_16/PRG_System.st:685:IF GVL_PERSISTENT.P_Safety_Leak_Latched THEN
./snapshots/project_clean_state_2026_04_16/PRG_System.st:997:GVL_PERSISTENT.P_Safety_Gas_Latched := GVL_STATE.G_Safety_Gas_Latched;
./snapshots/project_clean_state_2026_04_16/PRG_System.st:998:GVL_PERSISTENT.P_Safety_Smoke_Latched := GVL_STATE.G_Safety_Smoke_Latched;
./snapshots/project_clean_state_2026_04_16/PRG_System.st:999:GVL_PERSISTENT.P_Safety_Leak_Latched := GVL_STATE.G_Safety_Leak_Latched;
./snapshots/clean_build_2026_04_16/компилятор/out/RESULT_methods_clean.xml:19103:        GVL_STATE.G_Safety_Gas_Latched := GVL_PERSISTENT.P_Safety_Gas_Latched;
./snapshots/clean_build_2026_04_16/компилятор/out/RESULT_methods_clean.xml:19104:        GVL_STATE.G_Safety_Smoke_Latched := GVL_PERSISTENT.P_Safety_Smoke_Latched;
./snapshots/clean_build_2026_04_16/компилятор/out/RESULT_methods_clean.xml:19105:        GVL_STATE.G_Safety_Leak_Latched := GVL_PERSISTENT.P_Safety_Leak_Latched;
./snapshots/clean_build_2026_04_16/компилятор/out/RESULT_methods_clean.xml:19665:IF GVL_PERSISTENT.P_Safety_Gas_Latched THEN
./snapshots/clean_build_2026_04_16/компилятор/out/RESULT_methods_clean.xml:19670:IF GVL_PERSISTENT.P_Safety_Smoke_Latched THEN
./snapshots/clean_build_2026_04_16/компилятор/out/RESULT_methods_clean.xml:19675:IF GVL_PERSISTENT.P_Safety_Leak_Latched THEN
./snapshots/clean_build_2026_04_16/компилятор/out/RESULT_methods_clean.xml:19987:GVL_PERSISTENT.P_Safety_Gas_Latched := GVL_STATE.G_Safety_Gas_Latched;
./snapshots/clean_build_2026_04_16/компилятор/out/RESULT_methods_clean.xml:19988:GVL_PERSISTENT.P_Safety_Smoke_Latched := GVL_STATE.G_Safety_Smoke_Latched;
./snapshots/clean_build_2026_04_16/компилятор/out/RESULT_methods_clean.xml:19989:GVL_PERSISTENT.P_Safety_Leak_Latched := GVL_STATE.G_Safety_Leak_Latched;
./snapshots/clean_build_2026_04_16/компилятор/out/RESULT_methods_clean.xml:20086:<data name="http://www.3s-software.com/plcopenxml/globalvars" handleUnknown="implementation"><globalVars name="GVL_PERSISTENT" retain="true"><variable name="P_System_Mode"><type><derived name="E_System_Operating_Mode" /></type></variable><variable name="P_Safety_Gas_Latched"><type><BOOL /></type></variable><variable name="P_Safety_Smoke_Latched"><type><BOOL /></type></variable><variable name="P_Safety_Leak_Latched"><type><BOOL /></type></variable><variable name="P_DHW_Heating_Active"><type><BOOL /></type></variable><variable name="P_Valid"><type><BOOL /></type></variable><addData><data name="http://www.3s-software.com/plcopenxml/objectid" handleUnknown="discard"><ObjectId>a01760fc-f32a-4644-87c3-ab326656d6f4</ObjectId></data></addData></globalVars></data>
./docs/assistant_bridge/nvram_REAL_latest.log:11:    P_Safety_Gas_Latched : BOOL;
./docs/assistant_bridge/nvram_REAL_latest.log:12:    P_Safety_Smoke_Latched : BOOL;
./docs/assistant_bridge/nvram_REAL_latest.log:13:    P_Safety_Leak_Latched : BOOL;
./docs/assistant_bridge/nvram_REAL_latest.log:181:113:        GVL_STATE.G_Safety_Gas_Latched := GVL_PERSISTENT.P_Safety_Gas_Latched;
./docs/assistant_bridge/nvram_REAL_latest.log:182:114:        GVL_STATE.G_Safety_Smoke_Latched := GVL_PERSISTENT.P_Safety_Smoke_Latched;
./docs/assistant_bridge/nvram_REAL_latest.log:183:115:        GVL_STATE.G_Safety_Leak_Latched := GVL_PERSISTENT.P_Safety_Leak_Latched;
./docs/assistant_bridge/nvram_REAL_latest.log:188:675:IF GVL_PERSISTENT.P_Safety_Gas_Latched THEN
./docs/assistant_bridge/nvram_REAL_latest.log:189:680:IF GVL_PERSISTENT.P_Safety_Smoke_Latched THEN
./docs/assistant_bridge/nvram_REAL_latest.log:190:685:IF GVL_PERSISTENT.P_Safety_Leak_Latched THEN
./docs/assistant_bridge/nvram_REAL_latest.log:206:997:GVL_PERSISTENT.P_Safety_Gas_Latched := GVL_STATE.G_Safety_Gas_Latched;
./docs/assistant_bridge/nvram_REAL_latest.log:207:998:GVL_PERSISTENT.P_Safety_Smoke_Latched := GVL_STATE.G_Safety_Smoke_Latched;
./docs/assistant_bridge/nvram_REAL_latest.log:208:999:GVL_PERSISTENT.P_Safety_Leak_Latched := GVL_STATE.G_Safety_Leak_Latched;
./PRG_System.st:207:        GVL_STATE.G_Safety_Gas_Latched := GVL_PERSISTENT.P_Safety_Gas_Latched;
./PRG_System.st:208:        GVL_STATE.G_Safety_Smoke_Latched := GVL_PERSISTENT.P_Safety_Smoke_Latched;
./PRG_System.st:209:        GVL_STATE.G_Safety_Leak_Latched := GVL_PERSISTENT.P_Safety_Leak_Latched;
./PRG_System.st:1149:GVL_PERSISTENT.P_Safety_Gas_Latched := L_Persist_Struct.Safety_Gas_Latched;
./PRG_System.st:1150:GVL_PERSISTENT.P_Safety_Smoke_Latched := L_Persist_Struct.Safety_Smoke_Latched;
./PRG_System.st:1151:GVL_PERSISTENT.P_Safety_Leak_Latched := L_Persist_Struct.Safety_Leak_Latched;
./PRG_System.st.bak_step240:169:        GVL_STATE.G_System_Mode := GVL_PERSISTENT.P_System_Mode;
./PRG_System.st.bak_step240:1106:GVL_PERSISTENT.P_System_Mode := L_Persist_Struct.System_Mode;
./steps/2026-04-16_add_persist_struct_adapter_fixed/01_add_persist_struct_adapter_fixed.py:15:GVL_PERSISTENT.P_System_Mode := GVL_STATE.G_System_Mode;
./steps/2026-04-16_add_persist_struct_adapter_fixed/01_add_persist_struct_adapter_fixed.py:37:GVL_PERSISTENT.P_System_Mode := L_Persist_Struct.System_Mode;
./steps/2026-04-16_add_persist_struct_adapter/01_add_persist_struct_adapter.py:15:GVL_PERSISTENT.P_System_Mode := GVL_STATE.G_System_Mode;
./steps/2026-04-16_add_persist_struct_adapter/01_add_persist_struct_adapter.py:36:GVL_PERSISTENT.P_System_Mode := L_Persist_Struct.System_Mode;
./diagnostics/2026_04_16/step_14_nvram_audit.log:210:    P_System_Mode : E_System_Operating_Mode;
./компилятор/out/RESULT_methods_clean.xml:18363:        GVL_STATE.G_System_Mode := GVL_PERSISTENT.P_System_Mode;
./компилятор/out/RESULT_methods_clean.xml:19300:GVL_PERSISTENT.P_System_Mode := L_Persist_Struct.System_Mode;
./компилятор/out/RESULT_methods_clean.xml:20831:<data name="http://www.3s-software.com/plcopenxml/globalvars" handleUnknown="implementation"><globalVars name="GVL_PERSISTENT" retain="true"><variable name="P_System_Mode"><type><derived name="E_System_Operating_Mode" /></type></variable><variable name="P_Safety_Gas_Latched"><type><BOOL /></type></variable><variable name="P_Safety_Smoke_Latched"><type><BOOL /></type></variable><variable name="P_Safety_Leak_Latched"><type><BOOL /></type></variable><variable name="P_DHW_Heating_Active"><type><BOOL /></type></variable><variable name="P_Valid"><type><BOOL /></type></variable><addData><data name="http://www.3s-software.com/plcopenxml/objectid" handleUnknown="discard"><ObjectId>7b214a17-f321-40a2-914e-01bb84cca44e</ObjectId></data></addData></globalVars></data>
./repo_logs/nvram/nvram_REAL_latest.log:8:    P_System_Mode : E_System_Operating_Mode;
./repo_logs/nvram/nvram_REAL_latest.log:184:116:        GVL_STATE.G_System_Mode := GVL_PERSISTENT.P_System_Mode;
./repo_logs/nvram/nvram_REAL_latest.log:205:995:GVL_PERSISTENT.P_System_Mode := GVL_STATE.G_System_Mode;
./repo_logs/nvram/2026_04_16/step_19_persist_write_precheck.log:119:        GVL_STATE.G_System_Mode := GVL_PERSISTENT.P_System_Mode;
./repo_logs/nvram/2026_04_16/step_19_persist_write_precheck.log:224:    P_System_Mode : E_System_Operating_Mode;
./repo_logs/nvram/2026_04_16/step_19_persist_write_precheck.log:245:./docs/assistant_bridge/nvram_REAL_latest.log:184:116:        GVL_STATE.G_System_Mode := GVL_PERSISTENT.P_System_Mode;
./repo_logs/nvram/2026_04_16/step_19_persist_write_precheck.log:250:./docs/assistant_bridge/nvram_REAL_latest.log:205:995:GVL_PERSISTENT.P_System_Mode := GVL_STATE.G_System_Mode;
./repo_logs/nvram/2026_04_16/step_19_persist_write_precheck.log:260:./PRG_System.st:116:        GVL_STATE.G_System_Mode := GVL_PERSISTENT.P_System_Mode;
./repo_logs/nvram/2026_04_16/step_19_persist_write_precheck.log:265:./PRG_System.st:995:GVL_PERSISTENT.P_System_Mode := GVL_STATE.G_System_Mode;
./repo_logs/nvram/2026_04_16/step_17_startup_entry.log:2414:        GVL_STATE.G_System_Mode := GVL_PERSISTENT.P_System_Mode;
./repo_logs/nvram/2026_04_16/step_16_nvram_runtime_flow.log:817:        GVL_STATE.G_System_Mode := GVL_PERSISTENT.P_System_Mode;
./repo_logs/assistant_bridge/2026_04_19/step_269b_snapshot_real_audit/snapshot_real_audit.log:10253:./repo_logs/assistant_bridge/2026_04_16/step_05_persistence_path_reconciliation/persistence_path_reconciliation.log:489:./snapshots/project_clean_state_2026_04_16/компилятор/out/RESULT_methods_clean.xml:19106:        GVL_STATE.G_System_Mode := GVL_PERSISTENT.P_System_Mode;
./repo_logs/assistant_bridge/2026_04_19/step_269b_snapshot_real_audit/snapshot_real_audit.log:10259:./repo_logs/assistant_bridge/2026_04_16/step_05_persistence_path_reconciliation/persistence_path_reconciliation.log:495:./snapshots/project_clean_state_2026_04_16/компилятор/out/RESULT_methods_clean.xml:19985:GVL_PERSISTENT.P_System_Mode := GVL_STATE.G_System_Mode;
./repo_logs/assistant_bridge/2026_04_19/step_269b_snapshot_real_audit/snapshot_real_audit.log:10265:./repo_logs/assistant_bridge/2026_04_16/step_05_persistence_path_reconciliation/persistence_path_reconciliation.log:501:./snapshots/project_clean_state_2026_04_16/компилятор/out/RESULT_methods_clean.xml:20086:<data name="http://www.3s-software.com/plcopenxml/globalvars" handleUnknown="implementation"><globalVars name="GVL_PERSISTENT" retain="true"><variable name="P_System_Mode"><type><derived name="E_System_Operating_Mode" /></type></variable><variable name="P_Safety_Gas_Latched"><type><BOOL /></type></variable><variable name="P_Safety_Smoke_Latched"><type><BOOL /></type></variable><variable name="P_Safety_Leak_Latched"><type><BOOL /></type></variable><variable name="P_DHW_Heating_Active"><type><BOOL /></type></variable><variable name="P_Valid"><type><BOOL /></type></variable><addData><data name="http://www.3s-software.com/plcopenxml/objectid" handleUnknown="discard"><ObjectId>a01760fc-f32a-4644-87c3-ab326656d6f4</ObjectId></data></addData></globalVars></data>
./repo_logs/assistant_bridge/2026_04_19/step_269b_snapshot_real_audit/snapshot_real_audit.log:10266:./repo_logs/assistant_bridge/2026_04_16/step_05_persistence_path_reconciliation/persistence_path_reconciliation.log:502:./snapshots/project_clean_state_2026_04_16/repo_logs/nvram/nvram_REAL_latest.log:8:    P_System_Mode : E_System_Operating_Mode;
./repo_logs/assistant_bridge/2026_04_19/step_269b_snapshot_real_audit/snapshot_real_audit.log:10276:./repo_logs/assistant_bridge/2026_04_16/step_05_persistence_path_reconciliation/persistence_path_reconciliation.log:512:./snapshots/project_clean_state_2026_04_16/repo_logs/nvram/nvram_REAL_latest.log:184:116:        GVL_STATE.G_System_Mode := GVL_PERSISTENT.P_System_Mode;
./repo_logs/assistant_bridge/2026_04_19/step_269b_snapshot_real_audit/snapshot_real_audit.log:10281:./repo_logs/assistant_bridge/2026_04_16/step_05_persistence_path_reconciliation/persistence_path_reconciliation.log:517:./snapshots/project_clean_state_2026_04_16/repo_logs/nvram/nvram_REAL_latest.log:205:995:GVL_PERSISTENT.P_System_Mode := GVL_STATE.G_System_Mode;
./repo_logs/assistant_bridge/2026_04_19/step_269b_snapshot_real_audit/snapshot_real_audit.log:10287:./repo_logs/assistant_bridge/2026_04_16/step_05_persistence_path_reconciliation/persistence_path_reconciliation.log:523:./snapshots/project_clean_state_2026_04_16/GVL_PERSISTENT.gvl:4:    P_System_Mode : E_System_Operating_Mode;
./repo_logs/assistant_bridge/2026_04_19/step_269b_snapshot_real_audit/snapshot_real_audit.log:10293:./repo_logs/assistant_bridge/2026_04_16/step_05_persistence_path_reconciliation/persistence_path_reconciliation.log:529:./snapshots/project_clean_state_2026_04_16/docs/assistant_bridge/nvram_REAL_latest.log:8:    P_System_Mode : E_System_Operating_Mode;
./repo_logs/assistant_bridge/2026_04_19/step_269b_snapshot_real_audit/snapshot_real_audit.log:10303:./repo_logs/assistant_bridge/2026_04_16/step_05_persistence_path_reconciliation/persistence_path_reconciliation.log:539:./snapshots/project_clean_state_2026_04_16/docs/assistant_bridge/nvram_REAL_latest.log:184:116:        GVL_STATE.G_System_Mode := GVL_PERSISTENT.P_System_Mode;
./repo_logs/assistant_bridge/2026_04_19/step_269b_snapshot_real_audit/snapshot_real_audit.log:10308:./repo_logs/assistant_bridge/2026_04_16/step_05_persistence_path_reconciliation/persistence_path_reconciliation.log:544:./snapshots/project_clean_state_2026_04_16/docs/assistant_bridge/nvram_REAL_latest.log:205:995:GVL_PERSISTENT.P_System_Mode := GVL_STATE.G_System_Mode;
./repo_logs/assistant_bridge/2026_04_19/step_269b_snapshot_real_audit/snapshot_real_audit.log:10320:./repo_logs/assistant_bridge/2026_04_16/step_05_persistence_path_reconciliation/persistence_path_reconciliation.log:556:./snapshots/project_clean_state_2026_04_16/PRG_System.st:116:        GVL_STATE.G_System_Mode := GVL_PERSISTENT.P_System_Mode;
./repo_logs/assistant_bridge/2026_04_19/step_269b_snapshot_real_audit/snapshot_real_audit.log:10326:./repo_logs/assistant_bridge/2026_04_16/step_05_persistence_path_reconciliation/persistence_path_reconciliation.log:562:./snapshots/project_clean_state_2026_04_16/PRG_System.st:995:GVL_PERSISTENT.P_System_Mode := GVL_STATE.G_System_Mode;
./repo_logs/assistant_bridge/2026_04_19/step_269b_snapshot_real_audit/snapshot_real_audit.log:10338:./repo_logs/assistant_bridge/2026_04_16/step_05_persistence_path_reconciliation/persistence_path_reconciliation.log:574:./snapshots/clean_build_2026_04_16/компилятор/out/RESULT_methods_clean.xml:19106:        GVL_STATE.G_System_Mode := GVL_PERSISTENT.P_System_Mode;
./repo_logs/assistant_bridge/2026_04_19/step_269b_snapshot_real_audit/snapshot_real_audit.log:10344:./repo_logs/assistant_bridge/2026_04_16/step_05_persistence_path_reconciliation/persistence_path_reconciliation.log:580:./snapshots/clean_build_2026_04_16/компилятор/out/RESULT_methods_clean.xml:19985:GVL_PERSISTENT.P_System_Mode := GVL_STATE.G_System_Mode;
./repo_logs/assistant_bridge/2026_04_19/step_269b_snapshot_real_audit/snapshot_real_audit.log:10350:./repo_logs/assistant_bridge/2026_04_16/step_05_persistence_path_reconciliation/persistence_path_reconciliation.log:586:./snapshots/clean_build_2026_04_16/компилятор/out/RESULT_methods_clean.xml:20086:<data name="http://www.3s-software.com/plcopenxml/globalvars" handleUnknown="implementation"><globalVars name="GVL_PERSISTENT" retain="true"><variable name="P_System_Mode"><type><derived name="E_System_Operating_Mode" /></type></variable><variable name="P_Safety_Gas_Latched"><type><BOOL /></type></variable><variable name="P_Safety_Smoke_Latched"><type><BOOL /></type></variable><variable name="P_Safety_Leak_Latched"><type><BOOL /></type></variable><variable name="P_DHW_Heating_Active"><type><BOOL /></type></variable><variable name="P_Valid"><type><BOOL /></type></variable><addData><data name="http://www.3s-software.com/plcopenxml/objectid" handleUnknown="discard"><ObjectId>a01760fc-f32a-4644-87c3-ab326656d6f4</ObjectId></data></addData></globalVars></data>
./repo_logs/assistant_bridge/2026_04_19/step_269b_snapshot_real_audit/snapshot_real_audit.log:32833:./repo_logs/nvram/2026_04_16/step_19_persist_write_precheck.log:245:./docs/assistant_bridge/nvram_REAL_latest.log:184:116:        GVL_STATE.G_System_Mode := GVL_PERSISTENT.P_System_Mode;
./repo_logs/assistant_bridge/2026_04_19/step_269b_snapshot_real_audit/snapshot_real_audit.log:32838:./repo_logs/nvram/2026_04_16/step_19_persist_write_precheck.log:250:./docs/assistant_bridge/nvram_REAL_latest.log:205:995:GVL_PERSISTENT.P_System_Mode := GVL_STATE.G_System_Mode;
./repo_logs/assistant_bridge/2026_04_19/step_269b_snapshot_real_audit/snapshot_real_audit.log:35697:./repo_logs/assistant_bridge/2026_04_16/step_05_persistence_path_reconciliation/persistence_path_reconciliation.log:326:./diagnostics/2026_04_16/step_14_nvram_audit.log:210:    P_System_Mode : E_System_Operating_Mode;
./repo_logs/assistant_bridge/2026_04_19/step_269b_snapshot_real_audit/snapshot_real_audit.log:35703:./repo_logs/assistant_bridge/2026_04_16/step_05_persistence_path_reconciliation/persistence_path_reconciliation.log:351:./repo_logs/nvram/nvram_REAL_latest.log:8:    P_System_Mode : E_System_Operating_Mode;
./repo_logs/assistant_bridge/2026_04_19/step_269b_snapshot_real_audit/snapshot_real_audit.log:35713:./repo_logs/assistant_bridge/2026_04_16/step_05_persistence_path_reconciliation/persistence_path_reconciliation.log:361:./repo_logs/nvram/nvram_REAL_latest.log:184:116:        GVL_STATE.G_System_Mode := GVL_PERSISTENT.P_System_Mode;
./repo_logs/assistant_bridge/2026_04_19/step_269b_snapshot_real_audit/snapshot_real_audit.log:35718:./repo_logs/assistant_bridge/2026_04_16/step_05_persistence_path_reconciliation/persistence_path_reconciliation.log:366:./repo_logs/nvram/nvram_REAL_latest.log:205:995:GVL_PERSISTENT.P_System_Mode := GVL_STATE.G_System_Mode;
./repo_logs/assistant_bridge/2026_04_19/step_269b_snapshot_real_audit/snapshot_real_audit.log:35730:./repo_logs/assistant_bridge/2026_04_16/step_05_persistence_path_reconciliation/persistence_path_reconciliation.log:378:./repo_logs/nvram/2026_04_16/step_19_persist_write_precheck.log:119:        GVL_STATE.G_System_Mode := GVL_PERSISTENT.P_System_Mode;
./repo_logs/assistant_bridge/2026_04_19/step_269b_snapshot_real_audit/snapshot_real_audit.log:35735:./repo_logs/assistant_bridge/2026_04_16/step_05_persistence_path_reconciliation/persistence_path_reconciliation.log:383:./repo_logs/nvram/2026_04_16/step_19_persist_write_precheck.log:224:    P_System_Mode : E_System_Operating_Mode;
./repo_logs/assistant_bridge/2026_04_19/step_269b_snapshot_real_audit/snapshot_real_audit.log:35745:./repo_logs/assistant_bridge/2026_04_16/step_05_persistence_path_reconciliation/persistence_path_reconciliation.log:393:./repo_logs/nvram/2026_04_16/step_19_persist_write_precheck.log:245:./docs/assistant_bridge/nvram_REAL_latest.log:184:116:        GVL_STATE.G_System_Mode := GVL_PERSISTENT.P_System_Mode;
./repo_logs/assistant_bridge/2026_04_19/step_269b_snapshot_real_audit/snapshot_real_audit.log:35750:./repo_logs/assistant_bridge/2026_04_16/step_05_persistence_path_reconciliation/persistence_path_reconciliation.log:398:./repo_logs/nvram/2026_04_16/step_19_persist_write_precheck.log:250:./docs/assistant_bridge/nvram_REAL_latest.log:205:995:GVL_PERSISTENT.P_System_Mode := GVL_STATE.G_System_Mode;
./repo_logs/assistant_bridge/2026_04_19/step_269b_snapshot_real_audit/snapshot_real_audit.log:35760:./repo_logs/assistant_bridge/2026_04_16/step_05_persistence_path_reconciliation/persistence_path_reconciliation.log:408:./repo_logs/nvram/2026_04_16/step_19_persist_write_precheck.log:260:./PRG_System.st:116:        GVL_STATE.G_System_Mode := GVL_PERSISTENT.P_System_Mode;
./repo_logs/assistant_bridge/2026_04_19/step_269b_snapshot_real_audit/snapshot_real_audit.log:35765:./repo_logs/assistant_bridge/2026_04_16/step_05_persistence_path_reconciliation/persistence_path_reconciliation.log:413:./repo_logs/nvram/2026_04_16/step_19_persist_write_precheck.log:265:./PRG_System.st:995:GVL_PERSISTENT.P_System_Mode := GVL_STATE.G_System_Mode;
./repo_logs/assistant_bridge/2026_04_19/step_269b_snapshot_real_audit/snapshot_real_audit.log:35777:./repo_logs/assistant_bridge/2026_04_16/step_05_persistence_path_reconciliation/persistence_path_reconciliation.log:425:./repo_logs/nvram/2026_04_16/step_17_startup_entry.log:2414:        GVL_STATE.G_System_Mode := GVL_PERSISTENT.P_System_Mode;
./repo_logs/assistant_bridge/2026_04_19/step_269b_snapshot_real_audit/snapshot_real_audit.log:35785:./repo_logs/assistant_bridge/2026_04_16/step_05_persistence_path_reconciliation/persistence_path_reconciliation.log:433:./repo_logs/nvram/2026_04_16/step_16_nvram_runtime_flow.log:817:        GVL_STATE.G_System_Mode := GVL_PERSISTENT.P_System_Mode;
./repo_logs/assistant_bridge/2026_04_19/step_269b_snapshot_real_audit/snapshot_real_audit.log:35793:./repo_logs/assistant_bridge/2026_04_16/step_05_persistence_path_reconciliation/persistence_path_reconciliation.log:441:./repo_logs/assistant_bridge/2026_04_16/step_02_nvram_topology/nvram_topology.log:99:PRG_System.st:116:        GVL_STATE.G_System_Mode := GVL_PERSISTENT.P_System_Mode;
./repo_logs/assistant_bridge/2026_04_19/step_269b_snapshot_real_audit/snapshot_real_audit.log:35799:./repo_logs/assistant_bridge/2026_04_16/step_05_persistence_path_reconciliation/persistence_path_reconciliation.log:447:./repo_logs/assistant_bridge/2026_04_16/step_02_nvram_topology/nvram_topology.log:143:PRG_System.st:995:GVL_PERSISTENT.P_System_Mode := GVL_STATE.G_System_Mode;
./repo_logs/assistant_bridge/2026_04_19/step_269b_snapshot_real_audit/snapshot_real_audit.log:35805:./repo_logs/assistant_bridge/2026_04_16/step_05_persistence_path_reconciliation/persistence_path_reconciliation.log:453:./repo_logs/assistant_bridge/2026_04_16/step_02_nvram_topology/nvram_topology.log:158:    P_System_Mode : E_System_Operating_Mode;
./repo_logs/assistant_bridge/2026_04_19/step_269b_snapshot_real_audit/snapshot_real_audit.log:35817:./repo_logs/assistant_bridge/2026_04_16/step_05_persistence_path_reconciliation/persistence_path_reconciliation.log:465:./repo_logs/assistant_bridge/2026_04_16/step_02_nvram_topology/nvram_topology.log:607:        GVL_STATE.G_System_Mode := GVL_PERSISTENT.P_System_Mode;
./repo_logs/assistant_bridge/2026_04_19/step_269b_snapshot_real_audit/snapshot_real_audit.log:35823:./repo_logs/assistant_bridge/2026_04_16/step_05_persistence_path_reconciliation/persistence_path_reconciliation.log:471:./repo_logs/assistant_bridge/2026_04_16/step_03_nvram_write_flow/nvram_write_flow.log:254:GVL_PERSISTENT.P_System_Mode := GVL_STATE.G_System_Mode;
./repo_logs/assistant_bridge/2026_04_19/step_269b_snapshot_real_audit/snapshot_real_audit.log:35829:./repo_logs/assistant_bridge/2026_04_16/step_05_persistence_path_reconciliation/persistence_path_reconciliation.log:502:./snapshots/project_clean_state_2026_04_16/repo_logs/nvram/nvram_REAL_latest.log:8:    P_System_Mode : E_System_Operating_Mode;
./repo_logs/assistant_bridge/2026_04_19/step_269b_snapshot_real_audit/snapshot_real_audit.log:35839:./repo_logs/assistant_bridge/2026_04_16/step_05_persistence_path_reconciliation/persistence_path_reconciliation.log:512:./snapshots/project_clean_state_2026_04_16/repo_logs/nvram/nvram_REAL_latest.log:184:116:        GVL_STATE.G_System_Mode := GVL_PERSISTENT.P_System_Mode;
./repo_logs/assistant_bridge/2026_04_19/step_269b_snapshot_real_audit/snapshot_real_audit.log:35844:./repo_logs/assistant_bridge/2026_04_16/step_05_persistence_path_reconciliation/persistence_path_reconciliation.log:517:./snapshots/project_clean_state_2026_04_16/repo_logs/nvram/nvram_REAL_latest.log:205:995:GVL_PERSISTENT.P_System_Mode := GVL_STATE.G_System_Mode;
./repo_logs/assistant_bridge/2026_04_19/step_269b_snapshot_real_audit/snapshot_real_audit.log:35850:./repo_logs/assistant_bridge/2026_04_16/step_05_persistence_path_reconciliation/persistence_path_reconciliation.log:529:./snapshots/project_clean_state_2026_04_16/docs/assistant_bridge/nvram_REAL_latest.log:8:    P_System_Mode : E_System_Operating_Mode;
./repo_logs/assistant_bridge/2026_04_19/step_269b_snapshot_real_audit/snapshot_real_audit.log:35860:./repo_logs/assistant_bridge/2026_04_16/step_05_persistence_path_reconciliation/persistence_path_reconciliation.log:539:./snapshots/project_clean_state_2026_04_16/docs/assistant_bridge/nvram_REAL_latest.log:184:116:        GVL_STATE.G_System_Mode := GVL_PERSISTENT.P_System_Mode;
./repo_logs/assistant_bridge/2026_04_19/step_269b_snapshot_real_audit/snapshot_real_audit.log:35865:./repo_logs/assistant_bridge/2026_04_16/step_05_persistence_path_reconciliation/persistence_path_reconciliation.log:544:./snapshots/project_clean_state_2026_04_16/docs/assistant_bridge/nvram_REAL_latest.log:205:995:GVL_PERSISTENT.P_System_Mode := GVL_STATE.G_System_Mode;
./repo_logs/assistant_bridge/2026_04_19/step_269b_snapshot_real_audit/snapshot_real_audit.log:35871:./repo_logs/assistant_bridge/2026_04_16/step_05_persistence_path_reconciliation/persistence_path_reconciliation.log:587:./docs/assistant_bridge/nvram_REAL_latest.log:8:    P_System_Mode : E_System_Operating_Mode;
./repo_logs/assistant_bridge/2026_04_19/step_269b_snapshot_real_audit/snapshot_real_audit.log:35881:./repo_logs/assistant_bridge/2026_04_16/step_05_persistence_path_reconciliation/persistence_path_reconciliation.log:597:./docs/assistant_bridge/nvram_REAL_latest.log:184:116:        GVL_STATE.G_System_Mode := GVL_PERSISTENT.P_System_Mode;
./repo_logs/assistant_bridge/2026_04_19/step_269b_snapshot_real_audit/snapshot_real_audit.log:35886:./repo_logs/assistant_bridge/2026_04_16/step_05_persistence_path_reconciliation/persistence_path_reconciliation.log:602:./docs/assistant_bridge/nvram_REAL_latest.log:205:995:GVL_PERSISTENT.P_System_Mode := GVL_STATE.G_System_Mode;
./repo_logs/assistant_bridge/2026_04_19/step_269b_snapshot_real_audit/snapshot_real_audit.log:59455:./компилятор/out/RESULT_methods_clean.xml:20831:<data name="http://www.3s-software.com/plcopenxml/globalvars" handleUnknown="implementation"><globalVars name="GVL_PERSISTENT" retain="true"><variable name="P_System_Mode"><type><derived name="E_System_Operating_Mode" /></type></variable><variable name="P_Safety_Gas_Latched"><type><BOOL /></type></variable><variable name="P_Safety_Smoke_Latched"><type><BOOL /></type></variable><variable name="P_Safety_Leak_Latched"><type><BOOL /></type></variable><variable name="P_DHW_Heating_Active"><type><BOOL /></type></variable><variable name="P_Valid"><type><BOOL /></type></variable><addData><data name="http://www.3s-software.com/plcopenxml/objectid" handleUnknown="discard"><ObjectId>7b214a17-f321-40a2-914e-01bb84cca44e</ObjectId></data></addData></globalVars></data>
./repo_logs/assistant_bridge/2026_04_19/step_269b_snapshot_real_audit/snapshot_real_audit.log:60556:./repo_logs/assistant_bridge/2026_04_16/step_05_persistence_path_reconciliation/persistence_path_reconciliation.log:350:./компилятор/out/RESULT_methods_clean.xml:20089:<data name="http://www.3s-software.com/plcopenxml/globalvars" handleUnknown="implementation"><globalVars name="GVL_PERSISTENT" retain="true"><variable name="P_System_Mode"><type><derived name="E_System_Operating_Mode" /></type></variable><variable name="P_Safety_Gas_Latched"><type><BOOL /></type></variable><variable name="P_Safety_Smoke_Latched"><type><BOOL /></type></variable><variable name="P_Safety_Leak_Latched"><type><BOOL /></type></variable><variable name="P_DHW_Heating_Active"><type><BOOL /></type></variable><variable name="P_Valid"><type><BOOL /></type></variable><addData><data name="http://www.3s-software.com/plcopenxml/objectid" handleUnknown="discard"><ObjectId>5f00672b-cde1-4a17-9ba3-5e9a767b7e20</ObjectId></data></addData></globalVars></data>
./repo_logs/assistant_bridge/2026_04_19/step_269b_snapshot_real_audit/snapshot_real_audit.log:60557:./repo_logs/assistant_bridge/2026_04_16/step_05_persistence_path_reconciliation/persistence_path_reconciliation.log:501:./snapshots/project_clean_state_2026_04_16/компилятор/out/RESULT_methods_clean.xml:20086:<data name="http://www.3s-software.com/plcopenxml/globalvars" handleUnknown="implementation"><globalVars name="GVL_PERSISTENT" retain="true"><variable name="P_System_Mode"><type><derived name="E_System_Operating_Mode" /></type></variable><variable name="P_Safety_Gas_Latched"><type><BOOL /></type></variable><variable name="P_Safety_Smoke_Latched"><type><BOOL /></type></variable><variable name="P_Safety_Leak_Latched"><type><BOOL /></type></variable><variable name="P_DHW_Heating_Active"><type><BOOL /></type></variable><variable name="P_Valid"><type><BOOL /></type></variable><addData><data name="http://www.3s-software.com/plcopenxml/objectid" handleUnknown="discard"><ObjectId>a01760fc-f32a-4644-87c3-ab326656d6f4</ObjectId></data></addData></globalVars></data>
./repo_logs/assistant_bridge/2026_04_19/step_269b_snapshot_real_audit/snapshot_real_audit.log:60558:./repo_logs/assistant_bridge/2026_04_16/step_05_persistence_path_reconciliation/persistence_path_reconciliation.log:586:./snapshots/clean_build_2026_04_16/компилятор/out/RESULT_methods_clean.xml:20086:<data name="http://www.3s-software.com/plcopenxml/globalvars" handleUnknown="implementation"><globalVars name="GVL_PERSISTENT" retain="true"><variable name="P_System_Mode"><type><derived name="E_System_Operating_Mode" /></type></variable><variable name="P_Safety_Gas_Latched"><type><BOOL /></type></variable><variable name="P_Safety_Smoke_Latched"><type><BOOL /></type></variable><variable name="P_Safety_Leak_Latched"><type><BOOL /></type></variable><variable name="P_DHW_Heating_Active"><type><BOOL /></type></variable><variable name="P_Valid"><type><BOOL /></type></variable><addData><data name="http://www.3s-software.com/plcopenxml/objectid" handleUnknown="discard"><ObjectId>a01760fc-f32a-4644-87c3-ab326656d6f4</ObjectId></data></addData></globalVars></data>
./repo_logs/assistant_bridge/2026_04_19/step_269b_snapshot_real_audit/snapshot_real_audit.log:61962:./snapshots/project_clean_state_2026_04_16/компилятор/out/RESULT_methods_clean.xml:20086:<data name="http://www.3s-software.com/plcopenxml/globalvars" handleUnknown="implementation"><globalVars name="GVL_PERSISTENT" retain="true"><variable name="P_System_Mode"><type><derived name="E_System_Operating_Mode" /></type></variable><variable name="P_Safety_Gas_Latched"><type><BOOL /></type></variable><variable name="P_Safety_Smoke_Latched"><type><BOOL /></type></variable><variable name="P_Safety_Leak_Latched"><type><BOOL /></type></variable><variable name="P_DHW_Heating_Active"><type><BOOL /></type></variable><variable name="P_Valid"><type><BOOL /></type></variable><addData><data name="http://www.3s-software.com/plcopenxml/objectid" handleUnknown="discard"><ObjectId>a01760fc-f32a-4644-87c3-ab326656d6f4</ObjectId></data></addData></globalVars></data>
./repo_logs/assistant_bridge/2026_04_19/step_269b_snapshot_real_audit/snapshot_real_audit.log:62213:./snapshots/clean_build_2026_04_16/компилятор/out/RESULT_methods_clean.xml:20086:<data name="http://www.3s-software.com/plcopenxml/globalvars" handleUnknown="implementation"><globalVars name="GVL_PERSISTENT" retain="true"><variable name="P_System_Mode"><type><derived name="E_System_Operating_Mode" /></type></variable><variable name="P_Safety_Gas_Latched"><type><BOOL /></type></variable><variable name="P_Safety_Smoke_Latched"><type><BOOL /></type></variable><variable name="P_Safety_Leak_Latched"><type><BOOL /></type></variable><variable name="P_DHW_Heating_Active"><type><BOOL /></type></variable><variable name="P_Valid"><type><BOOL /></type></variable><addData><data name="http://www.3s-software.com/plcopenxml/objectid" handleUnknown="discard"><ObjectId>a01760fc-f32a-4644-87c3-ab326656d6f4</ObjectId></data></addData></globalVars></data>
./repo_logs/assistant_bridge/2026_04_19/step_269b_snapshot_real_audit/snapshot_real_audit.log:62622:        GVL_STATE.G_System_Mode := GVL_PERSISTENT.P_System_Mode;
./repo_logs/assistant_bridge/2026_04_17/step_141_142_repair_restore_persist_and_gateway_enum/repair_restore_persist_and_gateway_enum.log:49:119:        GVL_STATE.G_System_Mode := GVL_PERSISTENT.P_System_Mode;
./repo_logs/assistant_bridge/2026_04_17/step_141_142_repair_restore_persist_and_gateway_enum/repair_restore_persist_and_gateway_enum.log:114:1056:GVL_PERSISTENT.P_System_Mode := L_Persist_Struct.System_Mode;
./repo_logs/assistant_bridge/2026_04_16/step_05_persistence_path_reconciliation/persistence_path_reconciliation.log:302:GVL_PERSISTENT.gvl:4:    P_System_Mode : E_System_Operating_Mode;
./repo_logs/assistant_bridge/2026_04_16/step_05_persistence_path_reconciliation/persistence_path_reconciliation.log:314:PRG_System.st:116:        GVL_STATE.G_System_Mode := GVL_PERSISTENT.P_System_Mode;
./repo_logs/assistant_bridge/2026_04_16/step_05_persistence_path_reconciliation/persistence_path_reconciliation.log:320:PRG_System.st:995:GVL_PERSISTENT.P_System_Mode := GVL_STATE.G_System_Mode;
./repo_logs/assistant_bridge/2026_04_16/step_05_persistence_path_reconciliation/persistence_path_reconciliation.log:326:./diagnostics/2026_04_16/step_14_nvram_audit.log:210:    P_System_Mode : E_System_Operating_Mode;
./repo_logs/assistant_bridge/2026_04_16/step_05_persistence_path_reconciliation/persistence_path_reconciliation.log:338:./компилятор/out/RESULT_methods_clean.xml:19109:        GVL_STATE.G_System_Mode := GVL_PERSISTENT.P_System_Mode;
./repo_logs/assistant_bridge/2026_04_16/step_05_persistence_path_reconciliation/persistence_path_reconciliation.log:344:./компилятор/out/RESULT_methods_clean.xml:19988:GVL_PERSISTENT.P_System_Mode := GVL_STATE.G_System_Mode;
./repo_logs/assistant_bridge/2026_04_16/step_05_persistence_path_reconciliation/persistence_path_reconciliation.log:350:./компилятор/out/RESULT_methods_clean.xml:20089:<data name="http://www.3s-software.com/plcopenxml/globalvars" handleUnknown="implementation"><globalVars name="GVL_PERSISTENT" retain="true"><variable name="P_System_Mode"><type><derived name="E_System_Operating_Mode" /></type></variable><variable name="P_Safety_Gas_Latched"><type><BOOL /></type></variable><variable name="P_Safety_Smoke_Latched"><type><BOOL /></type></variable><variable name="P_Safety_Leak_Latched"><type><BOOL /></type></variable><variable name="P_DHW_Heating_Active"><type><BOOL /></type></variable><variable name="P_Valid"><type><BOOL /></type></variable><addData><data name="http://www.3s-software.com/plcopenxml/objectid" handleUnknown="discard"><ObjectId>5f00672b-cde1-4a17-9ba3-5e9a767b7e20</ObjectId></data></addData></globalVars></data>
./repo_logs/assistant_bridge/2026_04_16/step_05_persistence_path_reconciliation/persistence_path_reconciliation.log:351:./repo_logs/nvram/nvram_REAL_latest.log:8:    P_System_Mode : E_System_Operating_Mode;
./repo_logs/assistant_bridge/2026_04_16/step_05_persistence_path_reconciliation/persistence_path_reconciliation.log:361:./repo_logs/nvram/nvram_REAL_latest.log:184:116:        GVL_STATE.G_System_Mode := GVL_PERSISTENT.P_System_Mode;
./repo_logs/assistant_bridge/2026_04_16/step_05_persistence_path_reconciliation/persistence_path_reconciliation.log:366:./repo_logs/nvram/nvram_REAL_latest.log:205:995:GVL_PERSISTENT.P_System_Mode := GVL_STATE.G_System_Mode;
./repo_logs/assistant_bridge/2026_04_16/step_05_persistence_path_reconciliation/persistence_path_reconciliation.log:378:./repo_logs/nvram/2026_04_16/step_19_persist_write_precheck.log:119:        GVL_STATE.G_System_Mode := GVL_PERSISTENT.P_System_Mode;
./repo_logs/assistant_bridge/2026_04_16/step_05_persistence_path_reconciliation/persistence_path_reconciliation.log:383:./repo_logs/nvram/2026_04_16/step_19_persist_write_precheck.log:224:    P_System_Mode : E_System_Operating_Mode;
./repo_logs/assistant_bridge/2026_04_16/step_05_persistence_path_reconciliation/persistence_path_reconciliation.log:393:./repo_logs/nvram/2026_04_16/step_19_persist_write_precheck.log:245:./docs/assistant_bridge/nvram_REAL_latest.log:184:116:        GVL_STATE.G_System_Mode := GVL_PERSISTENT.P_System_Mode;
./repo_logs/assistant_bridge/2026_04_16/step_05_persistence_path_reconciliation/persistence_path_reconciliation.log:398:./repo_logs/nvram/2026_04_16/step_19_persist_write_precheck.log:250:./docs/assistant_bridge/nvram_REAL_latest.log:205:995:GVL_PERSISTENT.P_System_Mode := GVL_STATE.G_System_Mode;
./repo_logs/assistant_bridge/2026_04_16/step_05_persistence_path_reconciliation/persistence_path_reconciliation.log:408:./repo_logs/nvram/2026_04_16/step_19_persist_write_precheck.log:260:./PRG_System.st:116:        GVL_STATE.G_System_Mode := GVL_PERSISTENT.P_System_Mode;
./repo_logs/assistant_bridge/2026_04_16/step_05_persistence_path_reconciliation/persistence_path_reconciliation.log:413:./repo_logs/nvram/2026_04_16/step_19_persist_write_precheck.log:265:./PRG_System.st:995:GVL_PERSISTENT.P_System_Mode := GVL_STATE.G_System_Mode;
./repo_logs/assistant_bridge/2026_04_16/step_05_persistence_path_reconciliation/persistence_path_reconciliation.log:425:./repo_logs/nvram/2026_04_16/step_17_startup_entry.log:2414:        GVL_STATE.G_System_Mode := GVL_PERSISTENT.P_System_Mode;
./repo_logs/assistant_bridge/2026_04_16/step_05_persistence_path_reconciliation/persistence_path_reconciliation.log:433:./repo_logs/nvram/2026_04_16/step_16_nvram_runtime_flow.log:817:        GVL_STATE.G_System_Mode := GVL_PERSISTENT.P_System_Mode;
./repo_logs/assistant_bridge/2026_04_16/step_05_persistence_path_reconciliation/persistence_path_reconciliation.log:441:./repo_logs/assistant_bridge/2026_04_16/step_02_nvram_topology/nvram_topology.log:99:PRG_System.st:116:        GVL_STATE.G_System_Mode := GVL_PERSISTENT.P_System_Mode;
./repo_logs/assistant_bridge/2026_04_16/step_05_persistence_path_reconciliation/persistence_path_reconciliation.log:447:./repo_logs/assistant_bridge/2026_04_16/step_02_nvram_topology/nvram_topology.log:143:PRG_System.st:995:GVL_PERSISTENT.P_System_Mode := GVL_STATE.G_System_Mode;
./repo_logs/assistant_bridge/2026_04_16/step_05_persistence_path_reconciliation/persistence_path_reconciliation.log:453:./repo_logs/assistant_bridge/2026_04_16/step_02_nvram_topology/nvram_topology.log:158:    P_System_Mode : E_System_Operating_Mode;
./repo_logs/assistant_bridge/2026_04_16/step_05_persistence_path_reconciliation/persistence_path_reconciliation.log:465:./repo_logs/assistant_bridge/2026_04_16/step_02_nvram_topology/nvram_topology.log:607:        GVL_STATE.G_System_Mode := GVL_PERSISTENT.P_System_Mode;
./repo_logs/assistant_bridge/2026_04_16/step_05_persistence_path_reconciliation/persistence_path_reconciliation.log:471:./repo_logs/assistant_bridge/2026_04_16/step_03_nvram_write_flow/nvram_write_flow.log:254:GVL_PERSISTENT.P_System_Mode := GVL_STATE.G_System_Mode;
./repo_logs/assistant_bridge/2026_04_16/step_05_persistence_path_reconciliation/persistence_path_reconciliation.log:477:./GVL_PERSISTENT.gvl:4:    P_System_Mode : E_System_Operating_Mode;
./repo_logs/assistant_bridge/2026_04_16/step_05_persistence_path_reconciliation/persistence_path_reconciliation.log:489:./snapshots/project_clean_state_2026_04_16/компилятор/out/RESULT_methods_clean.xml:19106:        GVL_STATE.G_System_Mode := GVL_PERSISTENT.P_System_Mode;
./repo_logs/assistant_bridge/2026_04_16/step_05_persistence_path_reconciliation/persistence_path_reconciliation.log:495:./snapshots/project_clean_state_2026_04_16/компилятор/out/RESULT_methods_clean.xml:19985:GVL_PERSISTENT.P_System_Mode := GVL_STATE.G_System_Mode;
./repo_logs/assistant_bridge/2026_04_16/step_05_persistence_path_reconciliation/persistence_path_reconciliation.log:501:./snapshots/project_clean_state_2026_04_16/компилятор/out/RESULT_methods_clean.xml:20086:<data name="http://www.3s-software.com/plcopenxml/globalvars" handleUnknown="implementation"><globalVars name="GVL_PERSISTENT" retain="true"><variable name="P_System_Mode"><type><derived name="E_System_Operating_Mode" /></type></variable><variable name="P_Safety_Gas_Latched"><type><BOOL /></type></variable><variable name="P_Safety_Smoke_Latched"><type><BOOL /></type></variable><variable name="P_Safety_Leak_Latched"><type><BOOL /></type></variable><variable name="P_DHW_Heating_Active"><type><BOOL /></type></variable><variable name="P_Valid"><type><BOOL /></type></variable><addData><data name="http://www.3s-software.com/plcopenxml/objectid" handleUnknown="discard"><ObjectId>a01760fc-f32a-4644-87c3-ab326656d6f4</ObjectId></data></addData></globalVars></data>
./repo_logs/assistant_bridge/2026_04_16/step_05_persistence_path_reconciliation/persistence_path_reconciliation.log:502:./snapshots/project_clean_state_2026_04_16/repo_logs/nvram/nvram_REAL_latest.log:8:    P_System_Mode : E_System_Operating_Mode;
./repo_logs/assistant_bridge/2026_04_16/step_05_persistence_path_reconciliation/persistence_path_reconciliation.log:512:./snapshots/project_clean_state_2026_04_16/repo_logs/nvram/nvram_REAL_latest.log:184:116:        GVL_STATE.G_System_Mode := GVL_PERSISTENT.P_System_Mode;
./repo_logs/assistant_bridge/2026_04_16/step_05_persistence_path_reconciliation/persistence_path_reconciliation.log:517:./snapshots/project_clean_state_2026_04_16/repo_logs/nvram/nvram_REAL_latest.log:205:995:GVL_PERSISTENT.P_System_Mode := GVL_STATE.G_System_Mode;
./repo_logs/assistant_bridge/2026_04_16/step_05_persistence_path_reconciliation/persistence_path_reconciliation.log:523:./snapshots/project_clean_state_2026_04_16/GVL_PERSISTENT.gvl:4:    P_System_Mode : E_System_Operating_Mode;
./repo_logs/assistant_bridge/2026_04_16/step_05_persistence_path_reconciliation/persistence_path_reconciliation.log:529:./snapshots/project_clean_state_2026_04_16/docs/assistant_bridge/nvram_REAL_latest.log:8:    P_System_Mode : E_System_Operating_Mode;
./repo_logs/assistant_bridge/2026_04_16/step_05_persistence_path_reconciliation/persistence_path_reconciliation.log:539:./snapshots/project_clean_state_2026_04_16/docs/assistant_bridge/nvram_REAL_latest.log:184:116:        GVL_STATE.G_System_Mode := GVL_PERSISTENT.P_System_Mode;
./repo_logs/assistant_bridge/2026_04_16/step_05_persistence_path_reconciliation/persistence_path_reconciliation.log:544:./snapshots/project_clean_state_2026_04_16/docs/assistant_bridge/nvram_REAL_latest.log:205:995:GVL_PERSISTENT.P_System_Mode := GVL_STATE.G_System_Mode;
./repo_logs/assistant_bridge/2026_04_16/step_05_persistence_path_reconciliation/persistence_path_reconciliation.log:556:./snapshots/project_clean_state_2026_04_16/PRG_System.st:116:        GVL_STATE.G_System_Mode := GVL_PERSISTENT.P_System_Mode;
./repo_logs/assistant_bridge/2026_04_16/step_05_persistence_path_reconciliation/persistence_path_reconciliation.log:562:./snapshots/project_clean_state_2026_04_16/PRG_System.st:995:GVL_PERSISTENT.P_System_Mode := GVL_STATE.G_System_Mode;
./repo_logs/assistant_bridge/2026_04_16/step_05_persistence_path_reconciliation/persistence_path_reconciliation.log:574:./snapshots/clean_build_2026_04_16/компилятор/out/RESULT_methods_clean.xml:19106:        GVL_STATE.G_System_Mode := GVL_PERSISTENT.P_System_Mode;
./repo_logs/assistant_bridge/2026_04_16/step_05_persistence_path_reconciliation/persistence_path_reconciliation.log:580:./snapshots/clean_build_2026_04_16/компилятор/out/RESULT_methods_clean.xml:19985:GVL_PERSISTENT.P_System_Mode := GVL_STATE.G_System_Mode;
./repo_logs/assistant_bridge/2026_04_16/step_05_persistence_path_reconciliation/persistence_path_reconciliation.log:586:./snapshots/clean_build_2026_04_16/компилятор/out/RESULT_methods_clean.xml:20086:<data name="http://www.3s-software.com/plcopenxml/globalvars" handleUnknown="implementation"><globalVars name="GVL_PERSISTENT" retain="true"><variable name="P_System_Mode"><type><derived name="E_System_Operating_Mode" /></type></variable><variable name="P_Safety_Gas_Latched"><type><BOOL /></type></variable><variable name="P_Safety_Smoke_Latched"><type><BOOL /></type></variable><variable name="P_Safety_Leak_Latched"><type><BOOL /></type></variable><variable name="P_DHW_Heating_Active"><type><BOOL /></type></variable><variable name="P_Valid"><type><BOOL /></type></variable><addData><data name="http://www.3s-software.com/plcopenxml/objectid" handleUnknown="discard"><ObjectId>a01760fc-f32a-4644-87c3-ab326656d6f4</ObjectId></data></addData></globalVars></data>
./repo_logs/assistant_bridge/2026_04_16/step_05_persistence_path_reconciliation/persistence_path_reconciliation.log:587:./docs/assistant_bridge/nvram_REAL_latest.log:8:    P_System_Mode : E_System_Operating_Mode;
./repo_logs/assistant_bridge/2026_04_16/step_05_persistence_path_reconciliation/persistence_path_reconciliation.log:597:./docs/assistant_bridge/nvram_REAL_latest.log:184:116:        GVL_STATE.G_System_Mode := GVL_PERSISTENT.P_System_Mode;
./repo_logs/assistant_bridge/2026_04_16/step_05_persistence_path_reconciliation/persistence_path_reconciliation.log:602:./docs/assistant_bridge/nvram_REAL_latest.log:205:995:GVL_PERSISTENT.P_System_Mode := GVL_STATE.G_System_Mode;
./repo_logs/assistant_bridge/2026_04_16/step_05_persistence_path_reconciliation/persistence_path_reconciliation.log:614:./PRG_System.st:116:        GVL_STATE.G_System_Mode := GVL_PERSISTENT.P_System_Mode;
./repo_logs/assistant_bridge/2026_04_16/step_05_persistence_path_reconciliation/persistence_path_reconciliation.log:620:./PRG_System.st:995:GVL_PERSISTENT.P_System_Mode := GVL_STATE.G_System_Mode;
./repo_logs/assistant_bridge/2026_04_16/step_05_persistence_path_reconciliation/persistence_path_reconciliation.log:1497:        GVL_STATE.G_System_Mode := GVL_PERSISTENT.P_System_Mode;
./repo_logs/assistant_bridge/2026_04_16/step_52_fault_injection_points_audit/fault_injection_points_audit.log:8:119:        GVL_STATE.G_System_Mode := GVL_PERSISTENT.P_System_Mode;
./repo_logs/assistant_bridge/2026_04_16/step_14_nvram_final_state/nvram_final_state.log:56:PRG_System.st:1000:GVL_PERSISTENT.P_System_Mode := L_Persist_Struct.System_Mode;
./repo_logs/assistant_bridge/2026_04_16/step_14_nvram_final_state/nvram_final_state.log:144:GVL_PERSISTENT.P_System_Mode := L_Persist_Struct.System_Mode;
./repo_logs/assistant_bridge/2026_04_16/step_33_prg_system_final_audit/prg_system_final_audit.log:58:1041:GVL_PERSISTENT.P_System_Mode := L_Persist_Struct.System_Mode;
./repo_logs/assistant_bridge/2026_04_16/step_17_unify_scenario_event_source_fixed/unify_scenario_event_source_fixed.log:45:GVL_PERSISTENT.P_System_Mode := L_Persist_Struct.System_Mode;
./repo_logs/assistant_bridge/2026_04_16/step_10_define_persist_struct_contract/define_persist_struct_contract.log:27:GVL_PERSISTENT.gvl:4:    P_System_Mode : E_System_Operating_Mode;
./repo_logs/assistant_bridge/2026_04_16/step_10_define_persist_struct_contract/define_persist_struct_contract.log:35:PRG_System.st:115:        GVL_STATE.G_System_Mode := GVL_PERSISTENT.P_System_Mode;
./repo_logs/assistant_bridge/2026_04_16/step_10_define_persist_struct_contract/define_persist_struct_contract.log:40:PRG_System.st:989:GVL_PERSISTENT.P_System_Mode := GVL_STATE.G_System_Mode;
./repo_logs/assistant_bridge/2026_04_16/step_11_align_persist_contract_to_live_types/align_persist_contract_to_live_types.log:11:GVL_PERSISTENT.gvl:4:    P_System_Mode : E_System_Operating_Mode;
./repo_logs/assistant_bridge/2026_04_16/step_11_align_persist_contract_to_live_types/align_persist_contract_to_live_types.log:15:PRG_System.st:115:        GVL_STATE.G_System_Mode := GVL_PERSISTENT.P_System_Mode;
./repo_logs/assistant_bridge/2026_04_16/step_11_align_persist_contract_to_live_types/align_persist_contract_to_live_types.log:23:PRG_System.st:989:GVL_PERSISTENT.P_System_Mode := GVL_STATE.G_System_Mode;
./repo_logs/assistant_bridge/2026_04_16/step_02_nvram_topology/nvram_topology.log:99:PRG_System.st:116:        GVL_STATE.G_System_Mode := GVL_PERSISTENT.P_System_Mode;
./repo_logs/assistant_bridge/2026_04_16/step_02_nvram_topology/nvram_topology.log:143:PRG_System.st:995:GVL_PERSISTENT.P_System_Mode := GVL_STATE.G_System_Mode;
./repo_logs/assistant_bridge/2026_04_16/step_02_nvram_topology/nvram_topology.log:158:    P_System_Mode : E_System_Operating_Mode;
./repo_logs/assistant_bridge/2026_04_16/step_02_nvram_topology/nvram_topology.log:607:        GVL_STATE.G_System_Mode := GVL_PERSISTENT.P_System_Mode;
./repo_logs/assistant_bridge/2026_04_16/step_03_nvram_write_flow/nvram_write_flow.log:254:GVL_PERSISTENT.P_System_Mode := GVL_STATE.G_System_Mode;
./repo_logs/assistant_bridge/2026_04_16/step_13_pack_nvram_buffer_from_struct_adapter/pack_nvram_buffer_from_struct_adapter.log:134:1000:GVL_PERSISTENT.P_System_Mode := L_Persist_Struct.System_Mode;
./repo_logs/assistant_bridge/2026_04_16/step_23_prg_system_runtime_hardening_state/prg_system_runtime_hardening_state.log:181:GVL_PERSISTENT.P_System_Mode := L_Persist_Struct.System_Mode;
./repo_logs/assistant_bridge/2026_04_16/step_26_prg_system_event_and_control_final_state/prg_system_event_and_control_final_state.log:237:GVL_PERSISTENT.P_System_Mode := L_Persist_Struct.System_Mode;
./repo_logs/assistant_bridge/2026_04_16/step_12_add_persist_struct_adapter_fixed/add_persist_struct_adapter_fixed.log:18:1000:GVL_PERSISTENT.P_System_Mode := L_Persist_Struct.System_Mode;
./repo_logs/assistant_bridge/2026_04_16/step_12_add_persist_struct_adapter_fixed/add_persist_struct_adapter_fixed.log:81:GVL_PERSISTENT.P_System_Mode := L_Persist_Struct.System_Mode;
./repo_logs/assistant_bridge/2026_04_16/step_12_add_persist_struct_adapter_fixed/add_persist_struct_adapter_fixed.log:116:-GVL_PERSISTENT.P_System_Mode := GVL_STATE.G_System_Mode;
./repo_logs/assistant_bridge/2026_04_16/step_12_add_persist_struct_adapter_fixed/add_persist_struct_adapter_fixed.log:133:+GVL_PERSISTENT.P_System_Mode := L_Persist_Struct.System_Mode;
./repo_logs/assistant_bridge/2026_04_16/step_24_event_antiflood_audit/event_antiflood_audit.log:461:GVL_PERSISTENT.P_System_Mode := L_Persist_Struct.System_Mode;
./repo_logs/assistant_bridge/2026_04_16/step_35_prg_system_block_closed/prg_system_block_closed.log:50:1045:GVL_PERSISTENT.P_System_Mode := L_Persist_Struct.System_Mode;
./repo_logs/assistant_bridge/2026_04_16/step_31_system_health_watchdog_audit/system_health_watchdog_audit.log:42:116:        GVL_STATE.G_System_Mode := GVL_PERSISTENT.P_System_Mode;
./repo_logs/assistant_bridge/2026_04_16/step_31_system_health_watchdog_audit/system_health_watchdog_audit.log:229:GVL_PERSISTENT.P_System_Mode := L_Persist_Struct.System_Mode;
./repo_logs/assistant_bridge/2026_04_16/step_09_nvram_current_contract/nvram_current_contract.log:17:PRG_System.st:115:        GVL_STATE.G_System_Mode := GVL_PERSISTENT.P_System_Mode;
./repo_logs/assistant_bridge/2026_04_16/step_09_nvram_current_contract/nvram_current_contract.log:23:PRG_System.st:989:GVL_PERSISTENT.P_System_Mode := GVL_STATE.G_System_Mode;
./repo_logs/assistant_bridge/2026_04_16/step_09_nvram_current_contract/nvram_current_contract.log:29:GVL_PERSISTENT.gvl:4:    P_System_Mode : E_System_Operating_Mode;
./repo_logs/assistant_bridge/2026_04_16/step_09_nvram_current_contract/nvram_current_contract.log:102:        GVL_STATE.G_System_Mode := GVL_PERSISTENT.P_System_Mode;
./repo_logs/assistant_bridge/2026_04_18/step_174_diag_floor_temp_usages/diag_floor_temp_usages.log:11:139:        GVL_STATE.G_System_Mode := GVL_PERSISTENT.P_System_Mode;
./GVL_PERSISTENT.gvl:4:    P_System_Mode : E_System_Operating_Mode;
./snapshots/project_clean_state_2026_04_16/компилятор/out/RESULT_methods_clean.xml:19106:        GVL_STATE.G_System_Mode := GVL_PERSISTENT.P_System_Mode;
./snapshots/project_clean_state_2026_04_16/компилятор/out/RESULT_methods_clean.xml:19985:GVL_PERSISTENT.P_System_Mode := GVL_STATE.G_System_Mode;
./snapshots/project_clean_state_2026_04_16/компилятор/out/RESULT_methods_clean.xml:20086:<data name="http://www.3s-software.com/plcopenxml/globalvars" handleUnknown="implementation"><globalVars name="GVL_PERSISTENT" retain="true"><variable name="P_System_Mode"><type><derived name="E_System_Operating_Mode" /></type></variable><variable name="P_Safety_Gas_Latched"><type><BOOL /></type></variable><variable name="P_Safety_Smoke_Latched"><type><BOOL /></type></variable><variable name="P_Safety_Leak_Latched"><type><BOOL /></type></variable><variable name="P_DHW_Heating_Active"><type><BOOL /></type></variable><variable name="P_Valid"><type><BOOL /></type></variable><addData><data name="http://www.3s-software.com/plcopenxml/objectid" handleUnknown="discard"><ObjectId>a01760fc-f32a-4644-87c3-ab326656d6f4</ObjectId></data></addData></globalVars></data>
./snapshots/project_clean_state_2026_04_16/repo_logs/nvram/nvram_REAL_latest.log:8:    P_System_Mode : E_System_Operating_Mode;
./snapshots/project_clean_state_2026_04_16/repo_logs/nvram/nvram_REAL_latest.log:184:116:        GVL_STATE.G_System_Mode := GVL_PERSISTENT.P_System_Mode;
./snapshots/project_clean_state_2026_04_16/repo_logs/nvram/nvram_REAL_latest.log:205:995:GVL_PERSISTENT.P_System_Mode := GVL_STATE.G_System_Mode;
./snapshots/project_clean_state_2026_04_16/GVL_PERSISTENT.gvl:4:    P_System_Mode : E_System_Operating_Mode;
./snapshots/project_clean_state_2026_04_16/docs/assistant_bridge/nvram_REAL_latest.log:8:    P_System_Mode : E_System_Operating_Mode;
./snapshots/project_clean_state_2026_04_16/docs/assistant_bridge/nvram_REAL_latest.log:184:116:        GVL_STATE.G_System_Mode := GVL_PERSISTENT.P_System_Mode;
./snapshots/project_clean_state_2026_04_16/docs/assistant_bridge/nvram_REAL_latest.log:205:995:GVL_PERSISTENT.P_System_Mode := GVL_STATE.G_System_Mode;
./snapshots/project_clean_state_2026_04_16/PRG_System.st:116:        GVL_STATE.G_System_Mode := GVL_PERSISTENT.P_System_Mode;
./snapshots/project_clean_state_2026_04_16/PRG_System.st:995:GVL_PERSISTENT.P_System_Mode := GVL_STATE.G_System_Mode;
./snapshots/clean_build_2026_04_16/компилятор/out/RESULT_methods_clean.xml:19106:        GVL_STATE.G_System_Mode := GVL_PERSISTENT.P_System_Mode;
./snapshots/clean_build_2026_04_16/компилятор/out/RESULT_methods_clean.xml:19985:GVL_PERSISTENT.P_System_Mode := GVL_STATE.G_System_Mode;
./snapshots/clean_build_2026_04_16/компилятор/out/RESULT_methods_clean.xml:20086:<data name="http://www.3s-software.com/plcopenxml/globalvars" handleUnknown="implementation"><globalVars name="GVL_PERSISTENT" retain="true"><variable name="P_System_Mode"><type><derived name="E_System_Operating_Mode" /></type></variable><variable name="P_Safety_Gas_Latched"><type><BOOL /></type></variable><variable name="P_Safety_Smoke_Latched"><type><BOOL /></type></variable><variable name="P_Safety_Leak_Latched"><type><BOOL /></type></variable><variable name="P_DHW_Heating_Active"><type><BOOL /></type></variable><variable name="P_Valid"><type><BOOL /></type></variable><addData><data name="http://www.3s-software.com/plcopenxml/objectid" handleUnknown="discard"><ObjectId>a01760fc-f32a-4644-87c3-ab326656d6f4</ObjectId></data></addData></globalVars></data>
./docs/assistant_bridge/nvram_REAL_latest.log:8:    P_System_Mode : E_System_Operating_Mode;
./docs/assistant_bridge/nvram_REAL_latest.log:184:116:        GVL_STATE.G_System_Mode := GVL_PERSISTENT.P_System_Mode;
./docs/assistant_bridge/nvram_REAL_latest.log:205:995:GVL_PERSISTENT.P_System_Mode := GVL_STATE.G_System_Mode;
./PRG_System.st:210:        GVL_STATE.G_System_Mode := GVL_PERSISTENT.P_System_Mode;
./PRG_System.st:1147:GVL_PERSISTENT.P_System_Mode := L_Persist_Struct.System_Mode;
