./PRG_System.st.bak_step240:165:    IF GVL_PERSISTENT.P_Valid THEN
./PRG_System.st.bak_step240:166:        GVL_STATE.G_Safety_Gas_Latched := GVL_PERSISTENT.P_Safety_Gas_Latched;
./PRG_System.st.bak_step240:167:        GVL_STATE.G_Safety_Smoke_Latched := GVL_PERSISTENT.P_Safety_Smoke_Latched;
./PRG_System.st.bak_step240:168:        GVL_STATE.G_Safety_Leak_Latched := GVL_PERSISTENT.P_Safety_Leak_Latched;
./PRG_System.st.bak_step240:169:        GVL_STATE.G_System_Mode := GVL_PERSISTENT.P_System_Mode;
./PRG_System.st.bak_step240:1106:GVL_PERSISTENT.P_System_Mode := L_Persist_Struct.System_Mode;
./PRG_System.st.bak_step240:1108:GVL_PERSISTENT.P_Safety_Gas_Latched := L_Persist_Struct.Safety_Gas_Latched;
./PRG_System.st.bak_step240:1109:GVL_PERSISTENT.P_Safety_Smoke_Latched := L_Persist_Struct.Safety_Smoke_Latched;
./PRG_System.st.bak_step240:1110:GVL_PERSISTENT.P_Safety_Leak_Latched := L_Persist_Struct.Safety_Leak_Latched;
./PRG_System.st.bak_step240:1112:GVL_PERSISTENT.P_DHW_Heating_Active := L_Persist_Struct.DHW_Heating_Pump;
./PRG_System.st.bak_step240:1113:GVL_PERSISTENT.P_Valid := L_Persist_Struct.Valid;
./PRG_System.st.bak_step240:1827:    VI_Device_Active  := GVL_PERSISTENT.P_DHW_Heating_Active,
./steps/2026-04-18_add_basic_lifetime_thresholds/03_patch_prg_system_lifetime_nominal_hours.py:8:    VI_Device_Active  := GVL_PERSISTENT.P_DHW_Heating_Active,
./steps/2026-04-18_add_basic_lifetime_thresholds/03_patch_prg_system_lifetime_nominal_hours.py:15:    VI_Device_Active  := GVL_PERSISTENT.P_DHW_Heating_Active,
./steps/2026-04-16_add_persist_struct_adapter_fixed/01_add_persist_struct_adapter_fixed.py:15:GVL_PERSISTENT.P_System_Mode := GVL_STATE.G_System_Mode;
./steps/2026-04-16_add_persist_struct_adapter_fixed/01_add_persist_struct_adapter_fixed.py:17:GVL_PERSISTENT.P_Safety_Gas_Latched := GVL_STATE.G_Safety_Gas_Latched;
./steps/2026-04-16_add_persist_struct_adapter_fixed/01_add_persist_struct_adapter_fixed.py:18:GVL_PERSISTENT.P_Safety_Smoke_Latched := GVL_STATE.G_Safety_Smoke_Latched;
./steps/2026-04-16_add_persist_struct_adapter_fixed/01_add_persist_struct_adapter_fixed.py:19:GVL_PERSISTENT.P_Safety_Leak_Latched := GVL_STATE.G_Safety_Leak_Latched;
./steps/2026-04-16_add_persist_struct_adapter_fixed/01_add_persist_struct_adapter_fixed.py:21:GVL_PERSISTENT.P_DHW_Heating_Active := GVL_STATE.G_DHW_Heating_Pump;
./steps/2026-04-16_add_persist_struct_adapter_fixed/01_add_persist_struct_adapter_fixed.py:23:GVL_PERSISTENT.P_Valid := TRUE;
./steps/2026-04-16_add_persist_struct_adapter_fixed/01_add_persist_struct_adapter_fixed.py:37:GVL_PERSISTENT.P_System_Mode := L_Persist_Struct.System_Mode;
./steps/2026-04-16_add_persist_struct_adapter_fixed/01_add_persist_struct_adapter_fixed.py:39:GVL_PERSISTENT.P_Safety_Gas_Latched := L_Persist_Struct.Safety_Gas_Latched;
./steps/2026-04-16_add_persist_struct_adapter_fixed/01_add_persist_struct_adapter_fixed.py:40:GVL_PERSISTENT.P_Safety_Smoke_Latched := L_Persist_Struct.Safety_Smoke_Latched;
./steps/2026-04-16_add_persist_struct_adapter_fixed/01_add_persist_struct_adapter_fixed.py:41:GVL_PERSISTENT.P_Safety_Leak_Latched := L_Persist_Struct.Safety_Leak_Latched;
./steps/2026-04-16_add_persist_struct_adapter_fixed/01_add_persist_struct_adapter_fixed.py:43:GVL_PERSISTENT.P_DHW_Heating_Active := L_Persist_Struct.DHW_Heating_Pump;
./steps/2026-04-16_add_persist_struct_adapter_fixed/01_add_persist_struct_adapter_fixed.py:44:GVL_PERSISTENT.P_Valid := L_Persist_Struct.Valid;
./steps/2026-04-16_add_persist_struct_adapter/01_add_persist_struct_adapter.py:15:GVL_PERSISTENT.P_System_Mode := GVL_STATE.G_System_Mode;
./steps/2026-04-16_add_persist_struct_adapter/01_add_persist_struct_adapter.py:17:GVL_PERSISTENT.P_Safety_Gas_Latched := GVL_STATE.G_Safety_Gas_Latched;
./steps/2026-04-16_add_persist_struct_adapter/01_add_persist_struct_adapter.py:18:GVL_PERSISTENT.P_Safety_Smoke_Latched := GVL_STATE.G_Safety_Smoke_Latched;
./steps/2026-04-16_add_persist_struct_adapter/01_add_persist_struct_adapter.py:19:GVL_PERSISTENT.P_Safety_Leak_Latched := GVL_STATE.G_Safety_Leak_Latched;
./steps/2026-04-16_add_persist_struct_adapter/01_add_persist_struct_adapter.py:21:GVL_PERSISTENT.P_DHW_Heating_Active := GVL_STATE.G_DHW_Heating_Pump;
./steps/2026-04-16_add_persist_struct_adapter/01_add_persist_struct_adapter.py:22:GVL_PERSISTENT.P_Valid := TRUE;
./steps/2026-04-16_add_persist_struct_adapter/01_add_persist_struct_adapter.py:36:GVL_PERSISTENT.P_System_Mode := L_Persist_Struct.System_Mode;
./steps/2026-04-16_add_persist_struct_adapter/01_add_persist_struct_adapter.py:38:GVL_PERSISTENT.P_Safety_Gas_Latched := L_Persist_Struct.Safety_Gas_Latched;
./steps/2026-04-16_add_persist_struct_adapter/01_add_persist_struct_adapter.py:39:GVL_PERSISTENT.P_Safety_Smoke_Latched := L_Persist_Struct.Safety_Smoke_Latched;
./steps/2026-04-16_add_persist_struct_adapter/01_add_persist_struct_adapter.py:40:GVL_PERSISTENT.P_Safety_Leak_Latched := L_Persist_Struct.Safety_Leak_Latched;
./steps/2026-04-16_add_persist_struct_adapter/01_add_persist_struct_adapter.py:42:GVL_PERSISTENT.P_DHW_Heating_Active := L_Persist_Struct.DHW_Heating_Pump;
./steps/2026-04-16_add_persist_struct_adapter/01_add_persist_struct_adapter.py:43:GVL_PERSISTENT.P_Valid := L_Persist_Struct.Valid;
./steps/2026-04-18_connect_lifetime_pump_signal_only/01_connect_lifetime_pump_signal_only.py:7:new = "    VI_Device_Active  := GVL_PERSISTENT.P_DHW_Heating_Active,\n    VI_Device_ID      := GVL_Lifetime.G_Device_Pump,\n"
./steps/2026-04-18_connect_lifetime_pump_signal_only/01_connect_lifetime_pump_signal_only.py:14:print("OK: connected lifetime pump signal to GVL_PERSISTENT.P_DHW_Heating_Active")
./steps/2026-04-16_pack_nvram_buffer_from_struct_adapter/01_pack_nvram_buffer_from_struct_adapter.py:10:    "IF GVL_PERSISTENT.P_Safety_Gas_Latched THEN":
./steps/2026-04-16_pack_nvram_buffer_from_struct_adapter/01_pack_nvram_buffer_from_struct_adapter.py:13:    "IF GVL_PERSISTENT.P_Safety_Smoke_Latched THEN":
./steps/2026-04-16_pack_nvram_buffer_from_struct_adapter/01_pack_nvram_buffer_from_struct_adapter.py:16:    "IF GVL_PERSISTENT.P_Safety_Leak_Latched THEN":
./steps/2026-04-16_pack_nvram_buffer_from_struct_adapter/01_pack_nvram_buffer_from_struct_adapter.py:19:    "IF GVL_PERSISTENT.P_DHW_Heating_Active THEN":
./diagnostics/2026_04_16/step_10_git_commit_failure_debug.log:156:./GVL_PERSISTENT.gvl
./diagnostics/2026_04_16/step_08_flatten_unpacked_root.log:136:./GVL_PERSISTENT.gvl
./diagnostics/2026_04_16/step_13_full_project_snapshot.log:134:snapshots/project_clean_state_2026_04_16/GVL_PERSISTENT.gvl
./diagnostics/2026_04_16/step_11_project_structure.log:133:./GVL_PERSISTENT.gvl
./diagnostics/2026_04_16/step_11_project_structure.log:376:./GVL_PERSISTENT.gvl
./diagnostics/2026_04_16/step_14_nvram_audit.log:6:-rw-rw-rw- 1 codespace codespace  346 Apr 16 12:33 GVL_PERSISTENT.gvl
./diagnostics/2026_04_16/step_14_nvram_audit.log:206:-- GVL_PERSISTENT.gvl --
./компилятор/out/RESULT_methods_clean.xml:18359:    IF GVL_PERSISTENT.P_Valid THEN
./компилятор/out/RESULT_methods_clean.xml:18360:        GVL_STATE.G_Safety_Gas_Latched := GVL_PERSISTENT.P_Safety_Gas_Latched;
./компилятор/out/RESULT_methods_clean.xml:18361:        GVL_STATE.G_Safety_Smoke_Latched := GVL_PERSISTENT.P_Safety_Smoke_Latched;
./компилятор/out/RESULT_methods_clean.xml:18362:        GVL_STATE.G_Safety_Leak_Latched := GVL_PERSISTENT.P_Safety_Leak_Latched;
./компилятор/out/RESULT_methods_clean.xml:18363:        GVL_STATE.G_System_Mode := GVL_PERSISTENT.P_System_Mode;
./компилятор/out/RESULT_methods_clean.xml:19300:GVL_PERSISTENT.P_System_Mode := L_Persist_Struct.System_Mode;
./компилятор/out/RESULT_methods_clean.xml:19302:GVL_PERSISTENT.P_Safety_Gas_Latched := L_Persist_Struct.Safety_Gas_Latched;
./компилятор/out/RESULT_methods_clean.xml:19303:GVL_PERSISTENT.P_Safety_Smoke_Latched := L_Persist_Struct.Safety_Smoke_Latched;
./компилятор/out/RESULT_methods_clean.xml:19304:GVL_PERSISTENT.P_Safety_Leak_Latched := L_Persist_Struct.Safety_Leak_Latched;
./компилятор/out/RESULT_methods_clean.xml:19306:GVL_PERSISTENT.P_DHW_Heating_Active := L_Persist_Struct.DHW_Heating_Pump;
./компилятор/out/RESULT_methods_clean.xml:19307:GVL_PERSISTENT.P_Valid := L_Persist_Struct.Valid;
./компилятор/out/RESULT_methods_clean.xml:20648:    VI_Device_Active  := GVL_PERSISTENT.P_DHW_Heating_Active,
./компилятор/out/RESULT_methods_clean.xml:20831:<data name="http://www.3s-software.com/plcopenxml/globalvars" handleUnknown="implementation"><globalVars name="GVL_PERSISTENT" retain="true"><variable name="P_System_Mode"><type><derived name="E_System_Operating_Mode" /></type></variable><variable name="P_Safety_Gas_Latched"><type><BOOL /></type></variable><variable name="P_Safety_Smoke_Latched"><type><BOOL /></type></variable><variable name="P_Safety_Leak_Latched"><type><BOOL /></type></variable><variable name="P_DHW_Heating_Active"><type><BOOL /></type></variable><variable name="P_Valid"><type><BOOL /></type></variable><addData><data name="http://www.3s-software.com/plcopenxml/objectid" handleUnknown="discard"><ObjectId>7b214a17-f321-40a2-914e-01bb84cca44e</ObjectId></data></addData></globalVars></data>
./компилятор/out/RESULT_methods_clean.xml:20935:          <Object Name="GVL_PERSISTENT" ObjectId="7b214a17-f321-40a2-914e-01bb84cca44e" />
./repo_logs/diagnostics/2026_04_16/constants_dut_usage.log:133:./GVL_PERSISTENT.gvl
./repo_logs/nvram/nvram_REAL_latest.log:4:== GVL_PERSISTENT ==
./repo_logs/nvram/nvram_REAL_latest.log:180:112:    IF GVL_PERSISTENT.P_Valid THEN
./repo_logs/nvram/nvram_REAL_latest.log:181:113:        GVL_STATE.G_Safety_Gas_Latched := GVL_PERSISTENT.P_Safety_Gas_Latched;
./repo_logs/nvram/nvram_REAL_latest.log:182:114:        GVL_STATE.G_Safety_Smoke_Latched := GVL_PERSISTENT.P_Safety_Smoke_Latched;
./repo_logs/nvram/nvram_REAL_latest.log:183:115:        GVL_STATE.G_Safety_Leak_Latched := GVL_PERSISTENT.P_Safety_Leak_Latched;
./repo_logs/nvram/nvram_REAL_latest.log:184:116:        GVL_STATE.G_System_Mode := GVL_PERSISTENT.P_System_Mode;
./repo_logs/nvram/nvram_REAL_latest.log:188:675:IF GVL_PERSISTENT.P_Safety_Gas_Latched THEN
./repo_logs/nvram/nvram_REAL_latest.log:189:680:IF GVL_PERSISTENT.P_Safety_Smoke_Latched THEN
./repo_logs/nvram/nvram_REAL_latest.log:190:685:IF GVL_PERSISTENT.P_Safety_Leak_Latched THEN
./repo_logs/nvram/nvram_REAL_latest.log:191:690:IF GVL_PERSISTENT.P_DHW_Heating_Active THEN
./repo_logs/nvram/nvram_REAL_latest.log:205:995:GVL_PERSISTENT.P_System_Mode := GVL_STATE.G_System_Mode;
./repo_logs/nvram/nvram_REAL_latest.log:206:997:GVL_PERSISTENT.P_Safety_Gas_Latched := GVL_STATE.G_Safety_Gas_Latched;
./repo_logs/nvram/nvram_REAL_latest.log:207:998:GVL_PERSISTENT.P_Safety_Smoke_Latched := GVL_STATE.G_Safety_Smoke_Latched;
./repo_logs/nvram/nvram_REAL_latest.log:208:999:GVL_PERSISTENT.P_Safety_Leak_Latched := GVL_STATE.G_Safety_Leak_Latched;
./repo_logs/nvram/nvram_REAL_latest.log:209:1001:GVL_PERSISTENT.P_DHW_Heating_Active := GVL_STATE.G_DHW_Heating_Pump;
./repo_logs/nvram/nvram_REAL_latest.log:210:1003:GVL_PERSISTENT.P_Valid := TRUE;
./repo_logs/nvram/2026_04_16/step_19_persist_write_precheck.log:115:    IF GVL_PERSISTENT.P_Valid THEN
./repo_logs/nvram/2026_04_16/step_19_persist_write_precheck.log:116:        GVL_STATE.G_Safety_Gas_Latched := GVL_PERSISTENT.P_Safety_Gas_Latched;
./repo_logs/nvram/2026_04_16/step_19_persist_write_precheck.log:117:        GVL_STATE.G_Safety_Smoke_Latched := GVL_PERSISTENT.P_Safety_Smoke_Latched;
./repo_logs/nvram/2026_04_16/step_19_persist_write_precheck.log:118:        GVL_STATE.G_Safety_Leak_Latched := GVL_PERSISTENT.P_Safety_Leak_Latched;
./repo_logs/nvram/2026_04_16/step_19_persist_write_precheck.log:119:        GVL_STATE.G_System_Mode := GVL_PERSISTENT.P_System_Mode;
./repo_logs/nvram/2026_04_16/step_19_persist_write_precheck.log:220:-- GVL_PERSISTENT full --
./repo_logs/nvram/2026_04_16/step_19_persist_write_precheck.log:239:-- SEARCH all writes to GVL_PERSISTENT --
./repo_logs/nvram/2026_04_16/step_19_persist_write_precheck.log:240:./диагностика/file_access_audit.log:166:GVL_PERSISTENT.gvl	file	yes	yes	yes	0o666
./repo_logs/nvram/2026_04_16/step_19_persist_write_precheck.log:241:./docs/assistant_bridge/nvram_REAL_latest.log:180:112:    IF GVL_PERSISTENT.P_Valid THEN
./repo_logs/nvram/2026_04_16/step_19_persist_write_precheck.log:242:./docs/assistant_bridge/nvram_REAL_latest.log:181:113:        GVL_STATE.G_Safety_Gas_Latched := GVL_PERSISTENT.P_Safety_Gas_Latched;
./repo_logs/nvram/2026_04_16/step_19_persist_write_precheck.log:243:./docs/assistant_bridge/nvram_REAL_latest.log:182:114:        GVL_STATE.G_Safety_Smoke_Latched := GVL_PERSISTENT.P_Safety_Smoke_Latched;
./repo_logs/nvram/2026_04_16/step_19_persist_write_precheck.log:244:./docs/assistant_bridge/nvram_REAL_latest.log:183:115:        GVL_STATE.G_Safety_Leak_Latched := GVL_PERSISTENT.P_Safety_Leak_Latched;
./repo_logs/nvram/2026_04_16/step_19_persist_write_precheck.log:245:./docs/assistant_bridge/nvram_REAL_latest.log:184:116:        GVL_STATE.G_System_Mode := GVL_PERSISTENT.P_System_Mode;
./repo_logs/nvram/2026_04_16/step_19_persist_write_precheck.log:246:./docs/assistant_bridge/nvram_REAL_latest.log:188:675:IF GVL_PERSISTENT.P_Safety_Gas_Latched THEN
./repo_logs/nvram/2026_04_16/step_19_persist_write_precheck.log:247:./docs/assistant_bridge/nvram_REAL_latest.log:189:680:IF GVL_PERSISTENT.P_Safety_Smoke_Latched THEN
./repo_logs/nvram/2026_04_16/step_19_persist_write_precheck.log:248:./docs/assistant_bridge/nvram_REAL_latest.log:190:685:IF GVL_PERSISTENT.P_Safety_Leak_Latched THEN
./repo_logs/nvram/2026_04_16/step_19_persist_write_precheck.log:249:./docs/assistant_bridge/nvram_REAL_latest.log:191:690:IF GVL_PERSISTENT.P_DHW_Heating_Active THEN
./repo_logs/nvram/2026_04_16/step_19_persist_write_precheck.log:250:./docs/assistant_bridge/nvram_REAL_latest.log:205:995:GVL_PERSISTENT.P_System_Mode := GVL_STATE.G_System_Mode;
./repo_logs/nvram/2026_04_16/step_19_persist_write_precheck.log:251:./docs/assistant_bridge/nvram_REAL_latest.log:206:997:GVL_PERSISTENT.P_Safety_Gas_Latched := GVL_STATE.G_Safety_Gas_Latched;
./repo_logs/nvram/2026_04_16/step_19_persist_write_precheck.log:252:./docs/assistant_bridge/nvram_REAL_latest.log:207:998:GVL_PERSISTENT.P_Safety_Smoke_Latched := GVL_STATE.G_Safety_Smoke_Latched;
./repo_logs/nvram/2026_04_16/step_19_persist_write_precheck.log:253:./docs/assistant_bridge/nvram_REAL_latest.log:208:999:GVL_PERSISTENT.P_Safety_Leak_Latched := GVL_STATE.G_Safety_Leak_Latched;
./repo_logs/nvram/2026_04_16/step_19_persist_write_precheck.log:254:./docs/assistant_bridge/nvram_REAL_latest.log:209:1001:GVL_PERSISTENT.P_DHW_Heating_Active := GVL_STATE.G_DHW_Heating_Pump;
./repo_logs/nvram/2026_04_16/step_19_persist_write_precheck.log:255:./docs/assistant_bridge/nvram_REAL_latest.log:210:1003:GVL_PERSISTENT.P_Valid := TRUE;
./repo_logs/nvram/2026_04_16/step_19_persist_write_precheck.log:256:./PRG_System.st:112:    IF GVL_PERSISTENT.P_Valid THEN
./repo_logs/nvram/2026_04_16/step_19_persist_write_precheck.log:257:./PRG_System.st:113:        GVL_STATE.G_Safety_Gas_Latched := GVL_PERSISTENT.P_Safety_Gas_Latched;
./repo_logs/nvram/2026_04_16/step_19_persist_write_precheck.log:258:./PRG_System.st:114:        GVL_STATE.G_Safety_Smoke_Latched := GVL_PERSISTENT.P_Safety_Smoke_Latched;
./repo_logs/nvram/2026_04_16/step_19_persist_write_precheck.log:259:./PRG_System.st:115:        GVL_STATE.G_Safety_Leak_Latched := GVL_PERSISTENT.P_Safety_Leak_Latched;
./repo_logs/nvram/2026_04_16/step_19_persist_write_precheck.log:260:./PRG_System.st:116:        GVL_STATE.G_System_Mode := GVL_PERSISTENT.P_System_Mode;
./repo_logs/nvram/2026_04_16/step_19_persist_write_precheck.log:261:./PRG_System.st:675:IF GVL_PERSISTENT.P_Safety_Gas_Latched THEN
./repo_logs/nvram/2026_04_16/step_19_persist_write_precheck.log:262:./PRG_System.st:680:IF GVL_PERSISTENT.P_Safety_Smoke_Latched THEN
./repo_logs/nvram/2026_04_16/step_19_persist_write_precheck.log:263:./PRG_System.st:685:IF GVL_PERSISTENT.P_Safety_Leak_Latched THEN
./repo_logs/nvram/2026_04_16/step_19_persist_write_precheck.log:264:./PRG_System.st:690:IF GVL_PERSISTENT.P_DHW_Heating_Active THEN
./repo_logs/nvram/2026_04_16/step_19_persist_write_precheck.log:265:./PRG_System.st:995:GVL_PERSISTENT.P_System_Mode := GVL_STATE.G_System_Mode;
./repo_logs/nvram/2026_04_16/step_19_persist_write_precheck.log:266:./PRG_System.st:997:GVL_PERSISTENT.P_Safety_Gas_Latched := GVL_STATE.G_Safety_Gas_Latched;
./repo_logs/nvram/2026_04_16/step_19_persist_write_precheck.log:267:./PRG_System.st:998:GVL_PERSISTENT.P_Safety_Smoke_Latched := GVL_STATE.G_Safety_Smoke_Latched;
./repo_logs/nvram/2026_04_16/step_19_persist_write_precheck.log:268:./PRG_System.st:999:GVL_PERSISTENT.P_Safety_Leak_Latched := GVL_STATE.G_Safety_Leak_Latched;
./repo_logs/nvram/2026_04_16/step_19_persist_write_precheck.log:269:./PRG_System.st:1001:GVL_PERSISTENT.P_DHW_Heating_Active := GVL_STATE.G_DHW_Heating_Pump;
./repo_logs/nvram/2026_04_16/step_19_persist_write_precheck.log:270:./PRG_System.st:1003:GVL_PERSISTENT.P_Valid := TRUE;
./repo_logs/nvram/2026_04_16/step_17_startup_entry.log:2410:    IF GVL_PERSISTENT.P_Valid THEN
./repo_logs/nvram/2026_04_16/step_17_startup_entry.log:2411:        GVL_STATE.G_Safety_Gas_Latched := GVL_PERSISTENT.P_Safety_Gas_Latched;
./repo_logs/nvram/2026_04_16/step_17_startup_entry.log:2412:        GVL_STATE.G_Safety_Smoke_Latched := GVL_PERSISTENT.P_Safety_Smoke_Latched;
./repo_logs/nvram/2026_04_16/step_17_startup_entry.log:2413:        GVL_STATE.G_Safety_Leak_Latched := GVL_PERSISTENT.P_Safety_Leak_Latched;
./repo_logs/nvram/2026_04_16/step_17_startup_entry.log:2414:        GVL_STATE.G_System_Mode := GVL_PERSISTENT.P_System_Mode;
./repo_logs/nvram/2026_04_16/step_16_nvram_runtime_flow.log:813:    IF GVL_PERSISTENT.P_Valid THEN
./repo_logs/nvram/2026_04_16/step_16_nvram_runtime_flow.log:814:        GVL_STATE.G_Safety_Gas_Latched := GVL_PERSISTENT.P_Safety_Gas_Latched;
./repo_logs/nvram/2026_04_16/step_16_nvram_runtime_flow.log:815:        GVL_STATE.G_Safety_Smoke_Latched := GVL_PERSISTENT.P_Safety_Smoke_Latched;
./repo_logs/nvram/2026_04_16/step_16_nvram_runtime_flow.log:816:        GVL_STATE.G_Safety_Leak_Latched := GVL_PERSISTENT.P_Safety_Leak_Latched;
./repo_logs/nvram/2026_04_16/step_16_nvram_runtime_flow.log:817:        GVL_STATE.G_System_Mode := GVL_PERSISTENT.P_System_Mode;
./repo_logs/nvram/2026_04_20/retain_layout.log:15:./GVL_PERSISTENT.gvl:1: VAR_GLOBAL PERSISTENT RETAIN
./repo_logs/nvram/2026_04_20/retain_layout.log:65:./snapshots/project_clean_state_2026_04_16/GVL_PERSISTENT.gvl:1: VAR_GLOBAL PERSISTENT RETAIN
./repo_logs/assistant_bridge/2026_04_19/step_269b_snapshot_real_audit/snapshot_real_audit.log:125:-rw-rw-rw-    1 codespace codespace    346 Apr 16 12:33 GVL_PERSISTENT.gvl
./repo_logs/assistant_bridge/2026_04_19/step_269b_snapshot_real_audit/snapshot_real_audit.log:1545:./diagnostics/2026_04_16/step_13_full_project_snapshot.log:134:snapshots/project_clean_state_2026_04_16/GVL_PERSISTENT.gvl
./repo_logs/assistant_bridge/2026_04_19/step_269b_snapshot_real_audit/snapshot_real_audit.log:10249:./repo_logs/assistant_bridge/2026_04_16/step_05_persistence_path_reconciliation/persistence_path_reconciliation.log:485:./snapshots/project_clean_state_2026_04_16/компилятор/out/RESULT_methods_clean.xml:19102:    IF GVL_PERSISTENT.P_Valid THEN
./repo_logs/assistant_bridge/2026_04_19/step_269b_snapshot_real_audit/snapshot_real_audit.log:10250:./repo_logs/assistant_bridge/2026_04_16/step_05_persistence_path_reconciliation/persistence_path_reconciliation.log:486:./snapshots/project_clean_state_2026_04_16/компилятор/out/RESULT_methods_clean.xml:19103:        GVL_STATE.G_Safety_Gas_Latched := GVL_PERSISTENT.P_Safety_Gas_Latched;
./repo_logs/assistant_bridge/2026_04_19/step_269b_snapshot_real_audit/snapshot_real_audit.log:10251:./repo_logs/assistant_bridge/2026_04_16/step_05_persistence_path_reconciliation/persistence_path_reconciliation.log:487:./snapshots/project_clean_state_2026_04_16/компилятор/out/RESULT_methods_clean.xml:19104:        GVL_STATE.G_Safety_Smoke_Latched := GVL_PERSISTENT.P_Safety_Smoke_Latched;
./repo_logs/assistant_bridge/2026_04_19/step_269b_snapshot_real_audit/snapshot_real_audit.log:10252:./repo_logs/assistant_bridge/2026_04_16/step_05_persistence_path_reconciliation/persistence_path_reconciliation.log:488:./snapshots/project_clean_state_2026_04_16/компилятор/out/RESULT_methods_clean.xml:19105:        GVL_STATE.G_Safety_Leak_Latched := GVL_PERSISTENT.P_Safety_Leak_Latched;
./repo_logs/assistant_bridge/2026_04_19/step_269b_snapshot_real_audit/snapshot_real_audit.log:10253:./repo_logs/assistant_bridge/2026_04_16/step_05_persistence_path_reconciliation/persistence_path_reconciliation.log:489:./snapshots/project_clean_state_2026_04_16/компилятор/out/RESULT_methods_clean.xml:19106:        GVL_STATE.G_System_Mode := GVL_PERSISTENT.P_System_Mode;
./repo_logs/assistant_bridge/2026_04_19/step_269b_snapshot_real_audit/snapshot_real_audit.log:10255:./repo_logs/assistant_bridge/2026_04_16/step_05_persistence_path_reconciliation/persistence_path_reconciliation.log:491:./snapshots/project_clean_state_2026_04_16/компилятор/out/RESULT_methods_clean.xml:19665:IF GVL_PERSISTENT.P_Safety_Gas_Latched THEN
./repo_logs/assistant_bridge/2026_04_19/step_269b_snapshot_real_audit/snapshot_real_audit.log:10256:./repo_logs/assistant_bridge/2026_04_16/step_05_persistence_path_reconciliation/persistence_path_reconciliation.log:492:./snapshots/project_clean_state_2026_04_16/компилятор/out/RESULT_methods_clean.xml:19670:IF GVL_PERSISTENT.P_Safety_Smoke_Latched THEN
./repo_logs/assistant_bridge/2026_04_19/step_269b_snapshot_real_audit/snapshot_real_audit.log:10257:./repo_logs/assistant_bridge/2026_04_16/step_05_persistence_path_reconciliation/persistence_path_reconciliation.log:493:./snapshots/project_clean_state_2026_04_16/компилятор/out/RESULT_methods_clean.xml:19675:IF GVL_PERSISTENT.P_Safety_Leak_Latched THEN
./repo_logs/assistant_bridge/2026_04_19/step_269b_snapshot_real_audit/snapshot_real_audit.log:10258:./repo_logs/assistant_bridge/2026_04_16/step_05_persistence_path_reconciliation/persistence_path_reconciliation.log:494:./snapshots/project_clean_state_2026_04_16/компилятор/out/RESULT_methods_clean.xml:19680:IF GVL_PERSISTENT.P_DHW_Heating_Active THEN
./repo_logs/assistant_bridge/2026_04_19/step_269b_snapshot_real_audit/snapshot_real_audit.log:10259:./repo_logs/assistant_bridge/2026_04_16/step_05_persistence_path_reconciliation/persistence_path_reconciliation.log:495:./snapshots/project_clean_state_2026_04_16/компилятор/out/RESULT_methods_clean.xml:19985:GVL_PERSISTENT.P_System_Mode := GVL_STATE.G_System_Mode;
./repo_logs/assistant_bridge/2026_04_19/step_269b_snapshot_real_audit/snapshot_real_audit.log:10260:./repo_logs/assistant_bridge/2026_04_16/step_05_persistence_path_reconciliation/persistence_path_reconciliation.log:496:./snapshots/project_clean_state_2026_04_16/компилятор/out/RESULT_methods_clean.xml:19987:GVL_PERSISTENT.P_Safety_Gas_Latched := GVL_STATE.G_Safety_Gas_Latched;
./repo_logs/assistant_bridge/2026_04_19/step_269b_snapshot_real_audit/snapshot_real_audit.log:10261:./repo_logs/assistant_bridge/2026_04_16/step_05_persistence_path_reconciliation/persistence_path_reconciliation.log:497:./snapshots/project_clean_state_2026_04_16/компилятор/out/RESULT_methods_clean.xml:19988:GVL_PERSISTENT.P_Safety_Smoke_Latched := GVL_STATE.G_Safety_Smoke_Latched;
./repo_logs/assistant_bridge/2026_04_19/step_269b_snapshot_real_audit/snapshot_real_audit.log:10262:./repo_logs/assistant_bridge/2026_04_16/step_05_persistence_path_reconciliation/persistence_path_reconciliation.log:498:./snapshots/project_clean_state_2026_04_16/компилятор/out/RESULT_methods_clean.xml:19989:GVL_PERSISTENT.P_Safety_Leak_Latched := GVL_STATE.G_Safety_Leak_Latched;
./repo_logs/assistant_bridge/2026_04_19/step_269b_snapshot_real_audit/snapshot_real_audit.log:10263:./repo_logs/assistant_bridge/2026_04_16/step_05_persistence_path_reconciliation/persistence_path_reconciliation.log:499:./snapshots/project_clean_state_2026_04_16/компилятор/out/RESULT_methods_clean.xml:19991:GVL_PERSISTENT.P_DHW_Heating_Active := GVL_STATE.G_DHW_Heating_Pump;
./repo_logs/assistant_bridge/2026_04_19/step_269b_snapshot_real_audit/snapshot_real_audit.log:10264:./repo_logs/assistant_bridge/2026_04_16/step_05_persistence_path_reconciliation/persistence_path_reconciliation.log:500:./snapshots/project_clean_state_2026_04_16/компилятор/out/RESULT_methods_clean.xml:19993:GVL_PERSISTENT.P_Valid := TRUE;
./repo_logs/assistant_bridge/2026_04_19/step_269b_snapshot_real_audit/snapshot_real_audit.log:10265:./repo_logs/assistant_bridge/2026_04_16/step_05_persistence_path_reconciliation/persistence_path_reconciliation.log:501:./snapshots/project_clean_state_2026_04_16/компилятор/out/RESULT_methods_clean.xml:20086:<data name="http://www.3s-software.com/plcopenxml/globalvars" handleUnknown="implementation"><globalVars name="GVL_PERSISTENT" retain="true"><variable name="P_System_Mode"><type><derived name="E_System_Operating_Mode" /></type></variable><variable name="P_Safety_Gas_Latched"><type><BOOL /></type></variable><variable name="P_Safety_Smoke_Latched"><type><BOOL /></type></variable><variable name="P_Safety_Leak_Latched"><type><BOOL /></type></variable><variable name="P_DHW_Heating_Active"><type><BOOL /></type></variable><variable name="P_Valid"><type><BOOL /></type></variable><addData><data name="http://www.3s-software.com/plcopenxml/objectid" handleUnknown="discard"><ObjectId>a01760fc-f32a-4644-87c3-ab326656d6f4</ObjectId></data></addData></globalVars></data>
./repo_logs/assistant_bridge/2026_04_19/step_269b_snapshot_real_audit/snapshot_real_audit.log:10272:./repo_logs/assistant_bridge/2026_04_16/step_05_persistence_path_reconciliation/persistence_path_reconciliation.log:508:./snapshots/project_clean_state_2026_04_16/repo_logs/nvram/nvram_REAL_latest.log:180:112:    IF GVL_PERSISTENT.P_Valid THEN
./repo_logs/assistant_bridge/2026_04_19/step_269b_snapshot_real_audit/snapshot_real_audit.log:10273:./repo_logs/assistant_bridge/2026_04_16/step_05_persistence_path_reconciliation/persistence_path_reconciliation.log:509:./snapshots/project_clean_state_2026_04_16/repo_logs/nvram/nvram_REAL_latest.log:181:113:        GVL_STATE.G_Safety_Gas_Latched := GVL_PERSISTENT.P_Safety_Gas_Latched;
./repo_logs/assistant_bridge/2026_04_19/step_269b_snapshot_real_audit/snapshot_real_audit.log:10274:./repo_logs/assistant_bridge/2026_04_16/step_05_persistence_path_reconciliation/persistence_path_reconciliation.log:510:./snapshots/project_clean_state_2026_04_16/repo_logs/nvram/nvram_REAL_latest.log:182:114:        GVL_STATE.G_Safety_Smoke_Latched := GVL_PERSISTENT.P_Safety_Smoke_Latched;
./repo_logs/assistant_bridge/2026_04_19/step_269b_snapshot_real_audit/snapshot_real_audit.log:10275:./repo_logs/assistant_bridge/2026_04_16/step_05_persistence_path_reconciliation/persistence_path_reconciliation.log:511:./snapshots/project_clean_state_2026_04_16/repo_logs/nvram/nvram_REAL_latest.log:183:115:        GVL_STATE.G_Safety_Leak_Latched := GVL_PERSISTENT.P_Safety_Leak_Latched;
./repo_logs/assistant_bridge/2026_04_19/step_269b_snapshot_real_audit/snapshot_real_audit.log:10276:./repo_logs/assistant_bridge/2026_04_16/step_05_persistence_path_reconciliation/persistence_path_reconciliation.log:512:./snapshots/project_clean_state_2026_04_16/repo_logs/nvram/nvram_REAL_latest.log:184:116:        GVL_STATE.G_System_Mode := GVL_PERSISTENT.P_System_Mode;
./repo_logs/assistant_bridge/2026_04_19/step_269b_snapshot_real_audit/snapshot_real_audit.log:10277:./repo_logs/assistant_bridge/2026_04_16/step_05_persistence_path_reconciliation/persistence_path_reconciliation.log:513:./snapshots/project_clean_state_2026_04_16/repo_logs/nvram/nvram_REAL_latest.log:188:675:IF GVL_PERSISTENT.P_Safety_Gas_Latched THEN
./repo_logs/assistant_bridge/2026_04_19/step_269b_snapshot_real_audit/snapshot_real_audit.log:10278:./repo_logs/assistant_bridge/2026_04_16/step_05_persistence_path_reconciliation/persistence_path_reconciliation.log:514:./snapshots/project_clean_state_2026_04_16/repo_logs/nvram/nvram_REAL_latest.log:189:680:IF GVL_PERSISTENT.P_Safety_Smoke_Latched THEN
./repo_logs/assistant_bridge/2026_04_19/step_269b_snapshot_real_audit/snapshot_real_audit.log:10279:./repo_logs/assistant_bridge/2026_04_16/step_05_persistence_path_reconciliation/persistence_path_reconciliation.log:515:./snapshots/project_clean_state_2026_04_16/repo_logs/nvram/nvram_REAL_latest.log:190:685:IF GVL_PERSISTENT.P_Safety_Leak_Latched THEN
./repo_logs/assistant_bridge/2026_04_19/step_269b_snapshot_real_audit/snapshot_real_audit.log:10280:./repo_logs/assistant_bridge/2026_04_16/step_05_persistence_path_reconciliation/persistence_path_reconciliation.log:516:./snapshots/project_clean_state_2026_04_16/repo_logs/nvram/nvram_REAL_latest.log:191:690:IF GVL_PERSISTENT.P_DHW_Heating_Active THEN
./repo_logs/assistant_bridge/2026_04_19/step_269b_snapshot_real_audit/snapshot_real_audit.log:10281:./repo_logs/assistant_bridge/2026_04_16/step_05_persistence_path_reconciliation/persistence_path_reconciliation.log:517:./snapshots/project_clean_state_2026_04_16/repo_logs/nvram/nvram_REAL_latest.log:205:995:GVL_PERSISTENT.P_System_Mode := GVL_STATE.G_System_Mode;
./repo_logs/assistant_bridge/2026_04_19/step_269b_snapshot_real_audit/snapshot_real_audit.log:10282:./repo_logs/assistant_bridge/2026_04_16/step_05_persistence_path_reconciliation/persistence_path_reconciliation.log:518:./snapshots/project_clean_state_2026_04_16/repo_logs/nvram/nvram_REAL_latest.log:206:997:GVL_PERSISTENT.P_Safety_Gas_Latched := GVL_STATE.G_Safety_Gas_Latched;
./repo_logs/assistant_bridge/2026_04_19/step_269b_snapshot_real_audit/snapshot_real_audit.log:10283:./repo_logs/assistant_bridge/2026_04_16/step_05_persistence_path_reconciliation/persistence_path_reconciliation.log:519:./snapshots/project_clean_state_2026_04_16/repo_logs/nvram/nvram_REAL_latest.log:207:998:GVL_PERSISTENT.P_Safety_Smoke_Latched := GVL_STATE.G_Safety_Smoke_Latched;
./repo_logs/assistant_bridge/2026_04_19/step_269b_snapshot_real_audit/snapshot_real_audit.log:10284:./repo_logs/assistant_bridge/2026_04_16/step_05_persistence_path_reconciliation/persistence_path_reconciliation.log:520:./snapshots/project_clean_state_2026_04_16/repo_logs/nvram/nvram_REAL_latest.log:208:999:GVL_PERSISTENT.P_Safety_Leak_Latched := GVL_STATE.G_Safety_Leak_Latched;
./repo_logs/assistant_bridge/2026_04_19/step_269b_snapshot_real_audit/snapshot_real_audit.log:10285:./repo_logs/assistant_bridge/2026_04_16/step_05_persistence_path_reconciliation/persistence_path_reconciliation.log:521:./snapshots/project_clean_state_2026_04_16/repo_logs/nvram/nvram_REAL_latest.log:209:1001:GVL_PERSISTENT.P_DHW_Heating_Active := GVL_STATE.G_DHW_Heating_Pump;
./repo_logs/assistant_bridge/2026_04_19/step_269b_snapshot_real_audit/snapshot_real_audit.log:10286:./repo_logs/assistant_bridge/2026_04_16/step_05_persistence_path_reconciliation/persistence_path_reconciliation.log:522:./snapshots/project_clean_state_2026_04_16/repo_logs/nvram/nvram_REAL_latest.log:210:1003:GVL_PERSISTENT.P_Valid := TRUE;
./repo_logs/assistant_bridge/2026_04_19/step_269b_snapshot_real_audit/snapshot_real_audit.log:10287:./repo_logs/assistant_bridge/2026_04_16/step_05_persistence_path_reconciliation/persistence_path_reconciliation.log:523:./snapshots/project_clean_state_2026_04_16/GVL_PERSISTENT.gvl:4:    P_System_Mode : E_System_Operating_Mode;
./repo_logs/assistant_bridge/2026_04_19/step_269b_snapshot_real_audit/snapshot_real_audit.log:10288:./repo_logs/assistant_bridge/2026_04_16/step_05_persistence_path_reconciliation/persistence_path_reconciliation.log:524:./snapshots/project_clean_state_2026_04_16/GVL_PERSISTENT.gvl:7:    P_Safety_Gas_Latched : BOOL;
./repo_logs/assistant_bridge/2026_04_19/step_269b_snapshot_real_audit/snapshot_real_audit.log:10289:./repo_logs/assistant_bridge/2026_04_16/step_05_persistence_path_reconciliation/persistence_path_reconciliation.log:525:./snapshots/project_clean_state_2026_04_16/GVL_PERSISTENT.gvl:8:    P_Safety_Smoke_Latched : BOOL;
./repo_logs/assistant_bridge/2026_04_19/step_269b_snapshot_real_audit/snapshot_real_audit.log:10290:./repo_logs/assistant_bridge/2026_04_16/step_05_persistence_path_reconciliation/persistence_path_reconciliation.log:526:./snapshots/project_clean_state_2026_04_16/GVL_PERSISTENT.gvl:9:    P_Safety_Leak_Latched : BOOL;
./repo_logs/assistant_bridge/2026_04_19/step_269b_snapshot_real_audit/snapshot_real_audit.log:10291:./repo_logs/assistant_bridge/2026_04_16/step_05_persistence_path_reconciliation/persistence_path_reconciliation.log:527:./snapshots/project_clean_state_2026_04_16/GVL_PERSISTENT.gvl:12:    P_DHW_Heating_Active : BOOL;
./repo_logs/assistant_bridge/2026_04_19/step_269b_snapshot_real_audit/snapshot_real_audit.log:10292:./repo_logs/assistant_bridge/2026_04_16/step_05_persistence_path_reconciliation/persistence_path_reconciliation.log:528:./snapshots/project_clean_state_2026_04_16/GVL_PERSISTENT.gvl:15:    P_Valid : BOOL;
./repo_logs/assistant_bridge/2026_04_19/step_269b_snapshot_real_audit/snapshot_real_audit.log:10299:./repo_logs/assistant_bridge/2026_04_16/step_05_persistence_path_reconciliation/persistence_path_reconciliation.log:535:./snapshots/project_clean_state_2026_04_16/docs/assistant_bridge/nvram_REAL_latest.log:180:112:    IF GVL_PERSISTENT.P_Valid THEN
./repo_logs/assistant_bridge/2026_04_19/step_269b_snapshot_real_audit/snapshot_real_audit.log:10300:./repo_logs/assistant_bridge/2026_04_16/step_05_persistence_path_reconciliation/persistence_path_reconciliation.log:536:./snapshots/project_clean_state_2026_04_16/docs/assistant_bridge/nvram_REAL_latest.log:181:113:        GVL_STATE.G_Safety_Gas_Latched := GVL_PERSISTENT.P_Safety_Gas_Latched;
./repo_logs/assistant_bridge/2026_04_19/step_269b_snapshot_real_audit/snapshot_real_audit.log:10301:./repo_logs/assistant_bridge/2026_04_16/step_05_persistence_path_reconciliation/persistence_path_reconciliation.log:537:./snapshots/project_clean_state_2026_04_16/docs/assistant_bridge/nvram_REAL_latest.log:182:114:        GVL_STATE.G_Safety_Smoke_Latched := GVL_PERSISTENT.P_Safety_Smoke_Latched;
./repo_logs/assistant_bridge/2026_04_19/step_269b_snapshot_real_audit/snapshot_real_audit.log:10302:./repo_logs/assistant_bridge/2026_04_16/step_05_persistence_path_reconciliation/persistence_path_reconciliation.log:538:./snapshots/project_clean_state_2026_04_16/docs/assistant_bridge/nvram_REAL_latest.log:183:115:        GVL_STATE.G_Safety_Leak_Latched := GVL_PERSISTENT.P_Safety_Leak_Latched;
./repo_logs/assistant_bridge/2026_04_19/step_269b_snapshot_real_audit/snapshot_real_audit.log:10303:./repo_logs/assistant_bridge/2026_04_16/step_05_persistence_path_reconciliation/persistence_path_reconciliation.log:539:./snapshots/project_clean_state_2026_04_16/docs/assistant_bridge/nvram_REAL_latest.log:184:116:        GVL_STATE.G_System_Mode := GVL_PERSISTENT.P_System_Mode;
./repo_logs/assistant_bridge/2026_04_19/step_269b_snapshot_real_audit/snapshot_real_audit.log:10304:./repo_logs/assistant_bridge/2026_04_16/step_05_persistence_path_reconciliation/persistence_path_reconciliation.log:540:./snapshots/project_clean_state_2026_04_16/docs/assistant_bridge/nvram_REAL_latest.log:188:675:IF GVL_PERSISTENT.P_Safety_Gas_Latched THEN
./repo_logs/assistant_bridge/2026_04_19/step_269b_snapshot_real_audit/snapshot_real_audit.log:10305:./repo_logs/assistant_bridge/2026_04_16/step_05_persistence_path_reconciliation/persistence_path_reconciliation.log:541:./snapshots/project_clean_state_2026_04_16/docs/assistant_bridge/nvram_REAL_latest.log:189:680:IF GVL_PERSISTENT.P_Safety_Smoke_Latched THEN
./repo_logs/assistant_bridge/2026_04_19/step_269b_snapshot_real_audit/snapshot_real_audit.log:10306:./repo_logs/assistant_bridge/2026_04_16/step_05_persistence_path_reconciliation/persistence_path_reconciliation.log:542:./snapshots/project_clean_state_2026_04_16/docs/assistant_bridge/nvram_REAL_latest.log:190:685:IF GVL_PERSISTENT.P_Safety_Leak_Latched THEN
./repo_logs/assistant_bridge/2026_04_19/step_269b_snapshot_real_audit/snapshot_real_audit.log:10307:./repo_logs/assistant_bridge/2026_04_16/step_05_persistence_path_reconciliation/persistence_path_reconciliation.log:543:./snapshots/project_clean_state_2026_04_16/docs/assistant_bridge/nvram_REAL_latest.log:191:690:IF GVL_PERSISTENT.P_DHW_Heating_Active THEN
./repo_logs/assistant_bridge/2026_04_19/step_269b_snapshot_real_audit/snapshot_real_audit.log:10308:./repo_logs/assistant_bridge/2026_04_16/step_05_persistence_path_reconciliation/persistence_path_reconciliation.log:544:./snapshots/project_clean_state_2026_04_16/docs/assistant_bridge/nvram_REAL_latest.log:205:995:GVL_PERSISTENT.P_System_Mode := GVL_STATE.G_System_Mode;
./repo_logs/assistant_bridge/2026_04_19/step_269b_snapshot_real_audit/snapshot_real_audit.log:10309:./repo_logs/assistant_bridge/2026_04_16/step_05_persistence_path_reconciliation/persistence_path_reconciliation.log:545:./snapshots/project_clean_state_2026_04_16/docs/assistant_bridge/nvram_REAL_latest.log:206:997:GVL_PERSISTENT.P_Safety_Gas_Latched := GVL_STATE.G_Safety_Gas_Latched;
./repo_logs/assistant_bridge/2026_04_19/step_269b_snapshot_real_audit/snapshot_real_audit.log:10310:./repo_logs/assistant_bridge/2026_04_16/step_05_persistence_path_reconciliation/persistence_path_reconciliation.log:546:./snapshots/project_clean_state_2026_04_16/docs/assistant_bridge/nvram_REAL_latest.log:207:998:GVL_PERSISTENT.P_Safety_Smoke_Latched := GVL_STATE.G_Safety_Smoke_Latched;
./repo_logs/assistant_bridge/2026_04_19/step_269b_snapshot_real_audit/snapshot_real_audit.log:10311:./repo_logs/assistant_bridge/2026_04_16/step_05_persistence_path_reconciliation/persistence_path_reconciliation.log:547:./snapshots/project_clean_state_2026_04_16/docs/assistant_bridge/nvram_REAL_latest.log:208:999:GVL_PERSISTENT.P_Safety_Leak_Latched := GVL_STATE.G_Safety_Leak_Latched;
./repo_logs/assistant_bridge/2026_04_19/step_269b_snapshot_real_audit/snapshot_real_audit.log:10312:./repo_logs/assistant_bridge/2026_04_16/step_05_persistence_path_reconciliation/persistence_path_reconciliation.log:548:./snapshots/project_clean_state_2026_04_16/docs/assistant_bridge/nvram_REAL_latest.log:209:1001:GVL_PERSISTENT.P_DHW_Heating_Active := GVL_STATE.G_DHW_Heating_Pump;
./repo_logs/assistant_bridge/2026_04_19/step_269b_snapshot_real_audit/snapshot_real_audit.log:10313:./repo_logs/assistant_bridge/2026_04_16/step_05_persistence_path_reconciliation/persistence_path_reconciliation.log:549:./snapshots/project_clean_state_2026_04_16/docs/assistant_bridge/nvram_REAL_latest.log:210:1003:GVL_PERSISTENT.P_Valid := TRUE;
./repo_logs/assistant_bridge/2026_04_19/step_269b_snapshot_real_audit/snapshot_real_audit.log:10316:./repo_logs/assistant_bridge/2026_04_16/step_05_persistence_path_reconciliation/persistence_path_reconciliation.log:552:./snapshots/project_clean_state_2026_04_16/PRG_System.st:112:    IF GVL_PERSISTENT.P_Valid THEN
./repo_logs/assistant_bridge/2026_04_19/step_269b_snapshot_real_audit/snapshot_real_audit.log:10317:./repo_logs/assistant_bridge/2026_04_16/step_05_persistence_path_reconciliation/persistence_path_reconciliation.log:553:./snapshots/project_clean_state_2026_04_16/PRG_System.st:113:        GVL_STATE.G_Safety_Gas_Latched := GVL_PERSISTENT.P_Safety_Gas_Latched;
./repo_logs/assistant_bridge/2026_04_19/step_269b_snapshot_real_audit/snapshot_real_audit.log:10318:./repo_logs/assistant_bridge/2026_04_16/step_05_persistence_path_reconciliation/persistence_path_reconciliation.log:554:./snapshots/project_clean_state_2026_04_16/PRG_System.st:114:        GVL_STATE.G_Safety_Smoke_Latched := GVL_PERSISTENT.P_Safety_Smoke_Latched;
./repo_logs/assistant_bridge/2026_04_19/step_269b_snapshot_real_audit/snapshot_real_audit.log:10319:./repo_logs/assistant_bridge/2026_04_16/step_05_persistence_path_reconciliation/persistence_path_reconciliation.log:555:./snapshots/project_clean_state_2026_04_16/PRG_System.st:115:        GVL_STATE.G_Safety_Leak_Latched := GVL_PERSISTENT.P_Safety_Leak_Latched;
./repo_logs/assistant_bridge/2026_04_19/step_269b_snapshot_real_audit/snapshot_real_audit.log:10320:./repo_logs/assistant_bridge/2026_04_16/step_05_persistence_path_reconciliation/persistence_path_reconciliation.log:556:./snapshots/project_clean_state_2026_04_16/PRG_System.st:116:        GVL_STATE.G_System_Mode := GVL_PERSISTENT.P_System_Mode;
./repo_logs/assistant_bridge/2026_04_19/step_269b_snapshot_real_audit/snapshot_real_audit.log:10322:./repo_logs/assistant_bridge/2026_04_16/step_05_persistence_path_reconciliation/persistence_path_reconciliation.log:558:./snapshots/project_clean_state_2026_04_16/PRG_System.st:675:IF GVL_PERSISTENT.P_Safety_Gas_Latched THEN
./repo_logs/assistant_bridge/2026_04_19/step_269b_snapshot_real_audit/snapshot_real_audit.log:10323:./repo_logs/assistant_bridge/2026_04_16/step_05_persistence_path_reconciliation/persistence_path_reconciliation.log:559:./snapshots/project_clean_state_2026_04_16/PRG_System.st:680:IF GVL_PERSISTENT.P_Safety_Smoke_Latched THEN
./repo_logs/assistant_bridge/2026_04_19/step_269b_snapshot_real_audit/snapshot_real_audit.log:10324:./repo_logs/assistant_bridge/2026_04_16/step_05_persistence_path_reconciliation/persistence_path_reconciliation.log:560:./snapshots/project_clean_state_2026_04_16/PRG_System.st:685:IF GVL_PERSISTENT.P_Safety_Leak_Latched THEN
./repo_logs/assistant_bridge/2026_04_19/step_269b_snapshot_real_audit/snapshot_real_audit.log:10325:./repo_logs/assistant_bridge/2026_04_16/step_05_persistence_path_reconciliation/persistence_path_reconciliation.log:561:./snapshots/project_clean_state_2026_04_16/PRG_System.st:690:IF GVL_PERSISTENT.P_DHW_Heating_Active THEN
./repo_logs/assistant_bridge/2026_04_19/step_269b_snapshot_real_audit/snapshot_real_audit.log:10326:./repo_logs/assistant_bridge/2026_04_16/step_05_persistence_path_reconciliation/persistence_path_reconciliation.log:562:./snapshots/project_clean_state_2026_04_16/PRG_System.st:995:GVL_PERSISTENT.P_System_Mode := GVL_STATE.G_System_Mode;
./repo_logs/assistant_bridge/2026_04_19/step_269b_snapshot_real_audit/snapshot_real_audit.log:10327:./repo_logs/assistant_bridge/2026_04_16/step_05_persistence_path_reconciliation/persistence_path_reconciliation.log:563:./snapshots/project_clean_state_2026_04_16/PRG_System.st:997:GVL_PERSISTENT.P_Safety_Gas_Latched := GVL_STATE.G_Safety_Gas_Latched;
./repo_logs/assistant_bridge/2026_04_19/step_269b_snapshot_real_audit/snapshot_real_audit.log:10328:./repo_logs/assistant_bridge/2026_04_16/step_05_persistence_path_reconciliation/persistence_path_reconciliation.log:564:./snapshots/project_clean_state_2026_04_16/PRG_System.st:998:GVL_PERSISTENT.P_Safety_Smoke_Latched := GVL_STATE.G_Safety_Smoke_Latched;
./repo_logs/assistant_bridge/2026_04_19/step_269b_snapshot_real_audit/snapshot_real_audit.log:10329:./repo_logs/assistant_bridge/2026_04_16/step_05_persistence_path_reconciliation/persistence_path_reconciliation.log:565:./snapshots/project_clean_state_2026_04_16/PRG_System.st:999:GVL_PERSISTENT.P_Safety_Leak_Latched := GVL_STATE.G_Safety_Leak_Latched;
./repo_logs/assistant_bridge/2026_04_19/step_269b_snapshot_real_audit/snapshot_real_audit.log:10330:./repo_logs/assistant_bridge/2026_04_16/step_05_persistence_path_reconciliation/persistence_path_reconciliation.log:566:./snapshots/project_clean_state_2026_04_16/PRG_System.st:1001:GVL_PERSISTENT.P_DHW_Heating_Active := GVL_STATE.G_DHW_Heating_Pump;
./repo_logs/assistant_bridge/2026_04_19/step_269b_snapshot_real_audit/snapshot_real_audit.log:10331:./repo_logs/assistant_bridge/2026_04_16/step_05_persistence_path_reconciliation/persistence_path_reconciliation.log:567:./snapshots/project_clean_state_2026_04_16/PRG_System.st:1003:GVL_PERSISTENT.P_Valid := TRUE;
./repo_logs/assistant_bridge/2026_04_19/step_269b_snapshot_real_audit/snapshot_real_audit.log:10334:./repo_logs/assistant_bridge/2026_04_16/step_05_persistence_path_reconciliation/persistence_path_reconciliation.log:570:./snapshots/clean_build_2026_04_16/компилятор/out/RESULT_methods_clean.xml:19102:    IF GVL_PERSISTENT.P_Valid THEN
./repo_logs/assistant_bridge/2026_04_19/step_269b_snapshot_real_audit/snapshot_real_audit.log:10335:./repo_logs/assistant_bridge/2026_04_16/step_05_persistence_path_reconciliation/persistence_path_reconciliation.log:571:./snapshots/clean_build_2026_04_16/компилятор/out/RESULT_methods_clean.xml:19103:        GVL_STATE.G_Safety_Gas_Latched := GVL_PERSISTENT.P_Safety_Gas_Latched;
./repo_logs/assistant_bridge/2026_04_19/step_269b_snapshot_real_audit/snapshot_real_audit.log:10336:./repo_logs/assistant_bridge/2026_04_16/step_05_persistence_path_reconciliation/persistence_path_reconciliation.log:572:./snapshots/clean_build_2026_04_16/компилятор/out/RESULT_methods_clean.xml:19104:        GVL_STATE.G_Safety_Smoke_Latched := GVL_PERSISTENT.P_Safety_Smoke_Latched;
./repo_logs/assistant_bridge/2026_04_19/step_269b_snapshot_real_audit/snapshot_real_audit.log:10337:./repo_logs/assistant_bridge/2026_04_16/step_05_persistence_path_reconciliation/persistence_path_reconciliation.log:573:./snapshots/clean_build_2026_04_16/компилятор/out/RESULT_methods_clean.xml:19105:        GVL_STATE.G_Safety_Leak_Latched := GVL_PERSISTENT.P_Safety_Leak_Latched;
./repo_logs/assistant_bridge/2026_04_19/step_269b_snapshot_real_audit/snapshot_real_audit.log:10338:./repo_logs/assistant_bridge/2026_04_16/step_05_persistence_path_reconciliation/persistence_path_reconciliation.log:574:./snapshots/clean_build_2026_04_16/компилятор/out/RESULT_methods_clean.xml:19106:        GVL_STATE.G_System_Mode := GVL_PERSISTENT.P_System_Mode;
./repo_logs/assistant_bridge/2026_04_19/step_269b_snapshot_real_audit/snapshot_real_audit.log:10340:./repo_logs/assistant_bridge/2026_04_16/step_05_persistence_path_reconciliation/persistence_path_reconciliation.log:576:./snapshots/clean_build_2026_04_16/компилятор/out/RESULT_methods_clean.xml:19665:IF GVL_PERSISTENT.P_Safety_Gas_Latched THEN
./repo_logs/assistant_bridge/2026_04_19/step_269b_snapshot_real_audit/snapshot_real_audit.log:10341:./repo_logs/assistant_bridge/2026_04_16/step_05_persistence_path_reconciliation/persistence_path_reconciliation.log:577:./snapshots/clean_build_2026_04_16/компилятор/out/RESULT_methods_clean.xml:19670:IF GVL_PERSISTENT.P_Safety_Smoke_Latched THEN
./repo_logs/assistant_bridge/2026_04_19/step_269b_snapshot_real_audit/snapshot_real_audit.log:10342:./repo_logs/assistant_bridge/2026_04_16/step_05_persistence_path_reconciliation/persistence_path_reconciliation.log:578:./snapshots/clean_build_2026_04_16/компилятор/out/RESULT_methods_clean.xml:19675:IF GVL_PERSISTENT.P_Safety_Leak_Latched THEN
./repo_logs/assistant_bridge/2026_04_19/step_269b_snapshot_real_audit/snapshot_real_audit.log:10343:./repo_logs/assistant_bridge/2026_04_16/step_05_persistence_path_reconciliation/persistence_path_reconciliation.log:579:./snapshots/clean_build_2026_04_16/компилятор/out/RESULT_methods_clean.xml:19680:IF GVL_PERSISTENT.P_DHW_Heating_Active THEN
./repo_logs/assistant_bridge/2026_04_19/step_269b_snapshot_real_audit/snapshot_real_audit.log:10344:./repo_logs/assistant_bridge/2026_04_16/step_05_persistence_path_reconciliation/persistence_path_reconciliation.log:580:./snapshots/clean_build_2026_04_16/компилятор/out/RESULT_methods_clean.xml:19985:GVL_PERSISTENT.P_System_Mode := GVL_STATE.G_System_Mode;
./repo_logs/assistant_bridge/2026_04_19/step_269b_snapshot_real_audit/snapshot_real_audit.log:10345:./repo_logs/assistant_bridge/2026_04_16/step_05_persistence_path_reconciliation/persistence_path_reconciliation.log:581:./snapshots/clean_build_2026_04_16/компилятор/out/RESULT_methods_clean.xml:19987:GVL_PERSISTENT.P_Safety_Gas_Latched := GVL_STATE.G_Safety_Gas_Latched;
./repo_logs/assistant_bridge/2026_04_19/step_269b_snapshot_real_audit/snapshot_real_audit.log:10346:./repo_logs/assistant_bridge/2026_04_16/step_05_persistence_path_reconciliation/persistence_path_reconciliation.log:582:./snapshots/clean_build_2026_04_16/компилятор/out/RESULT_methods_clean.xml:19988:GVL_PERSISTENT.P_Safety_Smoke_Latched := GVL_STATE.G_Safety_Smoke_Latched;
./repo_logs/assistant_bridge/2026_04_19/step_269b_snapshot_real_audit/snapshot_real_audit.log:10347:./repo_logs/assistant_bridge/2026_04_16/step_05_persistence_path_reconciliation/persistence_path_reconciliation.log:583:./snapshots/clean_build_2026_04_16/компилятор/out/RESULT_methods_clean.xml:19989:GVL_PERSISTENT.P_Safety_Leak_Latched := GVL_STATE.G_Safety_Leak_Latched;
./repo_logs/assistant_bridge/2026_04_19/step_269b_snapshot_real_audit/snapshot_real_audit.log:10348:./repo_logs/assistant_bridge/2026_04_16/step_05_persistence_path_reconciliation/persistence_path_reconciliation.log:584:./snapshots/clean_build_2026_04_16/компилятор/out/RESULT_methods_clean.xml:19991:GVL_PERSISTENT.P_DHW_Heating_Active := GVL_STATE.G_DHW_Heating_Pump;
./repo_logs/assistant_bridge/2026_04_19/step_269b_snapshot_real_audit/snapshot_real_audit.log:10349:./repo_logs/assistant_bridge/2026_04_16/step_05_persistence_path_reconciliation/persistence_path_reconciliation.log:585:./snapshots/clean_build_2026_04_16/компилятор/out/RESULT_methods_clean.xml:19993:GVL_PERSISTENT.P_Valid := TRUE;
./repo_logs/assistant_bridge/2026_04_19/step_269b_snapshot_real_audit/snapshot_real_audit.log:10350:./repo_logs/assistant_bridge/2026_04_16/step_05_persistence_path_reconciliation/persistence_path_reconciliation.log:586:./snapshots/clean_build_2026_04_16/компилятор/out/RESULT_methods_clean.xml:20086:<data name="http://www.3s-software.com/plcopenxml/globalvars" handleUnknown="implementation"><globalVars name="GVL_PERSISTENT" retain="true"><variable name="P_System_Mode"><type><derived name="E_System_Operating_Mode" /></type></variable><variable name="P_Safety_Gas_Latched"><type><BOOL /></type></variable><variable name="P_Safety_Smoke_Latched"><type><BOOL /></type></variable><variable name="P_Safety_Leak_Latched"><type><BOOL /></type></variable><variable name="P_DHW_Heating_Active"><type><BOOL /></type></variable><variable name="P_Valid"><type><BOOL /></type></variable><addData><data name="http://www.3s-software.com/plcopenxml/objectid" handleUnknown="discard"><ObjectId>a01760fc-f32a-4644-87c3-ab326656d6f4</ObjectId></data></addData></globalVars></data>
./repo_logs/assistant_bridge/2026_04_19/step_269b_snapshot_real_audit/snapshot_real_audit.log:16035:./repo_logs/assistant_bridge/2026_04_16/step_36_gateway_interface_audit_fixed/gateway_interface_audit_fixed.log:105:./snapshots/project_clean_state_2026_04_16/GVL_PERSISTENT.gvl
./repo_logs/assistant_bridge/2026_04_19/step_269b_snapshot_real_audit/snapshot_real_audit.log:16780:./repo_logs/assistant_bridge/2026_04_16/step_01_repo_baseline/baseline.log:424:snapshots/project_clean_state_2026_04_16/GVL_PERSISTENT.gvl
./repo_logs/assistant_bridge/2026_04_19/step_269b_snapshot_real_audit/snapshot_real_audit.log:22706:./repo_logs/assistant_bridge/2026_04_16/step_45_scenario_layer_audit_fixed/scenario_layer_audit_fixed.log:342:./snapshots/project_clean_state_2026_04_16/GVL_PERSISTENT.gvl
./repo_logs/assistant_bridge/2026_04_19/step_269b_snapshot_real_audit/snapshot_real_audit.log:32829:./repo_logs/nvram/2026_04_16/step_19_persist_write_precheck.log:241:./docs/assistant_bridge/nvram_REAL_latest.log:180:112:    IF GVL_PERSISTENT.P_Valid THEN
./repo_logs/assistant_bridge/2026_04_19/step_269b_snapshot_real_audit/snapshot_real_audit.log:32830:./repo_logs/nvram/2026_04_16/step_19_persist_write_precheck.log:242:./docs/assistant_bridge/nvram_REAL_latest.log:181:113:        GVL_STATE.G_Safety_Gas_Latched := GVL_PERSISTENT.P_Safety_Gas_Latched;
./repo_logs/assistant_bridge/2026_04_19/step_269b_snapshot_real_audit/snapshot_real_audit.log:32831:./repo_logs/nvram/2026_04_16/step_19_persist_write_precheck.log:243:./docs/assistant_bridge/nvram_REAL_latest.log:182:114:        GVL_STATE.G_Safety_Smoke_Latched := GVL_PERSISTENT.P_Safety_Smoke_Latched;
./repo_logs/assistant_bridge/2026_04_19/step_269b_snapshot_real_audit/snapshot_real_audit.log:32832:./repo_logs/nvram/2026_04_16/step_19_persist_write_precheck.log:244:./docs/assistant_bridge/nvram_REAL_latest.log:183:115:        GVL_STATE.G_Safety_Leak_Latched := GVL_PERSISTENT.P_Safety_Leak_Latched;
./repo_logs/assistant_bridge/2026_04_19/step_269b_snapshot_real_audit/snapshot_real_audit.log:32833:./repo_logs/nvram/2026_04_16/step_19_persist_write_precheck.log:245:./docs/assistant_bridge/nvram_REAL_latest.log:184:116:        GVL_STATE.G_System_Mode := GVL_PERSISTENT.P_System_Mode;
./repo_logs/assistant_bridge/2026_04_19/step_269b_snapshot_real_audit/snapshot_real_audit.log:32834:./repo_logs/nvram/2026_04_16/step_19_persist_write_precheck.log:246:./docs/assistant_bridge/nvram_REAL_latest.log:188:675:IF GVL_PERSISTENT.P_Safety_Gas_Latched THEN
./repo_logs/assistant_bridge/2026_04_19/step_269b_snapshot_real_audit/snapshot_real_audit.log:32835:./repo_logs/nvram/2026_04_16/step_19_persist_write_precheck.log:247:./docs/assistant_bridge/nvram_REAL_latest.log:189:680:IF GVL_PERSISTENT.P_Safety_Smoke_Latched THEN
./repo_logs/assistant_bridge/2026_04_19/step_269b_snapshot_real_audit/snapshot_real_audit.log:32836:./repo_logs/nvram/2026_04_16/step_19_persist_write_precheck.log:248:./docs/assistant_bridge/nvram_REAL_latest.log:190:685:IF GVL_PERSISTENT.P_Safety_Leak_Latched THEN
./repo_logs/assistant_bridge/2026_04_19/step_269b_snapshot_real_audit/snapshot_real_audit.log:32837:./repo_logs/nvram/2026_04_16/step_19_persist_write_precheck.log:249:./docs/assistant_bridge/nvram_REAL_latest.log:191:690:IF GVL_PERSISTENT.P_DHW_Heating_Active THEN
./repo_logs/assistant_bridge/2026_04_19/step_269b_snapshot_real_audit/snapshot_real_audit.log:32838:./repo_logs/nvram/2026_04_16/step_19_persist_write_precheck.log:250:./docs/assistant_bridge/nvram_REAL_latest.log:205:995:GVL_PERSISTENT.P_System_Mode := GVL_STATE.G_System_Mode;
./repo_logs/assistant_bridge/2026_04_19/step_269b_snapshot_real_audit/snapshot_real_audit.log:32839:./repo_logs/nvram/2026_04_16/step_19_persist_write_precheck.log:251:./docs/assistant_bridge/nvram_REAL_latest.log:206:997:GVL_PERSISTENT.P_Safety_Gas_Latched := GVL_STATE.G_Safety_Gas_Latched;
./repo_logs/assistant_bridge/2026_04_19/step_269b_snapshot_real_audit/snapshot_real_audit.log:32840:./repo_logs/nvram/2026_04_16/step_19_persist_write_precheck.log:252:./docs/assistant_bridge/nvram_REAL_latest.log:207:998:GVL_PERSISTENT.P_Safety_Smoke_Latched := GVL_STATE.G_Safety_Smoke_Latched;
./repo_logs/assistant_bridge/2026_04_19/step_269b_snapshot_real_audit/snapshot_real_audit.log:32841:./repo_logs/nvram/2026_04_16/step_19_persist_write_precheck.log:253:./docs/assistant_bridge/nvram_REAL_latest.log:208:999:GVL_PERSISTENT.P_Safety_Leak_Latched := GVL_STATE.G_Safety_Leak_Latched;
./repo_logs/assistant_bridge/2026_04_19/step_269b_snapshot_real_audit/snapshot_real_audit.log:32842:./repo_logs/nvram/2026_04_16/step_19_persist_write_precheck.log:254:./docs/assistant_bridge/nvram_REAL_latest.log:209:1001:GVL_PERSISTENT.P_DHW_Heating_Active := GVL_STATE.G_DHW_Heating_Pump;
./repo_logs/assistant_bridge/2026_04_19/step_269b_snapshot_real_audit/snapshot_real_audit.log:32843:./repo_logs/nvram/2026_04_16/step_19_persist_write_precheck.log:255:./docs/assistant_bridge/nvram_REAL_latest.log:210:1003:GVL_PERSISTENT.P_Valid := TRUE;
./repo_logs/assistant_bridge/2026_04_19/step_269b_snapshot_real_audit/snapshot_real_audit.log:35709:./repo_logs/assistant_bridge/2026_04_16/step_05_persistence_path_reconciliation/persistence_path_reconciliation.log:357:./repo_logs/nvram/nvram_REAL_latest.log:180:112:    IF GVL_PERSISTENT.P_Valid THEN
./repo_logs/assistant_bridge/2026_04_19/step_269b_snapshot_real_audit/snapshot_real_audit.log:35710:./repo_logs/assistant_bridge/2026_04_16/step_05_persistence_path_reconciliation/persistence_path_reconciliation.log:358:./repo_logs/nvram/nvram_REAL_latest.log:181:113:        GVL_STATE.G_Safety_Gas_Latched := GVL_PERSISTENT.P_Safety_Gas_Latched;
./repo_logs/assistant_bridge/2026_04_19/step_269b_snapshot_real_audit/snapshot_real_audit.log:35711:./repo_logs/assistant_bridge/2026_04_16/step_05_persistence_path_reconciliation/persistence_path_reconciliation.log:359:./repo_logs/nvram/nvram_REAL_latest.log:182:114:        GVL_STATE.G_Safety_Smoke_Latched := GVL_PERSISTENT.P_Safety_Smoke_Latched;
./repo_logs/assistant_bridge/2026_04_19/step_269b_snapshot_real_audit/snapshot_real_audit.log:35712:./repo_logs/assistant_bridge/2026_04_16/step_05_persistence_path_reconciliation/persistence_path_reconciliation.log:360:./repo_logs/nvram/nvram_REAL_latest.log:183:115:        GVL_STATE.G_Safety_Leak_Latched := GVL_PERSISTENT.P_Safety_Leak_Latched;
./repo_logs/assistant_bridge/2026_04_19/step_269b_snapshot_real_audit/snapshot_real_audit.log:35713:./repo_logs/assistant_bridge/2026_04_16/step_05_persistence_path_reconciliation/persistence_path_reconciliation.log:361:./repo_logs/nvram/nvram_REAL_latest.log:184:116:        GVL_STATE.G_System_Mode := GVL_PERSISTENT.P_System_Mode;
./repo_logs/assistant_bridge/2026_04_19/step_269b_snapshot_real_audit/snapshot_real_audit.log:35714:./repo_logs/assistant_bridge/2026_04_16/step_05_persistence_path_reconciliation/persistence_path_reconciliation.log:362:./repo_logs/nvram/nvram_REAL_latest.log:188:675:IF GVL_PERSISTENT.P_Safety_Gas_Latched THEN
./repo_logs/assistant_bridge/2026_04_19/step_269b_snapshot_real_audit/snapshot_real_audit.log:35715:./repo_logs/assistant_bridge/2026_04_16/step_05_persistence_path_reconciliation/persistence_path_reconciliation.log:363:./repo_logs/nvram/nvram_REAL_latest.log:189:680:IF GVL_PERSISTENT.P_Safety_Smoke_Latched THEN
./repo_logs/assistant_bridge/2026_04_19/step_269b_snapshot_real_audit/snapshot_real_audit.log:35716:./repo_logs/assistant_bridge/2026_04_16/step_05_persistence_path_reconciliation/persistence_path_reconciliation.log:364:./repo_logs/nvram/nvram_REAL_latest.log:190:685:IF GVL_PERSISTENT.P_Safety_Leak_Latched THEN
./repo_logs/assistant_bridge/2026_04_19/step_269b_snapshot_real_audit/snapshot_real_audit.log:35717:./repo_logs/assistant_bridge/2026_04_16/step_05_persistence_path_reconciliation/persistence_path_reconciliation.log:365:./repo_logs/nvram/nvram_REAL_latest.log:191:690:IF GVL_PERSISTENT.P_DHW_Heating_Active THEN
./repo_logs/assistant_bridge/2026_04_19/step_269b_snapshot_real_audit/snapshot_real_audit.log:35718:./repo_logs/assistant_bridge/2026_04_16/step_05_persistence_path_reconciliation/persistence_path_reconciliation.log:366:./repo_logs/nvram/nvram_REAL_latest.log:205:995:GVL_PERSISTENT.P_System_Mode := GVL_STATE.G_System_Mode;
./repo_logs/assistant_bridge/2026_04_19/step_269b_snapshot_real_audit/snapshot_real_audit.log:35719:./repo_logs/assistant_bridge/2026_04_16/step_05_persistence_path_reconciliation/persistence_path_reconciliation.log:367:./repo_logs/nvram/nvram_REAL_latest.log:206:997:GVL_PERSISTENT.P_Safety_Gas_Latched := GVL_STATE.G_Safety_Gas_Latched;
./repo_logs/assistant_bridge/2026_04_19/step_269b_snapshot_real_audit/snapshot_real_audit.log:35720:./repo_logs/assistant_bridge/2026_04_16/step_05_persistence_path_reconciliation/persistence_path_reconciliation.log:368:./repo_logs/nvram/nvram_REAL_latest.log:207:998:GVL_PERSISTENT.P_Safety_Smoke_Latched := GVL_STATE.G_Safety_Smoke_Latched;
./repo_logs/assistant_bridge/2026_04_19/step_269b_snapshot_real_audit/snapshot_real_audit.log:35721:./repo_logs/assistant_bridge/2026_04_16/step_05_persistence_path_reconciliation/persistence_path_reconciliation.log:369:./repo_logs/nvram/nvram_REAL_latest.log:208:999:GVL_PERSISTENT.P_Safety_Leak_Latched := GVL_STATE.G_Safety_Leak_Latched;
./repo_logs/assistant_bridge/2026_04_19/step_269b_snapshot_real_audit/snapshot_real_audit.log:35722:./repo_logs/assistant_bridge/2026_04_16/step_05_persistence_path_reconciliation/persistence_path_reconciliation.log:370:./repo_logs/nvram/nvram_REAL_latest.log:209:1001:GVL_PERSISTENT.P_DHW_Heating_Active := GVL_STATE.G_DHW_Heating_Pump;
./repo_logs/assistant_bridge/2026_04_19/step_269b_snapshot_real_audit/snapshot_real_audit.log:35723:./repo_logs/assistant_bridge/2026_04_16/step_05_persistence_path_reconciliation/persistence_path_reconciliation.log:371:./repo_logs/nvram/nvram_REAL_latest.log:210:1003:GVL_PERSISTENT.P_Valid := TRUE;
./repo_logs/assistant_bridge/2026_04_19/step_269b_snapshot_real_audit/snapshot_real_audit.log:35726:./repo_logs/assistant_bridge/2026_04_16/step_05_persistence_path_reconciliation/persistence_path_reconciliation.log:374:./repo_logs/nvram/2026_04_16/step_19_persist_write_precheck.log:115:    IF GVL_PERSISTENT.P_Valid THEN
./repo_logs/assistant_bridge/2026_04_19/step_269b_snapshot_real_audit/snapshot_real_audit.log:35727:./repo_logs/assistant_bridge/2026_04_16/step_05_persistence_path_reconciliation/persistence_path_reconciliation.log:375:./repo_logs/nvram/2026_04_16/step_19_persist_write_precheck.log:116:        GVL_STATE.G_Safety_Gas_Latched := GVL_PERSISTENT.P_Safety_Gas_Latched;
./repo_logs/assistant_bridge/2026_04_19/step_269b_snapshot_real_audit/snapshot_real_audit.log:35728:./repo_logs/assistant_bridge/2026_04_16/step_05_persistence_path_reconciliation/persistence_path_reconciliation.log:376:./repo_logs/nvram/2026_04_16/step_19_persist_write_precheck.log:117:        GVL_STATE.G_Safety_Smoke_Latched := GVL_PERSISTENT.P_Safety_Smoke_Latched;
./repo_logs/assistant_bridge/2026_04_19/step_269b_snapshot_real_audit/snapshot_real_audit.log:35729:./repo_logs/assistant_bridge/2026_04_16/step_05_persistence_path_reconciliation/persistence_path_reconciliation.log:377:./repo_logs/nvram/2026_04_16/step_19_persist_write_precheck.log:118:        GVL_STATE.G_Safety_Leak_Latched := GVL_PERSISTENT.P_Safety_Leak_Latched;
./repo_logs/assistant_bridge/2026_04_19/step_269b_snapshot_real_audit/snapshot_real_audit.log:35730:./repo_logs/assistant_bridge/2026_04_16/step_05_persistence_path_reconciliation/persistence_path_reconciliation.log:378:./repo_logs/nvram/2026_04_16/step_19_persist_write_precheck.log:119:        GVL_STATE.G_System_Mode := GVL_PERSISTENT.P_System_Mode;
./repo_logs/assistant_bridge/2026_04_19/step_269b_snapshot_real_audit/snapshot_real_audit.log:35741:./repo_logs/assistant_bridge/2026_04_16/step_05_persistence_path_reconciliation/persistence_path_reconciliation.log:389:./repo_logs/nvram/2026_04_16/step_19_persist_write_precheck.log:241:./docs/assistant_bridge/nvram_REAL_latest.log:180:112:    IF GVL_PERSISTENT.P_Valid THEN
./repo_logs/assistant_bridge/2026_04_19/step_269b_snapshot_real_audit/snapshot_real_audit.log:35742:./repo_logs/assistant_bridge/2026_04_16/step_05_persistence_path_reconciliation/persistence_path_reconciliation.log:390:./repo_logs/nvram/2026_04_16/step_19_persist_write_precheck.log:242:./docs/assistant_bridge/nvram_REAL_latest.log:181:113:        GVL_STATE.G_Safety_Gas_Latched := GVL_PERSISTENT.P_Safety_Gas_Latched;
./repo_logs/assistant_bridge/2026_04_19/step_269b_snapshot_real_audit/snapshot_real_audit.log:35743:./repo_logs/assistant_bridge/2026_04_16/step_05_persistence_path_reconciliation/persistence_path_reconciliation.log:391:./repo_logs/nvram/2026_04_16/step_19_persist_write_precheck.log:243:./docs/assistant_bridge/nvram_REAL_latest.log:182:114:        GVL_STATE.G_Safety_Smoke_Latched := GVL_PERSISTENT.P_Safety_Smoke_Latched;
./repo_logs/assistant_bridge/2026_04_19/step_269b_snapshot_real_audit/snapshot_real_audit.log:35744:./repo_logs/assistant_bridge/2026_04_16/step_05_persistence_path_reconciliation/persistence_path_reconciliation.log:392:./repo_logs/nvram/2026_04_16/step_19_persist_write_precheck.log:244:./docs/assistant_bridge/nvram_REAL_latest.log:183:115:        GVL_STATE.G_Safety_Leak_Latched := GVL_PERSISTENT.P_Safety_Leak_Latched;
./repo_logs/assistant_bridge/2026_04_19/step_269b_snapshot_real_audit/snapshot_real_audit.log:35745:./repo_logs/assistant_bridge/2026_04_16/step_05_persistence_path_reconciliation/persistence_path_reconciliation.log:393:./repo_logs/nvram/2026_04_16/step_19_persist_write_precheck.log:245:./docs/assistant_bridge/nvram_REAL_latest.log:184:116:        GVL_STATE.G_System_Mode := GVL_PERSISTENT.P_System_Mode;
./repo_logs/assistant_bridge/2026_04_19/step_269b_snapshot_real_audit/snapshot_real_audit.log:35746:./repo_logs/assistant_bridge/2026_04_16/step_05_persistence_path_reconciliation/persistence_path_reconciliation.log:394:./repo_logs/nvram/2026_04_16/step_19_persist_write_precheck.log:246:./docs/assistant_bridge/nvram_REAL_latest.log:188:675:IF GVL_PERSISTENT.P_Safety_Gas_Latched THEN
./repo_logs/assistant_bridge/2026_04_19/step_269b_snapshot_real_audit/snapshot_real_audit.log:35747:./repo_logs/assistant_bridge/2026_04_16/step_05_persistence_path_reconciliation/persistence_path_reconciliation.log:395:./repo_logs/nvram/2026_04_16/step_19_persist_write_precheck.log:247:./docs/assistant_bridge/nvram_REAL_latest.log:189:680:IF GVL_PERSISTENT.P_Safety_Smoke_Latched THEN
./repo_logs/assistant_bridge/2026_04_19/step_269b_snapshot_real_audit/snapshot_real_audit.log:35748:./repo_logs/assistant_bridge/2026_04_16/step_05_persistence_path_reconciliation/persistence_path_reconciliation.log:396:./repo_logs/nvram/2026_04_16/step_19_persist_write_precheck.log:248:./docs/assistant_bridge/nvram_REAL_latest.log:190:685:IF GVL_PERSISTENT.P_Safety_Leak_Latched THEN
./repo_logs/assistant_bridge/2026_04_19/step_269b_snapshot_real_audit/snapshot_real_audit.log:35749:./repo_logs/assistant_bridge/2026_04_16/step_05_persistence_path_reconciliation/persistence_path_reconciliation.log:397:./repo_logs/nvram/2026_04_16/step_19_persist_write_precheck.log:249:./docs/assistant_bridge/nvram_REAL_latest.log:191:690:IF GVL_PERSISTENT.P_DHW_Heating_Active THEN
./repo_logs/assistant_bridge/2026_04_19/step_269b_snapshot_real_audit/snapshot_real_audit.log:35750:./repo_logs/assistant_bridge/2026_04_16/step_05_persistence_path_reconciliation/persistence_path_reconciliation.log:398:./repo_logs/nvram/2026_04_16/step_19_persist_write_precheck.log:250:./docs/assistant_bridge/nvram_REAL_latest.log:205:995:GVL_PERSISTENT.P_System_Mode := GVL_STATE.G_System_Mode;
./repo_logs/assistant_bridge/2026_04_19/step_269b_snapshot_real_audit/snapshot_real_audit.log:35751:./repo_logs/assistant_bridge/2026_04_16/step_05_persistence_path_reconciliation/persistence_path_reconciliation.log:399:./repo_logs/nvram/2026_04_16/step_19_persist_write_precheck.log:251:./docs/assistant_bridge/nvram_REAL_latest.log:206:997:GVL_PERSISTENT.P_Safety_Gas_Latched := GVL_STATE.G_Safety_Gas_Latched;
./repo_logs/assistant_bridge/2026_04_19/step_269b_snapshot_real_audit/snapshot_real_audit.log:35752:./repo_logs/assistant_bridge/2026_04_16/step_05_persistence_path_reconciliation/persistence_path_reconciliation.log:400:./repo_logs/nvram/2026_04_16/step_19_persist_write_precheck.log:252:./docs/assistant_bridge/nvram_REAL_latest.log:207:998:GVL_PERSISTENT.P_Safety_Smoke_Latched := GVL_STATE.G_Safety_Smoke_Latched;
./repo_logs/assistant_bridge/2026_04_19/step_269b_snapshot_real_audit/snapshot_real_audit.log:35753:./repo_logs/assistant_bridge/2026_04_16/step_05_persistence_path_reconciliation/persistence_path_reconciliation.log:401:./repo_logs/nvram/2026_04_16/step_19_persist_write_precheck.log:253:./docs/assistant_bridge/nvram_REAL_latest.log:208:999:GVL_PERSISTENT.P_Safety_Leak_Latched := GVL_STATE.G_Safety_Leak_Latched;
./repo_logs/assistant_bridge/2026_04_19/step_269b_snapshot_real_audit/snapshot_real_audit.log:35754:./repo_logs/assistant_bridge/2026_04_16/step_05_persistence_path_reconciliation/persistence_path_reconciliation.log:402:./repo_logs/nvram/2026_04_16/step_19_persist_write_precheck.log:254:./docs/assistant_bridge/nvram_REAL_latest.log:209:1001:GVL_PERSISTENT.P_DHW_Heating_Active := GVL_STATE.G_DHW_Heating_Pump;
./repo_logs/assistant_bridge/2026_04_19/step_269b_snapshot_real_audit/snapshot_real_audit.log:35755:./repo_logs/assistant_bridge/2026_04_16/step_05_persistence_path_reconciliation/persistence_path_reconciliation.log:403:./repo_logs/nvram/2026_04_16/step_19_persist_write_precheck.log:255:./docs/assistant_bridge/nvram_REAL_latest.log:210:1003:GVL_PERSISTENT.P_Valid := TRUE;
./repo_logs/assistant_bridge/2026_04_19/step_269b_snapshot_real_audit/snapshot_real_audit.log:35756:./repo_logs/assistant_bridge/2026_04_16/step_05_persistence_path_reconciliation/persistence_path_reconciliation.log:404:./repo_logs/nvram/2026_04_16/step_19_persist_write_precheck.log:256:./PRG_System.st:112:    IF GVL_PERSISTENT.P_Valid THEN
./repo_logs/assistant_bridge/2026_04_19/step_269b_snapshot_real_audit/snapshot_real_audit.log:35757:./repo_logs/assistant_bridge/2026_04_16/step_05_persistence_path_reconciliation/persistence_path_reconciliation.log:405:./repo_logs/nvram/2026_04_16/step_19_persist_write_precheck.log:257:./PRG_System.st:113:        GVL_STATE.G_Safety_Gas_Latched := GVL_PERSISTENT.P_Safety_Gas_Latched;
./repo_logs/assistant_bridge/2026_04_19/step_269b_snapshot_real_audit/snapshot_real_audit.log:35758:./repo_logs/assistant_bridge/2026_04_16/step_05_persistence_path_reconciliation/persistence_path_reconciliation.log:406:./repo_logs/nvram/2026_04_16/step_19_persist_write_precheck.log:258:./PRG_System.st:114:        GVL_STATE.G_Safety_Smoke_Latched := GVL_PERSISTENT.P_Safety_Smoke_Latched;
./repo_logs/assistant_bridge/2026_04_19/step_269b_snapshot_real_audit/snapshot_real_audit.log:35759:./repo_logs/assistant_bridge/2026_04_16/step_05_persistence_path_reconciliation/persistence_path_reconciliation.log:407:./repo_logs/nvram/2026_04_16/step_19_persist_write_precheck.log:259:./PRG_System.st:115:        GVL_STATE.G_Safety_Leak_Latched := GVL_PERSISTENT.P_Safety_Leak_Latched;
./repo_logs/assistant_bridge/2026_04_19/step_269b_snapshot_real_audit/snapshot_real_audit.log:35760:./repo_logs/assistant_bridge/2026_04_16/step_05_persistence_path_reconciliation/persistence_path_reconciliation.log:408:./repo_logs/nvram/2026_04_16/step_19_persist_write_precheck.log:260:./PRG_System.st:116:        GVL_STATE.G_System_Mode := GVL_PERSISTENT.P_System_Mode;
./repo_logs/assistant_bridge/2026_04_19/step_269b_snapshot_real_audit/snapshot_real_audit.log:35761:./repo_logs/assistant_bridge/2026_04_16/step_05_persistence_path_reconciliation/persistence_path_reconciliation.log:409:./repo_logs/nvram/2026_04_16/step_19_persist_write_precheck.log:261:./PRG_System.st:675:IF GVL_PERSISTENT.P_Safety_Gas_Latched THEN
./repo_logs/assistant_bridge/2026_04_19/step_269b_snapshot_real_audit/snapshot_real_audit.log:35762:./repo_logs/assistant_bridge/2026_04_16/step_05_persistence_path_reconciliation/persistence_path_reconciliation.log:410:./repo_logs/nvram/2026_04_16/step_19_persist_write_precheck.log:262:./PRG_System.st:680:IF GVL_PERSISTENT.P_Safety_Smoke_Latched THEN
./repo_logs/assistant_bridge/2026_04_19/step_269b_snapshot_real_audit/snapshot_real_audit.log:35763:./repo_logs/assistant_bridge/2026_04_16/step_05_persistence_path_reconciliation/persistence_path_reconciliation.log:411:./repo_logs/nvram/2026_04_16/step_19_persist_write_precheck.log:263:./PRG_System.st:685:IF GVL_PERSISTENT.P_Safety_Leak_Latched THEN
./repo_logs/assistant_bridge/2026_04_19/step_269b_snapshot_real_audit/snapshot_real_audit.log:35764:./repo_logs/assistant_bridge/2026_04_16/step_05_persistence_path_reconciliation/persistence_path_reconciliation.log:412:./repo_logs/nvram/2026_04_16/step_19_persist_write_precheck.log:264:./PRG_System.st:690:IF GVL_PERSISTENT.P_DHW_Heating_Active THEN
./repo_logs/assistant_bridge/2026_04_19/step_269b_snapshot_real_audit/snapshot_real_audit.log:35765:./repo_logs/assistant_bridge/2026_04_16/step_05_persistence_path_reconciliation/persistence_path_reconciliation.log:413:./repo_logs/nvram/2026_04_16/step_19_persist_write_precheck.log:265:./PRG_System.st:995:GVL_PERSISTENT.P_System_Mode := GVL_STATE.G_System_Mode;
./repo_logs/assistant_bridge/2026_04_19/step_269b_snapshot_real_audit/snapshot_real_audit.log:35766:./repo_logs/assistant_bridge/2026_04_16/step_05_persistence_path_reconciliation/persistence_path_reconciliation.log:414:./repo_logs/nvram/2026_04_16/step_19_persist_write_precheck.log:266:./PRG_System.st:997:GVL_PERSISTENT.P_Safety_Gas_Latched := GVL_STATE.G_Safety_Gas_Latched;
./repo_logs/assistant_bridge/2026_04_19/step_269b_snapshot_real_audit/snapshot_real_audit.log:35767:./repo_logs/assistant_bridge/2026_04_16/step_05_persistence_path_reconciliation/persistence_path_reconciliation.log:415:./repo_logs/nvram/2026_04_16/step_19_persist_write_precheck.log:267:./PRG_System.st:998:GVL_PERSISTENT.P_Safety_Smoke_Latched := GVL_STATE.G_Safety_Smoke_Latched;
./repo_logs/assistant_bridge/2026_04_19/step_269b_snapshot_real_audit/snapshot_real_audit.log:35768:./repo_logs/assistant_bridge/2026_04_16/step_05_persistence_path_reconciliation/persistence_path_reconciliation.log:416:./repo_logs/nvram/2026_04_16/step_19_persist_write_precheck.log:268:./PRG_System.st:999:GVL_PERSISTENT.P_Safety_Leak_Latched := GVL_STATE.G_Safety_Leak_Latched;
./repo_logs/assistant_bridge/2026_04_19/step_269b_snapshot_real_audit/snapshot_real_audit.log:35769:./repo_logs/assistant_bridge/2026_04_16/step_05_persistence_path_reconciliation/persistence_path_reconciliation.log:417:./repo_logs/nvram/2026_04_16/step_19_persist_write_precheck.log:269:./PRG_System.st:1001:GVL_PERSISTENT.P_DHW_Heating_Active := GVL_STATE.G_DHW_Heating_Pump;
./repo_logs/assistant_bridge/2026_04_19/step_269b_snapshot_real_audit/snapshot_real_audit.log:35770:./repo_logs/assistant_bridge/2026_04_16/step_05_persistence_path_reconciliation/persistence_path_reconciliation.log:418:./repo_logs/nvram/2026_04_16/step_19_persist_write_precheck.log:270:./PRG_System.st:1003:GVL_PERSISTENT.P_Valid := TRUE;
./repo_logs/assistant_bridge/2026_04_19/step_269b_snapshot_real_audit/snapshot_real_audit.log:35773:./repo_logs/assistant_bridge/2026_04_16/step_05_persistence_path_reconciliation/persistence_path_reconciliation.log:421:./repo_logs/nvram/2026_04_16/step_17_startup_entry.log:2410:    IF GVL_PERSISTENT.P_Valid THEN
./repo_logs/assistant_bridge/2026_04_19/step_269b_snapshot_real_audit/snapshot_real_audit.log:35774:./repo_logs/assistant_bridge/2026_04_16/step_05_persistence_path_reconciliation/persistence_path_reconciliation.log:422:./repo_logs/nvram/2026_04_16/step_17_startup_entry.log:2411:        GVL_STATE.G_Safety_Gas_Latched := GVL_PERSISTENT.P_Safety_Gas_Latched;
./repo_logs/assistant_bridge/2026_04_19/step_269b_snapshot_real_audit/snapshot_real_audit.log:35775:./repo_logs/assistant_bridge/2026_04_16/step_05_persistence_path_reconciliation/persistence_path_reconciliation.log:423:./repo_logs/nvram/2026_04_16/step_17_startup_entry.log:2412:        GVL_STATE.G_Safety_Smoke_Latched := GVL_PERSISTENT.P_Safety_Smoke_Latched;
./repo_logs/assistant_bridge/2026_04_19/step_269b_snapshot_real_audit/snapshot_real_audit.log:35776:./repo_logs/assistant_bridge/2026_04_16/step_05_persistence_path_reconciliation/persistence_path_reconciliation.log:424:./repo_logs/nvram/2026_04_16/step_17_startup_entry.log:2413:        GVL_STATE.G_Safety_Leak_Latched := GVL_PERSISTENT.P_Safety_Leak_Latched;
./repo_logs/assistant_bridge/2026_04_19/step_269b_snapshot_real_audit/snapshot_real_audit.log:35777:./repo_logs/assistant_bridge/2026_04_16/step_05_persistence_path_reconciliation/persistence_path_reconciliation.log:425:./repo_logs/nvram/2026_04_16/step_17_startup_entry.log:2414:        GVL_STATE.G_System_Mode := GVL_PERSISTENT.P_System_Mode;
./repo_logs/assistant_bridge/2026_04_19/step_269b_snapshot_real_audit/snapshot_real_audit.log:35781:./repo_logs/assistant_bridge/2026_04_16/step_05_persistence_path_reconciliation/persistence_path_reconciliation.log:429:./repo_logs/nvram/2026_04_16/step_16_nvram_runtime_flow.log:813:    IF GVL_PERSISTENT.P_Valid THEN
./repo_logs/assistant_bridge/2026_04_19/step_269b_snapshot_real_audit/snapshot_real_audit.log:35782:./repo_logs/assistant_bridge/2026_04_16/step_05_persistence_path_reconciliation/persistence_path_reconciliation.log:430:./repo_logs/nvram/2026_04_16/step_16_nvram_runtime_flow.log:814:        GVL_STATE.G_Safety_Gas_Latched := GVL_PERSISTENT.P_Safety_Gas_Latched;
./repo_logs/assistant_bridge/2026_04_19/step_269b_snapshot_real_audit/snapshot_real_audit.log:35783:./repo_logs/assistant_bridge/2026_04_16/step_05_persistence_path_reconciliation/persistence_path_reconciliation.log:431:./repo_logs/nvram/2026_04_16/step_16_nvram_runtime_flow.log:815:        GVL_STATE.G_Safety_Smoke_Latched := GVL_PERSISTENT.P_Safety_Smoke_Latched;
./repo_logs/assistant_bridge/2026_04_19/step_269b_snapshot_real_audit/snapshot_real_audit.log:35784:./repo_logs/assistant_bridge/2026_04_16/step_05_persistence_path_reconciliation/persistence_path_reconciliation.log:432:./repo_logs/nvram/2026_04_16/step_16_nvram_runtime_flow.log:816:        GVL_STATE.G_Safety_Leak_Latched := GVL_PERSISTENT.P_Safety_Leak_Latched;
./repo_logs/assistant_bridge/2026_04_19/step_269b_snapshot_real_audit/snapshot_real_audit.log:35785:./repo_logs/assistant_bridge/2026_04_16/step_05_persistence_path_reconciliation/persistence_path_reconciliation.log:433:./repo_logs/nvram/2026_04_16/step_16_nvram_runtime_flow.log:817:        GVL_STATE.G_System_Mode := GVL_PERSISTENT.P_System_Mode;
./repo_logs/assistant_bridge/2026_04_19/step_269b_snapshot_real_audit/snapshot_real_audit.log:35789:./repo_logs/assistant_bridge/2026_04_16/step_05_persistence_path_reconciliation/persistence_path_reconciliation.log:437:./repo_logs/assistant_bridge/2026_04_16/step_02_nvram_topology/nvram_topology.log:95:PRG_System.st:112:    IF GVL_PERSISTENT.P_Valid THEN
./repo_logs/assistant_bridge/2026_04_19/step_269b_snapshot_real_audit/snapshot_real_audit.log:35790:./repo_logs/assistant_bridge/2026_04_16/step_05_persistence_path_reconciliation/persistence_path_reconciliation.log:438:./repo_logs/assistant_bridge/2026_04_16/step_02_nvram_topology/nvram_topology.log:96:PRG_System.st:113:        GVL_STATE.G_Safety_Gas_Latched := GVL_PERSISTENT.P_Safety_Gas_Latched;
./repo_logs/assistant_bridge/2026_04_19/step_269b_snapshot_real_audit/snapshot_real_audit.log:35791:./repo_logs/assistant_bridge/2026_04_16/step_05_persistence_path_reconciliation/persistence_path_reconciliation.log:439:./repo_logs/assistant_bridge/2026_04_16/step_02_nvram_topology/nvram_topology.log:97:PRG_System.st:114:        GVL_STATE.G_Safety_Smoke_Latched := GVL_PERSISTENT.P_Safety_Smoke_Latched;
./repo_logs/assistant_bridge/2026_04_19/step_269b_snapshot_real_audit/snapshot_real_audit.log:35792:./repo_logs/assistant_bridge/2026_04_16/step_05_persistence_path_reconciliation/persistence_path_reconciliation.log:440:./repo_logs/assistant_bridge/2026_04_16/step_02_nvram_topology/nvram_topology.log:98:PRG_System.st:115:        GVL_STATE.G_Safety_Leak_Latched := GVL_PERSISTENT.P_Safety_Leak_Latched;
./repo_logs/assistant_bridge/2026_04_19/step_269b_snapshot_real_audit/snapshot_real_audit.log:35793:./repo_logs/assistant_bridge/2026_04_16/step_05_persistence_path_reconciliation/persistence_path_reconciliation.log:441:./repo_logs/assistant_bridge/2026_04_16/step_02_nvram_topology/nvram_topology.log:99:PRG_System.st:116:        GVL_STATE.G_System_Mode := GVL_PERSISTENT.P_System_Mode;
./repo_logs/assistant_bridge/2026_04_19/step_269b_snapshot_real_audit/snapshot_real_audit.log:35795:./repo_logs/assistant_bridge/2026_04_16/step_05_persistence_path_reconciliation/persistence_path_reconciliation.log:443:./repo_logs/assistant_bridge/2026_04_16/step_02_nvram_topology/nvram_topology.log:110:PRG_System.st:675:IF GVL_PERSISTENT.P_Safety_Gas_Latched THEN
./repo_logs/assistant_bridge/2026_04_19/step_269b_snapshot_real_audit/snapshot_real_audit.log:35796:./repo_logs/assistant_bridge/2026_04_16/step_05_persistence_path_reconciliation/persistence_path_reconciliation.log:444:./repo_logs/assistant_bridge/2026_04_16/step_02_nvram_topology/nvram_topology.log:111:PRG_System.st:680:IF GVL_PERSISTENT.P_Safety_Smoke_Latched THEN
./repo_logs/assistant_bridge/2026_04_19/step_269b_snapshot_real_audit/snapshot_real_audit.log:35797:./repo_logs/assistant_bridge/2026_04_16/step_05_persistence_path_reconciliation/persistence_path_reconciliation.log:445:./repo_logs/assistant_bridge/2026_04_16/step_02_nvram_topology/nvram_topology.log:112:PRG_System.st:685:IF GVL_PERSISTENT.P_Safety_Leak_Latched THEN
./repo_logs/assistant_bridge/2026_04_19/step_269b_snapshot_real_audit/snapshot_real_audit.log:35798:./repo_logs/assistant_bridge/2026_04_16/step_05_persistence_path_reconciliation/persistence_path_reconciliation.log:446:./repo_logs/assistant_bridge/2026_04_16/step_02_nvram_topology/nvram_topology.log:113:PRG_System.st:690:IF GVL_PERSISTENT.P_DHW_Heating_Active THEN
./repo_logs/assistant_bridge/2026_04_19/step_269b_snapshot_real_audit/snapshot_real_audit.log:35799:./repo_logs/assistant_bridge/2026_04_16/step_05_persistence_path_reconciliation/persistence_path_reconciliation.log:447:./repo_logs/assistant_bridge/2026_04_16/step_02_nvram_topology/nvram_topology.log:143:PRG_System.st:995:GVL_PERSISTENT.P_System_Mode := GVL_STATE.G_System_Mode;
./repo_logs/assistant_bridge/2026_04_19/step_269b_snapshot_real_audit/snapshot_real_audit.log:35800:./repo_logs/assistant_bridge/2026_04_16/step_05_persistence_path_reconciliation/persistence_path_reconciliation.log:448:./repo_logs/assistant_bridge/2026_04_16/step_02_nvram_topology/nvram_topology.log:144:PRG_System.st:997:GVL_PERSISTENT.P_Safety_Gas_Latched := GVL_STATE.G_Safety_Gas_Latched;
./repo_logs/assistant_bridge/2026_04_19/step_269b_snapshot_real_audit/snapshot_real_audit.log:35801:./repo_logs/assistant_bridge/2026_04_16/step_05_persistence_path_reconciliation/persistence_path_reconciliation.log:449:./repo_logs/assistant_bridge/2026_04_16/step_02_nvram_topology/nvram_topology.log:145:PRG_System.st:998:GVL_PERSISTENT.P_Safety_Smoke_Latched := GVL_STATE.G_Safety_Smoke_Latched;
./repo_logs/assistant_bridge/2026_04_19/step_269b_snapshot_real_audit/snapshot_real_audit.log:35802:./repo_logs/assistant_bridge/2026_04_16/step_05_persistence_path_reconciliation/persistence_path_reconciliation.log:450:./repo_logs/assistant_bridge/2026_04_16/step_02_nvram_topology/nvram_topology.log:146:PRG_System.st:999:GVL_PERSISTENT.P_Safety_Leak_Latched := GVL_STATE.G_Safety_Leak_Latched;
./repo_logs/assistant_bridge/2026_04_19/step_269b_snapshot_real_audit/snapshot_real_audit.log:35803:./repo_logs/assistant_bridge/2026_04_16/step_05_persistence_path_reconciliation/persistence_path_reconciliation.log:451:./repo_logs/assistant_bridge/2026_04_16/step_02_nvram_topology/nvram_topology.log:147:PRG_System.st:1001:GVL_PERSISTENT.P_DHW_Heating_Active := GVL_STATE.G_DHW_Heating_Pump;
./repo_logs/assistant_bridge/2026_04_19/step_269b_snapshot_real_audit/snapshot_real_audit.log:35804:./repo_logs/assistant_bridge/2026_04_16/step_05_persistence_path_reconciliation/persistence_path_reconciliation.log:452:./repo_logs/assistant_bridge/2026_04_16/step_02_nvram_topology/nvram_topology.log:148:PRG_System.st:1003:GVL_PERSISTENT.P_Valid := TRUE;
./repo_logs/assistant_bridge/2026_04_19/step_269b_snapshot_real_audit/snapshot_real_audit.log:35813:./repo_logs/assistant_bridge/2026_04_16/step_05_persistence_path_reconciliation/persistence_path_reconciliation.log:461:./repo_logs/assistant_bridge/2026_04_16/step_02_nvram_topology/nvram_topology.log:603:    IF GVL_PERSISTENT.P_Valid THEN
./repo_logs/assistant_bridge/2026_04_19/step_269b_snapshot_real_audit/snapshot_real_audit.log:35814:./repo_logs/assistant_bridge/2026_04_16/step_05_persistence_path_reconciliation/persistence_path_reconciliation.log:462:./repo_logs/assistant_bridge/2026_04_16/step_02_nvram_topology/nvram_topology.log:604:        GVL_STATE.G_Safety_Gas_Latched := GVL_PERSISTENT.P_Safety_Gas_Latched;
./repo_logs/assistant_bridge/2026_04_19/step_269b_snapshot_real_audit/snapshot_real_audit.log:35815:./repo_logs/assistant_bridge/2026_04_16/step_05_persistence_path_reconciliation/persistence_path_reconciliation.log:463:./repo_logs/assistant_bridge/2026_04_16/step_02_nvram_topology/nvram_topology.log:605:        GVL_STATE.G_Safety_Smoke_Latched := GVL_PERSISTENT.P_Safety_Smoke_Latched;
./repo_logs/assistant_bridge/2026_04_19/step_269b_snapshot_real_audit/snapshot_real_audit.log:35816:./repo_logs/assistant_bridge/2026_04_16/step_05_persistence_path_reconciliation/persistence_path_reconciliation.log:464:./repo_logs/assistant_bridge/2026_04_16/step_02_nvram_topology/nvram_topology.log:606:        GVL_STATE.G_Safety_Leak_Latched := GVL_PERSISTENT.P_Safety_Leak_Latched;
./repo_logs/assistant_bridge/2026_04_19/step_269b_snapshot_real_audit/snapshot_real_audit.log:35817:./repo_logs/assistant_bridge/2026_04_16/step_05_persistence_path_reconciliation/persistence_path_reconciliation.log:465:./repo_logs/assistant_bridge/2026_04_16/step_02_nvram_topology/nvram_topology.log:607:        GVL_STATE.G_System_Mode := GVL_PERSISTENT.P_System_Mode;
./repo_logs/assistant_bridge/2026_04_19/step_269b_snapshot_real_audit/snapshot_real_audit.log:35819:./repo_logs/assistant_bridge/2026_04_16/step_05_persistence_path_reconciliation/persistence_path_reconciliation.log:467:./repo_logs/assistant_bridge/2026_04_16/step_03_nvram_write_flow/nvram_write_flow.log:101:IF GVL_PERSISTENT.P_Safety_Gas_Latched THEN
./repo_logs/assistant_bridge/2026_04_19/step_269b_snapshot_real_audit/snapshot_real_audit.log:35820:./repo_logs/assistant_bridge/2026_04_16/step_05_persistence_path_reconciliation/persistence_path_reconciliation.log:468:./repo_logs/assistant_bridge/2026_04_16/step_03_nvram_write_flow/nvram_write_flow.log:106:IF GVL_PERSISTENT.P_Safety_Smoke_Latched THEN
./repo_logs/assistant_bridge/2026_04_19/step_269b_snapshot_real_audit/snapshot_real_audit.log:35821:./repo_logs/assistant_bridge/2026_04_16/step_05_persistence_path_reconciliation/persistence_path_reconciliation.log:469:./repo_logs/assistant_bridge/2026_04_16/step_03_nvram_write_flow/nvram_write_flow.log:111:IF GVL_PERSISTENT.P_Safety_Leak_Latched THEN
./repo_logs/assistant_bridge/2026_04_19/step_269b_snapshot_real_audit/snapshot_real_audit.log:35822:./repo_logs/assistant_bridge/2026_04_16/step_05_persistence_path_reconciliation/persistence_path_reconciliation.log:470:./repo_logs/assistant_bridge/2026_04_16/step_03_nvram_write_flow/nvram_write_flow.log:116:IF GVL_PERSISTENT.P_DHW_Heating_Active THEN
./repo_logs/assistant_bridge/2026_04_19/step_269b_snapshot_real_audit/snapshot_real_audit.log:35823:./repo_logs/assistant_bridge/2026_04_16/step_05_persistence_path_reconciliation/persistence_path_reconciliation.log:471:./repo_logs/assistant_bridge/2026_04_16/step_03_nvram_write_flow/nvram_write_flow.log:254:GVL_PERSISTENT.P_System_Mode := GVL_STATE.G_System_Mode;
./repo_logs/assistant_bridge/2026_04_19/step_269b_snapshot_real_audit/snapshot_real_audit.log:35824:./repo_logs/assistant_bridge/2026_04_16/step_05_persistence_path_reconciliation/persistence_path_reconciliation.log:472:./repo_logs/assistant_bridge/2026_04_16/step_03_nvram_write_flow/nvram_write_flow.log:256:GVL_PERSISTENT.P_Safety_Gas_Latched := GVL_STATE.G_Safety_Gas_Latched;
./repo_logs/assistant_bridge/2026_04_19/step_269b_snapshot_real_audit/snapshot_real_audit.log:35825:./repo_logs/assistant_bridge/2026_04_16/step_05_persistence_path_reconciliation/persistence_path_reconciliation.log:473:./repo_logs/assistant_bridge/2026_04_16/step_03_nvram_write_flow/nvram_write_flow.log:257:GVL_PERSISTENT.P_Safety_Smoke_Latched := GVL_STATE.G_Safety_Smoke_Latched;
./repo_logs/assistant_bridge/2026_04_19/step_269b_snapshot_real_audit/snapshot_real_audit.log:35826:./repo_logs/assistant_bridge/2026_04_16/step_05_persistence_path_reconciliation/persistence_path_reconciliation.log:474:./repo_logs/assistant_bridge/2026_04_16/step_03_nvram_write_flow/nvram_write_flow.log:258:GVL_PERSISTENT.P_Safety_Leak_Latched := GVL_STATE.G_Safety_Leak_Latched;
./repo_logs/assistant_bridge/2026_04_19/step_269b_snapshot_real_audit/snapshot_real_audit.log:35827:./repo_logs/assistant_bridge/2026_04_16/step_05_persistence_path_reconciliation/persistence_path_reconciliation.log:475:./repo_logs/assistant_bridge/2026_04_16/step_03_nvram_write_flow/nvram_write_flow.log:260:GVL_PERSISTENT.P_DHW_Heating_Active := GVL_STATE.G_DHW_Heating_Pump;
./repo_logs/assistant_bridge/2026_04_19/step_269b_snapshot_real_audit/snapshot_real_audit.log:35828:./repo_logs/assistant_bridge/2026_04_16/step_05_persistence_path_reconciliation/persistence_path_reconciliation.log:476:./repo_logs/assistant_bridge/2026_04_16/step_03_nvram_write_flow/nvram_write_flow.log:262:GVL_PERSISTENT.P_Valid := TRUE;
./repo_logs/assistant_bridge/2026_04_19/step_269b_snapshot_real_audit/snapshot_real_audit.log:35835:./repo_logs/assistant_bridge/2026_04_16/step_05_persistence_path_reconciliation/persistence_path_reconciliation.log:508:./snapshots/project_clean_state_2026_04_16/repo_logs/nvram/nvram_REAL_latest.log:180:112:    IF GVL_PERSISTENT.P_Valid THEN
./repo_logs/assistant_bridge/2026_04_19/step_269b_snapshot_real_audit/snapshot_real_audit.log:35836:./repo_logs/assistant_bridge/2026_04_16/step_05_persistence_path_reconciliation/persistence_path_reconciliation.log:509:./snapshots/project_clean_state_2026_04_16/repo_logs/nvram/nvram_REAL_latest.log:181:113:        GVL_STATE.G_Safety_Gas_Latched := GVL_PERSISTENT.P_Safety_Gas_Latched;
./repo_logs/assistant_bridge/2026_04_19/step_269b_snapshot_real_audit/snapshot_real_audit.log:35837:./repo_logs/assistant_bridge/2026_04_16/step_05_persistence_path_reconciliation/persistence_path_reconciliation.log:510:./snapshots/project_clean_state_2026_04_16/repo_logs/nvram/nvram_REAL_latest.log:182:114:        GVL_STATE.G_Safety_Smoke_Latched := GVL_PERSISTENT.P_Safety_Smoke_Latched;
./repo_logs/assistant_bridge/2026_04_19/step_269b_snapshot_real_audit/snapshot_real_audit.log:35838:./repo_logs/assistant_bridge/2026_04_16/step_05_persistence_path_reconciliation/persistence_path_reconciliation.log:511:./snapshots/project_clean_state_2026_04_16/repo_logs/nvram/nvram_REAL_latest.log:183:115:        GVL_STATE.G_Safety_Leak_Latched := GVL_PERSISTENT.P_Safety_Leak_Latched;
./repo_logs/assistant_bridge/2026_04_19/step_269b_snapshot_real_audit/snapshot_real_audit.log:35839:./repo_logs/assistant_bridge/2026_04_16/step_05_persistence_path_reconciliation/persistence_path_reconciliation.log:512:./snapshots/project_clean_state_2026_04_16/repo_logs/nvram/nvram_REAL_latest.log:184:116:        GVL_STATE.G_System_Mode := GVL_PERSISTENT.P_System_Mode;
./repo_logs/assistant_bridge/2026_04_19/step_269b_snapshot_real_audit/snapshot_real_audit.log:35840:./repo_logs/assistant_bridge/2026_04_16/step_05_persistence_path_reconciliation/persistence_path_reconciliation.log:513:./snapshots/project_clean_state_2026_04_16/repo_logs/nvram/nvram_REAL_latest.log:188:675:IF GVL_PERSISTENT.P_Safety_Gas_Latched THEN
./repo_logs/assistant_bridge/2026_04_19/step_269b_snapshot_real_audit/snapshot_real_audit.log:35841:./repo_logs/assistant_bridge/2026_04_16/step_05_persistence_path_reconciliation/persistence_path_reconciliation.log:514:./snapshots/project_clean_state_2026_04_16/repo_logs/nvram/nvram_REAL_latest.log:189:680:IF GVL_PERSISTENT.P_Safety_Smoke_Latched THEN
./repo_logs/assistant_bridge/2026_04_19/step_269b_snapshot_real_audit/snapshot_real_audit.log:35842:./repo_logs/assistant_bridge/2026_04_16/step_05_persistence_path_reconciliation/persistence_path_reconciliation.log:515:./snapshots/project_clean_state_2026_04_16/repo_logs/nvram/nvram_REAL_latest.log:190:685:IF GVL_PERSISTENT.P_Safety_Leak_Latched THEN
./repo_logs/assistant_bridge/2026_04_19/step_269b_snapshot_real_audit/snapshot_real_audit.log:35843:./repo_logs/assistant_bridge/2026_04_16/step_05_persistence_path_reconciliation/persistence_path_reconciliation.log:516:./snapshots/project_clean_state_2026_04_16/repo_logs/nvram/nvram_REAL_latest.log:191:690:IF GVL_PERSISTENT.P_DHW_Heating_Active THEN
./repo_logs/assistant_bridge/2026_04_19/step_269b_snapshot_real_audit/snapshot_real_audit.log:35844:./repo_logs/assistant_bridge/2026_04_16/step_05_persistence_path_reconciliation/persistence_path_reconciliation.log:517:./snapshots/project_clean_state_2026_04_16/repo_logs/nvram/nvram_REAL_latest.log:205:995:GVL_PERSISTENT.P_System_Mode := GVL_STATE.G_System_Mode;
./repo_logs/assistant_bridge/2026_04_19/step_269b_snapshot_real_audit/snapshot_real_audit.log:35845:./repo_logs/assistant_bridge/2026_04_16/step_05_persistence_path_reconciliation/persistence_path_reconciliation.log:518:./snapshots/project_clean_state_2026_04_16/repo_logs/nvram/nvram_REAL_latest.log:206:997:GVL_PERSISTENT.P_Safety_Gas_Latched := GVL_STATE.G_Safety_Gas_Latched;
./repo_logs/assistant_bridge/2026_04_19/step_269b_snapshot_real_audit/snapshot_real_audit.log:35846:./repo_logs/assistant_bridge/2026_04_16/step_05_persistence_path_reconciliation/persistence_path_reconciliation.log:519:./snapshots/project_clean_state_2026_04_16/repo_logs/nvram/nvram_REAL_latest.log:207:998:GVL_PERSISTENT.P_Safety_Smoke_Latched := GVL_STATE.G_Safety_Smoke_Latched;
./repo_logs/assistant_bridge/2026_04_19/step_269b_snapshot_real_audit/snapshot_real_audit.log:35847:./repo_logs/assistant_bridge/2026_04_16/step_05_persistence_path_reconciliation/persistence_path_reconciliation.log:520:./snapshots/project_clean_state_2026_04_16/repo_logs/nvram/nvram_REAL_latest.log:208:999:GVL_PERSISTENT.P_Safety_Leak_Latched := GVL_STATE.G_Safety_Leak_Latched;
./repo_logs/assistant_bridge/2026_04_19/step_269b_snapshot_real_audit/snapshot_real_audit.log:35848:./repo_logs/assistant_bridge/2026_04_16/step_05_persistence_path_reconciliation/persistence_path_reconciliation.log:521:./snapshots/project_clean_state_2026_04_16/repo_logs/nvram/nvram_REAL_latest.log:209:1001:GVL_PERSISTENT.P_DHW_Heating_Active := GVL_STATE.G_DHW_Heating_Pump;
./repo_logs/assistant_bridge/2026_04_19/step_269b_snapshot_real_audit/snapshot_real_audit.log:35849:./repo_logs/assistant_bridge/2026_04_16/step_05_persistence_path_reconciliation/persistence_path_reconciliation.log:522:./snapshots/project_clean_state_2026_04_16/repo_logs/nvram/nvram_REAL_latest.log:210:1003:GVL_PERSISTENT.P_Valid := TRUE;
./repo_logs/assistant_bridge/2026_04_19/step_269b_snapshot_real_audit/snapshot_real_audit.log:35856:./repo_logs/assistant_bridge/2026_04_16/step_05_persistence_path_reconciliation/persistence_path_reconciliation.log:535:./snapshots/project_clean_state_2026_04_16/docs/assistant_bridge/nvram_REAL_latest.log:180:112:    IF GVL_PERSISTENT.P_Valid THEN
./repo_logs/assistant_bridge/2026_04_19/step_269b_snapshot_real_audit/snapshot_real_audit.log:35857:./repo_logs/assistant_bridge/2026_04_16/step_05_persistence_path_reconciliation/persistence_path_reconciliation.log:536:./snapshots/project_clean_state_2026_04_16/docs/assistant_bridge/nvram_REAL_latest.log:181:113:        GVL_STATE.G_Safety_Gas_Latched := GVL_PERSISTENT.P_Safety_Gas_Latched;
./repo_logs/assistant_bridge/2026_04_19/step_269b_snapshot_real_audit/snapshot_real_audit.log:35858:./repo_logs/assistant_bridge/2026_04_16/step_05_persistence_path_reconciliation/persistence_path_reconciliation.log:537:./snapshots/project_clean_state_2026_04_16/docs/assistant_bridge/nvram_REAL_latest.log:182:114:        GVL_STATE.G_Safety_Smoke_Latched := GVL_PERSISTENT.P_Safety_Smoke_Latched;
./repo_logs/assistant_bridge/2026_04_19/step_269b_snapshot_real_audit/snapshot_real_audit.log:35859:./repo_logs/assistant_bridge/2026_04_16/step_05_persistence_path_reconciliation/persistence_path_reconciliation.log:538:./snapshots/project_clean_state_2026_04_16/docs/assistant_bridge/nvram_REAL_latest.log:183:115:        GVL_STATE.G_Safety_Leak_Latched := GVL_PERSISTENT.P_Safety_Leak_Latched;
./repo_logs/assistant_bridge/2026_04_19/step_269b_snapshot_real_audit/snapshot_real_audit.log:35860:./repo_logs/assistant_bridge/2026_04_16/step_05_persistence_path_reconciliation/persistence_path_reconciliation.log:539:./snapshots/project_clean_state_2026_04_16/docs/assistant_bridge/nvram_REAL_latest.log:184:116:        GVL_STATE.G_System_Mode := GVL_PERSISTENT.P_System_Mode;
./repo_logs/assistant_bridge/2026_04_19/step_269b_snapshot_real_audit/snapshot_real_audit.log:35861:./repo_logs/assistant_bridge/2026_04_16/step_05_persistence_path_reconciliation/persistence_path_reconciliation.log:540:./snapshots/project_clean_state_2026_04_16/docs/assistant_bridge/nvram_REAL_latest.log:188:675:IF GVL_PERSISTENT.P_Safety_Gas_Latched THEN
./repo_logs/assistant_bridge/2026_04_19/step_269b_snapshot_real_audit/snapshot_real_audit.log:35862:./repo_logs/assistant_bridge/2026_04_16/step_05_persistence_path_reconciliation/persistence_path_reconciliation.log:541:./snapshots/project_clean_state_2026_04_16/docs/assistant_bridge/nvram_REAL_latest.log:189:680:IF GVL_PERSISTENT.P_Safety_Smoke_Latched THEN
./repo_logs/assistant_bridge/2026_04_19/step_269b_snapshot_real_audit/snapshot_real_audit.log:35863:./repo_logs/assistant_bridge/2026_04_16/step_05_persistence_path_reconciliation/persistence_path_reconciliation.log:542:./snapshots/project_clean_state_2026_04_16/docs/assistant_bridge/nvram_REAL_latest.log:190:685:IF GVL_PERSISTENT.P_Safety_Leak_Latched THEN
./repo_logs/assistant_bridge/2026_04_19/step_269b_snapshot_real_audit/snapshot_real_audit.log:35864:./repo_logs/assistant_bridge/2026_04_16/step_05_persistence_path_reconciliation/persistence_path_reconciliation.log:543:./snapshots/project_clean_state_2026_04_16/docs/assistant_bridge/nvram_REAL_latest.log:191:690:IF GVL_PERSISTENT.P_DHW_Heating_Active THEN
./repo_logs/assistant_bridge/2026_04_19/step_269b_snapshot_real_audit/snapshot_real_audit.log:35865:./repo_logs/assistant_bridge/2026_04_16/step_05_persistence_path_reconciliation/persistence_path_reconciliation.log:544:./snapshots/project_clean_state_2026_04_16/docs/assistant_bridge/nvram_REAL_latest.log:205:995:GVL_PERSISTENT.P_System_Mode := GVL_STATE.G_System_Mode;
./repo_logs/assistant_bridge/2026_04_19/step_269b_snapshot_real_audit/snapshot_real_audit.log:35866:./repo_logs/assistant_bridge/2026_04_16/step_05_persistence_path_reconciliation/persistence_path_reconciliation.log:545:./snapshots/project_clean_state_2026_04_16/docs/assistant_bridge/nvram_REAL_latest.log:206:997:GVL_PERSISTENT.P_Safety_Gas_Latched := GVL_STATE.G_Safety_Gas_Latched;
./repo_logs/assistant_bridge/2026_04_19/step_269b_snapshot_real_audit/snapshot_real_audit.log:35867:./repo_logs/assistant_bridge/2026_04_16/step_05_persistence_path_reconciliation/persistence_path_reconciliation.log:546:./snapshots/project_clean_state_2026_04_16/docs/assistant_bridge/nvram_REAL_latest.log:207:998:GVL_PERSISTENT.P_Safety_Smoke_Latched := GVL_STATE.G_Safety_Smoke_Latched;
./repo_logs/assistant_bridge/2026_04_19/step_269b_snapshot_real_audit/snapshot_real_audit.log:35868:./repo_logs/assistant_bridge/2026_04_16/step_05_persistence_path_reconciliation/persistence_path_reconciliation.log:547:./snapshots/project_clean_state_2026_04_16/docs/assistant_bridge/nvram_REAL_latest.log:208:999:GVL_PERSISTENT.P_Safety_Leak_Latched := GVL_STATE.G_Safety_Leak_Latched;
./repo_logs/assistant_bridge/2026_04_19/step_269b_snapshot_real_audit/snapshot_real_audit.log:35869:./repo_logs/assistant_bridge/2026_04_16/step_05_persistence_path_reconciliation/persistence_path_reconciliation.log:548:./snapshots/project_clean_state_2026_04_16/docs/assistant_bridge/nvram_REAL_latest.log:209:1001:GVL_PERSISTENT.P_DHW_Heating_Active := GVL_STATE.G_DHW_Heating_Pump;
./repo_logs/assistant_bridge/2026_04_19/step_269b_snapshot_real_audit/snapshot_real_audit.log:35870:./repo_logs/assistant_bridge/2026_04_16/step_05_persistence_path_reconciliation/persistence_path_reconciliation.log:549:./snapshots/project_clean_state_2026_04_16/docs/assistant_bridge/nvram_REAL_latest.log:210:1003:GVL_PERSISTENT.P_Valid := TRUE;
./repo_logs/assistant_bridge/2026_04_19/step_269b_snapshot_real_audit/snapshot_real_audit.log:35877:./repo_logs/assistant_bridge/2026_04_16/step_05_persistence_path_reconciliation/persistence_path_reconciliation.log:593:./docs/assistant_bridge/nvram_REAL_latest.log:180:112:    IF GVL_PERSISTENT.P_Valid THEN
./repo_logs/assistant_bridge/2026_04_19/step_269b_snapshot_real_audit/snapshot_real_audit.log:35878:./repo_logs/assistant_bridge/2026_04_16/step_05_persistence_path_reconciliation/persistence_path_reconciliation.log:594:./docs/assistant_bridge/nvram_REAL_latest.log:181:113:        GVL_STATE.G_Safety_Gas_Latched := GVL_PERSISTENT.P_Safety_Gas_Latched;
./repo_logs/assistant_bridge/2026_04_19/step_269b_snapshot_real_audit/snapshot_real_audit.log:35879:./repo_logs/assistant_bridge/2026_04_16/step_05_persistence_path_reconciliation/persistence_path_reconciliation.log:595:./docs/assistant_bridge/nvram_REAL_latest.log:182:114:        GVL_STATE.G_Safety_Smoke_Latched := GVL_PERSISTENT.P_Safety_Smoke_Latched;
./repo_logs/assistant_bridge/2026_04_19/step_269b_snapshot_real_audit/snapshot_real_audit.log:35880:./repo_logs/assistant_bridge/2026_04_16/step_05_persistence_path_reconciliation/persistence_path_reconciliation.log:596:./docs/assistant_bridge/nvram_REAL_latest.log:183:115:        GVL_STATE.G_Safety_Leak_Latched := GVL_PERSISTENT.P_Safety_Leak_Latched;
./repo_logs/assistant_bridge/2026_04_19/step_269b_snapshot_real_audit/snapshot_real_audit.log:35881:./repo_logs/assistant_bridge/2026_04_16/step_05_persistence_path_reconciliation/persistence_path_reconciliation.log:597:./docs/assistant_bridge/nvram_REAL_latest.log:184:116:        GVL_STATE.G_System_Mode := GVL_PERSISTENT.P_System_Mode;
./repo_logs/assistant_bridge/2026_04_19/step_269b_snapshot_real_audit/snapshot_real_audit.log:35882:./repo_logs/assistant_bridge/2026_04_16/step_05_persistence_path_reconciliation/persistence_path_reconciliation.log:598:./docs/assistant_bridge/nvram_REAL_latest.log:188:675:IF GVL_PERSISTENT.P_Safety_Gas_Latched THEN
./repo_logs/assistant_bridge/2026_04_19/step_269b_snapshot_real_audit/snapshot_real_audit.log:35883:./repo_logs/assistant_bridge/2026_04_16/step_05_persistence_path_reconciliation/persistence_path_reconciliation.log:599:./docs/assistant_bridge/nvram_REAL_latest.log:189:680:IF GVL_PERSISTENT.P_Safety_Smoke_Latched THEN
./repo_logs/assistant_bridge/2026_04_19/step_269b_snapshot_real_audit/snapshot_real_audit.log:35884:./repo_logs/assistant_bridge/2026_04_16/step_05_persistence_path_reconciliation/persistence_path_reconciliation.log:600:./docs/assistant_bridge/nvram_REAL_latest.log:190:685:IF GVL_PERSISTENT.P_Safety_Leak_Latched THEN
./repo_logs/assistant_bridge/2026_04_19/step_269b_snapshot_real_audit/snapshot_real_audit.log:35885:./repo_logs/assistant_bridge/2026_04_16/step_05_persistence_path_reconciliation/persistence_path_reconciliation.log:601:./docs/assistant_bridge/nvram_REAL_latest.log:191:690:IF GVL_PERSISTENT.P_DHW_Heating_Active THEN
./repo_logs/assistant_bridge/2026_04_19/step_269b_snapshot_real_audit/snapshot_real_audit.log:35886:./repo_logs/assistant_bridge/2026_04_16/step_05_persistence_path_reconciliation/persistence_path_reconciliation.log:602:./docs/assistant_bridge/nvram_REAL_latest.log:205:995:GVL_PERSISTENT.P_System_Mode := GVL_STATE.G_System_Mode;
./repo_logs/assistant_bridge/2026_04_19/step_269b_snapshot_real_audit/snapshot_real_audit.log:35887:./repo_logs/assistant_bridge/2026_04_16/step_05_persistence_path_reconciliation/persistence_path_reconciliation.log:603:./docs/assistant_bridge/nvram_REAL_latest.log:206:997:GVL_PERSISTENT.P_Safety_Gas_Latched := GVL_STATE.G_Safety_Gas_Latched;
./repo_logs/assistant_bridge/2026_04_19/step_269b_snapshot_real_audit/snapshot_real_audit.log:35888:./repo_logs/assistant_bridge/2026_04_16/step_05_persistence_path_reconciliation/persistence_path_reconciliation.log:604:./docs/assistant_bridge/nvram_REAL_latest.log:207:998:GVL_PERSISTENT.P_Safety_Smoke_Latched := GVL_STATE.G_Safety_Smoke_Latched;
./repo_logs/assistant_bridge/2026_04_19/step_269b_snapshot_real_audit/snapshot_real_audit.log:35889:./repo_logs/assistant_bridge/2026_04_16/step_05_persistence_path_reconciliation/persistence_path_reconciliation.log:605:./docs/assistant_bridge/nvram_REAL_latest.log:208:999:GVL_PERSISTENT.P_Safety_Leak_Latched := GVL_STATE.G_Safety_Leak_Latched;
./repo_logs/assistant_bridge/2026_04_19/step_269b_snapshot_real_audit/snapshot_real_audit.log:35890:./repo_logs/assistant_bridge/2026_04_16/step_05_persistence_path_reconciliation/persistence_path_reconciliation.log:606:./docs/assistant_bridge/nvram_REAL_latest.log:209:1001:GVL_PERSISTENT.P_DHW_Heating_Active := GVL_STATE.G_DHW_Heating_Pump;
./repo_logs/assistant_bridge/2026_04_19/step_269b_snapshot_real_audit/snapshot_real_audit.log:35891:./repo_logs/assistant_bridge/2026_04_16/step_05_persistence_path_reconciliation/persistence_path_reconciliation.log:607:./docs/assistant_bridge/nvram_REAL_latest.log:210:1003:GVL_PERSISTENT.P_Valid := TRUE;
./repo_logs/assistant_bridge/2026_04_19/step_269b_snapshot_real_audit/snapshot_real_audit.log:59455:./компилятор/out/RESULT_methods_clean.xml:20831:<data name="http://www.3s-software.com/plcopenxml/globalvars" handleUnknown="implementation"><globalVars name="GVL_PERSISTENT" retain="true"><variable name="P_System_Mode"><type><derived name="E_System_Operating_Mode" /></type></variable><variable name="P_Safety_Gas_Latched"><type><BOOL /></type></variable><variable name="P_Safety_Smoke_Latched"><type><BOOL /></type></variable><variable name="P_Safety_Leak_Latched"><type><BOOL /></type></variable><variable name="P_DHW_Heating_Active"><type><BOOL /></type></variable><variable name="P_Valid"><type><BOOL /></type></variable><addData><data name="http://www.3s-software.com/plcopenxml/objectid" handleUnknown="discard"><ObjectId>7b214a17-f321-40a2-914e-01bb84cca44e</ObjectId></data></addData></globalVars></data>
./repo_logs/assistant_bridge/2026_04_19/step_269b_snapshot_real_audit/snapshot_real_audit.log:60556:./repo_logs/assistant_bridge/2026_04_16/step_05_persistence_path_reconciliation/persistence_path_reconciliation.log:350:./компилятор/out/RESULT_methods_clean.xml:20089:<data name="http://www.3s-software.com/plcopenxml/globalvars" handleUnknown="implementation"><globalVars name="GVL_PERSISTENT" retain="true"><variable name="P_System_Mode"><type><derived name="E_System_Operating_Mode" /></type></variable><variable name="P_Safety_Gas_Latched"><type><BOOL /></type></variable><variable name="P_Safety_Smoke_Latched"><type><BOOL /></type></variable><variable name="P_Safety_Leak_Latched"><type><BOOL /></type></variable><variable name="P_DHW_Heating_Active"><type><BOOL /></type></variable><variable name="P_Valid"><type><BOOL /></type></variable><addData><data name="http://www.3s-software.com/plcopenxml/objectid" handleUnknown="discard"><ObjectId>5f00672b-cde1-4a17-9ba3-5e9a767b7e20</ObjectId></data></addData></globalVars></data>
./repo_logs/assistant_bridge/2026_04_19/step_269b_snapshot_real_audit/snapshot_real_audit.log:60557:./repo_logs/assistant_bridge/2026_04_16/step_05_persistence_path_reconciliation/persistence_path_reconciliation.log:501:./snapshots/project_clean_state_2026_04_16/компилятор/out/RESULT_methods_clean.xml:20086:<data name="http://www.3s-software.com/plcopenxml/globalvars" handleUnknown="implementation"><globalVars name="GVL_PERSISTENT" retain="true"><variable name="P_System_Mode"><type><derived name="E_System_Operating_Mode" /></type></variable><variable name="P_Safety_Gas_Latched"><type><BOOL /></type></variable><variable name="P_Safety_Smoke_Latched"><type><BOOL /></type></variable><variable name="P_Safety_Leak_Latched"><type><BOOL /></type></variable><variable name="P_DHW_Heating_Active"><type><BOOL /></type></variable><variable name="P_Valid"><type><BOOL /></type></variable><addData><data name="http://www.3s-software.com/plcopenxml/objectid" handleUnknown="discard"><ObjectId>a01760fc-f32a-4644-87c3-ab326656d6f4</ObjectId></data></addData></globalVars></data>
./repo_logs/assistant_bridge/2026_04_19/step_269b_snapshot_real_audit/snapshot_real_audit.log:60558:./repo_logs/assistant_bridge/2026_04_16/step_05_persistence_path_reconciliation/persistence_path_reconciliation.log:586:./snapshots/clean_build_2026_04_16/компилятор/out/RESULT_methods_clean.xml:20086:<data name="http://www.3s-software.com/plcopenxml/globalvars" handleUnknown="implementation"><globalVars name="GVL_PERSISTENT" retain="true"><variable name="P_System_Mode"><type><derived name="E_System_Operating_Mode" /></type></variable><variable name="P_Safety_Gas_Latched"><type><BOOL /></type></variable><variable name="P_Safety_Smoke_Latched"><type><BOOL /></type></variable><variable name="P_Safety_Leak_Latched"><type><BOOL /></type></variable><variable name="P_DHW_Heating_Active"><type><BOOL /></type></variable><variable name="P_Valid"><type><BOOL /></type></variable><addData><data name="http://www.3s-software.com/plcopenxml/objectid" handleUnknown="discard"><ObjectId>a01760fc-f32a-4644-87c3-ab326656d6f4</ObjectId></data></addData></globalVars></data>
./repo_logs/assistant_bridge/2026_04_19/step_269b_snapshot_real_audit/snapshot_real_audit.log:60748:./repo_logs/assistant_bridge/2026_04_16/step_02_nvram_topology/nvram_topology.log:23:GVL_PERSISTENT.gvl:1:VAR_GLOBAL PERSISTENT RETAIN
./repo_logs/assistant_bridge/2026_04_19/step_269b_snapshot_real_audit/snapshot_real_audit.log:61482:./GVL_PERSISTENT.gvl:1:VAR_GLOBAL PERSISTENT RETAIN
./repo_logs/assistant_bridge/2026_04_19/step_269b_snapshot_real_audit/snapshot_real_audit.log:61962:./snapshots/project_clean_state_2026_04_16/компилятор/out/RESULT_methods_clean.xml:20086:<data name="http://www.3s-software.com/plcopenxml/globalvars" handleUnknown="implementation"><globalVars name="GVL_PERSISTENT" retain="true"><variable name="P_System_Mode"><type><derived name="E_System_Operating_Mode" /></type></variable><variable name="P_Safety_Gas_Latched"><type><BOOL /></type></variable><variable name="P_Safety_Smoke_Latched"><type><BOOL /></type></variable><variable name="P_Safety_Leak_Latched"><type><BOOL /></type></variable><variable name="P_DHW_Heating_Active"><type><BOOL /></type></variable><variable name="P_Valid"><type><BOOL /></type></variable><addData><data name="http://www.3s-software.com/plcopenxml/objectid" handleUnknown="discard"><ObjectId>a01760fc-f32a-4644-87c3-ab326656d6f4</ObjectId></data></addData></globalVars></data>
./repo_logs/assistant_bridge/2026_04_19/step_269b_snapshot_real_audit/snapshot_real_audit.log:61974:./snapshots/project_clean_state_2026_04_16/GVL_PERSISTENT.gvl:1:VAR_GLOBAL PERSISTENT RETAIN
./repo_logs/assistant_bridge/2026_04_19/step_269b_snapshot_real_audit/snapshot_real_audit.log:62213:./snapshots/clean_build_2026_04_16/компилятор/out/RESULT_methods_clean.xml:20086:<data name="http://www.3s-software.com/plcopenxml/globalvars" handleUnknown="implementation"><globalVars name="GVL_PERSISTENT" retain="true"><variable name="P_System_Mode"><type><derived name="E_System_Operating_Mode" /></type></variable><variable name="P_Safety_Gas_Latched"><type><BOOL /></type></variable><variable name="P_Safety_Smoke_Latched"><type><BOOL /></type></variable><variable name="P_Safety_Leak_Latched"><type><BOOL /></type></variable><variable name="P_DHW_Heating_Active"><type><BOOL /></type></variable><variable name="P_Valid"><type><BOOL /></type></variable><addData><data name="http://www.3s-software.com/plcopenxml/objectid" handleUnknown="discard"><ObjectId>a01760fc-f32a-4644-87c3-ab326656d6f4</ObjectId></data></addData></globalVars></data>
./repo_logs/assistant_bridge/2026_04_19/step_269b_snapshot_real_audit/snapshot_real_audit.log:62618:    IF GVL_PERSISTENT.P_Valid THEN
./repo_logs/assistant_bridge/2026_04_19/step_269b_snapshot_real_audit/snapshot_real_audit.log:62619:        GVL_STATE.G_Safety_Gas_Latched := GVL_PERSISTENT.P_Safety_Gas_Latched;
./repo_logs/assistant_bridge/2026_04_19/step_269b_snapshot_real_audit/snapshot_real_audit.log:62620:        GVL_STATE.G_Safety_Smoke_Latched := GVL_PERSISTENT.P_Safety_Smoke_Latched;
./repo_logs/assistant_bridge/2026_04_19/step_269b_snapshot_real_audit/snapshot_real_audit.log:62621:        GVL_STATE.G_Safety_Leak_Latched := GVL_PERSISTENT.P_Safety_Leak_Latched;
./repo_logs/assistant_bridge/2026_04_19/step_269b_snapshot_real_audit/snapshot_real_audit.log:62622:        GVL_STATE.G_System_Mode := GVL_PERSISTENT.P_System_Mode;
./repo_logs/assistant_bridge/2026_04_19/step_269_snapshot_architecture_audit/snapshot_architecture_audit.log:2359:2495-    VI_Device_Active  := GVL_PERSISTENT.P_DHW_Heating_Active,
./repo_logs/assistant_bridge/2026_04_17/step_156d_compile_after_repair_diag/compile_after_repair_diag.log:39:GVL_PERSISTENT.P_DHW_Heating_Active := L_Persist_Struct.DHW_Heating_Pump;
./repo_logs/assistant_bridge/2026_04_17/step_156d_compile_after_repair_diag/compile_after_repair_diag.log:40:GVL_PERSISTENT.P_Valid := L_Persist_Struct.Valid;
./repo_logs/assistant_bridge/2026_04_17/step_139_post_cleanup_root_audit_remaining_candidates/post_cleanup_root_audit_remaining_candidates.log:157:GVL_PERSISTENT.gvl | type=.gvl | class=GLOBAL_VAR_LIST
./repo_logs/assistant_bridge/2026_04_17/step_145_build_reachable_graph_from_main/build_reachable_graph_from_main.log:430:  -> GVL_PERSISTENT.gvl [GLOBAL_VAR_LIST]
./repo_logs/assistant_bridge/2026_04_17/step_131_control_final_root_audit_and_unused_inventory/control_final_root_audit_and_unused_inventory.log:173:GVL_PERSISTENT.gvl
./repo_logs/assistant_bridge/2026_04_17/step_131_control_final_root_audit_and_unused_inventory/control_final_root_audit_and_unused_inventory.log:387:  GVL_PERSISTENT.gvl
./repo_logs/assistant_bridge/2026_04_17/step_131_control_final_root_audit_and_unused_inventory/control_final_root_audit_and_unused_inventory.log:876:GVL_PERSISTENT.gvl | type=.gvl | symbol=GVL_PERSISTENT | external_refs=2
./repo_logs/assistant_bridge/2026_04_17/step_132_root_unused_inventory_v2_live_only/root_unused_inventory_v2_live_only.log:127:GVL_PERSISTENT.gvl
./repo_logs/assistant_bridge/2026_04_17/step_132_root_unused_inventory_v2_live_only/root_unused_inventory_v2_live_only.log:277:  GVL_PERSISTENT.gvl
./repo_logs/assistant_bridge/2026_04_17/step_132_root_unused_inventory_v2_live_only/root_unused_inventory_v2_live_only.log:536:GVL_PERSISTENT.gvl | type=.gvl | symbol=GVL_PERSISTENT | external_refs=1
./repo_logs/assistant_bridge/2026_04_17/step_132_root_unused_inventory_v2_live_only/root_unused_inventory_v2_live_only.log:919:GVL_PERSISTENT.gvl | type=.gvl | symbol=GVL_PERSISTENT
./repo_logs/assistant_bridge/2026_04_17/step_144_build_live_root_dependency_map/build_live_root_dependency_map.log:269:  -> GVL_PERSISTENT.gvl [GLOBAL_VAR_LIST]
./repo_logs/assistant_bridge/2026_04_17/step_141_142_repair_restore_persist_and_gateway_enum/repair_restore_persist_and_gateway_enum.log:45:115:    IF GVL_PERSISTENT.P_Valid THEN
./repo_logs/assistant_bridge/2026_04_17/step_141_142_repair_restore_persist_and_gateway_enum/repair_restore_persist_and_gateway_enum.log:46:116:        GVL_STATE.G_Safety_Gas_Latched := GVL_PERSISTENT.P_Safety_Gas_Latched;
./repo_logs/assistant_bridge/2026_04_17/step_141_142_repair_restore_persist_and_gateway_enum/repair_restore_persist_and_gateway_enum.log:47:117:        GVL_STATE.G_Safety_Smoke_Latched := GVL_PERSISTENT.P_Safety_Smoke_Latched;
./repo_logs/assistant_bridge/2026_04_17/step_141_142_repair_restore_persist_and_gateway_enum/repair_restore_persist_and_gateway_enum.log:48:118:        GVL_STATE.G_Safety_Leak_Latched := GVL_PERSISTENT.P_Safety_Leak_Latched;
./repo_logs/assistant_bridge/2026_04_17/step_141_142_repair_restore_persist_and_gateway_enum/repair_restore_persist_and_gateway_enum.log:49:119:        GVL_STATE.G_System_Mode := GVL_PERSISTENT.P_System_Mode;
./repo_logs/assistant_bridge/2026_04_17/step_141_142_repair_restore_persist_and_gateway_enum/repair_restore_persist_and_gateway_enum.log:114:1056:GVL_PERSISTENT.P_System_Mode := L_Persist_Struct.System_Mode;
./repo_logs/assistant_bridge/2026_04_17/step_141_142_repair_restore_persist_and_gateway_enum/repair_restore_persist_and_gateway_enum.log:115:1058:GVL_PERSISTENT.P_Safety_Gas_Latched := L_Persist_Struct.Safety_Gas_Latched;
./repo_logs/assistant_bridge/2026_04_17/step_141_142_repair_restore_persist_and_gateway_enum/repair_restore_persist_and_gateway_enum.log:116:1059:GVL_PERSISTENT.P_Safety_Smoke_Latched := L_Persist_Struct.Safety_Smoke_Latched;
./repo_logs/assistant_bridge/2026_04_17/step_141_142_repair_restore_persist_and_gateway_enum/repair_restore_persist_and_gateway_enum.log:117:1060:GVL_PERSISTENT.P_Safety_Leak_Latched := L_Persist_Struct.Safety_Leak_Latched;
./repo_logs/assistant_bridge/2026_04_17/step_141_142_repair_restore_persist_and_gateway_enum/repair_restore_persist_and_gateway_enum.log:118:1062:GVL_PERSISTENT.P_DHW_Heating_Active := L_Persist_Struct.DHW_Heating_Pump;
./repo_logs/assistant_bridge/2026_04_17/step_141_142_repair_restore_persist_and_gateway_enum/repair_restore_persist_and_gateway_enum.log:119:1063:GVL_PERSISTENT.P_Valid := L_Persist_Struct.Valid;
./repo_logs/assistant_bridge/2026_04_16/step_05_persistence_path_reconciliation/persistence_path_reconciliation.log:302:GVL_PERSISTENT.gvl:4:    P_System_Mode : E_System_Operating_Mode;
./repo_logs/assistant_bridge/2026_04_16/step_05_persistence_path_reconciliation/persistence_path_reconciliation.log:303:GVL_PERSISTENT.gvl:7:    P_Safety_Gas_Latched : BOOL;
./repo_logs/assistant_bridge/2026_04_16/step_05_persistence_path_reconciliation/persistence_path_reconciliation.log:304:GVL_PERSISTENT.gvl:8:    P_Safety_Smoke_Latched : BOOL;
./repo_logs/assistant_bridge/2026_04_16/step_05_persistence_path_reconciliation/persistence_path_reconciliation.log:305:GVL_PERSISTENT.gvl:9:    P_Safety_Leak_Latched : BOOL;
./repo_logs/assistant_bridge/2026_04_16/step_05_persistence_path_reconciliation/persistence_path_reconciliation.log:306:GVL_PERSISTENT.gvl:12:    P_DHW_Heating_Active : BOOL;
./repo_logs/assistant_bridge/2026_04_16/step_05_persistence_path_reconciliation/persistence_path_reconciliation.log:307:GVL_PERSISTENT.gvl:15:    P_Valid : BOOL;
./repo_logs/assistant_bridge/2026_04_16/step_05_persistence_path_reconciliation/persistence_path_reconciliation.log:310:PRG_System.st:112:    IF GVL_PERSISTENT.P_Valid THEN
./repo_logs/assistant_bridge/2026_04_16/step_05_persistence_path_reconciliation/persistence_path_reconciliation.log:311:PRG_System.st:113:        GVL_STATE.G_Safety_Gas_Latched := GVL_PERSISTENT.P_Safety_Gas_Latched;
./repo_logs/assistant_bridge/2026_04_16/step_05_persistence_path_reconciliation/persistence_path_reconciliation.log:312:PRG_System.st:114:        GVL_STATE.G_Safety_Smoke_Latched := GVL_PERSISTENT.P_Safety_Smoke_Latched;
./repo_logs/assistant_bridge/2026_04_16/step_05_persistence_path_reconciliation/persistence_path_reconciliation.log:313:PRG_System.st:115:        GVL_STATE.G_Safety_Leak_Latched := GVL_PERSISTENT.P_Safety_Leak_Latched;
./repo_logs/assistant_bridge/2026_04_16/step_05_persistence_path_reconciliation/persistence_path_reconciliation.log:314:PRG_System.st:116:        GVL_STATE.G_System_Mode := GVL_PERSISTENT.P_System_Mode;
./repo_logs/assistant_bridge/2026_04_16/step_05_persistence_path_reconciliation/persistence_path_reconciliation.log:316:PRG_System.st:675:IF GVL_PERSISTENT.P_Safety_Gas_Latched THEN
./repo_logs/assistant_bridge/2026_04_16/step_05_persistence_path_reconciliation/persistence_path_reconciliation.log:317:PRG_System.st:680:IF GVL_PERSISTENT.P_Safety_Smoke_Latched THEN
./repo_logs/assistant_bridge/2026_04_16/step_05_persistence_path_reconciliation/persistence_path_reconciliation.log:318:PRG_System.st:685:IF GVL_PERSISTENT.P_Safety_Leak_Latched THEN
./repo_logs/assistant_bridge/2026_04_16/step_05_persistence_path_reconciliation/persistence_path_reconciliation.log:319:PRG_System.st:690:IF GVL_PERSISTENT.P_DHW_Heating_Active THEN
./repo_logs/assistant_bridge/2026_04_16/step_05_persistence_path_reconciliation/persistence_path_reconciliation.log:320:PRG_System.st:995:GVL_PERSISTENT.P_System_Mode := GVL_STATE.G_System_Mode;
./repo_logs/assistant_bridge/2026_04_16/step_05_persistence_path_reconciliation/persistence_path_reconciliation.log:321:PRG_System.st:997:GVL_PERSISTENT.P_Safety_Gas_Latched := GVL_STATE.G_Safety_Gas_Latched;
./repo_logs/assistant_bridge/2026_04_16/step_05_persistence_path_reconciliation/persistence_path_reconciliation.log:322:PRG_System.st:998:GVL_PERSISTENT.P_Safety_Smoke_Latched := GVL_STATE.G_Safety_Smoke_Latched;
./repo_logs/assistant_bridge/2026_04_16/step_05_persistence_path_reconciliation/persistence_path_reconciliation.log:323:PRG_System.st:999:GVL_PERSISTENT.P_Safety_Leak_Latched := GVL_STATE.G_Safety_Leak_Latched;
./repo_logs/assistant_bridge/2026_04_16/step_05_persistence_path_reconciliation/persistence_path_reconciliation.log:324:PRG_System.st:1001:GVL_PERSISTENT.P_DHW_Heating_Active := GVL_STATE.G_DHW_Heating_Pump;
./repo_logs/assistant_bridge/2026_04_16/step_05_persistence_path_reconciliation/persistence_path_reconciliation.log:325:PRG_System.st:1003:GVL_PERSISTENT.P_Valid := TRUE;
./repo_logs/assistant_bridge/2026_04_16/step_05_persistence_path_reconciliation/persistence_path_reconciliation.log:334:./компилятор/out/RESULT_methods_clean.xml:19105:    IF GVL_PERSISTENT.P_Valid THEN
./repo_logs/assistant_bridge/2026_04_16/step_05_persistence_path_reconciliation/persistence_path_reconciliation.log:335:./компилятор/out/RESULT_methods_clean.xml:19106:        GVL_STATE.G_Safety_Gas_Latched := GVL_PERSISTENT.P_Safety_Gas_Latched;
./repo_logs/assistant_bridge/2026_04_16/step_05_persistence_path_reconciliation/persistence_path_reconciliation.log:336:./компилятор/out/RESULT_methods_clean.xml:19107:        GVL_STATE.G_Safety_Smoke_Latched := GVL_PERSISTENT.P_Safety_Smoke_Latched;
./repo_logs/assistant_bridge/2026_04_16/step_05_persistence_path_reconciliation/persistence_path_reconciliation.log:337:./компилятор/out/RESULT_methods_clean.xml:19108:        GVL_STATE.G_Safety_Leak_Latched := GVL_PERSISTENT.P_Safety_Leak_Latched;
./repo_logs/assistant_bridge/2026_04_16/step_05_persistence_path_reconciliation/persistence_path_reconciliation.log:338:./компилятор/out/RESULT_methods_clean.xml:19109:        GVL_STATE.G_System_Mode := GVL_PERSISTENT.P_System_Mode;
./repo_logs/assistant_bridge/2026_04_16/step_05_persistence_path_reconciliation/persistence_path_reconciliation.log:340:./компилятор/out/RESULT_methods_clean.xml:19668:IF GVL_PERSISTENT.P_Safety_Gas_Latched THEN
./repo_logs/assistant_bridge/2026_04_16/step_05_persistence_path_reconciliation/persistence_path_reconciliation.log:341:./компилятор/out/RESULT_methods_clean.xml:19673:IF GVL_PERSISTENT.P_Safety_Smoke_Latched THEN
./repo_logs/assistant_bridge/2026_04_16/step_05_persistence_path_reconciliation/persistence_path_reconciliation.log:342:./компилятор/out/RESULT_methods_clean.xml:19678:IF GVL_PERSISTENT.P_Safety_Leak_Latched THEN
./repo_logs/assistant_bridge/2026_04_16/step_05_persistence_path_reconciliation/persistence_path_reconciliation.log:343:./компилятор/out/RESULT_methods_clean.xml:19683:IF GVL_PERSISTENT.P_DHW_Heating_Active THEN
./repo_logs/assistant_bridge/2026_04_16/step_05_persistence_path_reconciliation/persistence_path_reconciliation.log:344:./компилятор/out/RESULT_methods_clean.xml:19988:GVL_PERSISTENT.P_System_Mode := GVL_STATE.G_System_Mode;
./repo_logs/assistant_bridge/2026_04_16/step_05_persistence_path_reconciliation/persistence_path_reconciliation.log:345:./компилятор/out/RESULT_methods_clean.xml:19990:GVL_PERSISTENT.P_Safety_Gas_Latched := GVL_STATE.G_Safety_Gas_Latched;
./repo_logs/assistant_bridge/2026_04_16/step_05_persistence_path_reconciliation/persistence_path_reconciliation.log:346:./компилятор/out/RESULT_methods_clean.xml:19991:GVL_PERSISTENT.P_Safety_Smoke_Latched := GVL_STATE.G_Safety_Smoke_Latched;
./repo_logs/assistant_bridge/2026_04_16/step_05_persistence_path_reconciliation/persistence_path_reconciliation.log:347:./компилятор/out/RESULT_methods_clean.xml:19992:GVL_PERSISTENT.P_Safety_Leak_Latched := GVL_STATE.G_Safety_Leak_Latched;
./repo_logs/assistant_bridge/2026_04_16/step_05_persistence_path_reconciliation/persistence_path_reconciliation.log:348:./компилятор/out/RESULT_methods_clean.xml:19994:GVL_PERSISTENT.P_DHW_Heating_Active := GVL_STATE.G_DHW_Heating_Pump;
./repo_logs/assistant_bridge/2026_04_16/step_05_persistence_path_reconciliation/persistence_path_reconciliation.log:349:./компилятор/out/RESULT_methods_clean.xml:19996:GVL_PERSISTENT.P_Valid := TRUE;
./repo_logs/assistant_bridge/2026_04_16/step_05_persistence_path_reconciliation/persistence_path_reconciliation.log:350:./компилятор/out/RESULT_methods_clean.xml:20089:<data name="http://www.3s-software.com/plcopenxml/globalvars" handleUnknown="implementation"><globalVars name="GVL_PERSISTENT" retain="true"><variable name="P_System_Mode"><type><derived name="E_System_Operating_Mode" /></type></variable><variable name="P_Safety_Gas_Latched"><type><BOOL /></type></variable><variable name="P_Safety_Smoke_Latched"><type><BOOL /></type></variable><variable name="P_Safety_Leak_Latched"><type><BOOL /></type></variable><variable name="P_DHW_Heating_Active"><type><BOOL /></type></variable><variable name="P_Valid"><type><BOOL /></type></variable><addData><data name="http://www.3s-software.com/plcopenxml/objectid" handleUnknown="discard"><ObjectId>5f00672b-cde1-4a17-9ba3-5e9a767b7e20</ObjectId></data></addData></globalVars></data>
./repo_logs/assistant_bridge/2026_04_16/step_05_persistence_path_reconciliation/persistence_path_reconciliation.log:357:./repo_logs/nvram/nvram_REAL_latest.log:180:112:    IF GVL_PERSISTENT.P_Valid THEN
./repo_logs/assistant_bridge/2026_04_16/step_05_persistence_path_reconciliation/persistence_path_reconciliation.log:358:./repo_logs/nvram/nvram_REAL_latest.log:181:113:        GVL_STATE.G_Safety_Gas_Latched := GVL_PERSISTENT.P_Safety_Gas_Latched;
./repo_logs/assistant_bridge/2026_04_16/step_05_persistence_path_reconciliation/persistence_path_reconciliation.log:359:./repo_logs/nvram/nvram_REAL_latest.log:182:114:        GVL_STATE.G_Safety_Smoke_Latched := GVL_PERSISTENT.P_Safety_Smoke_Latched;
./repo_logs/assistant_bridge/2026_04_16/step_05_persistence_path_reconciliation/persistence_path_reconciliation.log:360:./repo_logs/nvram/nvram_REAL_latest.log:183:115:        GVL_STATE.G_Safety_Leak_Latched := GVL_PERSISTENT.P_Safety_Leak_Latched;
./repo_logs/assistant_bridge/2026_04_16/step_05_persistence_path_reconciliation/persistence_path_reconciliation.log:361:./repo_logs/nvram/nvram_REAL_latest.log:184:116:        GVL_STATE.G_System_Mode := GVL_PERSISTENT.P_System_Mode;
./repo_logs/assistant_bridge/2026_04_16/step_05_persistence_path_reconciliation/persistence_path_reconciliation.log:362:./repo_logs/nvram/nvram_REAL_latest.log:188:675:IF GVL_PERSISTENT.P_Safety_Gas_Latched THEN
./repo_logs/assistant_bridge/2026_04_16/step_05_persistence_path_reconciliation/persistence_path_reconciliation.log:363:./repo_logs/nvram/nvram_REAL_latest.log:189:680:IF GVL_PERSISTENT.P_Safety_Smoke_Latched THEN
./repo_logs/assistant_bridge/2026_04_16/step_05_persistence_path_reconciliation/persistence_path_reconciliation.log:364:./repo_logs/nvram/nvram_REAL_latest.log:190:685:IF GVL_PERSISTENT.P_Safety_Leak_Latched THEN
./repo_logs/assistant_bridge/2026_04_16/step_05_persistence_path_reconciliation/persistence_path_reconciliation.log:365:./repo_logs/nvram/nvram_REAL_latest.log:191:690:IF GVL_PERSISTENT.P_DHW_Heating_Active THEN
./repo_logs/assistant_bridge/2026_04_16/step_05_persistence_path_reconciliation/persistence_path_reconciliation.log:366:./repo_logs/nvram/nvram_REAL_latest.log:205:995:GVL_PERSISTENT.P_System_Mode := GVL_STATE.G_System_Mode;
./repo_logs/assistant_bridge/2026_04_16/step_05_persistence_path_reconciliation/persistence_path_reconciliation.log:367:./repo_logs/nvram/nvram_REAL_latest.log:206:997:GVL_PERSISTENT.P_Safety_Gas_Latched := GVL_STATE.G_Safety_Gas_Latched;
./repo_logs/assistant_bridge/2026_04_16/step_05_persistence_path_reconciliation/persistence_path_reconciliation.log:368:./repo_logs/nvram/nvram_REAL_latest.log:207:998:GVL_PERSISTENT.P_Safety_Smoke_Latched := GVL_STATE.G_Safety_Smoke_Latched;
./repo_logs/assistant_bridge/2026_04_16/step_05_persistence_path_reconciliation/persistence_path_reconciliation.log:369:./repo_logs/nvram/nvram_REAL_latest.log:208:999:GVL_PERSISTENT.P_Safety_Leak_Latched := GVL_STATE.G_Safety_Leak_Latched;
./repo_logs/assistant_bridge/2026_04_16/step_05_persistence_path_reconciliation/persistence_path_reconciliation.log:370:./repo_logs/nvram/nvram_REAL_latest.log:209:1001:GVL_PERSISTENT.P_DHW_Heating_Active := GVL_STATE.G_DHW_Heating_Pump;
./repo_logs/assistant_bridge/2026_04_16/step_05_persistence_path_reconciliation/persistence_path_reconciliation.log:371:./repo_logs/nvram/nvram_REAL_latest.log:210:1003:GVL_PERSISTENT.P_Valid := TRUE;
./repo_logs/assistant_bridge/2026_04_16/step_05_persistence_path_reconciliation/persistence_path_reconciliation.log:374:./repo_logs/nvram/2026_04_16/step_19_persist_write_precheck.log:115:    IF GVL_PERSISTENT.P_Valid THEN
./repo_logs/assistant_bridge/2026_04_16/step_05_persistence_path_reconciliation/persistence_path_reconciliation.log:375:./repo_logs/nvram/2026_04_16/step_19_persist_write_precheck.log:116:        GVL_STATE.G_Safety_Gas_Latched := GVL_PERSISTENT.P_Safety_Gas_Latched;
./repo_logs/assistant_bridge/2026_04_16/step_05_persistence_path_reconciliation/persistence_path_reconciliation.log:376:./repo_logs/nvram/2026_04_16/step_19_persist_write_precheck.log:117:        GVL_STATE.G_Safety_Smoke_Latched := GVL_PERSISTENT.P_Safety_Smoke_Latched;
./repo_logs/assistant_bridge/2026_04_16/step_05_persistence_path_reconciliation/persistence_path_reconciliation.log:377:./repo_logs/nvram/2026_04_16/step_19_persist_write_precheck.log:118:        GVL_STATE.G_Safety_Leak_Latched := GVL_PERSISTENT.P_Safety_Leak_Latched;
./repo_logs/assistant_bridge/2026_04_16/step_05_persistence_path_reconciliation/persistence_path_reconciliation.log:378:./repo_logs/nvram/2026_04_16/step_19_persist_write_precheck.log:119:        GVL_STATE.G_System_Mode := GVL_PERSISTENT.P_System_Mode;
./repo_logs/assistant_bridge/2026_04_16/step_05_persistence_path_reconciliation/persistence_path_reconciliation.log:389:./repo_logs/nvram/2026_04_16/step_19_persist_write_precheck.log:241:./docs/assistant_bridge/nvram_REAL_latest.log:180:112:    IF GVL_PERSISTENT.P_Valid THEN
./repo_logs/assistant_bridge/2026_04_16/step_05_persistence_path_reconciliation/persistence_path_reconciliation.log:390:./repo_logs/nvram/2026_04_16/step_19_persist_write_precheck.log:242:./docs/assistant_bridge/nvram_REAL_latest.log:181:113:        GVL_STATE.G_Safety_Gas_Latched := GVL_PERSISTENT.P_Safety_Gas_Latched;
./repo_logs/assistant_bridge/2026_04_16/step_05_persistence_path_reconciliation/persistence_path_reconciliation.log:391:./repo_logs/nvram/2026_04_16/step_19_persist_write_precheck.log:243:./docs/assistant_bridge/nvram_REAL_latest.log:182:114:        GVL_STATE.G_Safety_Smoke_Latched := GVL_PERSISTENT.P_Safety_Smoke_Latched;
./repo_logs/assistant_bridge/2026_04_16/step_05_persistence_path_reconciliation/persistence_path_reconciliation.log:392:./repo_logs/nvram/2026_04_16/step_19_persist_write_precheck.log:244:./docs/assistant_bridge/nvram_REAL_latest.log:183:115:        GVL_STATE.G_Safety_Leak_Latched := GVL_PERSISTENT.P_Safety_Leak_Latched;
./repo_logs/assistant_bridge/2026_04_16/step_05_persistence_path_reconciliation/persistence_path_reconciliation.log:393:./repo_logs/nvram/2026_04_16/step_19_persist_write_precheck.log:245:./docs/assistant_bridge/nvram_REAL_latest.log:184:116:        GVL_STATE.G_System_Mode := GVL_PERSISTENT.P_System_Mode;
./repo_logs/assistant_bridge/2026_04_16/step_05_persistence_path_reconciliation/persistence_path_reconciliation.log:394:./repo_logs/nvram/2026_04_16/step_19_persist_write_precheck.log:246:./docs/assistant_bridge/nvram_REAL_latest.log:188:675:IF GVL_PERSISTENT.P_Safety_Gas_Latched THEN
./repo_logs/assistant_bridge/2026_04_16/step_05_persistence_path_reconciliation/persistence_path_reconciliation.log:395:./repo_logs/nvram/2026_04_16/step_19_persist_write_precheck.log:247:./docs/assistant_bridge/nvram_REAL_latest.log:189:680:IF GVL_PERSISTENT.P_Safety_Smoke_Latched THEN
./repo_logs/assistant_bridge/2026_04_16/step_05_persistence_path_reconciliation/persistence_path_reconciliation.log:396:./repo_logs/nvram/2026_04_16/step_19_persist_write_precheck.log:248:./docs/assistant_bridge/nvram_REAL_latest.log:190:685:IF GVL_PERSISTENT.P_Safety_Leak_Latched THEN
./repo_logs/assistant_bridge/2026_04_16/step_05_persistence_path_reconciliation/persistence_path_reconciliation.log:397:./repo_logs/nvram/2026_04_16/step_19_persist_write_precheck.log:249:./docs/assistant_bridge/nvram_REAL_latest.log:191:690:IF GVL_PERSISTENT.P_DHW_Heating_Active THEN
./repo_logs/assistant_bridge/2026_04_16/step_05_persistence_path_reconciliation/persistence_path_reconciliation.log:398:./repo_logs/nvram/2026_04_16/step_19_persist_write_precheck.log:250:./docs/assistant_bridge/nvram_REAL_latest.log:205:995:GVL_PERSISTENT.P_System_Mode := GVL_STATE.G_System_Mode;
./repo_logs/assistant_bridge/2026_04_16/step_05_persistence_path_reconciliation/persistence_path_reconciliation.log:399:./repo_logs/nvram/2026_04_16/step_19_persist_write_precheck.log:251:./docs/assistant_bridge/nvram_REAL_latest.log:206:997:GVL_PERSISTENT.P_Safety_Gas_Latched := GVL_STATE.G_Safety_Gas_Latched;
./repo_logs/assistant_bridge/2026_04_16/step_05_persistence_path_reconciliation/persistence_path_reconciliation.log:400:./repo_logs/nvram/2026_04_16/step_19_persist_write_precheck.log:252:./docs/assistant_bridge/nvram_REAL_latest.log:207:998:GVL_PERSISTENT.P_Safety_Smoke_Latched := GVL_STATE.G_Safety_Smoke_Latched;
./repo_logs/assistant_bridge/2026_04_16/step_05_persistence_path_reconciliation/persistence_path_reconciliation.log:401:./repo_logs/nvram/2026_04_16/step_19_persist_write_precheck.log:253:./docs/assistant_bridge/nvram_REAL_latest.log:208:999:GVL_PERSISTENT.P_Safety_Leak_Latched := GVL_STATE.G_Safety_Leak_Latched;
./repo_logs/assistant_bridge/2026_04_16/step_05_persistence_path_reconciliation/persistence_path_reconciliation.log:402:./repo_logs/nvram/2026_04_16/step_19_persist_write_precheck.log:254:./docs/assistant_bridge/nvram_REAL_latest.log:209:1001:GVL_PERSISTENT.P_DHW_Heating_Active := GVL_STATE.G_DHW_Heating_Pump;
./repo_logs/assistant_bridge/2026_04_16/step_05_persistence_path_reconciliation/persistence_path_reconciliation.log:403:./repo_logs/nvram/2026_04_16/step_19_persist_write_precheck.log:255:./docs/assistant_bridge/nvram_REAL_latest.log:210:1003:GVL_PERSISTENT.P_Valid := TRUE;
./repo_logs/assistant_bridge/2026_04_16/step_05_persistence_path_reconciliation/persistence_path_reconciliation.log:404:./repo_logs/nvram/2026_04_16/step_19_persist_write_precheck.log:256:./PRG_System.st:112:    IF GVL_PERSISTENT.P_Valid THEN
./repo_logs/assistant_bridge/2026_04_16/step_05_persistence_path_reconciliation/persistence_path_reconciliation.log:405:./repo_logs/nvram/2026_04_16/step_19_persist_write_precheck.log:257:./PRG_System.st:113:        GVL_STATE.G_Safety_Gas_Latched := GVL_PERSISTENT.P_Safety_Gas_Latched;
./repo_logs/assistant_bridge/2026_04_16/step_05_persistence_path_reconciliation/persistence_path_reconciliation.log:406:./repo_logs/nvram/2026_04_16/step_19_persist_write_precheck.log:258:./PRG_System.st:114:        GVL_STATE.G_Safety_Smoke_Latched := GVL_PERSISTENT.P_Safety_Smoke_Latched;
./repo_logs/assistant_bridge/2026_04_16/step_05_persistence_path_reconciliation/persistence_path_reconciliation.log:407:./repo_logs/nvram/2026_04_16/step_19_persist_write_precheck.log:259:./PRG_System.st:115:        GVL_STATE.G_Safety_Leak_Latched := GVL_PERSISTENT.P_Safety_Leak_Latched;
./repo_logs/assistant_bridge/2026_04_16/step_05_persistence_path_reconciliation/persistence_path_reconciliation.log:408:./repo_logs/nvram/2026_04_16/step_19_persist_write_precheck.log:260:./PRG_System.st:116:        GVL_STATE.G_System_Mode := GVL_PERSISTENT.P_System_Mode;
./repo_logs/assistant_bridge/2026_04_16/step_05_persistence_path_reconciliation/persistence_path_reconciliation.log:409:./repo_logs/nvram/2026_04_16/step_19_persist_write_precheck.log:261:./PRG_System.st:675:IF GVL_PERSISTENT.P_Safety_Gas_Latched THEN
./repo_logs/assistant_bridge/2026_04_16/step_05_persistence_path_reconciliation/persistence_path_reconciliation.log:410:./repo_logs/nvram/2026_04_16/step_19_persist_write_precheck.log:262:./PRG_System.st:680:IF GVL_PERSISTENT.P_Safety_Smoke_Latched THEN
./repo_logs/assistant_bridge/2026_04_16/step_05_persistence_path_reconciliation/persistence_path_reconciliation.log:411:./repo_logs/nvram/2026_04_16/step_19_persist_write_precheck.log:263:./PRG_System.st:685:IF GVL_PERSISTENT.P_Safety_Leak_Latched THEN
./repo_logs/assistant_bridge/2026_04_16/step_05_persistence_path_reconciliation/persistence_path_reconciliation.log:412:./repo_logs/nvram/2026_04_16/step_19_persist_write_precheck.log:264:./PRG_System.st:690:IF GVL_PERSISTENT.P_DHW_Heating_Active THEN
./repo_logs/assistant_bridge/2026_04_16/step_05_persistence_path_reconciliation/persistence_path_reconciliation.log:413:./repo_logs/nvram/2026_04_16/step_19_persist_write_precheck.log:265:./PRG_System.st:995:GVL_PERSISTENT.P_System_Mode := GVL_STATE.G_System_Mode;
./repo_logs/assistant_bridge/2026_04_16/step_05_persistence_path_reconciliation/persistence_path_reconciliation.log:414:./repo_logs/nvram/2026_04_16/step_19_persist_write_precheck.log:266:./PRG_System.st:997:GVL_PERSISTENT.P_Safety_Gas_Latched := GVL_STATE.G_Safety_Gas_Latched;
./repo_logs/assistant_bridge/2026_04_16/step_05_persistence_path_reconciliation/persistence_path_reconciliation.log:415:./repo_logs/nvram/2026_04_16/step_19_persist_write_precheck.log:267:./PRG_System.st:998:GVL_PERSISTENT.P_Safety_Smoke_Latched := GVL_STATE.G_Safety_Smoke_Latched;
./repo_logs/assistant_bridge/2026_04_16/step_05_persistence_path_reconciliation/persistence_path_reconciliation.log:416:./repo_logs/nvram/2026_04_16/step_19_persist_write_precheck.log:268:./PRG_System.st:999:GVL_PERSISTENT.P_Safety_Leak_Latched := GVL_STATE.G_Safety_Leak_Latched;
./repo_logs/assistant_bridge/2026_04_16/step_05_persistence_path_reconciliation/persistence_path_reconciliation.log:417:./repo_logs/nvram/2026_04_16/step_19_persist_write_precheck.log:269:./PRG_System.st:1001:GVL_PERSISTENT.P_DHW_Heating_Active := GVL_STATE.G_DHW_Heating_Pump;
./repo_logs/assistant_bridge/2026_04_16/step_05_persistence_path_reconciliation/persistence_path_reconciliation.log:418:./repo_logs/nvram/2026_04_16/step_19_persist_write_precheck.log:270:./PRG_System.st:1003:GVL_PERSISTENT.P_Valid := TRUE;
./repo_logs/assistant_bridge/2026_04_16/step_05_persistence_path_reconciliation/persistence_path_reconciliation.log:421:./repo_logs/nvram/2026_04_16/step_17_startup_entry.log:2410:    IF GVL_PERSISTENT.P_Valid THEN
./repo_logs/assistant_bridge/2026_04_16/step_05_persistence_path_reconciliation/persistence_path_reconciliation.log:422:./repo_logs/nvram/2026_04_16/step_17_startup_entry.log:2411:        GVL_STATE.G_Safety_Gas_Latched := GVL_PERSISTENT.P_Safety_Gas_Latched;
./repo_logs/assistant_bridge/2026_04_16/step_05_persistence_path_reconciliation/persistence_path_reconciliation.log:423:./repo_logs/nvram/2026_04_16/step_17_startup_entry.log:2412:        GVL_STATE.G_Safety_Smoke_Latched := GVL_PERSISTENT.P_Safety_Smoke_Latched;
./repo_logs/assistant_bridge/2026_04_16/step_05_persistence_path_reconciliation/persistence_path_reconciliation.log:424:./repo_logs/nvram/2026_04_16/step_17_startup_entry.log:2413:        GVL_STATE.G_Safety_Leak_Latched := GVL_PERSISTENT.P_Safety_Leak_Latched;
./repo_logs/assistant_bridge/2026_04_16/step_05_persistence_path_reconciliation/persistence_path_reconciliation.log:425:./repo_logs/nvram/2026_04_16/step_17_startup_entry.log:2414:        GVL_STATE.G_System_Mode := GVL_PERSISTENT.P_System_Mode;
./repo_logs/assistant_bridge/2026_04_16/step_05_persistence_path_reconciliation/persistence_path_reconciliation.log:429:./repo_logs/nvram/2026_04_16/step_16_nvram_runtime_flow.log:813:    IF GVL_PERSISTENT.P_Valid THEN
./repo_logs/assistant_bridge/2026_04_16/step_05_persistence_path_reconciliation/persistence_path_reconciliation.log:430:./repo_logs/nvram/2026_04_16/step_16_nvram_runtime_flow.log:814:        GVL_STATE.G_Safety_Gas_Latched := GVL_PERSISTENT.P_Safety_Gas_Latched;
./repo_logs/assistant_bridge/2026_04_16/step_05_persistence_path_reconciliation/persistence_path_reconciliation.log:431:./repo_logs/nvram/2026_04_16/step_16_nvram_runtime_flow.log:815:        GVL_STATE.G_Safety_Smoke_Latched := GVL_PERSISTENT.P_Safety_Smoke_Latched;
./repo_logs/assistant_bridge/2026_04_16/step_05_persistence_path_reconciliation/persistence_path_reconciliation.log:432:./repo_logs/nvram/2026_04_16/step_16_nvram_runtime_flow.log:816:        GVL_STATE.G_Safety_Leak_Latched := GVL_PERSISTENT.P_Safety_Leak_Latched;
./repo_logs/assistant_bridge/2026_04_16/step_05_persistence_path_reconciliation/persistence_path_reconciliation.log:433:./repo_logs/nvram/2026_04_16/step_16_nvram_runtime_flow.log:817:        GVL_STATE.G_System_Mode := GVL_PERSISTENT.P_System_Mode;
./repo_logs/assistant_bridge/2026_04_16/step_05_persistence_path_reconciliation/persistence_path_reconciliation.log:437:./repo_logs/assistant_bridge/2026_04_16/step_02_nvram_topology/nvram_topology.log:95:PRG_System.st:112:    IF GVL_PERSISTENT.P_Valid THEN
./repo_logs/assistant_bridge/2026_04_16/step_05_persistence_path_reconciliation/persistence_path_reconciliation.log:438:./repo_logs/assistant_bridge/2026_04_16/step_02_nvram_topology/nvram_topology.log:96:PRG_System.st:113:        GVL_STATE.G_Safety_Gas_Latched := GVL_PERSISTENT.P_Safety_Gas_Latched;
./repo_logs/assistant_bridge/2026_04_16/step_05_persistence_path_reconciliation/persistence_path_reconciliation.log:439:./repo_logs/assistant_bridge/2026_04_16/step_02_nvram_topology/nvram_topology.log:97:PRG_System.st:114:        GVL_STATE.G_Safety_Smoke_Latched := GVL_PERSISTENT.P_Safety_Smoke_Latched;
./repo_logs/assistant_bridge/2026_04_16/step_05_persistence_path_reconciliation/persistence_path_reconciliation.log:440:./repo_logs/assistant_bridge/2026_04_16/step_02_nvram_topology/nvram_topology.log:98:PRG_System.st:115:        GVL_STATE.G_Safety_Leak_Latched := GVL_PERSISTENT.P_Safety_Leak_Latched;
./repo_logs/assistant_bridge/2026_04_16/step_05_persistence_path_reconciliation/persistence_path_reconciliation.log:441:./repo_logs/assistant_bridge/2026_04_16/step_02_nvram_topology/nvram_topology.log:99:PRG_System.st:116:        GVL_STATE.G_System_Mode := GVL_PERSISTENT.P_System_Mode;
./repo_logs/assistant_bridge/2026_04_16/step_05_persistence_path_reconciliation/persistence_path_reconciliation.log:443:./repo_logs/assistant_bridge/2026_04_16/step_02_nvram_topology/nvram_topology.log:110:PRG_System.st:675:IF GVL_PERSISTENT.P_Safety_Gas_Latched THEN
./repo_logs/assistant_bridge/2026_04_16/step_05_persistence_path_reconciliation/persistence_path_reconciliation.log:444:./repo_logs/assistant_bridge/2026_04_16/step_02_nvram_topology/nvram_topology.log:111:PRG_System.st:680:IF GVL_PERSISTENT.P_Safety_Smoke_Latched THEN
./repo_logs/assistant_bridge/2026_04_16/step_05_persistence_path_reconciliation/persistence_path_reconciliation.log:445:./repo_logs/assistant_bridge/2026_04_16/step_02_nvram_topology/nvram_topology.log:112:PRG_System.st:685:IF GVL_PERSISTENT.P_Safety_Leak_Latched THEN
./repo_logs/assistant_bridge/2026_04_16/step_05_persistence_path_reconciliation/persistence_path_reconciliation.log:446:./repo_logs/assistant_bridge/2026_04_16/step_02_nvram_topology/nvram_topology.log:113:PRG_System.st:690:IF GVL_PERSISTENT.P_DHW_Heating_Active THEN
./repo_logs/assistant_bridge/2026_04_16/step_05_persistence_path_reconciliation/persistence_path_reconciliation.log:447:./repo_logs/assistant_bridge/2026_04_16/step_02_nvram_topology/nvram_topology.log:143:PRG_System.st:995:GVL_PERSISTENT.P_System_Mode := GVL_STATE.G_System_Mode;
./repo_logs/assistant_bridge/2026_04_16/step_05_persistence_path_reconciliation/persistence_path_reconciliation.log:448:./repo_logs/assistant_bridge/2026_04_16/step_02_nvram_topology/nvram_topology.log:144:PRG_System.st:997:GVL_PERSISTENT.P_Safety_Gas_Latched := GVL_STATE.G_Safety_Gas_Latched;
./repo_logs/assistant_bridge/2026_04_16/step_05_persistence_path_reconciliation/persistence_path_reconciliation.log:449:./repo_logs/assistant_bridge/2026_04_16/step_02_nvram_topology/nvram_topology.log:145:PRG_System.st:998:GVL_PERSISTENT.P_Safety_Smoke_Latched := GVL_STATE.G_Safety_Smoke_Latched;
./repo_logs/assistant_bridge/2026_04_16/step_05_persistence_path_reconciliation/persistence_path_reconciliation.log:450:./repo_logs/assistant_bridge/2026_04_16/step_02_nvram_topology/nvram_topology.log:146:PRG_System.st:999:GVL_PERSISTENT.P_Safety_Leak_Latched := GVL_STATE.G_Safety_Leak_Latched;
./repo_logs/assistant_bridge/2026_04_16/step_05_persistence_path_reconciliation/persistence_path_reconciliation.log:451:./repo_logs/assistant_bridge/2026_04_16/step_02_nvram_topology/nvram_topology.log:147:PRG_System.st:1001:GVL_PERSISTENT.P_DHW_Heating_Active := GVL_STATE.G_DHW_Heating_Pump;
./repo_logs/assistant_bridge/2026_04_16/step_05_persistence_path_reconciliation/persistence_path_reconciliation.log:452:./repo_logs/assistant_bridge/2026_04_16/step_02_nvram_topology/nvram_topology.log:148:PRG_System.st:1003:GVL_PERSISTENT.P_Valid := TRUE;
./repo_logs/assistant_bridge/2026_04_16/step_05_persistence_path_reconciliation/persistence_path_reconciliation.log:461:./repo_logs/assistant_bridge/2026_04_16/step_02_nvram_topology/nvram_topology.log:603:    IF GVL_PERSISTENT.P_Valid THEN
./repo_logs/assistant_bridge/2026_04_16/step_05_persistence_path_reconciliation/persistence_path_reconciliation.log:462:./repo_logs/assistant_bridge/2026_04_16/step_02_nvram_topology/nvram_topology.log:604:        GVL_STATE.G_Safety_Gas_Latched := GVL_PERSISTENT.P_Safety_Gas_Latched;
./repo_logs/assistant_bridge/2026_04_16/step_05_persistence_path_reconciliation/persistence_path_reconciliation.log:463:./repo_logs/assistant_bridge/2026_04_16/step_02_nvram_topology/nvram_topology.log:605:        GVL_STATE.G_Safety_Smoke_Latched := GVL_PERSISTENT.P_Safety_Smoke_Latched;
./repo_logs/assistant_bridge/2026_04_16/step_05_persistence_path_reconciliation/persistence_path_reconciliation.log:464:./repo_logs/assistant_bridge/2026_04_16/step_02_nvram_topology/nvram_topology.log:606:        GVL_STATE.G_Safety_Leak_Latched := GVL_PERSISTENT.P_Safety_Leak_Latched;
./repo_logs/assistant_bridge/2026_04_16/step_05_persistence_path_reconciliation/persistence_path_reconciliation.log:465:./repo_logs/assistant_bridge/2026_04_16/step_02_nvram_topology/nvram_topology.log:607:        GVL_STATE.G_System_Mode := GVL_PERSISTENT.P_System_Mode;
./repo_logs/assistant_bridge/2026_04_16/step_05_persistence_path_reconciliation/persistence_path_reconciliation.log:467:./repo_logs/assistant_bridge/2026_04_16/step_03_nvram_write_flow/nvram_write_flow.log:101:IF GVL_PERSISTENT.P_Safety_Gas_Latched THEN
./repo_logs/assistant_bridge/2026_04_16/step_05_persistence_path_reconciliation/persistence_path_reconciliation.log:468:./repo_logs/assistant_bridge/2026_04_16/step_03_nvram_write_flow/nvram_write_flow.log:106:IF GVL_PERSISTENT.P_Safety_Smoke_Latched THEN
./repo_logs/assistant_bridge/2026_04_16/step_05_persistence_path_reconciliation/persistence_path_reconciliation.log:469:./repo_logs/assistant_bridge/2026_04_16/step_03_nvram_write_flow/nvram_write_flow.log:111:IF GVL_PERSISTENT.P_Safety_Leak_Latched THEN
./repo_logs/assistant_bridge/2026_04_16/step_05_persistence_path_reconciliation/persistence_path_reconciliation.log:470:./repo_logs/assistant_bridge/2026_04_16/step_03_nvram_write_flow/nvram_write_flow.log:116:IF GVL_PERSISTENT.P_DHW_Heating_Active THEN
./repo_logs/assistant_bridge/2026_04_16/step_05_persistence_path_reconciliation/persistence_path_reconciliation.log:471:./repo_logs/assistant_bridge/2026_04_16/step_03_nvram_write_flow/nvram_write_flow.log:254:GVL_PERSISTENT.P_System_Mode := GVL_STATE.G_System_Mode;
./repo_logs/assistant_bridge/2026_04_16/step_05_persistence_path_reconciliation/persistence_path_reconciliation.log:472:./repo_logs/assistant_bridge/2026_04_16/step_03_nvram_write_flow/nvram_write_flow.log:256:GVL_PERSISTENT.P_Safety_Gas_Latched := GVL_STATE.G_Safety_Gas_Latched;
./repo_logs/assistant_bridge/2026_04_16/step_05_persistence_path_reconciliation/persistence_path_reconciliation.log:473:./repo_logs/assistant_bridge/2026_04_16/step_03_nvram_write_flow/nvram_write_flow.log:257:GVL_PERSISTENT.P_Safety_Smoke_Latched := GVL_STATE.G_Safety_Smoke_Latched;
./repo_logs/assistant_bridge/2026_04_16/step_05_persistence_path_reconciliation/persistence_path_reconciliation.log:474:./repo_logs/assistant_bridge/2026_04_16/step_03_nvram_write_flow/nvram_write_flow.log:258:GVL_PERSISTENT.P_Safety_Leak_Latched := GVL_STATE.G_Safety_Leak_Latched;
./repo_logs/assistant_bridge/2026_04_16/step_05_persistence_path_reconciliation/persistence_path_reconciliation.log:475:./repo_logs/assistant_bridge/2026_04_16/step_03_nvram_write_flow/nvram_write_flow.log:260:GVL_PERSISTENT.P_DHW_Heating_Active := GVL_STATE.G_DHW_Heating_Pump;
./repo_logs/assistant_bridge/2026_04_16/step_05_persistence_path_reconciliation/persistence_path_reconciliation.log:476:./repo_logs/assistant_bridge/2026_04_16/step_03_nvram_write_flow/nvram_write_flow.log:262:GVL_PERSISTENT.P_Valid := TRUE;
./repo_logs/assistant_bridge/2026_04_16/step_05_persistence_path_reconciliation/persistence_path_reconciliation.log:477:./GVL_PERSISTENT.gvl:4:    P_System_Mode : E_System_Operating_Mode;
./repo_logs/assistant_bridge/2026_04_16/step_05_persistence_path_reconciliation/persistence_path_reconciliation.log:478:./GVL_PERSISTENT.gvl:7:    P_Safety_Gas_Latched : BOOL;
./repo_logs/assistant_bridge/2026_04_16/step_05_persistence_path_reconciliation/persistence_path_reconciliation.log:479:./GVL_PERSISTENT.gvl:8:    P_Safety_Smoke_Latched : BOOL;
./repo_logs/assistant_bridge/2026_04_16/step_05_persistence_path_reconciliation/persistence_path_reconciliation.log:480:./GVL_PERSISTENT.gvl:9:    P_Safety_Leak_Latched : BOOL;
./repo_logs/assistant_bridge/2026_04_16/step_05_persistence_path_reconciliation/persistence_path_reconciliation.log:481:./GVL_PERSISTENT.gvl:12:    P_DHW_Heating_Active : BOOL;
./repo_logs/assistant_bridge/2026_04_16/step_05_persistence_path_reconciliation/persistence_path_reconciliation.log:482:./GVL_PERSISTENT.gvl:15:    P_Valid : BOOL;
./repo_logs/assistant_bridge/2026_04_16/step_05_persistence_path_reconciliation/persistence_path_reconciliation.log:485:./snapshots/project_clean_state_2026_04_16/компилятор/out/RESULT_methods_clean.xml:19102:    IF GVL_PERSISTENT.P_Valid THEN
./repo_logs/assistant_bridge/2026_04_16/step_05_persistence_path_reconciliation/persistence_path_reconciliation.log:486:./snapshots/project_clean_state_2026_04_16/компилятор/out/RESULT_methods_clean.xml:19103:        GVL_STATE.G_Safety_Gas_Latched := GVL_PERSISTENT.P_Safety_Gas_Latched;
./repo_logs/assistant_bridge/2026_04_16/step_05_persistence_path_reconciliation/persistence_path_reconciliation.log:487:./snapshots/project_clean_state_2026_04_16/компилятор/out/RESULT_methods_clean.xml:19104:        GVL_STATE.G_Safety_Smoke_Latched := GVL_PERSISTENT.P_Safety_Smoke_Latched;
./repo_logs/assistant_bridge/2026_04_16/step_05_persistence_path_reconciliation/persistence_path_reconciliation.log:488:./snapshots/project_clean_state_2026_04_16/компилятор/out/RESULT_methods_clean.xml:19105:        GVL_STATE.G_Safety_Leak_Latched := GVL_PERSISTENT.P_Safety_Leak_Latched;
./repo_logs/assistant_bridge/2026_04_16/step_05_persistence_path_reconciliation/persistence_path_reconciliation.log:489:./snapshots/project_clean_state_2026_04_16/компилятор/out/RESULT_methods_clean.xml:19106:        GVL_STATE.G_System_Mode := GVL_PERSISTENT.P_System_Mode;
./repo_logs/assistant_bridge/2026_04_16/step_05_persistence_path_reconciliation/persistence_path_reconciliation.log:491:./snapshots/project_clean_state_2026_04_16/компилятор/out/RESULT_methods_clean.xml:19665:IF GVL_PERSISTENT.P_Safety_Gas_Latched THEN
./repo_logs/assistant_bridge/2026_04_16/step_05_persistence_path_reconciliation/persistence_path_reconciliation.log:492:./snapshots/project_clean_state_2026_04_16/компилятор/out/RESULT_methods_clean.xml:19670:IF GVL_PERSISTENT.P_Safety_Smoke_Latched THEN
./repo_logs/assistant_bridge/2026_04_16/step_05_persistence_path_reconciliation/persistence_path_reconciliation.log:493:./snapshots/project_clean_state_2026_04_16/компилятор/out/RESULT_methods_clean.xml:19675:IF GVL_PERSISTENT.P_Safety_Leak_Latched THEN
./repo_logs/assistant_bridge/2026_04_16/step_05_persistence_path_reconciliation/persistence_path_reconciliation.log:494:./snapshots/project_clean_state_2026_04_16/компилятор/out/RESULT_methods_clean.xml:19680:IF GVL_PERSISTENT.P_DHW_Heating_Active THEN
./repo_logs/assistant_bridge/2026_04_16/step_05_persistence_path_reconciliation/persistence_path_reconciliation.log:495:./snapshots/project_clean_state_2026_04_16/компилятор/out/RESULT_methods_clean.xml:19985:GVL_PERSISTENT.P_System_Mode := GVL_STATE.G_System_Mode;
./repo_logs/assistant_bridge/2026_04_16/step_05_persistence_path_reconciliation/persistence_path_reconciliation.log:496:./snapshots/project_clean_state_2026_04_16/компилятор/out/RESULT_methods_clean.xml:19987:GVL_PERSISTENT.P_Safety_Gas_Latched := GVL_STATE.G_Safety_Gas_Latched;
./repo_logs/assistant_bridge/2026_04_16/step_05_persistence_path_reconciliation/persistence_path_reconciliation.log:497:./snapshots/project_clean_state_2026_04_16/компилятор/out/RESULT_methods_clean.xml:19988:GVL_PERSISTENT.P_Safety_Smoke_Latched := GVL_STATE.G_Safety_Smoke_Latched;
./repo_logs/assistant_bridge/2026_04_16/step_05_persistence_path_reconciliation/persistence_path_reconciliation.log:498:./snapshots/project_clean_state_2026_04_16/компилятор/out/RESULT_methods_clean.xml:19989:GVL_PERSISTENT.P_Safety_Leak_Latched := GVL_STATE.G_Safety_Leak_Latched;
./repo_logs/assistant_bridge/2026_04_16/step_05_persistence_path_reconciliation/persistence_path_reconciliation.log:499:./snapshots/project_clean_state_2026_04_16/компилятор/out/RESULT_methods_clean.xml:19991:GVL_PERSISTENT.P_DHW_Heating_Active := GVL_STATE.G_DHW_Heating_Pump;
./repo_logs/assistant_bridge/2026_04_16/step_05_persistence_path_reconciliation/persistence_path_reconciliation.log:500:./snapshots/project_clean_state_2026_04_16/компилятор/out/RESULT_methods_clean.xml:19993:GVL_PERSISTENT.P_Valid := TRUE;
./repo_logs/assistant_bridge/2026_04_16/step_05_persistence_path_reconciliation/persistence_path_reconciliation.log:501:./snapshots/project_clean_state_2026_04_16/компилятор/out/RESULT_methods_clean.xml:20086:<data name="http://www.3s-software.com/plcopenxml/globalvars" handleUnknown="implementation"><globalVars name="GVL_PERSISTENT" retain="true"><variable name="P_System_Mode"><type><derived name="E_System_Operating_Mode" /></type></variable><variable name="P_Safety_Gas_Latched"><type><BOOL /></type></variable><variable name="P_Safety_Smoke_Latched"><type><BOOL /></type></variable><variable name="P_Safety_Leak_Latched"><type><BOOL /></type></variable><variable name="P_DHW_Heating_Active"><type><BOOL /></type></variable><variable name="P_Valid"><type><BOOL /></type></variable><addData><data name="http://www.3s-software.com/plcopenxml/objectid" handleUnknown="discard"><ObjectId>a01760fc-f32a-4644-87c3-ab326656d6f4</ObjectId></data></addData></globalVars></data>
./repo_logs/assistant_bridge/2026_04_16/step_05_persistence_path_reconciliation/persistence_path_reconciliation.log:508:./snapshots/project_clean_state_2026_04_16/repo_logs/nvram/nvram_REAL_latest.log:180:112:    IF GVL_PERSISTENT.P_Valid THEN
./repo_logs/assistant_bridge/2026_04_16/step_05_persistence_path_reconciliation/persistence_path_reconciliation.log:509:./snapshots/project_clean_state_2026_04_16/repo_logs/nvram/nvram_REAL_latest.log:181:113:        GVL_STATE.G_Safety_Gas_Latched := GVL_PERSISTENT.P_Safety_Gas_Latched;
./repo_logs/assistant_bridge/2026_04_16/step_05_persistence_path_reconciliation/persistence_path_reconciliation.log:510:./snapshots/project_clean_state_2026_04_16/repo_logs/nvram/nvram_REAL_latest.log:182:114:        GVL_STATE.G_Safety_Smoke_Latched := GVL_PERSISTENT.P_Safety_Smoke_Latched;
./repo_logs/assistant_bridge/2026_04_16/step_05_persistence_path_reconciliation/persistence_path_reconciliation.log:511:./snapshots/project_clean_state_2026_04_16/repo_logs/nvram/nvram_REAL_latest.log:183:115:        GVL_STATE.G_Safety_Leak_Latched := GVL_PERSISTENT.P_Safety_Leak_Latched;
./repo_logs/assistant_bridge/2026_04_16/step_05_persistence_path_reconciliation/persistence_path_reconciliation.log:512:./snapshots/project_clean_state_2026_04_16/repo_logs/nvram/nvram_REAL_latest.log:184:116:        GVL_STATE.G_System_Mode := GVL_PERSISTENT.P_System_Mode;
./repo_logs/assistant_bridge/2026_04_16/step_05_persistence_path_reconciliation/persistence_path_reconciliation.log:513:./snapshots/project_clean_state_2026_04_16/repo_logs/nvram/nvram_REAL_latest.log:188:675:IF GVL_PERSISTENT.P_Safety_Gas_Latched THEN
./repo_logs/assistant_bridge/2026_04_16/step_05_persistence_path_reconciliation/persistence_path_reconciliation.log:514:./snapshots/project_clean_state_2026_04_16/repo_logs/nvram/nvram_REAL_latest.log:189:680:IF GVL_PERSISTENT.P_Safety_Smoke_Latched THEN
./repo_logs/assistant_bridge/2026_04_16/step_05_persistence_path_reconciliation/persistence_path_reconciliation.log:515:./snapshots/project_clean_state_2026_04_16/repo_logs/nvram/nvram_REAL_latest.log:190:685:IF GVL_PERSISTENT.P_Safety_Leak_Latched THEN
./repo_logs/assistant_bridge/2026_04_16/step_05_persistence_path_reconciliation/persistence_path_reconciliation.log:516:./snapshots/project_clean_state_2026_04_16/repo_logs/nvram/nvram_REAL_latest.log:191:690:IF GVL_PERSISTENT.P_DHW_Heating_Active THEN
./repo_logs/assistant_bridge/2026_04_16/step_05_persistence_path_reconciliation/persistence_path_reconciliation.log:517:./snapshots/project_clean_state_2026_04_16/repo_logs/nvram/nvram_REAL_latest.log:205:995:GVL_PERSISTENT.P_System_Mode := GVL_STATE.G_System_Mode;
./repo_logs/assistant_bridge/2026_04_16/step_05_persistence_path_reconciliation/persistence_path_reconciliation.log:518:./snapshots/project_clean_state_2026_04_16/repo_logs/nvram/nvram_REAL_latest.log:206:997:GVL_PERSISTENT.P_Safety_Gas_Latched := GVL_STATE.G_Safety_Gas_Latched;
./repo_logs/assistant_bridge/2026_04_16/step_05_persistence_path_reconciliation/persistence_path_reconciliation.log:519:./snapshots/project_clean_state_2026_04_16/repo_logs/nvram/nvram_REAL_latest.log:207:998:GVL_PERSISTENT.P_Safety_Smoke_Latched := GVL_STATE.G_Safety_Smoke_Latched;
./repo_logs/assistant_bridge/2026_04_16/step_05_persistence_path_reconciliation/persistence_path_reconciliation.log:520:./snapshots/project_clean_state_2026_04_16/repo_logs/nvram/nvram_REAL_latest.log:208:999:GVL_PERSISTENT.P_Safety_Leak_Latched := GVL_STATE.G_Safety_Leak_Latched;
./repo_logs/assistant_bridge/2026_04_16/step_05_persistence_path_reconciliation/persistence_path_reconciliation.log:521:./snapshots/project_clean_state_2026_04_16/repo_logs/nvram/nvram_REAL_latest.log:209:1001:GVL_PERSISTENT.P_DHW_Heating_Active := GVL_STATE.G_DHW_Heating_Pump;
./repo_logs/assistant_bridge/2026_04_16/step_05_persistence_path_reconciliation/persistence_path_reconciliation.log:522:./snapshots/project_clean_state_2026_04_16/repo_logs/nvram/nvram_REAL_latest.log:210:1003:GVL_PERSISTENT.P_Valid := TRUE;
./repo_logs/assistant_bridge/2026_04_16/step_05_persistence_path_reconciliation/persistence_path_reconciliation.log:523:./snapshots/project_clean_state_2026_04_16/GVL_PERSISTENT.gvl:4:    P_System_Mode : E_System_Operating_Mode;
./repo_logs/assistant_bridge/2026_04_16/step_05_persistence_path_reconciliation/persistence_path_reconciliation.log:524:./snapshots/project_clean_state_2026_04_16/GVL_PERSISTENT.gvl:7:    P_Safety_Gas_Latched : BOOL;
./repo_logs/assistant_bridge/2026_04_16/step_05_persistence_path_reconciliation/persistence_path_reconciliation.log:525:./snapshots/project_clean_state_2026_04_16/GVL_PERSISTENT.gvl:8:    P_Safety_Smoke_Latched : BOOL;
./repo_logs/assistant_bridge/2026_04_16/step_05_persistence_path_reconciliation/persistence_path_reconciliation.log:526:./snapshots/project_clean_state_2026_04_16/GVL_PERSISTENT.gvl:9:    P_Safety_Leak_Latched : BOOL;
./repo_logs/assistant_bridge/2026_04_16/step_05_persistence_path_reconciliation/persistence_path_reconciliation.log:527:./snapshots/project_clean_state_2026_04_16/GVL_PERSISTENT.gvl:12:    P_DHW_Heating_Active : BOOL;
./repo_logs/assistant_bridge/2026_04_16/step_05_persistence_path_reconciliation/persistence_path_reconciliation.log:528:./snapshots/project_clean_state_2026_04_16/GVL_PERSISTENT.gvl:15:    P_Valid : BOOL;
./repo_logs/assistant_bridge/2026_04_16/step_05_persistence_path_reconciliation/persistence_path_reconciliation.log:535:./snapshots/project_clean_state_2026_04_16/docs/assistant_bridge/nvram_REAL_latest.log:180:112:    IF GVL_PERSISTENT.P_Valid THEN
./repo_logs/assistant_bridge/2026_04_16/step_05_persistence_path_reconciliation/persistence_path_reconciliation.log:536:./snapshots/project_clean_state_2026_04_16/docs/assistant_bridge/nvram_REAL_latest.log:181:113:        GVL_STATE.G_Safety_Gas_Latched := GVL_PERSISTENT.P_Safety_Gas_Latched;
./repo_logs/assistant_bridge/2026_04_16/step_05_persistence_path_reconciliation/persistence_path_reconciliation.log:537:./snapshots/project_clean_state_2026_04_16/docs/assistant_bridge/nvram_REAL_latest.log:182:114:        GVL_STATE.G_Safety_Smoke_Latched := GVL_PERSISTENT.P_Safety_Smoke_Latched;
./repo_logs/assistant_bridge/2026_04_16/step_05_persistence_path_reconciliation/persistence_path_reconciliation.log:538:./snapshots/project_clean_state_2026_04_16/docs/assistant_bridge/nvram_REAL_latest.log:183:115:        GVL_STATE.G_Safety_Leak_Latched := GVL_PERSISTENT.P_Safety_Leak_Latched;
./repo_logs/assistant_bridge/2026_04_16/step_05_persistence_path_reconciliation/persistence_path_reconciliation.log:539:./snapshots/project_clean_state_2026_04_16/docs/assistant_bridge/nvram_REAL_latest.log:184:116:        GVL_STATE.G_System_Mode := GVL_PERSISTENT.P_System_Mode;
./repo_logs/assistant_bridge/2026_04_16/step_05_persistence_path_reconciliation/persistence_path_reconciliation.log:540:./snapshots/project_clean_state_2026_04_16/docs/assistant_bridge/nvram_REAL_latest.log:188:675:IF GVL_PERSISTENT.P_Safety_Gas_Latched THEN
./repo_logs/assistant_bridge/2026_04_16/step_05_persistence_path_reconciliation/persistence_path_reconciliation.log:541:./snapshots/project_clean_state_2026_04_16/docs/assistant_bridge/nvram_REAL_latest.log:189:680:IF GVL_PERSISTENT.P_Safety_Smoke_Latched THEN
./repo_logs/assistant_bridge/2026_04_16/step_05_persistence_path_reconciliation/persistence_path_reconciliation.log:542:./snapshots/project_clean_state_2026_04_16/docs/assistant_bridge/nvram_REAL_latest.log:190:685:IF GVL_PERSISTENT.P_Safety_Leak_Latched THEN
./repo_logs/assistant_bridge/2026_04_16/step_05_persistence_path_reconciliation/persistence_path_reconciliation.log:543:./snapshots/project_clean_state_2026_04_16/docs/assistant_bridge/nvram_REAL_latest.log:191:690:IF GVL_PERSISTENT.P_DHW_Heating_Active THEN
./repo_logs/assistant_bridge/2026_04_16/step_05_persistence_path_reconciliation/persistence_path_reconciliation.log:544:./snapshots/project_clean_state_2026_04_16/docs/assistant_bridge/nvram_REAL_latest.log:205:995:GVL_PERSISTENT.P_System_Mode := GVL_STATE.G_System_Mode;
./repo_logs/assistant_bridge/2026_04_16/step_05_persistence_path_reconciliation/persistence_path_reconciliation.log:545:./snapshots/project_clean_state_2026_04_16/docs/assistant_bridge/nvram_REAL_latest.log:206:997:GVL_PERSISTENT.P_Safety_Gas_Latched := GVL_STATE.G_Safety_Gas_Latched;
./repo_logs/assistant_bridge/2026_04_16/step_05_persistence_path_reconciliation/persistence_path_reconciliation.log:546:./snapshots/project_clean_state_2026_04_16/docs/assistant_bridge/nvram_REAL_latest.log:207:998:GVL_PERSISTENT.P_Safety_Smoke_Latched := GVL_STATE.G_Safety_Smoke_Latched;
./repo_logs/assistant_bridge/2026_04_16/step_05_persistence_path_reconciliation/persistence_path_reconciliation.log:547:./snapshots/project_clean_state_2026_04_16/docs/assistant_bridge/nvram_REAL_latest.log:208:999:GVL_PERSISTENT.P_Safety_Leak_Latched := GVL_STATE.G_Safety_Leak_Latched;
./repo_logs/assistant_bridge/2026_04_16/step_05_persistence_path_reconciliation/persistence_path_reconciliation.log:548:./snapshots/project_clean_state_2026_04_16/docs/assistant_bridge/nvram_REAL_latest.log:209:1001:GVL_PERSISTENT.P_DHW_Heating_Active := GVL_STATE.G_DHW_Heating_Pump;
./repo_logs/assistant_bridge/2026_04_16/step_05_persistence_path_reconciliation/persistence_path_reconciliation.log:549:./snapshots/project_clean_state_2026_04_16/docs/assistant_bridge/nvram_REAL_latest.log:210:1003:GVL_PERSISTENT.P_Valid := TRUE;
./repo_logs/assistant_bridge/2026_04_16/step_05_persistence_path_reconciliation/persistence_path_reconciliation.log:552:./snapshots/project_clean_state_2026_04_16/PRG_System.st:112:    IF GVL_PERSISTENT.P_Valid THEN
./repo_logs/assistant_bridge/2026_04_16/step_05_persistence_path_reconciliation/persistence_path_reconciliation.log:553:./snapshots/project_clean_state_2026_04_16/PRG_System.st:113:        GVL_STATE.G_Safety_Gas_Latched := GVL_PERSISTENT.P_Safety_Gas_Latched;
./repo_logs/assistant_bridge/2026_04_16/step_05_persistence_path_reconciliation/persistence_path_reconciliation.log:554:./snapshots/project_clean_state_2026_04_16/PRG_System.st:114:        GVL_STATE.G_Safety_Smoke_Latched := GVL_PERSISTENT.P_Safety_Smoke_Latched;
./repo_logs/assistant_bridge/2026_04_16/step_05_persistence_path_reconciliation/persistence_path_reconciliation.log:555:./snapshots/project_clean_state_2026_04_16/PRG_System.st:115:        GVL_STATE.G_Safety_Leak_Latched := GVL_PERSISTENT.P_Safety_Leak_Latched;
./repo_logs/assistant_bridge/2026_04_16/step_05_persistence_path_reconciliation/persistence_path_reconciliation.log:556:./snapshots/project_clean_state_2026_04_16/PRG_System.st:116:        GVL_STATE.G_System_Mode := GVL_PERSISTENT.P_System_Mode;
./repo_logs/assistant_bridge/2026_04_16/step_05_persistence_path_reconciliation/persistence_path_reconciliation.log:558:./snapshots/project_clean_state_2026_04_16/PRG_System.st:675:IF GVL_PERSISTENT.P_Safety_Gas_Latched THEN
./repo_logs/assistant_bridge/2026_04_16/step_05_persistence_path_reconciliation/persistence_path_reconciliation.log:559:./snapshots/project_clean_state_2026_04_16/PRG_System.st:680:IF GVL_PERSISTENT.P_Safety_Smoke_Latched THEN
./repo_logs/assistant_bridge/2026_04_16/step_05_persistence_path_reconciliation/persistence_path_reconciliation.log:560:./snapshots/project_clean_state_2026_04_16/PRG_System.st:685:IF GVL_PERSISTENT.P_Safety_Leak_Latched THEN
./repo_logs/assistant_bridge/2026_04_16/step_05_persistence_path_reconciliation/persistence_path_reconciliation.log:561:./snapshots/project_clean_state_2026_04_16/PRG_System.st:690:IF GVL_PERSISTENT.P_DHW_Heating_Active THEN
./repo_logs/assistant_bridge/2026_04_16/step_05_persistence_path_reconciliation/persistence_path_reconciliation.log:562:./snapshots/project_clean_state_2026_04_16/PRG_System.st:995:GVL_PERSISTENT.P_System_Mode := GVL_STATE.G_System_Mode;
./repo_logs/assistant_bridge/2026_04_16/step_05_persistence_path_reconciliation/persistence_path_reconciliation.log:563:./snapshots/project_clean_state_2026_04_16/PRG_System.st:997:GVL_PERSISTENT.P_Safety_Gas_Latched := GVL_STATE.G_Safety_Gas_Latched;
./repo_logs/assistant_bridge/2026_04_16/step_05_persistence_path_reconciliation/persistence_path_reconciliation.log:564:./snapshots/project_clean_state_2026_04_16/PRG_System.st:998:GVL_PERSISTENT.P_Safety_Smoke_Latched := GVL_STATE.G_Safety_Smoke_Latched;
./repo_logs/assistant_bridge/2026_04_16/step_05_persistence_path_reconciliation/persistence_path_reconciliation.log:565:./snapshots/project_clean_state_2026_04_16/PRG_System.st:999:GVL_PERSISTENT.P_Safety_Leak_Latched := GVL_STATE.G_Safety_Leak_Latched;
./repo_logs/assistant_bridge/2026_04_16/step_05_persistence_path_reconciliation/persistence_path_reconciliation.log:566:./snapshots/project_clean_state_2026_04_16/PRG_System.st:1001:GVL_PERSISTENT.P_DHW_Heating_Active := GVL_STATE.G_DHW_Heating_Pump;
./repo_logs/assistant_bridge/2026_04_16/step_05_persistence_path_reconciliation/persistence_path_reconciliation.log:567:./snapshots/project_clean_state_2026_04_16/PRG_System.st:1003:GVL_PERSISTENT.P_Valid := TRUE;
./repo_logs/assistant_bridge/2026_04_16/step_05_persistence_path_reconciliation/persistence_path_reconciliation.log:570:./snapshots/clean_build_2026_04_16/компилятор/out/RESULT_methods_clean.xml:19102:    IF GVL_PERSISTENT.P_Valid THEN
./repo_logs/assistant_bridge/2026_04_16/step_05_persistence_path_reconciliation/persistence_path_reconciliation.log:571:./snapshots/clean_build_2026_04_16/компилятор/out/RESULT_methods_clean.xml:19103:        GVL_STATE.G_Safety_Gas_Latched := GVL_PERSISTENT.P_Safety_Gas_Latched;
./repo_logs/assistant_bridge/2026_04_16/step_05_persistence_path_reconciliation/persistence_path_reconciliation.log:572:./snapshots/clean_build_2026_04_16/компилятор/out/RESULT_methods_clean.xml:19104:        GVL_STATE.G_Safety_Smoke_Latched := GVL_PERSISTENT.P_Safety_Smoke_Latched;
./repo_logs/assistant_bridge/2026_04_16/step_05_persistence_path_reconciliation/persistence_path_reconciliation.log:573:./snapshots/clean_build_2026_04_16/компилятор/out/RESULT_methods_clean.xml:19105:        GVL_STATE.G_Safety_Leak_Latched := GVL_PERSISTENT.P_Safety_Leak_Latched;
./repo_logs/assistant_bridge/2026_04_16/step_05_persistence_path_reconciliation/persistence_path_reconciliation.log:574:./snapshots/clean_build_2026_04_16/компилятор/out/RESULT_methods_clean.xml:19106:        GVL_STATE.G_System_Mode := GVL_PERSISTENT.P_System_Mode;
./repo_logs/assistant_bridge/2026_04_16/step_05_persistence_path_reconciliation/persistence_path_reconciliation.log:576:./snapshots/clean_build_2026_04_16/компилятор/out/RESULT_methods_clean.xml:19665:IF GVL_PERSISTENT.P_Safety_Gas_Latched THEN
./repo_logs/assistant_bridge/2026_04_16/step_05_persistence_path_reconciliation/persistence_path_reconciliation.log:577:./snapshots/clean_build_2026_04_16/компилятор/out/RESULT_methods_clean.xml:19670:IF GVL_PERSISTENT.P_Safety_Smoke_Latched THEN
./repo_logs/assistant_bridge/2026_04_16/step_05_persistence_path_reconciliation/persistence_path_reconciliation.log:578:./snapshots/clean_build_2026_04_16/компилятор/out/RESULT_methods_clean.xml:19675:IF GVL_PERSISTENT.P_Safety_Leak_Latched THEN
./repo_logs/assistant_bridge/2026_04_16/step_05_persistence_path_reconciliation/persistence_path_reconciliation.log:579:./snapshots/clean_build_2026_04_16/компилятор/out/RESULT_methods_clean.xml:19680:IF GVL_PERSISTENT.P_DHW_Heating_Active THEN
./repo_logs/assistant_bridge/2026_04_16/step_05_persistence_path_reconciliation/persistence_path_reconciliation.log:580:./snapshots/clean_build_2026_04_16/компилятор/out/RESULT_methods_clean.xml:19985:GVL_PERSISTENT.P_System_Mode := GVL_STATE.G_System_Mode;
./repo_logs/assistant_bridge/2026_04_16/step_05_persistence_path_reconciliation/persistence_path_reconciliation.log:581:./snapshots/clean_build_2026_04_16/компилятор/out/RESULT_methods_clean.xml:19987:GVL_PERSISTENT.P_Safety_Gas_Latched := GVL_STATE.G_Safety_Gas_Latched;
./repo_logs/assistant_bridge/2026_04_16/step_05_persistence_path_reconciliation/persistence_path_reconciliation.log:582:./snapshots/clean_build_2026_04_16/компилятор/out/RESULT_methods_clean.xml:19988:GVL_PERSISTENT.P_Safety_Smoke_Latched := GVL_STATE.G_Safety_Smoke_Latched;
./repo_logs/assistant_bridge/2026_04_16/step_05_persistence_path_reconciliation/persistence_path_reconciliation.log:583:./snapshots/clean_build_2026_04_16/компилятор/out/RESULT_methods_clean.xml:19989:GVL_PERSISTENT.P_Safety_Leak_Latched := GVL_STATE.G_Safety_Leak_Latched;
./repo_logs/assistant_bridge/2026_04_16/step_05_persistence_path_reconciliation/persistence_path_reconciliation.log:584:./snapshots/clean_build_2026_04_16/компилятор/out/RESULT_methods_clean.xml:19991:GVL_PERSISTENT.P_DHW_Heating_Active := GVL_STATE.G_DHW_Heating_Pump;
./repo_logs/assistant_bridge/2026_04_16/step_05_persistence_path_reconciliation/persistence_path_reconciliation.log:585:./snapshots/clean_build_2026_04_16/компилятор/out/RESULT_methods_clean.xml:19993:GVL_PERSISTENT.P_Valid := TRUE;
./repo_logs/assistant_bridge/2026_04_16/step_05_persistence_path_reconciliation/persistence_path_reconciliation.log:586:./snapshots/clean_build_2026_04_16/компилятор/out/RESULT_methods_clean.xml:20086:<data name="http://www.3s-software.com/plcopenxml/globalvars" handleUnknown="implementation"><globalVars name="GVL_PERSISTENT" retain="true"><variable name="P_System_Mode"><type><derived name="E_System_Operating_Mode" /></type></variable><variable name="P_Safety_Gas_Latched"><type><BOOL /></type></variable><variable name="P_Safety_Smoke_Latched"><type><BOOL /></type></variable><variable name="P_Safety_Leak_Latched"><type><BOOL /></type></variable><variable name="P_DHW_Heating_Active"><type><BOOL /></type></variable><variable name="P_Valid"><type><BOOL /></type></variable><addData><data name="http://www.3s-software.com/plcopenxml/objectid" handleUnknown="discard"><ObjectId>a01760fc-f32a-4644-87c3-ab326656d6f4</ObjectId></data></addData></globalVars></data>
./repo_logs/assistant_bridge/2026_04_16/step_05_persistence_path_reconciliation/persistence_path_reconciliation.log:593:./docs/assistant_bridge/nvram_REAL_latest.log:180:112:    IF GVL_PERSISTENT.P_Valid THEN
./repo_logs/assistant_bridge/2026_04_16/step_05_persistence_path_reconciliation/persistence_path_reconciliation.log:594:./docs/assistant_bridge/nvram_REAL_latest.log:181:113:        GVL_STATE.G_Safety_Gas_Latched := GVL_PERSISTENT.P_Safety_Gas_Latched;
./repo_logs/assistant_bridge/2026_04_16/step_05_persistence_path_reconciliation/persistence_path_reconciliation.log:595:./docs/assistant_bridge/nvram_REAL_latest.log:182:114:        GVL_STATE.G_Safety_Smoke_Latched := GVL_PERSISTENT.P_Safety_Smoke_Latched;
./repo_logs/assistant_bridge/2026_04_16/step_05_persistence_path_reconciliation/persistence_path_reconciliation.log:596:./docs/assistant_bridge/nvram_REAL_latest.log:183:115:        GVL_STATE.G_Safety_Leak_Latched := GVL_PERSISTENT.P_Safety_Leak_Latched;
./repo_logs/assistant_bridge/2026_04_16/step_05_persistence_path_reconciliation/persistence_path_reconciliation.log:597:./docs/assistant_bridge/nvram_REAL_latest.log:184:116:        GVL_STATE.G_System_Mode := GVL_PERSISTENT.P_System_Mode;
./repo_logs/assistant_bridge/2026_04_16/step_05_persistence_path_reconciliation/persistence_path_reconciliation.log:598:./docs/assistant_bridge/nvram_REAL_latest.log:188:675:IF GVL_PERSISTENT.P_Safety_Gas_Latched THEN
./repo_logs/assistant_bridge/2026_04_16/step_05_persistence_path_reconciliation/persistence_path_reconciliation.log:599:./docs/assistant_bridge/nvram_REAL_latest.log:189:680:IF GVL_PERSISTENT.P_Safety_Smoke_Latched THEN
./repo_logs/assistant_bridge/2026_04_16/step_05_persistence_path_reconciliation/persistence_path_reconciliation.log:600:./docs/assistant_bridge/nvram_REAL_latest.log:190:685:IF GVL_PERSISTENT.P_Safety_Leak_Latched THEN
./repo_logs/assistant_bridge/2026_04_16/step_05_persistence_path_reconciliation/persistence_path_reconciliation.log:601:./docs/assistant_bridge/nvram_REAL_latest.log:191:690:IF GVL_PERSISTENT.P_DHW_Heating_Active THEN
./repo_logs/assistant_bridge/2026_04_16/step_05_persistence_path_reconciliation/persistence_path_reconciliation.log:602:./docs/assistant_bridge/nvram_REAL_latest.log:205:995:GVL_PERSISTENT.P_System_Mode := GVL_STATE.G_System_Mode;
./repo_logs/assistant_bridge/2026_04_16/step_05_persistence_path_reconciliation/persistence_path_reconciliation.log:603:./docs/assistant_bridge/nvram_REAL_latest.log:206:997:GVL_PERSISTENT.P_Safety_Gas_Latched := GVL_STATE.G_Safety_Gas_Latched;
./repo_logs/assistant_bridge/2026_04_16/step_05_persistence_path_reconciliation/persistence_path_reconciliation.log:604:./docs/assistant_bridge/nvram_REAL_latest.log:207:998:GVL_PERSISTENT.P_Safety_Smoke_Latched := GVL_STATE.G_Safety_Smoke_Latched;
./repo_logs/assistant_bridge/2026_04_16/step_05_persistence_path_reconciliation/persistence_path_reconciliation.log:605:./docs/assistant_bridge/nvram_REAL_latest.log:208:999:GVL_PERSISTENT.P_Safety_Leak_Latched := GVL_STATE.G_Safety_Leak_Latched;
./repo_logs/assistant_bridge/2026_04_16/step_05_persistence_path_reconciliation/persistence_path_reconciliation.log:606:./docs/assistant_bridge/nvram_REAL_latest.log:209:1001:GVL_PERSISTENT.P_DHW_Heating_Active := GVL_STATE.G_DHW_Heating_Pump;
./repo_logs/assistant_bridge/2026_04_16/step_05_persistence_path_reconciliation/persistence_path_reconciliation.log:607:./docs/assistant_bridge/nvram_REAL_latest.log:210:1003:GVL_PERSISTENT.P_Valid := TRUE;
./repo_logs/assistant_bridge/2026_04_16/step_05_persistence_path_reconciliation/persistence_path_reconciliation.log:610:./PRG_System.st:112:    IF GVL_PERSISTENT.P_Valid THEN
./repo_logs/assistant_bridge/2026_04_16/step_05_persistence_path_reconciliation/persistence_path_reconciliation.log:611:./PRG_System.st:113:        GVL_STATE.G_Safety_Gas_Latched := GVL_PERSISTENT.P_Safety_Gas_Latched;
./repo_logs/assistant_bridge/2026_04_16/step_05_persistence_path_reconciliation/persistence_path_reconciliation.log:612:./PRG_System.st:114:        GVL_STATE.G_Safety_Smoke_Latched := GVL_PERSISTENT.P_Safety_Smoke_Latched;
./repo_logs/assistant_bridge/2026_04_16/step_05_persistence_path_reconciliation/persistence_path_reconciliation.log:613:./PRG_System.st:115:        GVL_STATE.G_Safety_Leak_Latched := GVL_PERSISTENT.P_Safety_Leak_Latched;
./repo_logs/assistant_bridge/2026_04_16/step_05_persistence_path_reconciliation/persistence_path_reconciliation.log:614:./PRG_System.st:116:        GVL_STATE.G_System_Mode := GVL_PERSISTENT.P_System_Mode;
./repo_logs/assistant_bridge/2026_04_16/step_05_persistence_path_reconciliation/persistence_path_reconciliation.log:616:./PRG_System.st:675:IF GVL_PERSISTENT.P_Safety_Gas_Latched THEN
./repo_logs/assistant_bridge/2026_04_16/step_05_persistence_path_reconciliation/persistence_path_reconciliation.log:617:./PRG_System.st:680:IF GVL_PERSISTENT.P_Safety_Smoke_Latched THEN
./repo_logs/assistant_bridge/2026_04_16/step_05_persistence_path_reconciliation/persistence_path_reconciliation.log:618:./PRG_System.st:685:IF GVL_PERSISTENT.P_Safety_Leak_Latched THEN
./repo_logs/assistant_bridge/2026_04_16/step_05_persistence_path_reconciliation/persistence_path_reconciliation.log:619:./PRG_System.st:690:IF GVL_PERSISTENT.P_DHW_Heating_Active THEN
./repo_logs/assistant_bridge/2026_04_16/step_05_persistence_path_reconciliation/persistence_path_reconciliation.log:620:./PRG_System.st:995:GVL_PERSISTENT.P_System_Mode := GVL_STATE.G_System_Mode;
./repo_logs/assistant_bridge/2026_04_16/step_05_persistence_path_reconciliation/persistence_path_reconciliation.log:621:./PRG_System.st:997:GVL_PERSISTENT.P_Safety_Gas_Latched := GVL_STATE.G_Safety_Gas_Latched;
./repo_logs/assistant_bridge/2026_04_16/step_05_persistence_path_reconciliation/persistence_path_reconciliation.log:622:./PRG_System.st:998:GVL_PERSISTENT.P_Safety_Smoke_Latched := GVL_STATE.G_Safety_Smoke_Latched;
./repo_logs/assistant_bridge/2026_04_16/step_05_persistence_path_reconciliation/persistence_path_reconciliation.log:623:./PRG_System.st:999:GVL_PERSISTENT.P_Safety_Leak_Latched := GVL_STATE.G_Safety_Leak_Latched;
./repo_logs/assistant_bridge/2026_04_16/step_05_persistence_path_reconciliation/persistence_path_reconciliation.log:624:./PRG_System.st:1001:GVL_PERSISTENT.P_DHW_Heating_Active := GVL_STATE.G_DHW_Heating_Pump;
./repo_logs/assistant_bridge/2026_04_16/step_05_persistence_path_reconciliation/persistence_path_reconciliation.log:625:./PRG_System.st:1003:GVL_PERSISTENT.P_Valid := TRUE;
./repo_logs/assistant_bridge/2026_04_16/step_05_persistence_path_reconciliation/persistence_path_reconciliation.log:1493:    IF GVL_PERSISTENT.P_Valid THEN
./repo_logs/assistant_bridge/2026_04_16/step_05_persistence_path_reconciliation/persistence_path_reconciliation.log:1494:        GVL_STATE.G_Safety_Gas_Latched := GVL_PERSISTENT.P_Safety_Gas_Latched;
./repo_logs/assistant_bridge/2026_04_16/step_05_persistence_path_reconciliation/persistence_path_reconciliation.log:1495:        GVL_STATE.G_Safety_Smoke_Latched := GVL_PERSISTENT.P_Safety_Smoke_Latched;
./repo_logs/assistant_bridge/2026_04_16/step_05_persistence_path_reconciliation/persistence_path_reconciliation.log:1496:        GVL_STATE.G_Safety_Leak_Latched := GVL_PERSISTENT.P_Safety_Leak_Latched;
./repo_logs/assistant_bridge/2026_04_16/step_05_persistence_path_reconciliation/persistence_path_reconciliation.log:1497:        GVL_STATE.G_System_Mode := GVL_PERSISTENT.P_System_Mode;
./repo_logs/assistant_bridge/2026_04_16/step_05_persistence_path_reconciliation/persistence_path_reconciliation.log:1524:IF GVL_PERSISTENT.P_DHW_Heating_Active THEN
./repo_logs/assistant_bridge/2026_04_16/step_52_fault_injection_points_audit/fault_injection_points_audit.log:8:119:        GVL_STATE.G_System_Mode := GVL_PERSISTENT.P_System_Mode;
./repo_logs/assistant_bridge/2026_04_16/step_14_nvram_final_state/nvram_final_state.log:7:[OK] GVL_PERSISTENT.gvl
./repo_logs/assistant_bridge/2026_04_16/step_14_nvram_final_state/nvram_final_state.log:19:PRG_System.st:112:    IF GVL_PERSISTENT.P_Valid THEN
./repo_logs/assistant_bridge/2026_04_16/step_14_nvram_final_state/nvram_final_state.log:56:PRG_System.st:1000:GVL_PERSISTENT.P_System_Mode := L_Persist_Struct.System_Mode;
./repo_logs/assistant_bridge/2026_04_16/step_14_nvram_final_state/nvram_final_state.log:57:PRG_System.st:1002:GVL_PERSISTENT.P_Safety_Gas_Latched := L_Persist_Struct.Safety_Gas_Latched;
./repo_logs/assistant_bridge/2026_04_16/step_14_nvram_final_state/nvram_final_state.log:58:PRG_System.st:1003:GVL_PERSISTENT.P_Safety_Smoke_Latched := L_Persist_Struct.Safety_Smoke_Latched;
./repo_logs/assistant_bridge/2026_04_16/step_14_nvram_final_state/nvram_final_state.log:59:PRG_System.st:1004:GVL_PERSISTENT.P_Safety_Leak_Latched := L_Persist_Struct.Safety_Leak_Latched;
./repo_logs/assistant_bridge/2026_04_16/step_14_nvram_final_state/nvram_final_state.log:60:PRG_System.st:1006:GVL_PERSISTENT.P_DHW_Heating_Active := L_Persist_Struct.DHW_Heating_Pump;
./repo_logs/assistant_bridge/2026_04_16/step_14_nvram_final_state/nvram_final_state.log:61:PRG_System.st:1007:GVL_PERSISTENT.P_Valid := L_Persist_Struct.Valid;
./repo_logs/assistant_bridge/2026_04_16/step_14_nvram_final_state/nvram_final_state.log:67:GVL_PERSISTENT.gvl:15:    P_Valid : BOOL;
./repo_logs/assistant_bridge/2026_04_16/step_14_nvram_final_state/nvram_final_state.log:144:GVL_PERSISTENT.P_System_Mode := L_Persist_Struct.System_Mode;
./repo_logs/assistant_bridge/2026_04_16/step_14_nvram_final_state/nvram_final_state.log:146:GVL_PERSISTENT.P_Safety_Gas_Latched := L_Persist_Struct.Safety_Gas_Latched;
./repo_logs/assistant_bridge/2026_04_16/step_14_nvram_final_state/nvram_final_state.log:147:GVL_PERSISTENT.P_Safety_Smoke_Latched := L_Persist_Struct.Safety_Smoke_Latched;
./repo_logs/assistant_bridge/2026_04_16/step_14_nvram_final_state/nvram_final_state.log:148:GVL_PERSISTENT.P_Safety_Leak_Latched := L_Persist_Struct.Safety_Leak_Latched;
./repo_logs/assistant_bridge/2026_04_16/step_14_nvram_final_state/nvram_final_state.log:150:GVL_PERSISTENT.P_DHW_Heating_Active := L_Persist_Struct.DHW_Heating_Pump;
./repo_logs/assistant_bridge/2026_04_16/step_14_nvram_final_state/nvram_final_state.log:151:GVL_PERSISTENT.P_Valid := L_Persist_Struct.Valid;
./repo_logs/assistant_bridge/2026_04_16/step_33_prg_system_final_audit/prg_system_final_audit.log:58:1041:GVL_PERSISTENT.P_System_Mode := L_Persist_Struct.System_Mode;
./repo_logs/assistant_bridge/2026_04_16/step_33_prg_system_final_audit/prg_system_final_audit.log:59:1043:GVL_PERSISTENT.P_Safety_Gas_Latched := L_Persist_Struct.Safety_Gas_Latched;
./repo_logs/assistant_bridge/2026_04_16/step_33_prg_system_final_audit/prg_system_final_audit.log:60:1044:GVL_PERSISTENT.P_Safety_Smoke_Latched := L_Persist_Struct.Safety_Smoke_Latched;
./repo_logs/assistant_bridge/2026_04_16/step_33_prg_system_final_audit/prg_system_final_audit.log:61:1045:GVL_PERSISTENT.P_Safety_Leak_Latched := L_Persist_Struct.Safety_Leak_Latched;
./repo_logs/assistant_bridge/2026_04_16/step_33_prg_system_final_audit/prg_system_final_audit.log:62:1047:GVL_PERSISTENT.P_DHW_Heating_Active := L_Persist_Struct.DHW_Heating_Pump;
./repo_logs/assistant_bridge/2026_04_16/step_33_prg_system_final_audit/prg_system_final_audit.log:63:1048:GVL_PERSISTENT.P_Valid := L_Persist_Struct.Valid;
./repo_logs/assistant_bridge/2026_04_16/step_17_unify_scenario_event_source_fixed/unify_scenario_event_source_fixed.log:45:GVL_PERSISTENT.P_System_Mode := L_Persist_Struct.System_Mode;
./repo_logs/assistant_bridge/2026_04_16/step_17_unify_scenario_event_source_fixed/unify_scenario_event_source_fixed.log:47:GVL_PERSISTENT.P_Safety_Gas_Latched := L_Persist_Struct.Safety_Gas_Latched;
./repo_logs/assistant_bridge/2026_04_16/step_17_unify_scenario_event_source_fixed/unify_scenario_event_source_fixed.log:48:GVL_PERSISTENT.P_Safety_Smoke_Latched := L_Persist_Struct.Safety_Smoke_Latched;
./repo_logs/assistant_bridge/2026_04_16/step_17_unify_scenario_event_source_fixed/unify_scenario_event_source_fixed.log:49:GVL_PERSISTENT.P_Safety_Leak_Latched := L_Persist_Struct.Safety_Leak_Latched;
./repo_logs/assistant_bridge/2026_04_16/step_17_unify_scenario_event_source_fixed/unify_scenario_event_source_fixed.log:51:GVL_PERSISTENT.P_DHW_Heating_Active := L_Persist_Struct.DHW_Heating_Pump;
./repo_logs/assistant_bridge/2026_04_16/step_17_unify_scenario_event_source_fixed/unify_scenario_event_source_fixed.log:52:GVL_PERSISTENT.P_Valid := L_Persist_Struct.Valid;
./repo_logs/assistant_bridge/2026_04_16/step_17_unify_scenario_event_source_fixed/unify_scenario_event_source_fixed.log:84:@@ -1008,16 +1016,6 @@ GVL_PERSISTENT.P_Valid := L_Persist_Struct.Valid;
./repo_logs/assistant_bridge/2026_04_16/step_10_define_persist_struct_contract/define_persist_struct_contract.log:27:GVL_PERSISTENT.gvl:4:    P_System_Mode : E_System_Operating_Mode;
./repo_logs/assistant_bridge/2026_04_16/step_10_define_persist_struct_contract/define_persist_struct_contract.log:28:GVL_PERSISTENT.gvl:7:    P_Safety_Gas_Latched : BOOL;
./repo_logs/assistant_bridge/2026_04_16/step_10_define_persist_struct_contract/define_persist_struct_contract.log:29:GVL_PERSISTENT.gvl:8:    P_Safety_Smoke_Latched : BOOL;
./repo_logs/assistant_bridge/2026_04_16/step_10_define_persist_struct_contract/define_persist_struct_contract.log:30:GVL_PERSISTENT.gvl:9:    P_Safety_Leak_Latched : BOOL;
./repo_logs/assistant_bridge/2026_04_16/step_10_define_persist_struct_contract/define_persist_struct_contract.log:31:GVL_PERSISTENT.gvl:12:    P_DHW_Heating_Active : BOOL;
./repo_logs/assistant_bridge/2026_04_16/step_10_define_persist_struct_contract/define_persist_struct_contract.log:32:PRG_System.st:112:        GVL_STATE.G_Safety_Gas_Latched := GVL_PERSISTENT.P_Safety_Gas_Latched;
./repo_logs/assistant_bridge/2026_04_16/step_10_define_persist_struct_contract/define_persist_struct_contract.log:33:PRG_System.st:113:        GVL_STATE.G_Safety_Smoke_Latched := GVL_PERSISTENT.P_Safety_Smoke_Latched;
./repo_logs/assistant_bridge/2026_04_16/step_10_define_persist_struct_contract/define_persist_struct_contract.log:34:PRG_System.st:114:        GVL_STATE.G_Safety_Leak_Latched := GVL_PERSISTENT.P_Safety_Leak_Latched;
./repo_logs/assistant_bridge/2026_04_16/step_10_define_persist_struct_contract/define_persist_struct_contract.log:35:PRG_System.st:115:        GVL_STATE.G_System_Mode := GVL_PERSISTENT.P_System_Mode;
./repo_logs/assistant_bridge/2026_04_16/step_10_define_persist_struct_contract/define_persist_struct_contract.log:36:PRG_System.st:674:IF GVL_PERSISTENT.P_Safety_Gas_Latched THEN
./repo_logs/assistant_bridge/2026_04_16/step_10_define_persist_struct_contract/define_persist_struct_contract.log:37:PRG_System.st:679:IF GVL_PERSISTENT.P_Safety_Smoke_Latched THEN
./repo_logs/assistant_bridge/2026_04_16/step_10_define_persist_struct_contract/define_persist_struct_contract.log:38:PRG_System.st:684:IF GVL_PERSISTENT.P_Safety_Leak_Latched THEN
./repo_logs/assistant_bridge/2026_04_16/step_10_define_persist_struct_contract/define_persist_struct_contract.log:39:PRG_System.st:689:IF GVL_PERSISTENT.P_DHW_Heating_Active THEN
./repo_logs/assistant_bridge/2026_04_16/step_10_define_persist_struct_contract/define_persist_struct_contract.log:40:PRG_System.st:989:GVL_PERSISTENT.P_System_Mode := GVL_STATE.G_System_Mode;
./repo_logs/assistant_bridge/2026_04_16/step_10_define_persist_struct_contract/define_persist_struct_contract.log:41:PRG_System.st:991:GVL_PERSISTENT.P_Safety_Gas_Latched := GVL_STATE.G_Safety_Gas_Latched;
./repo_logs/assistant_bridge/2026_04_16/step_10_define_persist_struct_contract/define_persist_struct_contract.log:42:PRG_System.st:992:GVL_PERSISTENT.P_Safety_Smoke_Latched := GVL_STATE.G_Safety_Smoke_Latched;
./repo_logs/assistant_bridge/2026_04_16/step_10_define_persist_struct_contract/define_persist_struct_contract.log:43:PRG_System.st:993:GVL_PERSISTENT.P_Safety_Leak_Latched := GVL_STATE.G_Safety_Leak_Latched;
./repo_logs/assistant_bridge/2026_04_16/step_10_define_persist_struct_contract/define_persist_struct_contract.log:44:PRG_System.st:995:GVL_PERSISTENT.P_DHW_Heating_Active := GVL_STATE.G_DHW_Heating_Pump;
./repo_logs/assistant_bridge/2026_04_16/step_32_add_watchdog_event_fixed/add_watchdog_event_fixed.log:100:@@ -1050,6 +1051,27 @@ GVL_PERSISTENT.P_Valid := L_Persist_Struct.Valid;
./repo_logs/assistant_bridge/2026_04_16/step_11_align_persist_contract_to_live_types/align_persist_contract_to_live_types.log:11:GVL_PERSISTENT.gvl:4:    P_System_Mode : E_System_Operating_Mode;
./repo_logs/assistant_bridge/2026_04_16/step_11_align_persist_contract_to_live_types/align_persist_contract_to_live_types.log:12:GVL_PERSISTENT.gvl:12:    P_DHW_Heating_Active : BOOL;
./repo_logs/assistant_bridge/2026_04_16/step_11_align_persist_contract_to_live_types/align_persist_contract_to_live_types.log:13:GVL_PERSISTENT.gvl:15:    P_Valid : BOOL;
./repo_logs/assistant_bridge/2026_04_16/step_11_align_persist_contract_to_live_types/align_persist_contract_to_live_types.log:14:PRG_System.st:111:    IF GVL_PERSISTENT.P_Valid THEN
./repo_logs/assistant_bridge/2026_04_16/step_11_align_persist_contract_to_live_types/align_persist_contract_to_live_types.log:15:PRG_System.st:115:        GVL_STATE.G_System_Mode := GVL_PERSISTENT.P_System_Mode;
./repo_logs/assistant_bridge/2026_04_16/step_11_align_persist_contract_to_live_types/align_persist_contract_to_live_types.log:16:PRG_System.st:689:IF GVL_PERSISTENT.P_DHW_Heating_Active THEN
./repo_logs/assistant_bridge/2026_04_16/step_11_align_persist_contract_to_live_types/align_persist_contract_to_live_types.log:23:PRG_System.st:989:GVL_PERSISTENT.P_System_Mode := GVL_STATE.G_System_Mode;
./repo_logs/assistant_bridge/2026_04_16/step_11_align_persist_contract_to_live_types/align_persist_contract_to_live_types.log:24:PRG_System.st:995:GVL_PERSISTENT.P_DHW_Heating_Active := GVL_STATE.G_DHW_Heating_Pump;
./repo_logs/assistant_bridge/2026_04_16/step_11_align_persist_contract_to_live_types/align_persist_contract_to_live_types.log:25:PRG_System.st:997:GVL_PERSISTENT.P_Valid := TRUE;
./repo_logs/assistant_bridge/2026_04_16/step_02_nvram_topology/nvram_topology.log:11:[OK] GVL_PERSISTENT.gvl
./repo_logs/assistant_bridge/2026_04_16/step_02_nvram_topology/nvram_topology.log:23:GVL_PERSISTENT.gvl:1:VAR_GLOBAL PERSISTENT RETAIN
./repo_logs/assistant_bridge/2026_04_16/step_02_nvram_topology/nvram_topology.log:95:PRG_System.st:112:    IF GVL_PERSISTENT.P_Valid THEN
./repo_logs/assistant_bridge/2026_04_16/step_02_nvram_topology/nvram_topology.log:96:PRG_System.st:113:        GVL_STATE.G_Safety_Gas_Latched := GVL_PERSISTENT.P_Safety_Gas_Latched;
./repo_logs/assistant_bridge/2026_04_16/step_02_nvram_topology/nvram_topology.log:97:PRG_System.st:114:        GVL_STATE.G_Safety_Smoke_Latched := GVL_PERSISTENT.P_Safety_Smoke_Latched;
./repo_logs/assistant_bridge/2026_04_16/step_02_nvram_topology/nvram_topology.log:98:PRG_System.st:115:        GVL_STATE.G_Safety_Leak_Latched := GVL_PERSISTENT.P_Safety_Leak_Latched;
./repo_logs/assistant_bridge/2026_04_16/step_02_nvram_topology/nvram_topology.log:99:PRG_System.st:116:        GVL_STATE.G_System_Mode := GVL_PERSISTENT.P_System_Mode;
./repo_logs/assistant_bridge/2026_04_16/step_02_nvram_topology/nvram_topology.log:110:PRG_System.st:675:IF GVL_PERSISTENT.P_Safety_Gas_Latched THEN
./repo_logs/assistant_bridge/2026_04_16/step_02_nvram_topology/nvram_topology.log:111:PRG_System.st:680:IF GVL_PERSISTENT.P_Safety_Smoke_Latched THEN
./repo_logs/assistant_bridge/2026_04_16/step_02_nvram_topology/nvram_topology.log:112:PRG_System.st:685:IF GVL_PERSISTENT.P_Safety_Leak_Latched THEN
./repo_logs/assistant_bridge/2026_04_16/step_02_nvram_topology/nvram_topology.log:113:PRG_System.st:690:IF GVL_PERSISTENT.P_DHW_Heating_Active THEN
./repo_logs/assistant_bridge/2026_04_16/step_02_nvram_topology/nvram_topology.log:143:PRG_System.st:995:GVL_PERSISTENT.P_System_Mode := GVL_STATE.G_System_Mode;
./repo_logs/assistant_bridge/2026_04_16/step_02_nvram_topology/nvram_topology.log:144:PRG_System.st:997:GVL_PERSISTENT.P_Safety_Gas_Latched := GVL_STATE.G_Safety_Gas_Latched;
./repo_logs/assistant_bridge/2026_04_16/step_02_nvram_topology/nvram_topology.log:145:PRG_System.st:998:GVL_PERSISTENT.P_Safety_Smoke_Latched := GVL_STATE.G_Safety_Smoke_Latched;
./repo_logs/assistant_bridge/2026_04_16/step_02_nvram_topology/nvram_topology.log:146:PRG_System.st:999:GVL_PERSISTENT.P_Safety_Leak_Latched := GVL_STATE.G_Safety_Leak_Latched;
./repo_logs/assistant_bridge/2026_04_16/step_02_nvram_topology/nvram_topology.log:147:PRG_System.st:1001:GVL_PERSISTENT.P_DHW_Heating_Active := GVL_STATE.G_DHW_Heating_Pump;
./repo_logs/assistant_bridge/2026_04_16/step_02_nvram_topology/nvram_topology.log:148:PRG_System.st:1003:GVL_PERSISTENT.P_Valid := TRUE;
./repo_logs/assistant_bridge/2026_04_16/step_02_nvram_topology/nvram_topology.log:153:FILE: GVL_PERSISTENT.gvl
./repo_logs/assistant_bridge/2026_04_16/step_02_nvram_topology/nvram_topology.log:603:    IF GVL_PERSISTENT.P_Valid THEN
./repo_logs/assistant_bridge/2026_04_16/step_02_nvram_topology/nvram_topology.log:604:        GVL_STATE.G_Safety_Gas_Latched := GVL_PERSISTENT.P_Safety_Gas_Latched;
./repo_logs/assistant_bridge/2026_04_16/step_02_nvram_topology/nvram_topology.log:605:        GVL_STATE.G_Safety_Smoke_Latched := GVL_PERSISTENT.P_Safety_Smoke_Latched;
./repo_logs/assistant_bridge/2026_04_16/step_02_nvram_topology/nvram_topology.log:606:        GVL_STATE.G_Safety_Leak_Latched := GVL_PERSISTENT.P_Safety_Leak_Latched;
./repo_logs/assistant_bridge/2026_04_16/step_02_nvram_topology/nvram_topology.log:607:        GVL_STATE.G_System_Mode := GVL_PERSISTENT.P_System_Mode;
./repo_logs/assistant_bridge/2026_04_16/step_16_fix_scenario_event_source/fix_scenario_event_source.log:43:@@ -1008,13 +1008,13 @@ GVL_PERSISTENT.P_Valid := L_Persist_Struct.Valid;
./repo_logs/assistant_bridge/2026_04_16/step_03_nvram_write_flow/nvram_write_flow.log:101:IF GVL_PERSISTENT.P_Safety_Gas_Latched THEN
./repo_logs/assistant_bridge/2026_04_16/step_03_nvram_write_flow/nvram_write_flow.log:106:IF GVL_PERSISTENT.P_Safety_Smoke_Latched THEN
./repo_logs/assistant_bridge/2026_04_16/step_03_nvram_write_flow/nvram_write_flow.log:111:IF GVL_PERSISTENT.P_Safety_Leak_Latched THEN
./repo_logs/assistant_bridge/2026_04_16/step_03_nvram_write_flow/nvram_write_flow.log:116:IF GVL_PERSISTENT.P_DHW_Heating_Active THEN
./repo_logs/assistant_bridge/2026_04_16/step_03_nvram_write_flow/nvram_write_flow.log:254:GVL_PERSISTENT.P_System_Mode := GVL_STATE.G_System_Mode;
./repo_logs/assistant_bridge/2026_04_16/step_03_nvram_write_flow/nvram_write_flow.log:256:GVL_PERSISTENT.P_Safety_Gas_Latched := GVL_STATE.G_Safety_Gas_Latched;
./repo_logs/assistant_bridge/2026_04_16/step_03_nvram_write_flow/nvram_write_flow.log:257:GVL_PERSISTENT.P_Safety_Smoke_Latched := GVL_STATE.G_Safety_Smoke_Latched;
./repo_logs/assistant_bridge/2026_04_16/step_03_nvram_write_flow/nvram_write_flow.log:258:GVL_PERSISTENT.P_Safety_Leak_Latched := GVL_STATE.G_Safety_Leak_Latched;
./repo_logs/assistant_bridge/2026_04_16/step_03_nvram_write_flow/nvram_write_flow.log:260:GVL_PERSISTENT.P_DHW_Heating_Active := GVL_STATE.G_DHW_Heating_Pump;
./repo_logs/assistant_bridge/2026_04_16/step_03_nvram_write_flow/nvram_write_flow.log:262:GVL_PERSISTENT.P_Valid := TRUE;
./repo_logs/assistant_bridge/2026_04_16/step_13_pack_nvram_buffer_from_struct_adapter/pack_nvram_buffer_from_struct_adapter.log:20:IF GVL_PERSISTENT.P_Safety_Gas_Latched THEN
./repo_logs/assistant_bridge/2026_04_16/step_13_pack_nvram_buffer_from_struct_adapter/pack_nvram_buffer_from_struct_adapter.log:25:IF GVL_PERSISTENT.P_Safety_Smoke_Latched THEN
./repo_logs/assistant_bridge/2026_04_16/step_13_pack_nvram_buffer_from_struct_adapter/pack_nvram_buffer_from_struct_adapter.log:30:IF GVL_PERSISTENT.P_Safety_Leak_Latched THEN
./repo_logs/assistant_bridge/2026_04_16/step_13_pack_nvram_buffer_from_struct_adapter/pack_nvram_buffer_from_struct_adapter.log:35:IF GVL_PERSISTENT.P_DHW_Heating_Active THEN
./repo_logs/assistant_bridge/2026_04_16/step_13_pack_nvram_buffer_from_struct_adapter/pack_nvram_buffer_from_struct_adapter.log:134:1000:GVL_PERSISTENT.P_System_Mode := L_Persist_Struct.System_Mode;
./repo_logs/assistant_bridge/2026_04_16/step_13_pack_nvram_buffer_from_struct_adapter/pack_nvram_buffer_from_struct_adapter.log:135:1002:GVL_PERSISTENT.P_Safety_Gas_Latched := L_Persist_Struct.Safety_Gas_Latched;
./repo_logs/assistant_bridge/2026_04_16/step_13_pack_nvram_buffer_from_struct_adapter/pack_nvram_buffer_from_struct_adapter.log:136:1003:GVL_PERSISTENT.P_Safety_Smoke_Latched := L_Persist_Struct.Safety_Smoke_Latched;
./repo_logs/assistant_bridge/2026_04_16/step_13_pack_nvram_buffer_from_struct_adapter/pack_nvram_buffer_from_struct_adapter.log:137:1004:GVL_PERSISTENT.P_Safety_Leak_Latched := L_Persist_Struct.Safety_Leak_Latched;
./repo_logs/assistant_bridge/2026_04_16/step_13_pack_nvram_buffer_from_struct_adapter/pack_nvram_buffer_from_struct_adapter.log:138:1006:GVL_PERSISTENT.P_DHW_Heating_Active := L_Persist_Struct.DHW_Heating_Pump;
./repo_logs/assistant_bridge/2026_04_16/step_13_pack_nvram_buffer_from_struct_adapter/pack_nvram_buffer_from_struct_adapter.log:150:-IF GVL_PERSISTENT.P_Safety_Gas_Latched THEN
./repo_logs/assistant_bridge/2026_04_16/step_13_pack_nvram_buffer_from_struct_adapter/pack_nvram_buffer_from_struct_adapter.log:157:-IF GVL_PERSISTENT.P_Safety_Smoke_Latched THEN
./repo_logs/assistant_bridge/2026_04_16/step_13_pack_nvram_buffer_from_struct_adapter/pack_nvram_buffer_from_struct_adapter.log:163:-IF GVL_PERSISTENT.P_Safety_Leak_Latched THEN
./repo_logs/assistant_bridge/2026_04_16/step_13_pack_nvram_buffer_from_struct_adapter/pack_nvram_buffer_from_struct_adapter.log:169:-IF GVL_PERSISTENT.P_DHW_Heating_Active THEN
./repo_logs/assistant_bridge/2026_04_16/step_23_prg_system_runtime_hardening_state/prg_system_runtime_hardening_state.log:181:GVL_PERSISTENT.P_System_Mode := L_Persist_Struct.System_Mode;
./repo_logs/assistant_bridge/2026_04_16/step_23_prg_system_runtime_hardening_state/prg_system_runtime_hardening_state.log:183:GVL_PERSISTENT.P_Safety_Gas_Latched := L_Persist_Struct.Safety_Gas_Latched;
./repo_logs/assistant_bridge/2026_04_16/step_23_prg_system_runtime_hardening_state/prg_system_runtime_hardening_state.log:184:GVL_PERSISTENT.P_Safety_Smoke_Latched := L_Persist_Struct.Safety_Smoke_Latched;
./repo_logs/assistant_bridge/2026_04_16/step_23_prg_system_runtime_hardening_state/prg_system_runtime_hardening_state.log:185:GVL_PERSISTENT.P_Safety_Leak_Latched := L_Persist_Struct.Safety_Leak_Latched;
./repo_logs/assistant_bridge/2026_04_16/step_23_prg_system_runtime_hardening_state/prg_system_runtime_hardening_state.log:187:GVL_PERSISTENT.P_DHW_Heating_Active := L_Persist_Struct.DHW_Heating_Pump;
./repo_logs/assistant_bridge/2026_04_16/step_23_prg_system_runtime_hardening_state/prg_system_runtime_hardening_state.log:188:GVL_PERSISTENT.P_Valid := L_Persist_Struct.Valid;
./repo_logs/assistant_bridge/2026_04_16/step_36_gateway_interface_audit_fixed/gateway_interface_audit_fixed.log:46:./GVL_PERSISTENT.gvl
./repo_logs/assistant_bridge/2026_04_16/step_36_gateway_interface_audit_fixed/gateway_interface_audit_fixed.log:105:./snapshots/project_clean_state_2026_04_16/GVL_PERSISTENT.gvl
./repo_logs/assistant_bridge/2026_04_16/step_26_prg_system_event_and_control_final_state/prg_system_event_and_control_final_state.log:237:GVL_PERSISTENT.P_System_Mode := L_Persist_Struct.System_Mode;
./repo_logs/assistant_bridge/2026_04_16/step_26_prg_system_event_and_control_final_state/prg_system_event_and_control_final_state.log:239:GVL_PERSISTENT.P_Safety_Gas_Latched := L_Persist_Struct.Safety_Gas_Latched;
./repo_logs/assistant_bridge/2026_04_16/step_26_prg_system_event_and_control_final_state/prg_system_event_and_control_final_state.log:240:GVL_PERSISTENT.P_Safety_Smoke_Latched := L_Persist_Struct.Safety_Smoke_Latched;
./repo_logs/assistant_bridge/2026_04_16/step_26_prg_system_event_and_control_final_state/prg_system_event_and_control_final_state.log:241:GVL_PERSISTENT.P_Safety_Leak_Latched := L_Persist_Struct.Safety_Leak_Latched;
./repo_logs/assistant_bridge/2026_04_16/step_26_prg_system_event_and_control_final_state/prg_system_event_and_control_final_state.log:243:GVL_PERSISTENT.P_DHW_Heating_Active := L_Persist_Struct.DHW_Heating_Pump;
./repo_logs/assistant_bridge/2026_04_16/step_26_prg_system_event_and_control_final_state/prg_system_event_and_control_final_state.log:244:GVL_PERSISTENT.P_Valid := L_Persist_Struct.Valid;
./repo_logs/assistant_bridge/2026_04_16/step_12_add_persist_struct_adapter_fixed/add_persist_struct_adapter_fixed.log:18:1000:GVL_PERSISTENT.P_System_Mode := L_Persist_Struct.System_Mode;
./repo_logs/assistant_bridge/2026_04_16/step_12_add_persist_struct_adapter_fixed/add_persist_struct_adapter_fixed.log:19:1002:GVL_PERSISTENT.P_Safety_Gas_Latched := L_Persist_Struct.Safety_Gas_Latched;
./repo_logs/assistant_bridge/2026_04_16/step_12_add_persist_struct_adapter_fixed/add_persist_struct_adapter_fixed.log:20:1003:GVL_PERSISTENT.P_Safety_Smoke_Latched := L_Persist_Struct.Safety_Smoke_Latched;
./repo_logs/assistant_bridge/2026_04_16/step_12_add_persist_struct_adapter_fixed/add_persist_struct_adapter_fixed.log:21:1004:GVL_PERSISTENT.P_Safety_Leak_Latched := L_Persist_Struct.Safety_Leak_Latched;
./repo_logs/assistant_bridge/2026_04_16/step_12_add_persist_struct_adapter_fixed/add_persist_struct_adapter_fixed.log:22:1006:GVL_PERSISTENT.P_DHW_Heating_Active := L_Persist_Struct.DHW_Heating_Pump;
./repo_logs/assistant_bridge/2026_04_16/step_12_add_persist_struct_adapter_fixed/add_persist_struct_adapter_fixed.log:23:1007:GVL_PERSISTENT.P_Valid := L_Persist_Struct.Valid;
./repo_logs/assistant_bridge/2026_04_16/step_12_add_persist_struct_adapter_fixed/add_persist_struct_adapter_fixed.log:81:GVL_PERSISTENT.P_System_Mode := L_Persist_Struct.System_Mode;
./repo_logs/assistant_bridge/2026_04_16/step_12_add_persist_struct_adapter_fixed/add_persist_struct_adapter_fixed.log:83:GVL_PERSISTENT.P_Safety_Gas_Latched := L_Persist_Struct.Safety_Gas_Latched;
./repo_logs/assistant_bridge/2026_04_16/step_12_add_persist_struct_adapter_fixed/add_persist_struct_adapter_fixed.log:84:GVL_PERSISTENT.P_Safety_Smoke_Latched := L_Persist_Struct.Safety_Smoke_Latched;
./repo_logs/assistant_bridge/2026_04_16/step_12_add_persist_struct_adapter_fixed/add_persist_struct_adapter_fixed.log:85:GVL_PERSISTENT.P_Safety_Leak_Latched := L_Persist_Struct.Safety_Leak_Latched;
./repo_logs/assistant_bridge/2026_04_16/step_12_add_persist_struct_adapter_fixed/add_persist_struct_adapter_fixed.log:87:GVL_PERSISTENT.P_DHW_Heating_Active := L_Persist_Struct.DHW_Heating_Pump;
./repo_logs/assistant_bridge/2026_04_16/step_12_add_persist_struct_adapter_fixed/add_persist_struct_adapter_fixed.log:88:GVL_PERSISTENT.P_Valid := L_Persist_Struct.Valid;
./repo_logs/assistant_bridge/2026_04_16/step_12_add_persist_struct_adapter_fixed/add_persist_struct_adapter_fixed.log:116:-GVL_PERSISTENT.P_System_Mode := GVL_STATE.G_System_Mode;
./repo_logs/assistant_bridge/2026_04_16/step_12_add_persist_struct_adapter_fixed/add_persist_struct_adapter_fixed.log:120:-GVL_PERSISTENT.P_Safety_Gas_Latched := GVL_STATE.G_Safety_Gas_Latched;
./repo_logs/assistant_bridge/2026_04_16/step_12_add_persist_struct_adapter_fixed/add_persist_struct_adapter_fixed.log:121:-GVL_PERSISTENT.P_Safety_Smoke_Latched := GVL_STATE.G_Safety_Smoke_Latched;
./repo_logs/assistant_bridge/2026_04_16/step_12_add_persist_struct_adapter_fixed/add_persist_struct_adapter_fixed.log:122:-GVL_PERSISTENT.P_Safety_Leak_Latched := GVL_STATE.G_Safety_Leak_Latched;
./repo_logs/assistant_bridge/2026_04_16/step_12_add_persist_struct_adapter_fixed/add_persist_struct_adapter_fixed.log:127:-GVL_PERSISTENT.P_DHW_Heating_Active := GVL_STATE.G_DHW_Heating_Pump;
./repo_logs/assistant_bridge/2026_04_16/step_12_add_persist_struct_adapter_fixed/add_persist_struct_adapter_fixed.log:131:-GVL_PERSISTENT.P_Valid := TRUE;
./repo_logs/assistant_bridge/2026_04_16/step_12_add_persist_struct_adapter_fixed/add_persist_struct_adapter_fixed.log:133:+GVL_PERSISTENT.P_System_Mode := L_Persist_Struct.System_Mode;
./repo_logs/assistant_bridge/2026_04_16/step_12_add_persist_struct_adapter_fixed/add_persist_struct_adapter_fixed.log:135:+GVL_PERSISTENT.P_Safety_Gas_Latched := L_Persist_Struct.Safety_Gas_Latched;
./repo_logs/assistant_bridge/2026_04_16/step_12_add_persist_struct_adapter_fixed/add_persist_struct_adapter_fixed.log:136:+GVL_PERSISTENT.P_Safety_Smoke_Latched := L_Persist_Struct.Safety_Smoke_Latched;
./repo_logs/assistant_bridge/2026_04_16/step_12_add_persist_struct_adapter_fixed/add_persist_struct_adapter_fixed.log:137:+GVL_PERSISTENT.P_Safety_Leak_Latched := L_Persist_Struct.Safety_Leak_Latched;
./repo_logs/assistant_bridge/2026_04_16/step_12_add_persist_struct_adapter_fixed/add_persist_struct_adapter_fixed.log:139:+GVL_PERSISTENT.P_DHW_Heating_Active := L_Persist_Struct.DHW_Heating_Pump;
./repo_logs/assistant_bridge/2026_04_16/step_12_add_persist_struct_adapter_fixed/add_persist_struct_adapter_fixed.log:140:+GVL_PERSISTENT.P_Valid := L_Persist_Struct.Valid;
./repo_logs/assistant_bridge/2026_04_16/step_01_repo_baseline/baseline.log:152:./GVL_PERSISTENT.gvl
./repo_logs/assistant_bridge/2026_04_16/step_01_repo_baseline/baseline.log:424:snapshots/project_clean_state_2026_04_16/GVL_PERSISTENT.gvl
./repo_logs/assistant_bridge/2026_04_16/step_24_event_antiflood_audit/event_antiflood_audit.log:461:GVL_PERSISTENT.P_System_Mode := L_Persist_Struct.System_Mode;
./repo_logs/assistant_bridge/2026_04_16/step_24_event_antiflood_audit/event_antiflood_audit.log:463:GVL_PERSISTENT.P_Safety_Gas_Latched := L_Persist_Struct.Safety_Gas_Latched;
./repo_logs/assistant_bridge/2026_04_16/step_24_event_antiflood_audit/event_antiflood_audit.log:464:GVL_PERSISTENT.P_Safety_Smoke_Latched := L_Persist_Struct.Safety_Smoke_Latched;
./repo_logs/assistant_bridge/2026_04_16/step_24_event_antiflood_audit/event_antiflood_audit.log:465:GVL_PERSISTENT.P_Safety_Leak_Latched := L_Persist_Struct.Safety_Leak_Latched;
./repo_logs/assistant_bridge/2026_04_16/step_24_event_antiflood_audit/event_antiflood_audit.log:467:GVL_PERSISTENT.P_DHW_Heating_Active := L_Persist_Struct.DHW_Heating_Pump;
./repo_logs/assistant_bridge/2026_04_16/step_24_event_antiflood_audit/event_antiflood_audit.log:468:GVL_PERSISTENT.P_Valid := L_Persist_Struct.Valid;
./repo_logs/assistant_bridge/2026_04_16/step_63_root_only_transition_inventory/root_only_transition_inventory.log:133:GVL_PERSISTENT.gvl
./repo_logs/assistant_bridge/2026_04_16/step_35_prg_system_block_closed/prg_system_block_closed.log:50:1045:GVL_PERSISTENT.P_System_Mode := L_Persist_Struct.System_Mode;
./repo_logs/assistant_bridge/2026_04_16/step_35_prg_system_block_closed/prg_system_block_closed.log:51:1047:GVL_PERSISTENT.P_Safety_Gas_Latched := L_Persist_Struct.Safety_Gas_Latched;
./repo_logs/assistant_bridge/2026_04_16/step_35_prg_system_block_closed/prg_system_block_closed.log:52:1048:GVL_PERSISTENT.P_Safety_Smoke_Latched := L_Persist_Struct.Safety_Smoke_Latched;
./repo_logs/assistant_bridge/2026_04_16/step_35_prg_system_block_closed/prg_system_block_closed.log:53:1049:GVL_PERSISTENT.P_Safety_Leak_Latched := L_Persist_Struct.Safety_Leak_Latched;
./repo_logs/assistant_bridge/2026_04_16/step_35_prg_system_block_closed/prg_system_block_closed.log:54:1051:GVL_PERSISTENT.P_DHW_Heating_Active := L_Persist_Struct.DHW_Heating_Pump;
./repo_logs/assistant_bridge/2026_04_16/step_35_prg_system_block_closed/prg_system_block_closed.log:55:1052:GVL_PERSISTENT.P_Valid := L_Persist_Struct.Valid;
./repo_logs/assistant_bridge/2026_04_16/step_35_prg_system_block_closed/prg_system_block_closed.log:179:GVL_PERSISTENT.P_Valid := L_Persist_Struct.Valid;
./repo_logs/assistant_bridge/2026_04_16/step_45_scenario_layer_audit_fixed/scenario_layer_audit_fixed.log:133:./GVL_PERSISTENT.gvl
./repo_logs/assistant_bridge/2026_04_16/step_45_scenario_layer_audit_fixed/scenario_layer_audit_fixed.log:342:./snapshots/project_clean_state_2026_04_16/GVL_PERSISTENT.gvl
./repo_logs/assistant_bridge/2026_04_16/step_31_system_health_watchdog_audit/system_health_watchdog_audit.log:42:116:        GVL_STATE.G_System_Mode := GVL_PERSISTENT.P_System_Mode;
./repo_logs/assistant_bridge/2026_04_16/step_31_system_health_watchdog_audit/system_health_watchdog_audit.log:229:GVL_PERSISTENT.P_System_Mode := L_Persist_Struct.System_Mode;
./repo_logs/assistant_bridge/2026_04_16/step_31_system_health_watchdog_audit/system_health_watchdog_audit.log:231:GVL_PERSISTENT.P_Safety_Gas_Latched := L_Persist_Struct.Safety_Gas_Latched;
./repo_logs/assistant_bridge/2026_04_16/step_31_system_health_watchdog_audit/system_health_watchdog_audit.log:232:GVL_PERSISTENT.P_Safety_Smoke_Latched := L_Persist_Struct.Safety_Smoke_Latched;
./repo_logs/assistant_bridge/2026_04_16/step_31_system_health_watchdog_audit/system_health_watchdog_audit.log:233:GVL_PERSISTENT.P_Safety_Leak_Latched := L_Persist_Struct.Safety_Leak_Latched;
./repo_logs/assistant_bridge/2026_04_16/step_31_system_health_watchdog_audit/system_health_watchdog_audit.log:235:GVL_PERSISTENT.P_DHW_Heating_Active := L_Persist_Struct.DHW_Heating_Pump;
./repo_logs/assistant_bridge/2026_04_16/step_31_system_health_watchdog_audit/system_health_watchdog_audit.log:236:GVL_PERSISTENT.P_Valid := L_Persist_Struct.Valid;
./repo_logs/assistant_bridge/2026_04_16/step_09_nvram_current_contract/nvram_current_contract.log:7:[OK] GVL_PERSISTENT.gvl
./repo_logs/assistant_bridge/2026_04_16/step_09_nvram_current_contract/nvram_current_contract.log:13:PRG_System.st:111:    IF GVL_PERSISTENT.P_Valid THEN
./repo_logs/assistant_bridge/2026_04_16/step_09_nvram_current_contract/nvram_current_contract.log:14:PRG_System.st:112:        GVL_STATE.G_Safety_Gas_Latched := GVL_PERSISTENT.P_Safety_Gas_Latched;
./repo_logs/assistant_bridge/2026_04_16/step_09_nvram_current_contract/nvram_current_contract.log:15:PRG_System.st:113:        GVL_STATE.G_Safety_Smoke_Latched := GVL_PERSISTENT.P_Safety_Smoke_Latched;
./repo_logs/assistant_bridge/2026_04_16/step_09_nvram_current_contract/nvram_current_contract.log:16:PRG_System.st:114:        GVL_STATE.G_Safety_Leak_Latched := GVL_PERSISTENT.P_Safety_Leak_Latched;
./repo_logs/assistant_bridge/2026_04_16/step_09_nvram_current_contract/nvram_current_contract.log:17:PRG_System.st:115:        GVL_STATE.G_System_Mode := GVL_PERSISTENT.P_System_Mode;
./repo_logs/assistant_bridge/2026_04_16/step_09_nvram_current_contract/nvram_current_contract.log:19:PRG_System.st:674:IF GVL_PERSISTENT.P_Safety_Gas_Latched THEN
./repo_logs/assistant_bridge/2026_04_16/step_09_nvram_current_contract/nvram_current_contract.log:20:PRG_System.st:679:IF GVL_PERSISTENT.P_Safety_Smoke_Latched THEN
./repo_logs/assistant_bridge/2026_04_16/step_09_nvram_current_contract/nvram_current_contract.log:21:PRG_System.st:684:IF GVL_PERSISTENT.P_Safety_Leak_Latched THEN
./repo_logs/assistant_bridge/2026_04_16/step_09_nvram_current_contract/nvram_current_contract.log:22:PRG_System.st:689:IF GVL_PERSISTENT.P_DHW_Heating_Active THEN
./repo_logs/assistant_bridge/2026_04_16/step_09_nvram_current_contract/nvram_current_contract.log:23:PRG_System.st:989:GVL_PERSISTENT.P_System_Mode := GVL_STATE.G_System_Mode;
./repo_logs/assistant_bridge/2026_04_16/step_09_nvram_current_contract/nvram_current_contract.log:24:PRG_System.st:991:GVL_PERSISTENT.P_Safety_Gas_Latched := GVL_STATE.G_Safety_Gas_Latched;
./repo_logs/assistant_bridge/2026_04_16/step_09_nvram_current_contract/nvram_current_contract.log:25:PRG_System.st:992:GVL_PERSISTENT.P_Safety_Smoke_Latched := GVL_STATE.G_Safety_Smoke_Latched;
./repo_logs/assistant_bridge/2026_04_16/step_09_nvram_current_contract/nvram_current_contract.log:26:PRG_System.st:993:GVL_PERSISTENT.P_Safety_Leak_Latched := GVL_STATE.G_Safety_Leak_Latched;
./repo_logs/assistant_bridge/2026_04_16/step_09_nvram_current_contract/nvram_current_contract.log:27:PRG_System.st:995:GVL_PERSISTENT.P_DHW_Heating_Active := GVL_STATE.G_DHW_Heating_Pump;
./repo_logs/assistant_bridge/2026_04_16/step_09_nvram_current_contract/nvram_current_contract.log:28:PRG_System.st:997:GVL_PERSISTENT.P_Valid := TRUE;
./repo_logs/assistant_bridge/2026_04_16/step_09_nvram_current_contract/nvram_current_contract.log:29:GVL_PERSISTENT.gvl:4:    P_System_Mode : E_System_Operating_Mode;
./repo_logs/assistant_bridge/2026_04_16/step_09_nvram_current_contract/nvram_current_contract.log:30:GVL_PERSISTENT.gvl:7:    P_Safety_Gas_Latched : BOOL;
./repo_logs/assistant_bridge/2026_04_16/step_09_nvram_current_contract/nvram_current_contract.log:31:GVL_PERSISTENT.gvl:8:    P_Safety_Smoke_Latched : BOOL;
./repo_logs/assistant_bridge/2026_04_16/step_09_nvram_current_contract/nvram_current_contract.log:32:GVL_PERSISTENT.gvl:9:    P_Safety_Leak_Latched : BOOL;
./repo_logs/assistant_bridge/2026_04_16/step_09_nvram_current_contract/nvram_current_contract.log:33:GVL_PERSISTENT.gvl:12:    P_DHW_Heating_Active : BOOL;
./repo_logs/assistant_bridge/2026_04_16/step_09_nvram_current_contract/nvram_current_contract.log:34:GVL_PERSISTENT.gvl:15:    P_Valid : BOOL;
./repo_logs/assistant_bridge/2026_04_16/step_09_nvram_current_contract/nvram_current_contract.log:98:    IF GVL_PERSISTENT.P_Valid THEN
./repo_logs/assistant_bridge/2026_04_16/step_09_nvram_current_contract/nvram_current_contract.log:99:        GVL_STATE.G_Safety_Gas_Latched := GVL_PERSISTENT.P_Safety_Gas_Latched;
./repo_logs/assistant_bridge/2026_04_16/step_09_nvram_current_contract/nvram_current_contract.log:100:        GVL_STATE.G_Safety_Smoke_Latched := GVL_PERSISTENT.P_Safety_Smoke_Latched;
./repo_logs/assistant_bridge/2026_04_16/step_09_nvram_current_contract/nvram_current_contract.log:101:        GVL_STATE.G_Safety_Leak_Latched := GVL_PERSISTENT.P_Safety_Leak_Latched;
./repo_logs/assistant_bridge/2026_04_16/step_09_nvram_current_contract/nvram_current_contract.log:102:        GVL_STATE.G_System_Mode := GVL_PERSISTENT.P_System_Mode;
./repo_logs/assistant_bridge/2026_04_16/step_09_nvram_current_contract/nvram_current_contract.log:161:GVL_PERSISTENT.P_Safety_Smoke_Latched := GVL_STATE.G_Safety_Smoke_Latched;
./repo_logs/assistant_bridge/2026_04_16/step_09_nvram_current_contract/nvram_current_contract.log:162:GVL_PERSISTENT.P_Safety_Leak_Latched := GVL_STATE.G_Safety_Leak_Latched;
./repo_logs/assistant_bridge/2026_04_16/step_09_nvram_current_contract/nvram_current_contract.log:164:GVL_PERSISTENT.P_DHW_Heating_Active := GVL_STATE.G_DHW_Heating_Pump;
./repo_logs/assistant_bridge/2026_04_16/step_09_nvram_current_contract/nvram_current_contract.log:166:GVL_PERSISTENT.P_Valid := TRUE;
./repo_logs/assistant_bridge/2026_04_18/step_194_lifetime_integration_closure/lifetime_integration_closure.log:26:pump=GVL_PERSISTENT.P_DHW_Heating_Active
./repo_logs/assistant_bridge/2026_04_18/step_172e_diag_floor_temp_symbol_repair_failure/diag_floor_temp_symbol_repair_failure.log:131:[INFORMATION]   генерировать код для GVL_PERSISTENT__3906__GVL__INIT ...
./repo_logs/assistant_bridge/2026_04_18/step_188_connect_lifetime_pump_signal_only/connect_lifetime_pump_signal_only.log:5:OK: connected lifetime pump signal to GVL_PERSISTENT.P_DHW_Heating_Active
./repo_logs/assistant_bridge/2026_04_18/step_188_connect_lifetime_pump_signal_only/connect_lifetime_pump_signal_only.log:10:1087:GVL_PERSISTENT.P_DHW_Heating_Active := L_Persist_Struct.DHW_Heating_Pump;
./repo_logs/assistant_bridge/2026_04_18/step_188_connect_lifetime_pump_signal_only/connect_lifetime_pump_signal_only.log:12:1208:    VI_Device_Active  := GVL_PERSISTENT.P_DHW_Heating_Active,
./repo_logs/assistant_bridge/2026_04_18/step_236b_fix_snapshot_layer_phase1_exact/fix_snapshot_layer_phase1_exact.log:47:    VI_Device_Active  := GVL_PERSISTENT.P_DHW_Heating_Active,
./repo_logs/assistant_bridge/2026_04_18/step_174_diag_floor_temp_usages/diag_floor_temp_usages.log:8:136:        GVL_STATE.G_Safety_Gas_Latched := GVL_PERSISTENT.P_Safety_Gas_Latched;
./repo_logs/assistant_bridge/2026_04_18/step_174_diag_floor_temp_usages/diag_floor_temp_usages.log:9:137:        GVL_STATE.G_Safety_Smoke_Latched := GVL_PERSISTENT.P_Safety_Smoke_Latched;
./repo_logs/assistant_bridge/2026_04_18/step_174_diag_floor_temp_usages/diag_floor_temp_usages.log:10:138:        GVL_STATE.G_Safety_Leak_Latched := GVL_PERSISTENT.P_Safety_Leak_Latched;
./repo_logs/assistant_bridge/2026_04_18/step_174_diag_floor_temp_usages/diag_floor_temp_usages.log:11:139:        GVL_STATE.G_System_Mode := GVL_PERSISTENT.P_System_Mode;
./repo_logs/assistant_bridge/2026_04_18/step_187_diag_runtime_signals_for_lifetime/diag_runtime_signals_for_lifetime.log:2685:PRG_System.st:1087:GVL_PERSISTENT.P_DHW_Heating_Active := L_Persist_Struct.DHW_Heating_Pump;
./repo_logs/assistant_bridge/2026_04_18/step_179_post_trend_reachable_unreachable_audit/post_trend_reachable_unreachable_audit.log:193:  -> GVL_PERSISTENT.gvl [GLOBAL_VAR_LIST]
./snapshots/project_clean_state_2026_04_16/diagnostics/2026_04_16/step_10_git_commit_failure_debug.log:156:./GVL_PERSISTENT.gvl
./snapshots/project_clean_state_2026_04_16/diagnostics/2026_04_16/step_08_flatten_unpacked_root.log:136:./GVL_PERSISTENT.gvl
./snapshots/project_clean_state_2026_04_16/diagnostics/2026_04_16/step_11_project_structure.log:133:./GVL_PERSISTENT.gvl
./snapshots/project_clean_state_2026_04_16/diagnostics/2026_04_16/step_11_project_structure.log:376:./GVL_PERSISTENT.gvl
./snapshots/project_clean_state_2026_04_16/компилятор/out/RESULT_methods_clean.xml:19102:    IF GVL_PERSISTENT.P_Valid THEN
./snapshots/project_clean_state_2026_04_16/компилятор/out/RESULT_methods_clean.xml:19103:        GVL_STATE.G_Safety_Gas_Latched := GVL_PERSISTENT.P_Safety_Gas_Latched;
./snapshots/project_clean_state_2026_04_16/компилятор/out/RESULT_methods_clean.xml:19104:        GVL_STATE.G_Safety_Smoke_Latched := GVL_PERSISTENT.P_Safety_Smoke_Latched;
./snapshots/project_clean_state_2026_04_16/компилятор/out/RESULT_methods_clean.xml:19105:        GVL_STATE.G_Safety_Leak_Latched := GVL_PERSISTENT.P_Safety_Leak_Latched;
./snapshots/project_clean_state_2026_04_16/компилятор/out/RESULT_methods_clean.xml:19106:        GVL_STATE.G_System_Mode := GVL_PERSISTENT.P_System_Mode;
./snapshots/project_clean_state_2026_04_16/компилятор/out/RESULT_methods_clean.xml:19665:IF GVL_PERSISTENT.P_Safety_Gas_Latched THEN
./snapshots/project_clean_state_2026_04_16/компилятор/out/RESULT_methods_clean.xml:19670:IF GVL_PERSISTENT.P_Safety_Smoke_Latched THEN
./snapshots/project_clean_state_2026_04_16/компилятор/out/RESULT_methods_clean.xml:19675:IF GVL_PERSISTENT.P_Safety_Leak_Latched THEN
./snapshots/project_clean_state_2026_04_16/компилятор/out/RESULT_methods_clean.xml:19680:IF GVL_PERSISTENT.P_DHW_Heating_Active THEN
./snapshots/project_clean_state_2026_04_16/компилятор/out/RESULT_methods_clean.xml:19985:GVL_PERSISTENT.P_System_Mode := GVL_STATE.G_System_Mode;
./snapshots/project_clean_state_2026_04_16/компилятор/out/RESULT_methods_clean.xml:19987:GVL_PERSISTENT.P_Safety_Gas_Latched := GVL_STATE.G_Safety_Gas_Latched;
./snapshots/project_clean_state_2026_04_16/компилятор/out/RESULT_methods_clean.xml:19988:GVL_PERSISTENT.P_Safety_Smoke_Latched := GVL_STATE.G_Safety_Smoke_Latched;
./snapshots/project_clean_state_2026_04_16/компилятор/out/RESULT_methods_clean.xml:19989:GVL_PERSISTENT.P_Safety_Leak_Latched := GVL_STATE.G_Safety_Leak_Latched;
./snapshots/project_clean_state_2026_04_16/компилятор/out/RESULT_methods_clean.xml:19991:GVL_PERSISTENT.P_DHW_Heating_Active := GVL_STATE.G_DHW_Heating_Pump;
./snapshots/project_clean_state_2026_04_16/компилятор/out/RESULT_methods_clean.xml:19993:GVL_PERSISTENT.P_Valid := TRUE;
./snapshots/project_clean_state_2026_04_16/компилятор/out/RESULT_methods_clean.xml:20086:<data name="http://www.3s-software.com/plcopenxml/globalvars" handleUnknown="implementation"><globalVars name="GVL_PERSISTENT" retain="true"><variable name="P_System_Mode"><type><derived name="E_System_Operating_Mode" /></type></variable><variable name="P_Safety_Gas_Latched"><type><BOOL /></type></variable><variable name="P_Safety_Smoke_Latched"><type><BOOL /></type></variable><variable name="P_Safety_Leak_Latched"><type><BOOL /></type></variable><variable name="P_DHW_Heating_Active"><type><BOOL /></type></variable><variable name="P_Valid"><type><BOOL /></type></variable><addData><data name="http://www.3s-software.com/plcopenxml/objectid" handleUnknown="discard"><ObjectId>a01760fc-f32a-4644-87c3-ab326656d6f4</ObjectId></data></addData></globalVars></data>
./snapshots/project_clean_state_2026_04_16/компилятор/out/RESULT_methods_clean.xml:20199:          <Object Name="GVL_PERSISTENT" ObjectId="a01760fc-f32a-4644-87c3-ab326656d6f4" />
./snapshots/project_clean_state_2026_04_16/repo_logs/nvram/nvram_REAL_latest.log:4:== GVL_PERSISTENT ==
./snapshots/project_clean_state_2026_04_16/repo_logs/nvram/nvram_REAL_latest.log:180:112:    IF GVL_PERSISTENT.P_Valid THEN
./snapshots/project_clean_state_2026_04_16/repo_logs/nvram/nvram_REAL_latest.log:181:113:        GVL_STATE.G_Safety_Gas_Latched := GVL_PERSISTENT.P_Safety_Gas_Latched;
./snapshots/project_clean_state_2026_04_16/repo_logs/nvram/nvram_REAL_latest.log:182:114:        GVL_STATE.G_Safety_Smoke_Latched := GVL_PERSISTENT.P_Safety_Smoke_Latched;
./snapshots/project_clean_state_2026_04_16/repo_logs/nvram/nvram_REAL_latest.log:183:115:        GVL_STATE.G_Safety_Leak_Latched := GVL_PERSISTENT.P_Safety_Leak_Latched;
./snapshots/project_clean_state_2026_04_16/repo_logs/nvram/nvram_REAL_latest.log:184:116:        GVL_STATE.G_System_Mode := GVL_PERSISTENT.P_System_Mode;
./snapshots/project_clean_state_2026_04_16/repo_logs/nvram/nvram_REAL_latest.log:188:675:IF GVL_PERSISTENT.P_Safety_Gas_Latched THEN
./snapshots/project_clean_state_2026_04_16/repo_logs/nvram/nvram_REAL_latest.log:189:680:IF GVL_PERSISTENT.P_Safety_Smoke_Latched THEN
./snapshots/project_clean_state_2026_04_16/repo_logs/nvram/nvram_REAL_latest.log:190:685:IF GVL_PERSISTENT.P_Safety_Leak_Latched THEN
./snapshots/project_clean_state_2026_04_16/repo_logs/nvram/nvram_REAL_latest.log:191:690:IF GVL_PERSISTENT.P_DHW_Heating_Active THEN
./snapshots/project_clean_state_2026_04_16/repo_logs/nvram/nvram_REAL_latest.log:205:995:GVL_PERSISTENT.P_System_Mode := GVL_STATE.G_System_Mode;
./snapshots/project_clean_state_2026_04_16/repo_logs/nvram/nvram_REAL_latest.log:206:997:GVL_PERSISTENT.P_Safety_Gas_Latched := GVL_STATE.G_Safety_Gas_Latched;
./snapshots/project_clean_state_2026_04_16/repo_logs/nvram/nvram_REAL_latest.log:207:998:GVL_PERSISTENT.P_Safety_Smoke_Latched := GVL_STATE.G_Safety_Smoke_Latched;
./snapshots/project_clean_state_2026_04_16/repo_logs/nvram/nvram_REAL_latest.log:208:999:GVL_PERSISTENT.P_Safety_Leak_Latched := GVL_STATE.G_Safety_Leak_Latched;
./snapshots/project_clean_state_2026_04_16/repo_logs/nvram/nvram_REAL_latest.log:209:1001:GVL_PERSISTENT.P_DHW_Heating_Active := GVL_STATE.G_DHW_Heating_Pump;
./snapshots/project_clean_state_2026_04_16/repo_logs/nvram/nvram_REAL_latest.log:210:1003:GVL_PERSISTENT.P_Valid := TRUE;
./snapshots/project_clean_state_2026_04_16/диагностика/file_access_audit.log:166:GVL_PERSISTENT.gvl	file	yes	yes	yes	0o666
./snapshots/project_clean_state_2026_04_16/docs/assistant_bridge/nvram_REAL_latest.log:4:== GVL_PERSISTENT ==
./snapshots/project_clean_state_2026_04_16/docs/assistant_bridge/nvram_REAL_latest.log:180:112:    IF GVL_PERSISTENT.P_Valid THEN
./snapshots/project_clean_state_2026_04_16/docs/assistant_bridge/nvram_REAL_latest.log:181:113:        GVL_STATE.G_Safety_Gas_Latched := GVL_PERSISTENT.P_Safety_Gas_Latched;
./snapshots/project_clean_state_2026_04_16/docs/assistant_bridge/nvram_REAL_latest.log:182:114:        GVL_STATE.G_Safety_Smoke_Latched := GVL_PERSISTENT.P_Safety_Smoke_Latched;
./snapshots/project_clean_state_2026_04_16/docs/assistant_bridge/nvram_REAL_latest.log:183:115:        GVL_STATE.G_Safety_Leak_Latched := GVL_PERSISTENT.P_Safety_Leak_Latched;
./snapshots/project_clean_state_2026_04_16/docs/assistant_bridge/nvram_REAL_latest.log:184:116:        GVL_STATE.G_System_Mode := GVL_PERSISTENT.P_System_Mode;
./snapshots/project_clean_state_2026_04_16/docs/assistant_bridge/nvram_REAL_latest.log:188:675:IF GVL_PERSISTENT.P_Safety_Gas_Latched THEN
./snapshots/project_clean_state_2026_04_16/docs/assistant_bridge/nvram_REAL_latest.log:189:680:IF GVL_PERSISTENT.P_Safety_Smoke_Latched THEN
./snapshots/project_clean_state_2026_04_16/docs/assistant_bridge/nvram_REAL_latest.log:190:685:IF GVL_PERSISTENT.P_Safety_Leak_Latched THEN
./snapshots/project_clean_state_2026_04_16/docs/assistant_bridge/nvram_REAL_latest.log:191:690:IF GVL_PERSISTENT.P_DHW_Heating_Active THEN
./snapshots/project_clean_state_2026_04_16/docs/assistant_bridge/nvram_REAL_latest.log:205:995:GVL_PERSISTENT.P_System_Mode := GVL_STATE.G_System_Mode;
./snapshots/project_clean_state_2026_04_16/docs/assistant_bridge/nvram_REAL_latest.log:206:997:GVL_PERSISTENT.P_Safety_Gas_Latched := GVL_STATE.G_Safety_Gas_Latched;
./snapshots/project_clean_state_2026_04_16/docs/assistant_bridge/nvram_REAL_latest.log:207:998:GVL_PERSISTENT.P_Safety_Smoke_Latched := GVL_STATE.G_Safety_Smoke_Latched;
./snapshots/project_clean_state_2026_04_16/docs/assistant_bridge/nvram_REAL_latest.log:208:999:GVL_PERSISTENT.P_Safety_Leak_Latched := GVL_STATE.G_Safety_Leak_Latched;
./snapshots/project_clean_state_2026_04_16/docs/assistant_bridge/nvram_REAL_latest.log:209:1001:GVL_PERSISTENT.P_DHW_Heating_Active := GVL_STATE.G_DHW_Heating_Pump;
./snapshots/project_clean_state_2026_04_16/docs/assistant_bridge/nvram_REAL_latest.log:210:1003:GVL_PERSISTENT.P_Valid := TRUE;
./snapshots/project_clean_state_2026_04_16/PRG_System.st:112:    IF GVL_PERSISTENT.P_Valid THEN
./snapshots/project_clean_state_2026_04_16/PRG_System.st:113:        GVL_STATE.G_Safety_Gas_Latched := GVL_PERSISTENT.P_Safety_Gas_Latched;
./snapshots/project_clean_state_2026_04_16/PRG_System.st:114:        GVL_STATE.G_Safety_Smoke_Latched := GVL_PERSISTENT.P_Safety_Smoke_Latched;
./snapshots/project_clean_state_2026_04_16/PRG_System.st:115:        GVL_STATE.G_Safety_Leak_Latched := GVL_PERSISTENT.P_Safety_Leak_Latched;
./snapshots/project_clean_state_2026_04_16/PRG_System.st:116:        GVL_STATE.G_System_Mode := GVL_PERSISTENT.P_System_Mode;
./snapshots/project_clean_state_2026_04_16/PRG_System.st:675:IF GVL_PERSISTENT.P_Safety_Gas_Latched THEN
./snapshots/project_clean_state_2026_04_16/PRG_System.st:680:IF GVL_PERSISTENT.P_Safety_Smoke_Latched THEN
./snapshots/project_clean_state_2026_04_16/PRG_System.st:685:IF GVL_PERSISTENT.P_Safety_Leak_Latched THEN
./snapshots/project_clean_state_2026_04_16/PRG_System.st:690:IF GVL_PERSISTENT.P_DHW_Heating_Active THEN
./snapshots/project_clean_state_2026_04_16/PRG_System.st:995:GVL_PERSISTENT.P_System_Mode := GVL_STATE.G_System_Mode;
./snapshots/project_clean_state_2026_04_16/PRG_System.st:997:GVL_PERSISTENT.P_Safety_Gas_Latched := GVL_STATE.G_Safety_Gas_Latched;
./snapshots/project_clean_state_2026_04_16/PRG_System.st:998:GVL_PERSISTENT.P_Safety_Smoke_Latched := GVL_STATE.G_Safety_Smoke_Latched;
./snapshots/project_clean_state_2026_04_16/PRG_System.st:999:GVL_PERSISTENT.P_Safety_Leak_Latched := GVL_STATE.G_Safety_Leak_Latched;
./snapshots/project_clean_state_2026_04_16/PRG_System.st:1001:GVL_PERSISTENT.P_DHW_Heating_Active := GVL_STATE.G_DHW_Heating_Pump;
./snapshots/project_clean_state_2026_04_16/PRG_System.st:1003:GVL_PERSISTENT.P_Valid := TRUE;
./snapshots/clean_build_2026_04_16/компилятор/out/RESULT_methods_clean.xml:19102:    IF GVL_PERSISTENT.P_Valid THEN
./snapshots/clean_build_2026_04_16/компилятор/out/RESULT_methods_clean.xml:19103:        GVL_STATE.G_Safety_Gas_Latched := GVL_PERSISTENT.P_Safety_Gas_Latched;
./snapshots/clean_build_2026_04_16/компилятор/out/RESULT_methods_clean.xml:19104:        GVL_STATE.G_Safety_Smoke_Latched := GVL_PERSISTENT.P_Safety_Smoke_Latched;
./snapshots/clean_build_2026_04_16/компилятор/out/RESULT_methods_clean.xml:19105:        GVL_STATE.G_Safety_Leak_Latched := GVL_PERSISTENT.P_Safety_Leak_Latched;
./snapshots/clean_build_2026_04_16/компилятор/out/RESULT_methods_clean.xml:19106:        GVL_STATE.G_System_Mode := GVL_PERSISTENT.P_System_Mode;
./snapshots/clean_build_2026_04_16/компилятор/out/RESULT_methods_clean.xml:19665:IF GVL_PERSISTENT.P_Safety_Gas_Latched THEN
./snapshots/clean_build_2026_04_16/компилятор/out/RESULT_methods_clean.xml:19670:IF GVL_PERSISTENT.P_Safety_Smoke_Latched THEN
./snapshots/clean_build_2026_04_16/компилятор/out/RESULT_methods_clean.xml:19675:IF GVL_PERSISTENT.P_Safety_Leak_Latched THEN
./snapshots/clean_build_2026_04_16/компилятор/out/RESULT_methods_clean.xml:19680:IF GVL_PERSISTENT.P_DHW_Heating_Active THEN
./snapshots/clean_build_2026_04_16/компилятор/out/RESULT_methods_clean.xml:19985:GVL_PERSISTENT.P_System_Mode := GVL_STATE.G_System_Mode;
./snapshots/clean_build_2026_04_16/компилятор/out/RESULT_methods_clean.xml:19987:GVL_PERSISTENT.P_Safety_Gas_Latched := GVL_STATE.G_Safety_Gas_Latched;
./snapshots/clean_build_2026_04_16/компилятор/out/RESULT_methods_clean.xml:19988:GVL_PERSISTENT.P_Safety_Smoke_Latched := GVL_STATE.G_Safety_Smoke_Latched;
./snapshots/clean_build_2026_04_16/компилятор/out/RESULT_methods_clean.xml:19989:GVL_PERSISTENT.P_Safety_Leak_Latched := GVL_STATE.G_Safety_Leak_Latched;
./snapshots/clean_build_2026_04_16/компилятор/out/RESULT_methods_clean.xml:19991:GVL_PERSISTENT.P_DHW_Heating_Active := GVL_STATE.G_DHW_Heating_Pump;
./snapshots/clean_build_2026_04_16/компилятор/out/RESULT_methods_clean.xml:19993:GVL_PERSISTENT.P_Valid := TRUE;
./snapshots/clean_build_2026_04_16/компилятор/out/RESULT_methods_clean.xml:20086:<data name="http://www.3s-software.com/plcopenxml/globalvars" handleUnknown="implementation"><globalVars name="GVL_PERSISTENT" retain="true"><variable name="P_System_Mode"><type><derived name="E_System_Operating_Mode" /></type></variable><variable name="P_Safety_Gas_Latched"><type><BOOL /></type></variable><variable name="P_Safety_Smoke_Latched"><type><BOOL /></type></variable><variable name="P_Safety_Leak_Latched"><type><BOOL /></type></variable><variable name="P_DHW_Heating_Active"><type><BOOL /></type></variable><variable name="P_Valid"><type><BOOL /></type></variable><addData><data name="http://www.3s-software.com/plcopenxml/objectid" handleUnknown="discard"><ObjectId>a01760fc-f32a-4644-87c3-ab326656d6f4</ObjectId></data></addData></globalVars></data>
./snapshots/clean_build_2026_04_16/компилятор/out/RESULT_methods_clean.xml:20199:          <Object Name="GVL_PERSISTENT" ObjectId="a01760fc-f32a-4644-87c3-ab326656d6f4" />
./диагностика/file_access_audit.log:166:GVL_PERSISTENT.gvl	file	yes	yes	yes	0o666
./диагностика/persist_usage.log:457:./PRG_System.st.bak_step240:166:        GVL_STATE.G_Safety_Gas_Latched := GVL_PERSISTENT.P_Safety_Gas_Latched;
./диагностика/persist_usage.log:458:./PRG_System.st.bak_step240:167:        GVL_STATE.G_Safety_Smoke_Latched := GVL_PERSISTENT.P_Safety_Smoke_Latched;
./диагностика/persist_usage.log:459:./PRG_System.st.bak_step240:168:        GVL_STATE.G_Safety_Leak_Latched := GVL_PERSISTENT.P_Safety_Leak_Latched;
./диагностика/persist_usage.log:460:./PRG_System.st.bak_step240:1108:GVL_PERSISTENT.P_Safety_Gas_Latched := L_Persist_Struct.Safety_Gas_Latched;
./диагностика/persist_usage.log:461:./PRG_System.st.bak_step240:1109:GVL_PERSISTENT.P_Safety_Smoke_Latched := L_Persist_Struct.Safety_Smoke_Latched;
./диагностика/persist_usage.log:462:./PRG_System.st.bak_step240:1110:GVL_PERSISTENT.P_Safety_Leak_Latched := L_Persist_Struct.Safety_Leak_Latched;
./диагностика/persist_usage.log:463:./steps/2026-04-16_add_persist_struct_adapter_fixed/01_add_persist_struct_adapter_fixed.py:17:GVL_PERSISTENT.P_Safety_Gas_Latched := GVL_STATE.G_Safety_Gas_Latched;
./диагностика/persist_usage.log:464:./steps/2026-04-16_add_persist_struct_adapter_fixed/01_add_persist_struct_adapter_fixed.py:18:GVL_PERSISTENT.P_Safety_Smoke_Latched := GVL_STATE.G_Safety_Smoke_Latched;
./диагностика/persist_usage.log:465:./steps/2026-04-16_add_persist_struct_adapter_fixed/01_add_persist_struct_adapter_fixed.py:19:GVL_PERSISTENT.P_Safety_Leak_Latched := GVL_STATE.G_Safety_Leak_Latched;
./диагностика/persist_usage.log:466:./steps/2026-04-16_add_persist_struct_adapter_fixed/01_add_persist_struct_adapter_fixed.py:39:GVL_PERSISTENT.P_Safety_Gas_Latched := L_Persist_Struct.Safety_Gas_Latched;
./диагностика/persist_usage.log:467:./steps/2026-04-16_add_persist_struct_adapter_fixed/01_add_persist_struct_adapter_fixed.py:40:GVL_PERSISTENT.P_Safety_Smoke_Latched := L_Persist_Struct.Safety_Smoke_Latched;
./диагностика/persist_usage.log:468:./steps/2026-04-16_add_persist_struct_adapter_fixed/01_add_persist_struct_adapter_fixed.py:41:GVL_PERSISTENT.P_Safety_Leak_Latched := L_Persist_Struct.Safety_Leak_Latched;
./диагностика/persist_usage.log:469:./steps/2026-04-16_add_persist_struct_adapter/01_add_persist_struct_adapter.py:17:GVL_PERSISTENT.P_Safety_Gas_Latched := GVL_STATE.G_Safety_Gas_Latched;
./диагностика/persist_usage.log:470:./steps/2026-04-16_add_persist_struct_adapter/01_add_persist_struct_adapter.py:18:GVL_PERSISTENT.P_Safety_Smoke_Latched := GVL_STATE.G_Safety_Smoke_Latched;
./диагностика/persist_usage.log:471:./steps/2026-04-16_add_persist_struct_adapter/01_add_persist_struct_adapter.py:19:GVL_PERSISTENT.P_Safety_Leak_Latched := GVL_STATE.G_Safety_Leak_Latched;
./диагностика/persist_usage.log:472:./steps/2026-04-16_add_persist_struct_adapter/01_add_persist_struct_adapter.py:38:GVL_PERSISTENT.P_Safety_Gas_Latched := L_Persist_Struct.Safety_Gas_Latched;
./диагностика/persist_usage.log:473:./steps/2026-04-16_add_persist_struct_adapter/01_add_persist_struct_adapter.py:39:GVL_PERSISTENT.P_Safety_Smoke_Latched := L_Persist_Struct.Safety_Smoke_Latched;
./диагностика/persist_usage.log:474:./steps/2026-04-16_add_persist_struct_adapter/01_add_persist_struct_adapter.py:40:GVL_PERSISTENT.P_Safety_Leak_Latched := L_Persist_Struct.Safety_Leak_Latched;
./диагностика/persist_usage.log:475:./steps/2026-04-16_pack_nvram_buffer_from_struct_adapter/01_pack_nvram_buffer_from_struct_adapter.py:10:    "IF GVL_PERSISTENT.P_Safety_Gas_Latched THEN":
./диагностика/persist_usage.log:476:./steps/2026-04-16_pack_nvram_buffer_from_struct_adapter/01_pack_nvram_buffer_from_struct_adapter.py:13:    "IF GVL_PERSISTENT.P_Safety_Smoke_Latched THEN":
./диагностика/persist_usage.log:477:./steps/2026-04-16_pack_nvram_buffer_from_struct_adapter/01_pack_nvram_buffer_from_struct_adapter.py:16:    "IF GVL_PERSISTENT.P_Safety_Leak_Latched THEN":
./диагностика/persist_usage.log:481:./компилятор/out/RESULT_methods_clean.xml:18360:        GVL_STATE.G_Safety_Gas_Latched := GVL_PERSISTENT.P_Safety_Gas_Latched;
./диагностика/persist_usage.log:482:./компилятор/out/RESULT_methods_clean.xml:18361:        GVL_STATE.G_Safety_Smoke_Latched := GVL_PERSISTENT.P_Safety_Smoke_Latched;
./диагностика/persist_usage.log:483:./компилятор/out/RESULT_methods_clean.xml:18362:        GVL_STATE.G_Safety_Leak_Latched := GVL_PERSISTENT.P_Safety_Leak_Latched;
./диагностика/persist_usage.log:484:./компилятор/out/RESULT_methods_clean.xml:19302:GVL_PERSISTENT.P_Safety_Gas_Latched := L_Persist_Struct.Safety_Gas_Latched;
./диагностика/persist_usage.log:485:./компилятор/out/RESULT_methods_clean.xml:19303:GVL_PERSISTENT.P_Safety_Smoke_Latched := L_Persist_Struct.Safety_Smoke_Latched;
./диагностика/persist_usage.log:486:./компилятор/out/RESULT_methods_clean.xml:19304:GVL_PERSISTENT.P_Safety_Leak_Latched := L_Persist_Struct.Safety_Leak_Latched;
./диагностика/persist_usage.log:487:./компилятор/out/RESULT_methods_clean.xml:20831:<data name="http://www.3s-software.com/plcopenxml/globalvars" handleUnknown="implementation"><globalVars name="GVL_PERSISTENT" retain="true"><variable name="P_System_Mode"><type><derived name="E_System_Operating_Mode" /></type></variable><variable name="P_Safety_Gas_Latched"><type><BOOL /></type></variable><variable name="P_Safety_Smoke_Latched"><type><BOOL /></type></variable><variable name="P_Safety_Leak_Latched"><type><BOOL /></type></variable><variable name="P_DHW_Heating_Active"><type><BOOL /></type></variable><variable name="P_Valid"><type><BOOL /></type></variable><addData><data name="http://www.3s-software.com/plcopenxml/objectid" handleUnknown="discard"><ObjectId>7b214a17-f321-40a2-914e-01bb84cca44e</ObjectId></data></addData></globalVars></data>
./диагностика/persist_usage.log:491:./repo_logs/nvram/nvram_REAL_latest.log:181:113:        GVL_STATE.G_Safety_Gas_Latched := GVL_PERSISTENT.P_Safety_Gas_Latched;
./диагностика/persist_usage.log:492:./repo_logs/nvram/nvram_REAL_latest.log:182:114:        GVL_STATE.G_Safety_Smoke_Latched := GVL_PERSISTENT.P_Safety_Smoke_Latched;
./диагностика/persist_usage.log:493:./repo_logs/nvram/nvram_REAL_latest.log:183:115:        GVL_STATE.G_Safety_Leak_Latched := GVL_PERSISTENT.P_Safety_Leak_Latched;
./диагностика/persist_usage.log:494:./repo_logs/nvram/nvram_REAL_latest.log:188:675:IF GVL_PERSISTENT.P_Safety_Gas_Latched THEN
./диагностика/persist_usage.log:495:./repo_logs/nvram/nvram_REAL_latest.log:189:680:IF GVL_PERSISTENT.P_Safety_Smoke_Latched THEN
./диагностика/persist_usage.log:496:./repo_logs/nvram/nvram_REAL_latest.log:190:685:IF GVL_PERSISTENT.P_Safety_Leak_Latched THEN
./диагностика/persist_usage.log:497:./repo_logs/nvram/nvram_REAL_latest.log:206:997:GVL_PERSISTENT.P_Safety_Gas_Latched := GVL_STATE.G_Safety_Gas_Latched;
./диагностика/persist_usage.log:498:./repo_logs/nvram/nvram_REAL_latest.log:207:998:GVL_PERSISTENT.P_Safety_Smoke_Latched := GVL_STATE.G_Safety_Smoke_Latched;
./диагностика/persist_usage.log:499:./repo_logs/nvram/nvram_REAL_latest.log:208:999:GVL_PERSISTENT.P_Safety_Leak_Latched := GVL_STATE.G_Safety_Leak_Latched;
./диагностика/persist_usage.log:500:./repo_logs/nvram/2026_04_16/step_19_persist_write_precheck.log:116:        GVL_STATE.G_Safety_Gas_Latched := GVL_PERSISTENT.P_Safety_Gas_Latched;
./диагностика/persist_usage.log:501:./repo_logs/nvram/2026_04_16/step_19_persist_write_precheck.log:117:        GVL_STATE.G_Safety_Smoke_Latched := GVL_PERSISTENT.P_Safety_Smoke_Latched;
./диагностика/persist_usage.log:502:./repo_logs/nvram/2026_04_16/step_19_persist_write_precheck.log:118:        GVL_STATE.G_Safety_Leak_Latched := GVL_PERSISTENT.P_Safety_Leak_Latched;
./диагностика/persist_usage.log:506:./repo_logs/nvram/2026_04_16/step_19_persist_write_precheck.log:242:./docs/assistant_bridge/nvram_REAL_latest.log:181:113:        GVL_STATE.G_Safety_Gas_Latched := GVL_PERSISTENT.P_Safety_Gas_Latched;
./диагностика/persist_usage.log:507:./repo_logs/nvram/2026_04_16/step_19_persist_write_precheck.log:243:./docs/assistant_bridge/nvram_REAL_latest.log:182:114:        GVL_STATE.G_Safety_Smoke_Latched := GVL_PERSISTENT.P_Safety_Smoke_Latched;
./диагностика/persist_usage.log:508:./repo_logs/nvram/2026_04_16/step_19_persist_write_precheck.log:244:./docs/assistant_bridge/nvram_REAL_latest.log:183:115:        GVL_STATE.G_Safety_Leak_Latched := GVL_PERSISTENT.P_Safety_Leak_Latched;
./диагностика/persist_usage.log:509:./repo_logs/nvram/2026_04_16/step_19_persist_write_precheck.log:246:./docs/assistant_bridge/nvram_REAL_latest.log:188:675:IF GVL_PERSISTENT.P_Safety_Gas_Latched THEN
./диагностика/persist_usage.log:510:./repo_logs/nvram/2026_04_16/step_19_persist_write_precheck.log:247:./docs/assistant_bridge/nvram_REAL_latest.log:189:680:IF GVL_PERSISTENT.P_Safety_Smoke_Latched THEN
./диагностика/persist_usage.log:511:./repo_logs/nvram/2026_04_16/step_19_persist_write_precheck.log:248:./docs/assistant_bridge/nvram_REAL_latest.log:190:685:IF GVL_PERSISTENT.P_Safety_Leak_Latched THEN
./диагностика/persist_usage.log:512:./repo_logs/nvram/2026_04_16/step_19_persist_write_precheck.log:251:./docs/assistant_bridge/nvram_REAL_latest.log:206:997:GVL_PERSISTENT.P_Safety_Gas_Latched := GVL_STATE.G_Safety_Gas_Latched;
./диагностика/persist_usage.log:513:./repo_logs/nvram/2026_04_16/step_19_persist_write_precheck.log:252:./docs/assistant_bridge/nvram_REAL_latest.log:207:998:GVL_PERSISTENT.P_Safety_Smoke_Latched := GVL_STATE.G_Safety_Smoke_Latched;
./диагностика/persist_usage.log:514:./repo_logs/nvram/2026_04_16/step_19_persist_write_precheck.log:253:./docs/assistant_bridge/nvram_REAL_latest.log:208:999:GVL_PERSISTENT.P_Safety_Leak_Latched := GVL_STATE.G_Safety_Leak_Latched;
./диагностика/persist_usage.log:515:./repo_logs/nvram/2026_04_16/step_19_persist_write_precheck.log:257:./PRG_System.st:113:        GVL_STATE.G_Safety_Gas_Latched := GVL_PERSISTENT.P_Safety_Gas_Latched;
./диагностика/persist_usage.log:516:./repo_logs/nvram/2026_04_16/step_19_persist_write_precheck.log:258:./PRG_System.st:114:        GVL_STATE.G_Safety_Smoke_Latched := GVL_PERSISTENT.P_Safety_Smoke_Latched;
./диагностика/persist_usage.log:517:./repo_logs/nvram/2026_04_16/step_19_persist_write_precheck.log:259:./PRG_System.st:115:        GVL_STATE.G_Safety_Leak_Latched := GVL_PERSISTENT.P_Safety_Leak_Latched;
./диагностика/persist_usage.log:518:./repo_logs/nvram/2026_04_16/step_19_persist_write_precheck.log:261:./PRG_System.st:675:IF GVL_PERSISTENT.P_Safety_Gas_Latched THEN
./диагностика/persist_usage.log:519:./repo_logs/nvram/2026_04_16/step_19_persist_write_precheck.log:262:./PRG_System.st:680:IF GVL_PERSISTENT.P_Safety_Smoke_Latched THEN
./диагностика/persist_usage.log:520:./repo_logs/nvram/2026_04_16/step_19_persist_write_precheck.log:263:./PRG_System.st:685:IF GVL_PERSISTENT.P_Safety_Leak_Latched THEN
./диагностика/persist_usage.log:521:./repo_logs/nvram/2026_04_16/step_19_persist_write_precheck.log:266:./PRG_System.st:997:GVL_PERSISTENT.P_Safety_Gas_Latched := GVL_STATE.G_Safety_Gas_Latched;
./диагностика/persist_usage.log:522:./repo_logs/nvram/2026_04_16/step_19_persist_write_precheck.log:267:./PRG_System.st:998:GVL_PERSISTENT.P_Safety_Smoke_Latched := GVL_STATE.G_Safety_Smoke_Latched;
./диагностика/persist_usage.log:523:./repo_logs/nvram/2026_04_16/step_19_persist_write_precheck.log:268:./PRG_System.st:999:GVL_PERSISTENT.P_Safety_Leak_Latched := GVL_STATE.G_Safety_Leak_Latched;
./диагностика/persist_usage.log:524:./repo_logs/nvram/2026_04_16/step_17_startup_entry.log:2411:        GVL_STATE.G_Safety_Gas_Latched := GVL_PERSISTENT.P_Safety_Gas_Latched;
./диагностика/persist_usage.log:525:./repo_logs/nvram/2026_04_16/step_17_startup_entry.log:2412:        GVL_STATE.G_Safety_Smoke_Latched := GVL_PERSISTENT.P_Safety_Smoke_Latched;
./диагностика/persist_usage.log:526:./repo_logs/nvram/2026_04_16/step_17_startup_entry.log:2413:        GVL_STATE.G_Safety_Leak_Latched := GVL_PERSISTENT.P_Safety_Leak_Latched;
./диагностика/persist_usage.log:527:./repo_logs/nvram/2026_04_16/step_16_nvram_runtime_flow.log:814:        GVL_STATE.G_Safety_Gas_Latched := GVL_PERSISTENT.P_Safety_Gas_Latched;
./диагностика/persist_usage.log:528:./repo_logs/nvram/2026_04_16/step_16_nvram_runtime_flow.log:815:        GVL_STATE.G_Safety_Smoke_Latched := GVL_PERSISTENT.P_Safety_Smoke_Latched;
./диагностика/persist_usage.log:529:./repo_logs/nvram/2026_04_16/step_16_nvram_runtime_flow.log:816:        GVL_STATE.G_Safety_Leak_Latched := GVL_PERSISTENT.P_Safety_Leak_Latched;
./диагностика/persist_usage.log:530:./repo_logs/assistant_bridge/2026_04_19/step_269b_snapshot_real_audit/snapshot_real_audit.log:10250:./repo_logs/assistant_bridge/2026_04_16/step_05_persistence_path_reconciliation/persistence_path_reconciliation.log:486:./snapshots/project_clean_state_2026_04_16/компилятор/out/RESULT_methods_clean.xml:19103:        GVL_STATE.G_Safety_Gas_Latched := GVL_PERSISTENT.P_Safety_Gas_Latched;
./диагностика/persist_usage.log:531:./repo_logs/assistant_bridge/2026_04_19/step_269b_snapshot_real_audit/snapshot_real_audit.log:10251:./repo_logs/assistant_bridge/2026_04_16/step_05_persistence_path_reconciliation/persistence_path_reconciliation.log:487:./snapshots/project_clean_state_2026_04_16/компилятор/out/RESULT_methods_clean.xml:19104:        GVL_STATE.G_Safety_Smoke_Latched := GVL_PERSISTENT.P_Safety_Smoke_Latched;
./диагностика/persist_usage.log:532:./repo_logs/assistant_bridge/2026_04_19/step_269b_snapshot_real_audit/snapshot_real_audit.log:10252:./repo_logs/assistant_bridge/2026_04_16/step_05_persistence_path_reconciliation/persistence_path_reconciliation.log:488:./snapshots/project_clean_state_2026_04_16/компилятор/out/RESULT_methods_clean.xml:19105:        GVL_STATE.G_Safety_Leak_Latched := GVL_PERSISTENT.P_Safety_Leak_Latched;
./диагностика/persist_usage.log:533:./repo_logs/assistant_bridge/2026_04_19/step_269b_snapshot_real_audit/snapshot_real_audit.log:10255:./repo_logs/assistant_bridge/2026_04_16/step_05_persistence_path_reconciliation/persistence_path_reconciliation.log:491:./snapshots/project_clean_state_2026_04_16/компилятор/out/RESULT_methods_clean.xml:19665:IF GVL_PERSISTENT.P_Safety_Gas_Latched THEN
./диагностика/persist_usage.log:534:./repo_logs/assistant_bridge/2026_04_19/step_269b_snapshot_real_audit/snapshot_real_audit.log:10256:./repo_logs/assistant_bridge/2026_04_16/step_05_persistence_path_reconciliation/persistence_path_reconciliation.log:492:./snapshots/project_clean_state_2026_04_16/компилятор/out/RESULT_methods_clean.xml:19670:IF GVL_PERSISTENT.P_Safety_Smoke_Latched THEN
./диагностика/persist_usage.log:535:./repo_logs/assistant_bridge/2026_04_19/step_269b_snapshot_real_audit/snapshot_real_audit.log:10257:./repo_logs/assistant_bridge/2026_04_16/step_05_persistence_path_reconciliation/persistence_path_reconciliation.log:493:./snapshots/project_clean_state_2026_04_16/компилятор/out/RESULT_methods_clean.xml:19675:IF GVL_PERSISTENT.P_Safety_Leak_Latched THEN
./диагностика/persist_usage.log:536:./repo_logs/assistant_bridge/2026_04_19/step_269b_snapshot_real_audit/snapshot_real_audit.log:10260:./repo_logs/assistant_bridge/2026_04_16/step_05_persistence_path_reconciliation/persistence_path_reconciliation.log:496:./snapshots/project_clean_state_2026_04_16/компилятор/out/RESULT_methods_clean.xml:19987:GVL_PERSISTENT.P_Safety_Gas_Latched := GVL_STATE.G_Safety_Gas_Latched;
./диагностика/persist_usage.log:537:./repo_logs/assistant_bridge/2026_04_19/step_269b_snapshot_real_audit/snapshot_real_audit.log:10261:./repo_logs/assistant_bridge/2026_04_16/step_05_persistence_path_reconciliation/persistence_path_reconciliation.log:497:./snapshots/project_clean_state_2026_04_16/компилятор/out/RESULT_methods_clean.xml:19988:GVL_PERSISTENT.P_Safety_Smoke_Latched := GVL_STATE.G_Safety_Smoke_Latched;
./диагностика/persist_usage.log:538:./repo_logs/assistant_bridge/2026_04_19/step_269b_snapshot_real_audit/snapshot_real_audit.log:10262:./repo_logs/assistant_bridge/2026_04_16/step_05_persistence_path_reconciliation/persistence_path_reconciliation.log:498:./snapshots/project_clean_state_2026_04_16/компилятор/out/RESULT_methods_clean.xml:19989:GVL_PERSISTENT.P_Safety_Leak_Latched := GVL_STATE.G_Safety_Leak_Latched;
./диагностика/persist_usage.log:539:./repo_logs/assistant_bridge/2026_04_19/step_269b_snapshot_real_audit/snapshot_real_audit.log:10265:./repo_logs/assistant_bridge/2026_04_16/step_05_persistence_path_reconciliation/persistence_path_reconciliation.log:501:./snapshots/project_clean_state_2026_04_16/компилятор/out/RESULT_methods_clean.xml:20086:<data name="http://www.3s-software.com/plcopenxml/globalvars" handleUnknown="implementation"><globalVars name="GVL_PERSISTENT" retain="true"><variable name="P_System_Mode"><type><derived name="E_System_Operating_Mode" /></type></variable><variable name="P_Safety_Gas_Latched"><type><BOOL /></type></variable><variable name="P_Safety_Smoke_Latched"><type><BOOL /></type></variable><variable name="P_Safety_Leak_Latched"><type><BOOL /></type></variable><variable name="P_DHW_Heating_Active"><type><BOOL /></type></variable><variable name="P_Valid"><type><BOOL /></type></variable><addData><data name="http://www.3s-software.com/plcopenxml/objectid" handleUnknown="discard"><ObjectId>a01760fc-f32a-4644-87c3-ab326656d6f4</ObjectId></data></addData></globalVars></data>
./диагностика/persist_usage.log:543:./repo_logs/assistant_bridge/2026_04_19/step_269b_snapshot_real_audit/snapshot_real_audit.log:10273:./repo_logs/assistant_bridge/2026_04_16/step_05_persistence_path_reconciliation/persistence_path_reconciliation.log:509:./snapshots/project_clean_state_2026_04_16/repo_logs/nvram/nvram_REAL_latest.log:181:113:        GVL_STATE.G_Safety_Gas_Latched := GVL_PERSISTENT.P_Safety_Gas_Latched;
./диагностика/persist_usage.log:544:./repo_logs/assistant_bridge/2026_04_19/step_269b_snapshot_real_audit/snapshot_real_audit.log:10274:./repo_logs/assistant_bridge/2026_04_16/step_05_persistence_path_reconciliation/persistence_path_reconciliation.log:510:./snapshots/project_clean_state_2026_04_16/repo_logs/nvram/nvram_REAL_latest.log:182:114:        GVL_STATE.G_Safety_Smoke_Latched := GVL_PERSISTENT.P_Safety_Smoke_Latched;
./диагностика/persist_usage.log:545:./repo_logs/assistant_bridge/2026_04_19/step_269b_snapshot_real_audit/snapshot_real_audit.log:10275:./repo_logs/assistant_bridge/2026_04_16/step_05_persistence_path_reconciliation/persistence_path_reconciliation.log:511:./snapshots/project_clean_state_2026_04_16/repo_logs/nvram/nvram_REAL_latest.log:183:115:        GVL_STATE.G_Safety_Leak_Latched := GVL_PERSISTENT.P_Safety_Leak_Latched;
./диагностика/persist_usage.log:546:./repo_logs/assistant_bridge/2026_04_19/step_269b_snapshot_real_audit/snapshot_real_audit.log:10277:./repo_logs/assistant_bridge/2026_04_16/step_05_persistence_path_reconciliation/persistence_path_reconciliation.log:513:./snapshots/project_clean_state_2026_04_16/repo_logs/nvram/nvram_REAL_latest.log:188:675:IF GVL_PERSISTENT.P_Safety_Gas_Latched THEN
./диагностика/persist_usage.log:547:./repo_logs/assistant_bridge/2026_04_19/step_269b_snapshot_real_audit/snapshot_real_audit.log:10278:./repo_logs/assistant_bridge/2026_04_16/step_05_persistence_path_reconciliation/persistence_path_reconciliation.log:514:./snapshots/project_clean_state_2026_04_16/repo_logs/nvram/nvram_REAL_latest.log:189:680:IF GVL_PERSISTENT.P_Safety_Smoke_Latched THEN
./диагностика/persist_usage.log:548:./repo_logs/assistant_bridge/2026_04_19/step_269b_snapshot_real_audit/snapshot_real_audit.log:10279:./repo_logs/assistant_bridge/2026_04_16/step_05_persistence_path_reconciliation/persistence_path_reconciliation.log:515:./snapshots/project_clean_state_2026_04_16/repo_logs/nvram/nvram_REAL_latest.log:190:685:IF GVL_PERSISTENT.P_Safety_Leak_Latched THEN
./диагностика/persist_usage.log:549:./repo_logs/assistant_bridge/2026_04_19/step_269b_snapshot_real_audit/snapshot_real_audit.log:10282:./repo_logs/assistant_bridge/2026_04_16/step_05_persistence_path_reconciliation/persistence_path_reconciliation.log:518:./snapshots/project_clean_state_2026_04_16/repo_logs/nvram/nvram_REAL_latest.log:206:997:GVL_PERSISTENT.P_Safety_Gas_Latched := GVL_STATE.G_Safety_Gas_Latched;
./диагностика/persist_usage.log:550:./repo_logs/assistant_bridge/2026_04_19/step_269b_snapshot_real_audit/snapshot_real_audit.log:10283:./repo_logs/assistant_bridge/2026_04_16/step_05_persistence_path_reconciliation/persistence_path_reconciliation.log:519:./snapshots/project_clean_state_2026_04_16/repo_logs/nvram/nvram_REAL_latest.log:207:998:GVL_PERSISTENT.P_Safety_Smoke_Latched := GVL_STATE.G_Safety_Smoke_Latched;
./диагностика/persist_usage.log:551:./repo_logs/assistant_bridge/2026_04_19/step_269b_snapshot_real_audit/snapshot_real_audit.log:10284:./repo_logs/assistant_bridge/2026_04_16/step_05_persistence_path_reconciliation/persistence_path_reconciliation.log:520:./snapshots/project_clean_state_2026_04_16/repo_logs/nvram/nvram_REAL_latest.log:208:999:GVL_PERSISTENT.P_Safety_Leak_Latched := GVL_STATE.G_Safety_Leak_Latched;
./диагностика/persist_usage.log:552:./repo_logs/assistant_bridge/2026_04_19/step_269b_snapshot_real_audit/snapshot_real_audit.log:10288:./repo_logs/assistant_bridge/2026_04_16/step_05_persistence_path_reconciliation/persistence_path_reconciliation.log:524:./snapshots/project_clean_state_2026_04_16/GVL_PERSISTENT.gvl:7:    P_Safety_Gas_Latched : BOOL;
./диагностика/persist_usage.log:553:./repo_logs/assistant_bridge/2026_04_19/step_269b_snapshot_real_audit/snapshot_real_audit.log:10289:./repo_logs/assistant_bridge/2026_04_16/step_05_persistence_path_reconciliation/persistence_path_reconciliation.log:525:./snapshots/project_clean_state_2026_04_16/GVL_PERSISTENT.gvl:8:    P_Safety_Smoke_Latched : BOOL;
./диагностика/persist_usage.log:554:./repo_logs/assistant_bridge/2026_04_19/step_269b_snapshot_real_audit/snapshot_real_audit.log:10290:./repo_logs/assistant_bridge/2026_04_16/step_05_persistence_path_reconciliation/persistence_path_reconciliation.log:526:./snapshots/project_clean_state_2026_04_16/GVL_PERSISTENT.gvl:9:    P_Safety_Leak_Latched : BOOL;
./диагностика/persist_usage.log:558:./repo_logs/assistant_bridge/2026_04_19/step_269b_snapshot_real_audit/snapshot_real_audit.log:10300:./repo_logs/assistant_bridge/2026_04_16/step_05_persistence_path_reconciliation/persistence_path_reconciliation.log:536:./snapshots/project_clean_state_2026_04_16/docs/assistant_bridge/nvram_REAL_latest.log:181:113:        GVL_STATE.G_Safety_Gas_Latched := GVL_PERSISTENT.P_Safety_Gas_Latched;
./диагностика/persist_usage.log:559:./repo_logs/assistant_bridge/2026_04_19/step_269b_snapshot_real_audit/snapshot_real_audit.log:10301:./repo_logs/assistant_bridge/2026_04_16/step_05_persistence_path_reconciliation/persistence_path_reconciliation.log:537:./snapshots/project_clean_state_2026_04_16/docs/assistant_bridge/nvram_REAL_latest.log:182:114:        GVL_STATE.G_Safety_Smoke_Latched := GVL_PERSISTENT.P_Safety_Smoke_Latched;
./диагностика/persist_usage.log:560:./repo_logs/assistant_bridge/2026_04_19/step_269b_snapshot_real_audit/snapshot_real_audit.log:10302:./repo_logs/assistant_bridge/2026_04_16/step_05_persistence_path_reconciliation/persistence_path_reconciliation.log:538:./snapshots/project_clean_state_2026_04_16/docs/assistant_bridge/nvram_REAL_latest.log:183:115:        GVL_STATE.G_Safety_Leak_Latched := GVL_PERSISTENT.P_Safety_Leak_Latched;
./диагностика/persist_usage.log:561:./repo_logs/assistant_bridge/2026_04_19/step_269b_snapshot_real_audit/snapshot_real_audit.log:10304:./repo_logs/assistant_bridge/2026_04_16/step_05_persistence_path_reconciliation/persistence_path_reconciliation.log:540:./snapshots/project_clean_state_2026_04_16/docs/assistant_bridge/nvram_REAL_latest.log:188:675:IF GVL_PERSISTENT.P_Safety_Gas_Latched THEN
./диагностика/persist_usage.log:562:./repo_logs/assistant_bridge/2026_04_19/step_269b_snapshot_real_audit/snapshot_real_audit.log:10305:./repo_logs/assistant_bridge/2026_04_16/step_05_persistence_path_reconciliation/persistence_path_reconciliation.log:541:./snapshots/project_clean_state_2026_04_16/docs/assistant_bridge/nvram_REAL_latest.log:189:680:IF GVL_PERSISTENT.P_Safety_Smoke_Latched THEN
./диагностика/persist_usage.log:563:./repo_logs/assistant_bridge/2026_04_19/step_269b_snapshot_real_audit/snapshot_real_audit.log:10306:./repo_logs/assistant_bridge/2026_04_16/step_05_persistence_path_reconciliation/persistence_path_reconciliation.log:542:./snapshots/project_clean_state_2026_04_16/docs/assistant_bridge/nvram_REAL_latest.log:190:685:IF GVL_PERSISTENT.P_Safety_Leak_Latched THEN
./диагностика/persist_usage.log:564:./repo_logs/assistant_bridge/2026_04_19/step_269b_snapshot_real_audit/snapshot_real_audit.log:10309:./repo_logs/assistant_bridge/2026_04_16/step_05_persistence_path_reconciliation/persistence_path_reconciliation.log:545:./snapshots/project_clean_state_2026_04_16/docs/assistant_bridge/nvram_REAL_latest.log:206:997:GVL_PERSISTENT.P_Safety_Gas_Latched := GVL_STATE.G_Safety_Gas_Latched;
./диагностика/persist_usage.log:565:./repo_logs/assistant_bridge/2026_04_19/step_269b_snapshot_real_audit/snapshot_real_audit.log:10310:./repo_logs/assistant_bridge/2026_04_16/step_05_persistence_path_reconciliation/persistence_path_reconciliation.log:546:./snapshots/project_clean_state_2026_04_16/docs/assistant_bridge/nvram_REAL_latest.log:207:998:GVL_PERSISTENT.P_Safety_Smoke_Latched := GVL_STATE.G_Safety_Smoke_Latched;
./диагностика/persist_usage.log:566:./repo_logs/assistant_bridge/2026_04_19/step_269b_snapshot_real_audit/snapshot_real_audit.log:10311:./repo_logs/assistant_bridge/2026_04_16/step_05_persistence_path_reconciliation/persistence_path_reconciliation.log:547:./snapshots/project_clean_state_2026_04_16/docs/assistant_bridge/nvram_REAL_latest.log:208:999:GVL_PERSISTENT.P_Safety_Leak_Latched := GVL_STATE.G_Safety_Leak_Latched;
./диагностика/persist_usage.log:567:./repo_logs/assistant_bridge/2026_04_19/step_269b_snapshot_real_audit/snapshot_real_audit.log:10317:./repo_logs/assistant_bridge/2026_04_16/step_05_persistence_path_reconciliation/persistence_path_reconciliation.log:553:./snapshots/project_clean_state_2026_04_16/PRG_System.st:113:        GVL_STATE.G_Safety_Gas_Latched := GVL_PERSISTENT.P_Safety_Gas_Latched;
./диагностика/persist_usage.log:568:./repo_logs/assistant_bridge/2026_04_19/step_269b_snapshot_real_audit/snapshot_real_audit.log:10318:./repo_logs/assistant_bridge/2026_04_16/step_05_persistence_path_reconciliation/persistence_path_reconciliation.log:554:./snapshots/project_clean_state_2026_04_16/PRG_System.st:114:        GVL_STATE.G_Safety_Smoke_Latched := GVL_PERSISTENT.P_Safety_Smoke_Latched;
./диагностика/persist_usage.log:569:./repo_logs/assistant_bridge/2026_04_19/step_269b_snapshot_real_audit/snapshot_real_audit.log:10319:./repo_logs/assistant_bridge/2026_04_16/step_05_persistence_path_reconciliation/persistence_path_reconciliation.log:555:./snapshots/project_clean_state_2026_04_16/PRG_System.st:115:        GVL_STATE.G_Safety_Leak_Latched := GVL_PERSISTENT.P_Safety_Leak_Latched;
./диагностика/persist_usage.log:570:./repo_logs/assistant_bridge/2026_04_19/step_269b_snapshot_real_audit/snapshot_real_audit.log:10322:./repo_logs/assistant_bridge/2026_04_16/step_05_persistence_path_reconciliation/persistence_path_reconciliation.log:558:./snapshots/project_clean_state_2026_04_16/PRG_System.st:675:IF GVL_PERSISTENT.P_Safety_Gas_Latched THEN
./диагностика/persist_usage.log:571:./repo_logs/assistant_bridge/2026_04_19/step_269b_snapshot_real_audit/snapshot_real_audit.log:10323:./repo_logs/assistant_bridge/2026_04_16/step_05_persistence_path_reconciliation/persistence_path_reconciliation.log:559:./snapshots/project_clean_state_2026_04_16/PRG_System.st:680:IF GVL_PERSISTENT.P_Safety_Smoke_Latched THEN
./диагностика/persist_usage.log:572:./repo_logs/assistant_bridge/2026_04_19/step_269b_snapshot_real_audit/snapshot_real_audit.log:10324:./repo_logs/assistant_bridge/2026_04_16/step_05_persistence_path_reconciliation/persistence_path_reconciliation.log:560:./snapshots/project_clean_state_2026_04_16/PRG_System.st:685:IF GVL_PERSISTENT.P_Safety_Leak_Latched THEN
./диагностика/persist_usage.log:573:./repo_logs/assistant_bridge/2026_04_19/step_269b_snapshot_real_audit/snapshot_real_audit.log:10327:./repo_logs/assistant_bridge/2026_04_16/step_05_persistence_path_reconciliation/persistence_path_reconciliation.log:563:./snapshots/project_clean_state_2026_04_16/PRG_System.st:997:GVL_PERSISTENT.P_Safety_Gas_Latched := GVL_STATE.G_Safety_Gas_Latched;
./диагностика/persist_usage.log:574:./repo_logs/assistant_bridge/2026_04_19/step_269b_snapshot_real_audit/snapshot_real_audit.log:10328:./repo_logs/assistant_bridge/2026_04_16/step_05_persistence_path_reconciliation/persistence_path_reconciliation.log:564:./snapshots/project_clean_state_2026_04_16/PRG_System.st:998:GVL_PERSISTENT.P_Safety_Smoke_Latched := GVL_STATE.G_Safety_Smoke_Latched;
./диагностика/persist_usage.log:575:./repo_logs/assistant_bridge/2026_04_19/step_269b_snapshot_real_audit/snapshot_real_audit.log:10329:./repo_logs/assistant_bridge/2026_04_16/step_05_persistence_path_reconciliation/persistence_path_reconciliation.log:565:./snapshots/project_clean_state_2026_04_16/PRG_System.st:999:GVL_PERSISTENT.P_Safety_Leak_Latched := GVL_STATE.G_Safety_Leak_Latched;
./диагностика/persist_usage.log:576:./repo_logs/assistant_bridge/2026_04_19/step_269b_snapshot_real_audit/snapshot_real_audit.log:10335:./repo_logs/assistant_bridge/2026_04_16/step_05_persistence_path_reconciliation/persistence_path_reconciliation.log:571:./snapshots/clean_build_2026_04_16/компилятор/out/RESULT_methods_clean.xml:19103:        GVL_STATE.G_Safety_Gas_Latched := GVL_PERSISTENT.P_Safety_Gas_Latched;
./диагностика/persist_usage.log:577:./repo_logs/assistant_bridge/2026_04_19/step_269b_snapshot_real_audit/snapshot_real_audit.log:10336:./repo_logs/assistant_bridge/2026_04_16/step_05_persistence_path_reconciliation/persistence_path_reconciliation.log:572:./snapshots/clean_build_2026_04_16/компилятор/out/RESULT_methods_clean.xml:19104:        GVL_STATE.G_Safety_Smoke_Latched := GVL_PERSISTENT.P_Safety_Smoke_Latched;
./диагностика/persist_usage.log:578:./repo_logs/assistant_bridge/2026_04_19/step_269b_snapshot_real_audit/snapshot_real_audit.log:10337:./repo_logs/assistant_bridge/2026_04_16/step_05_persistence_path_reconciliation/persistence_path_reconciliation.log:573:./snapshots/clean_build_2026_04_16/компилятор/out/RESULT_methods_clean.xml:19105:        GVL_STATE.G_Safety_Leak_Latched := GVL_PERSISTENT.P_Safety_Leak_Latched;
./диагностика/persist_usage.log:579:./repo_logs/assistant_bridge/2026_04_19/step_269b_snapshot_real_audit/snapshot_real_audit.log:10340:./repo_logs/assistant_bridge/2026_04_16/step_05_persistence_path_reconciliation/persistence_path_reconciliation.log:576:./snapshots/clean_build_2026_04_16/компилятор/out/RESULT_methods_clean.xml:19665:IF GVL_PERSISTENT.P_Safety_Gas_Latched THEN
./диагностика/persist_usage.log:580:./repo_logs/assistant_bridge/2026_04_19/step_269b_snapshot_real_audit/snapshot_real_audit.log:10341:./repo_logs/assistant_bridge/2026_04_16/step_05_persistence_path_reconciliation/persistence_path_reconciliation.log:577:./snapshots/clean_build_2026_04_16/компилятор/out/RESULT_methods_clean.xml:19670:IF GVL_PERSISTENT.P_Safety_Smoke_Latched THEN
./диагностика/persist_usage.log:581:./repo_logs/assistant_bridge/2026_04_19/step_269b_snapshot_real_audit/snapshot_real_audit.log:10342:./repo_logs/assistant_bridge/2026_04_16/step_05_persistence_path_reconciliation/persistence_path_reconciliation.log:578:./snapshots/clean_build_2026_04_16/компилятор/out/RESULT_methods_clean.xml:19675:IF GVL_PERSISTENT.P_Safety_Leak_Latched THEN
./диагностика/persist_usage.log:582:./repo_logs/assistant_bridge/2026_04_19/step_269b_snapshot_real_audit/snapshot_real_audit.log:10345:./repo_logs/assistant_bridge/2026_04_16/step_05_persistence_path_reconciliation/persistence_path_reconciliation.log:581:./snapshots/clean_build_2026_04_16/компилятор/out/RESULT_methods_clean.xml:19987:GVL_PERSISTENT.P_Safety_Gas_Latched := GVL_STATE.G_Safety_Gas_Latched;
./диагностика/persist_usage.log:583:./repo_logs/assistant_bridge/2026_04_19/step_269b_snapshot_real_audit/snapshot_real_audit.log:10346:./repo_logs/assistant_bridge/2026_04_16/step_05_persistence_path_reconciliation/persistence_path_reconciliation.log:582:./snapshots/clean_build_2026_04_16/компилятор/out/RESULT_methods_clean.xml:19988:GVL_PERSISTENT.P_Safety_Smoke_Latched := GVL_STATE.G_Safety_Smoke_Latched;
./диагностика/persist_usage.log:584:./repo_logs/assistant_bridge/2026_04_19/step_269b_snapshot_real_audit/snapshot_real_audit.log:10347:./repo_logs/assistant_bridge/2026_04_16/step_05_persistence_path_reconciliation/persistence_path_reconciliation.log:583:./snapshots/clean_build_2026_04_16/компилятор/out/RESULT_methods_clean.xml:19989:GVL_PERSISTENT.P_Safety_Leak_Latched := GVL_STATE.G_Safety_Leak_Latched;
./диагностика/persist_usage.log:585:./repo_logs/assistant_bridge/2026_04_19/step_269b_snapshot_real_audit/snapshot_real_audit.log:10350:./repo_logs/assistant_bridge/2026_04_16/step_05_persistence_path_reconciliation/persistence_path_reconciliation.log:586:./snapshots/clean_build_2026_04_16/компилятор/out/RESULT_methods_clean.xml:20086:<data name="http://www.3s-software.com/plcopenxml/globalvars" handleUnknown="implementation"><globalVars name="GVL_PERSISTENT" retain="true"><variable name="P_System_Mode"><type><derived name="E_System_Operating_Mode" /></type></variable><variable name="P_Safety_Gas_Latched"><type><BOOL /></type></variable><variable name="P_Safety_Smoke_Latched"><type><BOOL /></type></variable><variable name="P_Safety_Leak_Latched"><type><BOOL /></type></variable><variable name="P_DHW_Heating_Active"><type><BOOL /></type></variable><variable name="P_Valid"><type><BOOL /></type></variable><addData><data name="http://www.3s-software.com/plcopenxml/objectid" handleUnknown="discard"><ObjectId>a01760fc-f32a-4644-87c3-ab326656d6f4</ObjectId></data></addData></globalVars></data>
./диагностика/persist_usage.log:586:./repo_logs/assistant_bridge/2026_04_19/step_269b_snapshot_real_audit/snapshot_real_audit.log:32830:./repo_logs/nvram/2026_04_16/step_19_persist_write_precheck.log:242:./docs/assistant_bridge/nvram_REAL_latest.log:181:113:        GVL_STATE.G_Safety_Gas_Latched := GVL_PERSISTENT.P_Safety_Gas_Latched;
./диагностика/persist_usage.log:587:./repo_logs/assistant_bridge/2026_04_19/step_269b_snapshot_real_audit/snapshot_real_audit.log:32831:./repo_logs/nvram/2026_04_16/step_19_persist_write_precheck.log:243:./docs/assistant_bridge/nvram_REAL_latest.log:182:114:        GVL_STATE.G_Safety_Smoke_Latched := GVL_PERSISTENT.P_Safety_Smoke_Latched;
./диагностика/persist_usage.log:588:./repo_logs/assistant_bridge/2026_04_19/step_269b_snapshot_real_audit/snapshot_real_audit.log:32832:./repo_logs/nvram/2026_04_16/step_19_persist_write_precheck.log:244:./docs/assistant_bridge/nvram_REAL_latest.log:183:115:        GVL_STATE.G_Safety_Leak_Latched := GVL_PERSISTENT.P_Safety_Leak_Latched;
./диагностика/persist_usage.log:589:./repo_logs/assistant_bridge/2026_04_19/step_269b_snapshot_real_audit/snapshot_real_audit.log:32834:./repo_logs/nvram/2026_04_16/step_19_persist_write_precheck.log:246:./docs/assistant_bridge/nvram_REAL_latest.log:188:675:IF GVL_PERSISTENT.P_Safety_Gas_Latched THEN
./диагностика/persist_usage.log:590:./repo_logs/assistant_bridge/2026_04_19/step_269b_snapshot_real_audit/snapshot_real_audit.log:32835:./repo_logs/nvram/2026_04_16/step_19_persist_write_precheck.log:247:./docs/assistant_bridge/nvram_REAL_latest.log:189:680:IF GVL_PERSISTENT.P_Safety_Smoke_Latched THEN
./диагностика/persist_usage.log:591:./repo_logs/assistant_bridge/2026_04_19/step_269b_snapshot_real_audit/snapshot_real_audit.log:32836:./repo_logs/nvram/2026_04_16/step_19_persist_write_precheck.log:248:./docs/assistant_bridge/nvram_REAL_latest.log:190:685:IF GVL_PERSISTENT.P_Safety_Leak_Latched THEN
./диагностика/persist_usage.log:592:./repo_logs/assistant_bridge/2026_04_19/step_269b_snapshot_real_audit/snapshot_real_audit.log:32839:./repo_logs/nvram/2026_04_16/step_19_persist_write_precheck.log:251:./docs/assistant_bridge/nvram_REAL_latest.log:206:997:GVL_PERSISTENT.P_Safety_Gas_Latched := GVL_STATE.G_Safety_Gas_Latched;
./диагностика/persist_usage.log:593:./repo_logs/assistant_bridge/2026_04_19/step_269b_snapshot_real_audit/snapshot_real_audit.log:32840:./repo_logs/nvram/2026_04_16/step_19_persist_write_precheck.log:252:./docs/assistant_bridge/nvram_REAL_latest.log:207:998:GVL_PERSISTENT.P_Safety_Smoke_Latched := GVL_STATE.G_Safety_Smoke_Latched;
./диагностика/persist_usage.log:594:./repo_logs/assistant_bridge/2026_04_19/step_269b_snapshot_real_audit/snapshot_real_audit.log:32841:./repo_logs/nvram/2026_04_16/step_19_persist_write_precheck.log:253:./docs/assistant_bridge/nvram_REAL_latest.log:208:999:GVL_PERSISTENT.P_Safety_Leak_Latched := GVL_STATE.G_Safety_Leak_Latched;
./диагностика/persist_usage.log:601:./repo_logs/assistant_bridge/2026_04_19/step_269b_snapshot_real_audit/snapshot_real_audit.log:35710:./repo_logs/assistant_bridge/2026_04_16/step_05_persistence_path_reconciliation/persistence_path_reconciliation.log:358:./repo_logs/nvram/nvram_REAL_latest.log:181:113:        GVL_STATE.G_Safety_Gas_Latched := GVL_PERSISTENT.P_Safety_Gas_Latched;
./диагностика/persist_usage.log:602:./repo_logs/assistant_bridge/2026_04_19/step_269b_snapshot_real_audit/snapshot_real_audit.log:35711:./repo_logs/assistant_bridge/2026_04_16/step_05_persistence_path_reconciliation/persistence_path_reconciliation.log:359:./repo_logs/nvram/nvram_REAL_latest.log:182:114:        GVL_STATE.G_Safety_Smoke_Latched := GVL_PERSISTENT.P_Safety_Smoke_Latched;
./диагностика/persist_usage.log:603:./repo_logs/assistant_bridge/2026_04_19/step_269b_snapshot_real_audit/snapshot_real_audit.log:35712:./repo_logs/assistant_bridge/2026_04_16/step_05_persistence_path_reconciliation/persistence_path_reconciliation.log:360:./repo_logs/nvram/nvram_REAL_latest.log:183:115:        GVL_STATE.G_Safety_Leak_Latched := GVL_PERSISTENT.P_Safety_Leak_Latched;
./диагностика/persist_usage.log:604:./repo_logs/assistant_bridge/2026_04_19/step_269b_snapshot_real_audit/snapshot_real_audit.log:35714:./repo_logs/assistant_bridge/2026_04_16/step_05_persistence_path_reconciliation/persistence_path_reconciliation.log:362:./repo_logs/nvram/nvram_REAL_latest.log:188:675:IF GVL_PERSISTENT.P_Safety_Gas_Latched THEN
./диагностика/persist_usage.log:605:./repo_logs/assistant_bridge/2026_04_19/step_269b_snapshot_real_audit/snapshot_real_audit.log:35715:./repo_logs/assistant_bridge/2026_04_16/step_05_persistence_path_reconciliation/persistence_path_reconciliation.log:363:./repo_logs/nvram/nvram_REAL_latest.log:189:680:IF GVL_PERSISTENT.P_Safety_Smoke_Latched THEN
./диагностика/persist_usage.log:606:./repo_logs/assistant_bridge/2026_04_19/step_269b_snapshot_real_audit/snapshot_real_audit.log:35716:./repo_logs/assistant_bridge/2026_04_16/step_05_persistence_path_reconciliation/persistence_path_reconciliation.log:364:./repo_logs/nvram/nvram_REAL_latest.log:190:685:IF GVL_PERSISTENT.P_Safety_Leak_Latched THEN
./диагностика/persist_usage.log:607:./repo_logs/assistant_bridge/2026_04_19/step_269b_snapshot_real_audit/snapshot_real_audit.log:35719:./repo_logs/assistant_bridge/2026_04_16/step_05_persistence_path_reconciliation/persistence_path_reconciliation.log:367:./repo_logs/nvram/nvram_REAL_latest.log:206:997:GVL_PERSISTENT.P_Safety_Gas_Latched := GVL_STATE.G_Safety_Gas_Latched;
./диагностика/persist_usage.log:608:./repo_logs/assistant_bridge/2026_04_19/step_269b_snapshot_real_audit/snapshot_real_audit.log:35720:./repo_logs/assistant_bridge/2026_04_16/step_05_persistence_path_reconciliation/persistence_path_reconciliation.log:368:./repo_logs/nvram/nvram_REAL_latest.log:207:998:GVL_PERSISTENT.P_Safety_Smoke_Latched := GVL_STATE.G_Safety_Smoke_Latched;
./диагностика/persist_usage.log:609:./repo_logs/assistant_bridge/2026_04_19/step_269b_snapshot_real_audit/snapshot_real_audit.log:35721:./repo_logs/assistant_bridge/2026_04_16/step_05_persistence_path_reconciliation/persistence_path_reconciliation.log:369:./repo_logs/nvram/nvram_REAL_latest.log:208:999:GVL_PERSISTENT.P_Safety_Leak_Latched := GVL_STATE.G_Safety_Leak_Latched;
./диагностика/persist_usage.log:610:./repo_logs/assistant_bridge/2026_04_19/step_269b_snapshot_real_audit/snapshot_real_audit.log:35727:./repo_logs/assistant_bridge/2026_04_16/step_05_persistence_path_reconciliation/persistence_path_reconciliation.log:375:./repo_logs/nvram/2026_04_16/step_19_persist_write_precheck.log:116:        GVL_STATE.G_Safety_Gas_Latched := GVL_PERSISTENT.P_Safety_Gas_Latched;
./диагностика/persist_usage.log:611:./repo_logs/assistant_bridge/2026_04_19/step_269b_snapshot_real_audit/snapshot_real_audit.log:35728:./repo_logs/assistant_bridge/2026_04_16/step_05_persistence_path_reconciliation/persistence_path_reconciliation.log:376:./repo_logs/nvram/2026_04_16/step_19_persist_write_precheck.log:117:        GVL_STATE.G_Safety_Smoke_Latched := GVL_PERSISTENT.P_Safety_Smoke_Latched;
./диагностика/persist_usage.log:612:./repo_logs/assistant_bridge/2026_04_19/step_269b_snapshot_real_audit/snapshot_real_audit.log:35729:./repo_logs/assistant_bridge/2026_04_16/step_05_persistence_path_reconciliation/persistence_path_reconciliation.log:377:./repo_logs/nvram/2026_04_16/step_19_persist_write_precheck.log:118:        GVL_STATE.G_Safety_Leak_Latched := GVL_PERSISTENT.P_Safety_Leak_Latched;
./диагностика/persist_usage.log:616:./repo_logs/assistant_bridge/2026_04_19/step_269b_snapshot_real_audit/snapshot_real_audit.log:35742:./repo_logs/assistant_bridge/2026_04_16/step_05_persistence_path_reconciliation/persistence_path_reconciliation.log:390:./repo_logs/nvram/2026_04_16/step_19_persist_write_precheck.log:242:./docs/assistant_bridge/nvram_REAL_latest.log:181:113:        GVL_STATE.G_Safety_Gas_Latched := GVL_PERSISTENT.P_Safety_Gas_Latched;
./диагностика/persist_usage.log:617:./repo_logs/assistant_bridge/2026_04_19/step_269b_snapshot_real_audit/snapshot_real_audit.log:35743:./repo_logs/assistant_bridge/2026_04_16/step_05_persistence_path_reconciliation/persistence_path_reconciliation.log:391:./repo_logs/nvram/2026_04_16/step_19_persist_write_precheck.log:243:./docs/assistant_bridge/nvram_REAL_latest.log:182:114:        GVL_STATE.G_Safety_Smoke_Latched := GVL_PERSISTENT.P_Safety_Smoke_Latched;
./диагностика/persist_usage.log:618:./repo_logs/assistant_bridge/2026_04_19/step_269b_snapshot_real_audit/snapshot_real_audit.log:35744:./repo_logs/assistant_bridge/2026_04_16/step_05_persistence_path_reconciliation/persistence_path_reconciliation.log:392:./repo_logs/nvram/2026_04_16/step_19_persist_write_precheck.log:244:./docs/assistant_bridge/nvram_REAL_latest.log:183:115:        GVL_STATE.G_Safety_Leak_Latched := GVL_PERSISTENT.P_Safety_Leak_Latched;
./диагностика/persist_usage.log:619:./repo_logs/assistant_bridge/2026_04_19/step_269b_snapshot_real_audit/snapshot_real_audit.log:35746:./repo_logs/assistant_bridge/2026_04_16/step_05_persistence_path_reconciliation/persistence_path_reconciliation.log:394:./repo_logs/nvram/2026_04_16/step_19_persist_write_precheck.log:246:./docs/assistant_bridge/nvram_REAL_latest.log:188:675:IF GVL_PERSISTENT.P_Safety_Gas_Latched THEN
./диагностика/persist_usage.log:620:./repo_logs/assistant_bridge/2026_04_19/step_269b_snapshot_real_audit/snapshot_real_audit.log:35747:./repo_logs/assistant_bridge/2026_04_16/step_05_persistence_path_reconciliation/persistence_path_reconciliation.log:395:./repo_logs/nvram/2026_04_16/step_19_persist_write_precheck.log:247:./docs/assistant_bridge/nvram_REAL_latest.log:189:680:IF GVL_PERSISTENT.P_Safety_Smoke_Latched THEN
./диагностика/persist_usage.log:621:./repo_logs/assistant_bridge/2026_04_19/step_269b_snapshot_real_audit/snapshot_real_audit.log:35748:./repo_logs/assistant_bridge/2026_04_16/step_05_persistence_path_reconciliation/persistence_path_reconciliation.log:396:./repo_logs/nvram/2026_04_16/step_19_persist_write_precheck.log:248:./docs/assistant_bridge/nvram_REAL_latest.log:190:685:IF GVL_PERSISTENT.P_Safety_Leak_Latched THEN
./диагностика/persist_usage.log:622:./repo_logs/assistant_bridge/2026_04_19/step_269b_snapshot_real_audit/snapshot_real_audit.log:35751:./repo_logs/assistant_bridge/2026_04_16/step_05_persistence_path_reconciliation/persistence_path_reconciliation.log:399:./repo_logs/nvram/2026_04_16/step_19_persist_write_precheck.log:251:./docs/assistant_bridge/nvram_REAL_latest.log:206:997:GVL_PERSISTENT.P_Safety_Gas_Latched := GVL_STATE.G_Safety_Gas_Latched;
./диагностика/persist_usage.log:623:./repo_logs/assistant_bridge/2026_04_19/step_269b_snapshot_real_audit/snapshot_real_audit.log:35752:./repo_logs/assistant_bridge/2026_04_16/step_05_persistence_path_reconciliation/persistence_path_reconciliation.log:400:./repo_logs/nvram/2026_04_16/step_19_persist_write_precheck.log:252:./docs/assistant_bridge/nvram_REAL_latest.log:207:998:GVL_PERSISTENT.P_Safety_Smoke_Latched := GVL_STATE.G_Safety_Smoke_Latched;
./диагностика/persist_usage.log:624:./repo_logs/assistant_bridge/2026_04_19/step_269b_snapshot_real_audit/snapshot_real_audit.log:35753:./repo_logs/assistant_bridge/2026_04_16/step_05_persistence_path_reconciliation/persistence_path_reconciliation.log:401:./repo_logs/nvram/2026_04_16/step_19_persist_write_precheck.log:253:./docs/assistant_bridge/nvram_REAL_latest.log:208:999:GVL_PERSISTENT.P_Safety_Leak_Latched := GVL_STATE.G_Safety_Leak_Latched;
./диагностика/persist_usage.log:625:./repo_logs/assistant_bridge/2026_04_19/step_269b_snapshot_real_audit/snapshot_real_audit.log:35757:./repo_logs/assistant_bridge/2026_04_16/step_05_persistence_path_reconciliation/persistence_path_reconciliation.log:405:./repo_logs/nvram/2026_04_16/step_19_persist_write_precheck.log:257:./PRG_System.st:113:        GVL_STATE.G_Safety_Gas_Latched := GVL_PERSISTENT.P_Safety_Gas_Latched;
./диагностика/persist_usage.log:626:./repo_logs/assistant_bridge/2026_04_19/step_269b_snapshot_real_audit/snapshot_real_audit.log:35758:./repo_logs/assistant_bridge/2026_04_16/step_05_persistence_path_reconciliation/persistence_path_reconciliation.log:406:./repo_logs/nvram/2026_04_16/step_19_persist_write_precheck.log:258:./PRG_System.st:114:        GVL_STATE.G_Safety_Smoke_Latched := GVL_PERSISTENT.P_Safety_Smoke_Latched;
./диагностика/persist_usage.log:627:./repo_logs/assistant_bridge/2026_04_19/step_269b_snapshot_real_audit/snapshot_real_audit.log:35759:./repo_logs/assistant_bridge/2026_04_16/step_05_persistence_path_reconciliation/persistence_path_reconciliation.log:407:./repo_logs/nvram/2026_04_16/step_19_persist_write_precheck.log:259:./PRG_System.st:115:        GVL_STATE.G_Safety_Leak_Latched := GVL_PERSISTENT.P_Safety_Leak_Latched;
./диагностика/persist_usage.log:628:./repo_logs/assistant_bridge/2026_04_19/step_269b_snapshot_real_audit/snapshot_real_audit.log:35761:./repo_logs/assistant_bridge/2026_04_16/step_05_persistence_path_reconciliation/persistence_path_reconciliation.log:409:./repo_logs/nvram/2026_04_16/step_19_persist_write_precheck.log:261:./PRG_System.st:675:IF GVL_PERSISTENT.P_Safety_Gas_Latched THEN
./диагностика/persist_usage.log:629:./repo_logs/assistant_bridge/2026_04_19/step_269b_snapshot_real_audit/snapshot_real_audit.log:35762:./repo_logs/assistant_bridge/2026_04_16/step_05_persistence_path_reconciliation/persistence_path_reconciliation.log:410:./repo_logs/nvram/2026_04_16/step_19_persist_write_precheck.log:262:./PRG_System.st:680:IF GVL_PERSISTENT.P_Safety_Smoke_Latched THEN
./диагностика/persist_usage.log:630:./repo_logs/assistant_bridge/2026_04_19/step_269b_snapshot_real_audit/snapshot_real_audit.log:35763:./repo_logs/assistant_bridge/2026_04_16/step_05_persistence_path_reconciliation/persistence_path_reconciliation.log:411:./repo_logs/nvram/2026_04_16/step_19_persist_write_precheck.log:263:./PRG_System.st:685:IF GVL_PERSISTENT.P_Safety_Leak_Latched THEN
./диагностика/persist_usage.log:631:./repo_logs/assistant_bridge/2026_04_19/step_269b_snapshot_real_audit/snapshot_real_audit.log:35766:./repo_logs/assistant_bridge/2026_04_16/step_05_persistence_path_reconciliation/persistence_path_reconciliation.log:414:./repo_logs/nvram/2026_04_16/step_19_persist_write_precheck.log:266:./PRG_System.st:997:GVL_PERSISTENT.P_Safety_Gas_Latched := GVL_STATE.G_Safety_Gas_Latched;
./диагностика/persist_usage.log:632:./repo_logs/assistant_bridge/2026_04_19/step_269b_snapshot_real_audit/snapshot_real_audit.log:35767:./repo_logs/assistant_bridge/2026_04_16/step_05_persistence_path_reconciliation/persistence_path_reconciliation.log:415:./repo_logs/nvram/2026_04_16/step_19_persist_write_precheck.log:267:./PRG_System.st:998:GVL_PERSISTENT.P_Safety_Smoke_Latched := GVL_STATE.G_Safety_Smoke_Latched;
./диагностика/persist_usage.log:633:./repo_logs/assistant_bridge/2026_04_19/step_269b_snapshot_real_audit/snapshot_real_audit.log:35768:./repo_logs/assistant_bridge/2026_04_16/step_05_persistence_path_reconciliation/persistence_path_reconciliation.log:416:./repo_logs/nvram/2026_04_16/step_19_persist_write_precheck.log:268:./PRG_System.st:999:GVL_PERSISTENT.P_Safety_Leak_Latched := GVL_STATE.G_Safety_Leak_Latched;
./диагностика/persist_usage.log:634:./repo_logs/assistant_bridge/2026_04_19/step_269b_snapshot_real_audit/snapshot_real_audit.log:35774:./repo_logs/assistant_bridge/2026_04_16/step_05_persistence_path_reconciliation/persistence_path_reconciliation.log:422:./repo_logs/nvram/2026_04_16/step_17_startup_entry.log:2411:        GVL_STATE.G_Safety_Gas_Latched := GVL_PERSISTENT.P_Safety_Gas_Latched;
./диагностика/persist_usage.log:635:./repo_logs/assistant_bridge/2026_04_19/step_269b_snapshot_real_audit/snapshot_real_audit.log:35775:./repo_logs/assistant_bridge/2026_04_16/step_05_persistence_path_reconciliation/persistence_path_reconciliation.log:423:./repo_logs/nvram/2026_04_16/step_17_startup_entry.log:2412:        GVL_STATE.G_Safety_Smoke_Latched := GVL_PERSISTENT.P_Safety_Smoke_Latched;
./диагностика/persist_usage.log:636:./repo_logs/assistant_bridge/2026_04_19/step_269b_snapshot_real_audit/snapshot_real_audit.log:35776:./repo_logs/assistant_bridge/2026_04_16/step_05_persistence_path_reconciliation/persistence_path_reconciliation.log:424:./repo_logs/nvram/2026_04_16/step_17_startup_entry.log:2413:        GVL_STATE.G_Safety_Leak_Latched := GVL_PERSISTENT.P_Safety_Leak_Latched;
./диагностика/persist_usage.log:637:./repo_logs/assistant_bridge/2026_04_19/step_269b_snapshot_real_audit/snapshot_real_audit.log:35782:./repo_logs/assistant_bridge/2026_04_16/step_05_persistence_path_reconciliation/persistence_path_reconciliation.log:430:./repo_logs/nvram/2026_04_16/step_16_nvram_runtime_flow.log:814:        GVL_STATE.G_Safety_Gas_Latched := GVL_PERSISTENT.P_Safety_Gas_Latched;
./диагностика/persist_usage.log:638:./repo_logs/assistant_bridge/2026_04_19/step_269b_snapshot_real_audit/snapshot_real_audit.log:35783:./repo_logs/assistant_bridge/2026_04_16/step_05_persistence_path_reconciliation/persistence_path_reconciliation.log:431:./repo_logs/nvram/2026_04_16/step_16_nvram_runtime_flow.log:815:        GVL_STATE.G_Safety_Smoke_Latched := GVL_PERSISTENT.P_Safety_Smoke_Latched;
./диагностика/persist_usage.log:639:./repo_logs/assistant_bridge/2026_04_19/step_269b_snapshot_real_audit/snapshot_real_audit.log:35784:./repo_logs/assistant_bridge/2026_04_16/step_05_persistence_path_reconciliation/persistence_path_reconciliation.log:432:./repo_logs/nvram/2026_04_16/step_16_nvram_runtime_flow.log:816:        GVL_STATE.G_Safety_Leak_Latched := GVL_PERSISTENT.P_Safety_Leak_Latched;
./диагностика/persist_usage.log:640:./repo_logs/assistant_bridge/2026_04_19/step_269b_snapshot_real_audit/snapshot_real_audit.log:35790:./repo_logs/assistant_bridge/2026_04_16/step_05_persistence_path_reconciliation/persistence_path_reconciliation.log:438:./repo_logs/assistant_bridge/2026_04_16/step_02_nvram_topology/nvram_topology.log:96:PRG_System.st:113:        GVL_STATE.G_Safety_Gas_Latched := GVL_PERSISTENT.P_Safety_Gas_Latched;
./диагностика/persist_usage.log:641:./repo_logs/assistant_bridge/2026_04_19/step_269b_snapshot_real_audit/snapshot_real_audit.log:35791:./repo_logs/assistant_bridge/2026_04_16/step_05_persistence_path_reconciliation/persistence_path_reconciliation.log:439:./repo_logs/assistant_bridge/2026_04_16/step_02_nvram_topology/nvram_topology.log:97:PRG_System.st:114:        GVL_STATE.G_Safety_Smoke_Latched := GVL_PERSISTENT.P_Safety_Smoke_Latched;
./диагностика/persist_usage.log:642:./repo_logs/assistant_bridge/2026_04_19/step_269b_snapshot_real_audit/snapshot_real_audit.log:35792:./repo_logs/assistant_bridge/2026_04_16/step_05_persistence_path_reconciliation/persistence_path_reconciliation.log:440:./repo_logs/assistant_bridge/2026_04_16/step_02_nvram_topology/nvram_topology.log:98:PRG_System.st:115:        GVL_STATE.G_Safety_Leak_Latched := GVL_PERSISTENT.P_Safety_Leak_Latched;
./диагностика/persist_usage.log:643:./repo_logs/assistant_bridge/2026_04_19/step_269b_snapshot_real_audit/snapshot_real_audit.log:35795:./repo_logs/assistant_bridge/2026_04_16/step_05_persistence_path_reconciliation/persistence_path_reconciliation.log:443:./repo_logs/assistant_bridge/2026_04_16/step_02_nvram_topology/nvram_topology.log:110:PRG_System.st:675:IF GVL_PERSISTENT.P_Safety_Gas_Latched THEN
./диагностика/persist_usage.log:644:./repo_logs/assistant_bridge/2026_04_19/step_269b_snapshot_real_audit/snapshot_real_audit.log:35796:./repo_logs/assistant_bridge/2026_04_16/step_05_persistence_path_reconciliation/persistence_path_reconciliation.log:444:./repo_logs/assistant_bridge/2026_04_16/step_02_nvram_topology/nvram_topology.log:111:PRG_System.st:680:IF GVL_PERSISTENT.P_Safety_Smoke_Latched THEN
./диагностика/persist_usage.log:645:./repo_logs/assistant_bridge/2026_04_19/step_269b_snapshot_real_audit/snapshot_real_audit.log:35797:./repo_logs/assistant_bridge/2026_04_16/step_05_persistence_path_reconciliation/persistence_path_reconciliation.log:445:./repo_logs/assistant_bridge/2026_04_16/step_02_nvram_topology/nvram_topology.log:112:PRG_System.st:685:IF GVL_PERSISTENT.P_Safety_Leak_Latched THEN
./диагностика/persist_usage.log:646:./repo_logs/assistant_bridge/2026_04_19/step_269b_snapshot_real_audit/snapshot_real_audit.log:35800:./repo_logs/assistant_bridge/2026_04_16/step_05_persistence_path_reconciliation/persistence_path_reconciliation.log:448:./repo_logs/assistant_bridge/2026_04_16/step_02_nvram_topology/nvram_topology.log:144:PRG_System.st:997:GVL_PERSISTENT.P_Safety_Gas_Latched := GVL_STATE.G_Safety_Gas_Latched;
./диагностика/persist_usage.log:647:./repo_logs/assistant_bridge/2026_04_19/step_269b_snapshot_real_audit/snapshot_real_audit.log:35801:./repo_logs/assistant_bridge/2026_04_16/step_05_persistence_path_reconciliation/persistence_path_reconciliation.log:449:./repo_logs/assistant_bridge/2026_04_16/step_02_nvram_topology/nvram_topology.log:145:PRG_System.st:998:GVL_PERSISTENT.P_Safety_Smoke_Latched := GVL_STATE.G_Safety_Smoke_Latched;
./диагностика/persist_usage.log:648:./repo_logs/assistant_bridge/2026_04_19/step_269b_snapshot_real_audit/snapshot_real_audit.log:35802:./repo_logs/assistant_bridge/2026_04_16/step_05_persistence_path_reconciliation/persistence_path_reconciliation.log:450:./repo_logs/assistant_bridge/2026_04_16/step_02_nvram_topology/nvram_topology.log:146:PRG_System.st:999:GVL_PERSISTENT.P_Safety_Leak_Latched := GVL_STATE.G_Safety_Leak_Latched;
./диагностика/persist_usage.log:652:./repo_logs/assistant_bridge/2026_04_19/step_269b_snapshot_real_audit/snapshot_real_audit.log:35814:./repo_logs/assistant_bridge/2026_04_16/step_05_persistence_path_reconciliation/persistence_path_reconciliation.log:462:./repo_logs/assistant_bridge/2026_04_16/step_02_nvram_topology/nvram_topology.log:604:        GVL_STATE.G_Safety_Gas_Latched := GVL_PERSISTENT.P_Safety_Gas_Latched;
./диагностика/persist_usage.log:653:./repo_logs/assistant_bridge/2026_04_19/step_269b_snapshot_real_audit/snapshot_real_audit.log:35815:./repo_logs/assistant_bridge/2026_04_16/step_05_persistence_path_reconciliation/persistence_path_reconciliation.log:463:./repo_logs/assistant_bridge/2026_04_16/step_02_nvram_topology/nvram_topology.log:605:        GVL_STATE.G_Safety_Smoke_Latched := GVL_PERSISTENT.P_Safety_Smoke_Latched;
./диагностика/persist_usage.log:654:./repo_logs/assistant_bridge/2026_04_19/step_269b_snapshot_real_audit/snapshot_real_audit.log:35816:./repo_logs/assistant_bridge/2026_04_16/step_05_persistence_path_reconciliation/persistence_path_reconciliation.log:464:./repo_logs/assistant_bridge/2026_04_16/step_02_nvram_topology/nvram_topology.log:606:        GVL_STATE.G_Safety_Leak_Latched := GVL_PERSISTENT.P_Safety_Leak_Latched;
./диагностика/persist_usage.log:655:./repo_logs/assistant_bridge/2026_04_19/step_269b_snapshot_real_audit/snapshot_real_audit.log:35819:./repo_logs/assistant_bridge/2026_04_16/step_05_persistence_path_reconciliation/persistence_path_reconciliation.log:467:./repo_logs/assistant_bridge/2026_04_16/step_03_nvram_write_flow/nvram_write_flow.log:101:IF GVL_PERSISTENT.P_Safety_Gas_Latched THEN
./диагностика/persist_usage.log:656:./repo_logs/assistant_bridge/2026_04_19/step_269b_snapshot_real_audit/snapshot_real_audit.log:35820:./repo_logs/assistant_bridge/2026_04_16/step_05_persistence_path_reconciliation/persistence_path_reconciliation.log:468:./repo_logs/assistant_bridge/2026_04_16/step_03_nvram_write_flow/nvram_write_flow.log:106:IF GVL_PERSISTENT.P_Safety_Smoke_Latched THEN
./диагностика/persist_usage.log:657:./repo_logs/assistant_bridge/2026_04_19/step_269b_snapshot_real_audit/snapshot_real_audit.log:35821:./repo_logs/assistant_bridge/2026_04_16/step_05_persistence_path_reconciliation/persistence_path_reconciliation.log:469:./repo_logs/assistant_bridge/2026_04_16/step_03_nvram_write_flow/nvram_write_flow.log:111:IF GVL_PERSISTENT.P_Safety_Leak_Latched THEN
./диагностика/persist_usage.log:658:./repo_logs/assistant_bridge/2026_04_19/step_269b_snapshot_real_audit/snapshot_real_audit.log:35824:./repo_logs/assistant_bridge/2026_04_16/step_05_persistence_path_reconciliation/persistence_path_reconciliation.log:472:./repo_logs/assistant_bridge/2026_04_16/step_03_nvram_write_flow/nvram_write_flow.log:256:GVL_PERSISTENT.P_Safety_Gas_Latched := GVL_STATE.G_Safety_Gas_Latched;
./диагностика/persist_usage.log:659:./repo_logs/assistant_bridge/2026_04_19/step_269b_snapshot_real_audit/snapshot_real_audit.log:35825:./repo_logs/assistant_bridge/2026_04_16/step_05_persistence_path_reconciliation/persistence_path_reconciliation.log:473:./repo_logs/assistant_bridge/2026_04_16/step_03_nvram_write_flow/nvram_write_flow.log:257:GVL_PERSISTENT.P_Safety_Smoke_Latched := GVL_STATE.G_Safety_Smoke_Latched;
./диагностика/persist_usage.log:660:./repo_logs/assistant_bridge/2026_04_19/step_269b_snapshot_real_audit/snapshot_real_audit.log:35826:./repo_logs/assistant_bridge/2026_04_16/step_05_persistence_path_reconciliation/persistence_path_reconciliation.log:474:./repo_logs/assistant_bridge/2026_04_16/step_03_nvram_write_flow/nvram_write_flow.log:258:GVL_PERSISTENT.P_Safety_Leak_Latched := GVL_STATE.G_Safety_Leak_Latched;
./диагностика/persist_usage.log:664:./repo_logs/assistant_bridge/2026_04_19/step_269b_snapshot_real_audit/snapshot_real_audit.log:35836:./repo_logs/assistant_bridge/2026_04_16/step_05_persistence_path_reconciliation/persistence_path_reconciliation.log:509:./snapshots/project_clean_state_2026_04_16/repo_logs/nvram/nvram_REAL_latest.log:181:113:        GVL_STATE.G_Safety_Gas_Latched := GVL_PERSISTENT.P_Safety_Gas_Latched;
./диагностика/persist_usage.log:665:./repo_logs/assistant_bridge/2026_04_19/step_269b_snapshot_real_audit/snapshot_real_audit.log:35837:./repo_logs/assistant_bridge/2026_04_16/step_05_persistence_path_reconciliation/persistence_path_reconciliation.log:510:./snapshots/project_clean_state_2026_04_16/repo_logs/nvram/nvram_REAL_latest.log:182:114:        GVL_STATE.G_Safety_Smoke_Latched := GVL_PERSISTENT.P_Safety_Smoke_Latched;
./диагностика/persist_usage.log:666:./repo_logs/assistant_bridge/2026_04_19/step_269b_snapshot_real_audit/snapshot_real_audit.log:35838:./repo_logs/assistant_bridge/2026_04_16/step_05_persistence_path_reconciliation/persistence_path_reconciliation.log:511:./snapshots/project_clean_state_2026_04_16/repo_logs/nvram/nvram_REAL_latest.log:183:115:        GVL_STATE.G_Safety_Leak_Latched := GVL_PERSISTENT.P_Safety_Leak_Latched;
./диагностика/persist_usage.log:667:./repo_logs/assistant_bridge/2026_04_19/step_269b_snapshot_real_audit/snapshot_real_audit.log:35840:./repo_logs/assistant_bridge/2026_04_16/step_05_persistence_path_reconciliation/persistence_path_reconciliation.log:513:./snapshots/project_clean_state_2026_04_16/repo_logs/nvram/nvram_REAL_latest.log:188:675:IF GVL_PERSISTENT.P_Safety_Gas_Latched THEN
./диагностика/persist_usage.log:668:./repo_logs/assistant_bridge/2026_04_19/step_269b_snapshot_real_audit/snapshot_real_audit.log:35841:./repo_logs/assistant_bridge/2026_04_16/step_05_persistence_path_reconciliation/persistence_path_reconciliation.log:514:./snapshots/project_clean_state_2026_04_16/repo_logs/nvram/nvram_REAL_latest.log:189:680:IF GVL_PERSISTENT.P_Safety_Smoke_Latched THEN
./диагностика/persist_usage.log:669:./repo_logs/assistant_bridge/2026_04_19/step_269b_snapshot_real_audit/snapshot_real_audit.log:35842:./repo_logs/assistant_bridge/2026_04_16/step_05_persistence_path_reconciliation/persistence_path_reconciliation.log:515:./snapshots/project_clean_state_2026_04_16/repo_logs/nvram/nvram_REAL_latest.log:190:685:IF GVL_PERSISTENT.P_Safety_Leak_Latched THEN
./диагностика/persist_usage.log:670:./repo_logs/assistant_bridge/2026_04_19/step_269b_snapshot_real_audit/snapshot_real_audit.log:35845:./repo_logs/assistant_bridge/2026_04_16/step_05_persistence_path_reconciliation/persistence_path_reconciliation.log:518:./snapshots/project_clean_state_2026_04_16/repo_logs/nvram/nvram_REAL_latest.log:206:997:GVL_PERSISTENT.P_Safety_Gas_Latched := GVL_STATE.G_Safety_Gas_Latched;
./диагностика/persist_usage.log:671:./repo_logs/assistant_bridge/2026_04_19/step_269b_snapshot_real_audit/snapshot_real_audit.log:35846:./repo_logs/assistant_bridge/2026_04_16/step_05_persistence_path_reconciliation/persistence_path_reconciliation.log:519:./snapshots/project_clean_state_2026_04_16/repo_logs/nvram/nvram_REAL_latest.log:207:998:GVL_PERSISTENT.P_Safety_Smoke_Latched := GVL_STATE.G_Safety_Smoke_Latched;
./диагностика/persist_usage.log:672:./repo_logs/assistant_bridge/2026_04_19/step_269b_snapshot_real_audit/snapshot_real_audit.log:35847:./repo_logs/assistant_bridge/2026_04_16/step_05_persistence_path_reconciliation/persistence_path_reconciliation.log:520:./snapshots/project_clean_state_2026_04_16/repo_logs/nvram/nvram_REAL_latest.log:208:999:GVL_PERSISTENT.P_Safety_Leak_Latched := GVL_STATE.G_Safety_Leak_Latched;
./диагностика/persist_usage.log:676:./repo_logs/assistant_bridge/2026_04_19/step_269b_snapshot_real_audit/snapshot_real_audit.log:35857:./repo_logs/assistant_bridge/2026_04_16/step_05_persistence_path_reconciliation/persistence_path_reconciliation.log:536:./snapshots/project_clean_state_2026_04_16/docs/assistant_bridge/nvram_REAL_latest.log:181:113:        GVL_STATE.G_Safety_Gas_Latched := GVL_PERSISTENT.P_Safety_Gas_Latched;
./диагностика/persist_usage.log:677:./repo_logs/assistant_bridge/2026_04_19/step_269b_snapshot_real_audit/snapshot_real_audit.log:35858:./repo_logs/assistant_bridge/2026_04_16/step_05_persistence_path_reconciliation/persistence_path_reconciliation.log:537:./snapshots/project_clean_state_2026_04_16/docs/assistant_bridge/nvram_REAL_latest.log:182:114:        GVL_STATE.G_Safety_Smoke_Latched := GVL_PERSISTENT.P_Safety_Smoke_Latched;
./диагностика/persist_usage.log:678:./repo_logs/assistant_bridge/2026_04_19/step_269b_snapshot_real_audit/snapshot_real_audit.log:35859:./repo_logs/assistant_bridge/2026_04_16/step_05_persistence_path_reconciliation/persistence_path_reconciliation.log:538:./snapshots/project_clean_state_2026_04_16/docs/assistant_bridge/nvram_REAL_latest.log:183:115:        GVL_STATE.G_Safety_Leak_Latched := GVL_PERSISTENT.P_Safety_Leak_Latched;
./диагностика/persist_usage.log:679:./repo_logs/assistant_bridge/2026_04_19/step_269b_snapshot_real_audit/snapshot_real_audit.log:35861:./repo_logs/assistant_bridge/2026_04_16/step_05_persistence_path_reconciliation/persistence_path_reconciliation.log:540:./snapshots/project_clean_state_2026_04_16/docs/assistant_bridge/nvram_REAL_latest.log:188:675:IF GVL_PERSISTENT.P_Safety_Gas_Latched THEN
./диагностика/persist_usage.log:680:./repo_logs/assistant_bridge/2026_04_19/step_269b_snapshot_real_audit/snapshot_real_audit.log:35862:./repo_logs/assistant_bridge/2026_04_16/step_05_persistence_path_reconciliation/persistence_path_reconciliation.log:541:./snapshots/project_clean_state_2026_04_16/docs/assistant_bridge/nvram_REAL_latest.log:189:680:IF GVL_PERSISTENT.P_Safety_Smoke_Latched THEN
./диагностика/persist_usage.log:681:./repo_logs/assistant_bridge/2026_04_19/step_269b_snapshot_real_audit/snapshot_real_audit.log:35863:./repo_logs/assistant_bridge/2026_04_16/step_05_persistence_path_reconciliation/persistence_path_reconciliation.log:542:./snapshots/project_clean_state_2026_04_16/docs/assistant_bridge/nvram_REAL_latest.log:190:685:IF GVL_PERSISTENT.P_Safety_Leak_Latched THEN
./диагностика/persist_usage.log:682:./repo_logs/assistant_bridge/2026_04_19/step_269b_snapshot_real_audit/snapshot_real_audit.log:35866:./repo_logs/assistant_bridge/2026_04_16/step_05_persistence_path_reconciliation/persistence_path_reconciliation.log:545:./snapshots/project_clean_state_2026_04_16/docs/assistant_bridge/nvram_REAL_latest.log:206:997:GVL_PERSISTENT.P_Safety_Gas_Latched := GVL_STATE.G_Safety_Gas_Latched;
./диагностика/persist_usage.log:683:./repo_logs/assistant_bridge/2026_04_19/step_269b_snapshot_real_audit/snapshot_real_audit.log:35867:./repo_logs/assistant_bridge/2026_04_16/step_05_persistence_path_reconciliation/persistence_path_reconciliation.log:546:./snapshots/project_clean_state_2026_04_16/docs/assistant_bridge/nvram_REAL_latest.log:207:998:GVL_PERSISTENT.P_Safety_Smoke_Latched := GVL_STATE.G_Safety_Smoke_Latched;
./диагностика/persist_usage.log:684:./repo_logs/assistant_bridge/2026_04_19/step_269b_snapshot_real_audit/snapshot_real_audit.log:35868:./repo_logs/assistant_bridge/2026_04_16/step_05_persistence_path_reconciliation/persistence_path_reconciliation.log:547:./snapshots/project_clean_state_2026_04_16/docs/assistant_bridge/nvram_REAL_latest.log:208:999:GVL_PERSISTENT.P_Safety_Leak_Latched := GVL_STATE.G_Safety_Leak_Latched;
./диагностика/persist_usage.log:688:./repo_logs/assistant_bridge/2026_04_19/step_269b_snapshot_real_audit/snapshot_real_audit.log:35878:./repo_logs/assistant_bridge/2026_04_16/step_05_persistence_path_reconciliation/persistence_path_reconciliation.log:594:./docs/assistant_bridge/nvram_REAL_latest.log:181:113:        GVL_STATE.G_Safety_Gas_Latched := GVL_PERSISTENT.P_Safety_Gas_Latched;
./диагностика/persist_usage.log:689:./repo_logs/assistant_bridge/2026_04_19/step_269b_snapshot_real_audit/snapshot_real_audit.log:35879:./repo_logs/assistant_bridge/2026_04_16/step_05_persistence_path_reconciliation/persistence_path_reconciliation.log:595:./docs/assistant_bridge/nvram_REAL_latest.log:182:114:        GVL_STATE.G_Safety_Smoke_Latched := GVL_PERSISTENT.P_Safety_Smoke_Latched;
./диагностика/persist_usage.log:690:./repo_logs/assistant_bridge/2026_04_19/step_269b_snapshot_real_audit/snapshot_real_audit.log:35880:./repo_logs/assistant_bridge/2026_04_16/step_05_persistence_path_reconciliation/persistence_path_reconciliation.log:596:./docs/assistant_bridge/nvram_REAL_latest.log:183:115:        GVL_STATE.G_Safety_Leak_Latched := GVL_PERSISTENT.P_Safety_Leak_Latched;
./диагностика/persist_usage.log:691:./repo_logs/assistant_bridge/2026_04_19/step_269b_snapshot_real_audit/snapshot_real_audit.log:35882:./repo_logs/assistant_bridge/2026_04_16/step_05_persistence_path_reconciliation/persistence_path_reconciliation.log:598:./docs/assistant_bridge/nvram_REAL_latest.log:188:675:IF GVL_PERSISTENT.P_Safety_Gas_Latched THEN
./диагностика/persist_usage.log:692:./repo_logs/assistant_bridge/2026_04_19/step_269b_snapshot_real_audit/snapshot_real_audit.log:35883:./repo_logs/assistant_bridge/2026_04_16/step_05_persistence_path_reconciliation/persistence_path_reconciliation.log:599:./docs/assistant_bridge/nvram_REAL_latest.log:189:680:IF GVL_PERSISTENT.P_Safety_Smoke_Latched THEN
./диагностика/persist_usage.log:693:./repo_logs/assistant_bridge/2026_04_19/step_269b_snapshot_real_audit/snapshot_real_audit.log:35884:./repo_logs/assistant_bridge/2026_04_16/step_05_persistence_path_reconciliation/persistence_path_reconciliation.log:600:./docs/assistant_bridge/nvram_REAL_latest.log:190:685:IF GVL_PERSISTENT.P_Safety_Leak_Latched THEN
./диагностика/persist_usage.log:694:./repo_logs/assistant_bridge/2026_04_19/step_269b_snapshot_real_audit/snapshot_real_audit.log:35887:./repo_logs/assistant_bridge/2026_04_16/step_05_persistence_path_reconciliation/persistence_path_reconciliation.log:603:./docs/assistant_bridge/nvram_REAL_latest.log:206:997:GVL_PERSISTENT.P_Safety_Gas_Latched := GVL_STATE.G_Safety_Gas_Latched;
./диагностика/persist_usage.log:695:./repo_logs/assistant_bridge/2026_04_19/step_269b_snapshot_real_audit/snapshot_real_audit.log:35888:./repo_logs/assistant_bridge/2026_04_16/step_05_persistence_path_reconciliation/persistence_path_reconciliation.log:604:./docs/assistant_bridge/nvram_REAL_latest.log:207:998:GVL_PERSISTENT.P_Safety_Smoke_Latched := GVL_STATE.G_Safety_Smoke_Latched;
./диагностика/persist_usage.log:696:./repo_logs/assistant_bridge/2026_04_19/step_269b_snapshot_real_audit/snapshot_real_audit.log:35889:./repo_logs/assistant_bridge/2026_04_16/step_05_persistence_path_reconciliation/persistence_path_reconciliation.log:605:./docs/assistant_bridge/nvram_REAL_latest.log:208:999:GVL_PERSISTENT.P_Safety_Leak_Latched := GVL_STATE.G_Safety_Leak_Latched;
./диагностика/persist_usage.log:697:./repo_logs/assistant_bridge/2026_04_19/step_269b_snapshot_real_audit/snapshot_real_audit.log:59455:./компилятор/out/RESULT_methods_clean.xml:20831:<data name="http://www.3s-software.com/plcopenxml/globalvars" handleUnknown="implementation"><globalVars name="GVL_PERSISTENT" retain="true"><variable name="P_System_Mode"><type><derived name="E_System_Operating_Mode" /></type></variable><variable name="P_Safety_Gas_Latched"><type><BOOL /></type></variable><variable name="P_Safety_Smoke_Latched"><type><BOOL /></type></variable><variable name="P_Safety_Leak_Latched"><type><BOOL /></type></variable><variable name="P_DHW_Heating_Active"><type><BOOL /></type></variable><variable name="P_Valid"><type><BOOL /></type></variable><addData><data name="http://www.3s-software.com/plcopenxml/objectid" handleUnknown="discard"><ObjectId>7b214a17-f321-40a2-914e-01bb84cca44e</ObjectId></data></addData></globalVars></data>
./диагностика/persist_usage.log:698:./repo_logs/assistant_bridge/2026_04_19/step_269b_snapshot_real_audit/snapshot_real_audit.log:60556:./repo_logs/assistant_bridge/2026_04_16/step_05_persistence_path_reconciliation/persistence_path_reconciliation.log:350:./компилятор/out/RESULT_methods_clean.xml:20089:<data name="http://www.3s-software.com/plcopenxml/globalvars" handleUnknown="implementation"><globalVars name="GVL_PERSISTENT" retain="true"><variable name="P_System_Mode"><type><derived name="E_System_Operating_Mode" /></type></variable><variable name="P_Safety_Gas_Latched"><type><BOOL /></type></variable><variable name="P_Safety_Smoke_Latched"><type><BOOL /></type></variable><variable name="P_Safety_Leak_Latched"><type><BOOL /></type></variable><variable name="P_DHW_Heating_Active"><type><BOOL /></type></variable><variable name="P_Valid"><type><BOOL /></type></variable><addData><data name="http://www.3s-software.com/plcopenxml/objectid" handleUnknown="discard"><ObjectId>5f00672b-cde1-4a17-9ba3-5e9a767b7e20</ObjectId></data></addData></globalVars></data>
./диагностика/persist_usage.log:699:./repo_logs/assistant_bridge/2026_04_19/step_269b_snapshot_real_audit/snapshot_real_audit.log:60557:./repo_logs/assistant_bridge/2026_04_16/step_05_persistence_path_reconciliation/persistence_path_reconciliation.log:501:./snapshots/project_clean_state_2026_04_16/компилятор/out/RESULT_methods_clean.xml:20086:<data name="http://www.3s-software.com/plcopenxml/globalvars" handleUnknown="implementation"><globalVars name="GVL_PERSISTENT" retain="true"><variable name="P_System_Mode"><type><derived name="E_System_Operating_Mode" /></type></variable><variable name="P_Safety_Gas_Latched"><type><BOOL /></type></variable><variable name="P_Safety_Smoke_Latched"><type><BOOL /></type></variable><variable name="P_Safety_Leak_Latched"><type><BOOL /></type></variable><variable name="P_DHW_Heating_Active"><type><BOOL /></type></variable><variable name="P_Valid"><type><BOOL /></type></variable><addData><data name="http://www.3s-software.com/plcopenxml/objectid" handleUnknown="discard"><ObjectId>a01760fc-f32a-4644-87c3-ab326656d6f4</ObjectId></data></addData></globalVars></data>
./диагностика/persist_usage.log:700:./repo_logs/assistant_bridge/2026_04_19/step_269b_snapshot_real_audit/snapshot_real_audit.log:60558:./repo_logs/assistant_bridge/2026_04_16/step_05_persistence_path_reconciliation/persistence_path_reconciliation.log:586:./snapshots/clean_build_2026_04_16/компилятор/out/RESULT_methods_clean.xml:20086:<data name="http://www.3s-software.com/plcopenxml/globalvars" handleUnknown="implementation"><globalVars name="GVL_PERSISTENT" retain="true"><variable name="P_System_Mode"><type><derived name="E_System_Operating_Mode" /></type></variable><variable name="P_Safety_Gas_Latched"><type><BOOL /></type></variable><variable name="P_Safety_Smoke_Latched"><type><BOOL /></type></variable><variable name="P_Safety_Leak_Latched"><type><BOOL /></type></variable><variable name="P_DHW_Heating_Active"><type><BOOL /></type></variable><variable name="P_Valid"><type><BOOL /></type></variable><addData><data name="http://www.3s-software.com/plcopenxml/objectid" handleUnknown="discard"><ObjectId>a01760fc-f32a-4644-87c3-ab326656d6f4</ObjectId></data></addData></globalVars></data>
./диагностика/persist_usage.log:701:./repo_logs/assistant_bridge/2026_04_19/step_269b_snapshot_real_audit/snapshot_real_audit.log:61962:./snapshots/project_clean_state_2026_04_16/компилятор/out/RESULT_methods_clean.xml:20086:<data name="http://www.3s-software.com/plcopenxml/globalvars" handleUnknown="implementation"><globalVars name="GVL_PERSISTENT" retain="true"><variable name="P_System_Mode"><type><derived name="E_System_Operating_Mode" /></type></variable><variable name="P_Safety_Gas_Latched"><type><BOOL /></type></variable><variable name="P_Safety_Smoke_Latched"><type><BOOL /></type></variable><variable name="P_Safety_Leak_Latched"><type><BOOL /></type></variable><variable name="P_DHW_Heating_Active"><type><BOOL /></type></variable><variable name="P_Valid"><type><BOOL /></type></variable><addData><data name="http://www.3s-software.com/plcopenxml/objectid" handleUnknown="discard"><ObjectId>a01760fc-f32a-4644-87c3-ab326656d6f4</ObjectId></data></addData></globalVars></data>
./диагностика/persist_usage.log:702:./repo_logs/assistant_bridge/2026_04_19/step_269b_snapshot_real_audit/snapshot_real_audit.log:62213:./snapshots/clean_build_2026_04_16/компилятор/out/RESULT_methods_clean.xml:20086:<data name="http://www.3s-software.com/plcopenxml/globalvars" handleUnknown="implementation"><globalVars name="GVL_PERSISTENT" retain="true"><variable name="P_System_Mode"><type><derived name="E_System_Operating_Mode" /></type></variable><variable name="P_Safety_Gas_Latched"><type><BOOL /></type></variable><variable name="P_Safety_Smoke_Latched"><type><BOOL /></type></variable><variable name="P_Safety_Leak_Latched"><type><BOOL /></type></variable><variable name="P_DHW_Heating_Active"><type><BOOL /></type></variable><variable name="P_Valid"><type><BOOL /></type></variable><addData><data name="http://www.3s-software.com/plcopenxml/objectid" handleUnknown="discard"><ObjectId>a01760fc-f32a-4644-87c3-ab326656d6f4</ObjectId></data></addData></globalVars></data>
./диагностика/persist_usage.log:703:./repo_logs/assistant_bridge/2026_04_19/step_269b_snapshot_real_audit/snapshot_real_audit.log:62619:        GVL_STATE.G_Safety_Gas_Latched := GVL_PERSISTENT.P_Safety_Gas_Latched;
./диагностика/persist_usage.log:704:./repo_logs/assistant_bridge/2026_04_19/step_269b_snapshot_real_audit/snapshot_real_audit.log:62620:        GVL_STATE.G_Safety_Smoke_Latched := GVL_PERSISTENT.P_Safety_Smoke_Latched;
./диагностика/persist_usage.log:705:./repo_logs/assistant_bridge/2026_04_19/step_269b_snapshot_real_audit/snapshot_real_audit.log:62621:        GVL_STATE.G_Safety_Leak_Latched := GVL_PERSISTENT.P_Safety_Leak_Latched;
./диагностика/persist_usage.log:706:./repo_logs/assistant_bridge/2026_04_17/step_141_142_repair_restore_persist_and_gateway_enum/repair_restore_persist_and_gateway_enum.log:46:116:        GVL_STATE.G_Safety_Gas_Latched := GVL_PERSISTENT.P_Safety_Gas_Latched;
./диагностика/persist_usage.log:707:./repo_logs/assistant_bridge/2026_04_17/step_141_142_repair_restore_persist_and_gateway_enum/repair_restore_persist_and_gateway_enum.log:47:117:        GVL_STATE.G_Safety_Smoke_Latched := GVL_PERSISTENT.P_Safety_Smoke_Latched;
./диагностика/persist_usage.log:708:./repo_logs/assistant_bridge/2026_04_17/step_141_142_repair_restore_persist_and_gateway_enum/repair_restore_persist_and_gateway_enum.log:48:118:        GVL_STATE.G_Safety_Leak_Latched := GVL_PERSISTENT.P_Safety_Leak_Latched;
./диагностика/persist_usage.log:709:./repo_logs/assistant_bridge/2026_04_17/step_141_142_repair_restore_persist_and_gateway_enum/repair_restore_persist_and_gateway_enum.log:115:1058:GVL_PERSISTENT.P_Safety_Gas_Latched := L_Persist_Struct.Safety_Gas_Latched;
./диагностика/persist_usage.log:710:./repo_logs/assistant_bridge/2026_04_17/step_141_142_repair_restore_persist_and_gateway_enum/repair_restore_persist_and_gateway_enum.log:116:1059:GVL_PERSISTENT.P_Safety_Smoke_Latched := L_Persist_Struct.Safety_Smoke_Latched;
./диагностика/persist_usage.log:711:./repo_logs/assistant_bridge/2026_04_17/step_141_142_repair_restore_persist_and_gateway_enum/repair_restore_persist_and_gateway_enum.log:117:1060:GVL_PERSISTENT.P_Safety_Leak_Latched := L_Persist_Struct.Safety_Leak_Latched;
./диагностика/persist_usage.log:712:./repo_logs/assistant_bridge/2026_04_16/step_05_persistence_path_reconciliation/persistence_path_reconciliation.log:303:GVL_PERSISTENT.gvl:7:    P_Safety_Gas_Latched : BOOL;
./диагностика/persist_usage.log:713:./repo_logs/assistant_bridge/2026_04_16/step_05_persistence_path_reconciliation/persistence_path_reconciliation.log:304:GVL_PERSISTENT.gvl:8:    P_Safety_Smoke_Latched : BOOL;
./диагностика/persist_usage.log:714:./repo_logs/assistant_bridge/2026_04_16/step_05_persistence_path_reconciliation/persistence_path_reconciliation.log:305:GVL_PERSISTENT.gvl:9:    P_Safety_Leak_Latched : BOOL;
./диагностика/persist_usage.log:715:./repo_logs/assistant_bridge/2026_04_16/step_05_persistence_path_reconciliation/persistence_path_reconciliation.log:311:PRG_System.st:113:        GVL_STATE.G_Safety_Gas_Latched := GVL_PERSISTENT.P_Safety_Gas_Latched;
./диагностика/persist_usage.log:716:./repo_logs/assistant_bridge/2026_04_16/step_05_persistence_path_reconciliation/persistence_path_reconciliation.log:312:PRG_System.st:114:        GVL_STATE.G_Safety_Smoke_Latched := GVL_PERSISTENT.P_Safety_Smoke_Latched;
./диагностика/persist_usage.log:717:./repo_logs/assistant_bridge/2026_04_16/step_05_persistence_path_reconciliation/persistence_path_reconciliation.log:313:PRG_System.st:115:        GVL_STATE.G_Safety_Leak_Latched := GVL_PERSISTENT.P_Safety_Leak_Latched;
./диагностика/persist_usage.log:718:./repo_logs/assistant_bridge/2026_04_16/step_05_persistence_path_reconciliation/persistence_path_reconciliation.log:316:PRG_System.st:675:IF GVL_PERSISTENT.P_Safety_Gas_Latched THEN
./диагностика/persist_usage.log:719:./repo_logs/assistant_bridge/2026_04_16/step_05_persistence_path_reconciliation/persistence_path_reconciliation.log:317:PRG_System.st:680:IF GVL_PERSISTENT.P_Safety_Smoke_Latched THEN
./диагностика/persist_usage.log:720:./repo_logs/assistant_bridge/2026_04_16/step_05_persistence_path_reconciliation/persistence_path_reconciliation.log:318:PRG_System.st:685:IF GVL_PERSISTENT.P_Safety_Leak_Latched THEN
./диагностика/persist_usage.log:721:./repo_logs/assistant_bridge/2026_04_16/step_05_persistence_path_reconciliation/persistence_path_reconciliation.log:321:PRG_System.st:997:GVL_PERSISTENT.P_Safety_Gas_Latched := GVL_STATE.G_Safety_Gas_Latched;
./диагностика/persist_usage.log:722:./repo_logs/assistant_bridge/2026_04_16/step_05_persistence_path_reconciliation/persistence_path_reconciliation.log:322:PRG_System.st:998:GVL_PERSISTENT.P_Safety_Smoke_Latched := GVL_STATE.G_Safety_Smoke_Latched;
./диагностика/persist_usage.log:723:./repo_logs/assistant_bridge/2026_04_16/step_05_persistence_path_reconciliation/persistence_path_reconciliation.log:323:PRG_System.st:999:GVL_PERSISTENT.P_Safety_Leak_Latched := GVL_STATE.G_Safety_Leak_Latched;
./диагностика/persist_usage.log:727:./repo_logs/assistant_bridge/2026_04_16/step_05_persistence_path_reconciliation/persistence_path_reconciliation.log:335:./компилятор/out/RESULT_methods_clean.xml:19106:        GVL_STATE.G_Safety_Gas_Latched := GVL_PERSISTENT.P_Safety_Gas_Latched;
./диагностика/persist_usage.log:728:./repo_logs/assistant_bridge/2026_04_16/step_05_persistence_path_reconciliation/persistence_path_reconciliation.log:336:./компилятор/out/RESULT_methods_clean.xml:19107:        GVL_STATE.G_Safety_Smoke_Latched := GVL_PERSISTENT.P_Safety_Smoke_Latched;
./диагностика/persist_usage.log:729:./repo_logs/assistant_bridge/2026_04_16/step_05_persistence_path_reconciliation/persistence_path_reconciliation.log:337:./компилятор/out/RESULT_methods_clean.xml:19108:        GVL_STATE.G_Safety_Leak_Latched := GVL_PERSISTENT.P_Safety_Leak_Latched;
./диагностика/persist_usage.log:730:./repo_logs/assistant_bridge/2026_04_16/step_05_persistence_path_reconciliation/persistence_path_reconciliation.log:340:./компилятор/out/RESULT_methods_clean.xml:19668:IF GVL_PERSISTENT.P_Safety_Gas_Latched THEN
./диагностика/persist_usage.log:731:./repo_logs/assistant_bridge/2026_04_16/step_05_persistence_path_reconciliation/persistence_path_reconciliation.log:341:./компилятор/out/RESULT_methods_clean.xml:19673:IF GVL_PERSISTENT.P_Safety_Smoke_Latched THEN
./диагностика/persist_usage.log:732:./repo_logs/assistant_bridge/2026_04_16/step_05_persistence_path_reconciliation/persistence_path_reconciliation.log:342:./компилятор/out/RESULT_methods_clean.xml:19678:IF GVL_PERSISTENT.P_Safety_Leak_Latched THEN
./диагностика/persist_usage.log:733:./repo_logs/assistant_bridge/2026_04_16/step_05_persistence_path_reconciliation/persistence_path_reconciliation.log:345:./компилятор/out/RESULT_methods_clean.xml:19990:GVL_PERSISTENT.P_Safety_Gas_Latched := GVL_STATE.G_Safety_Gas_Latched;
./диагностика/persist_usage.log:734:./repo_logs/assistant_bridge/2026_04_16/step_05_persistence_path_reconciliation/persistence_path_reconciliation.log:346:./компилятор/out/RESULT_methods_clean.xml:19991:GVL_PERSISTENT.P_Safety_Smoke_Latched := GVL_STATE.G_Safety_Smoke_Latched;
./диагностика/persist_usage.log:735:./repo_logs/assistant_bridge/2026_04_16/step_05_persistence_path_reconciliation/persistence_path_reconciliation.log:347:./компилятор/out/RESULT_methods_clean.xml:19992:GVL_PERSISTENT.P_Safety_Leak_Latched := GVL_STATE.G_Safety_Leak_Latched;
./диагностика/persist_usage.log:736:./repo_logs/assistant_bridge/2026_04_16/step_05_persistence_path_reconciliation/persistence_path_reconciliation.log:350:./компилятор/out/RESULT_methods_clean.xml:20089:<data name="http://www.3s-software.com/plcopenxml/globalvars" handleUnknown="implementation"><globalVars name="GVL_PERSISTENT" retain="true"><variable name="P_System_Mode"><type><derived name="E_System_Operating_Mode" /></type></variable><variable name="P_Safety_Gas_Latched"><type><BOOL /></type></variable><variable name="P_Safety_Smoke_Latched"><type><BOOL /></type></variable><variable name="P_Safety_Leak_Latched"><type><BOOL /></type></variable><variable name="P_DHW_Heating_Active"><type><BOOL /></type></variable><variable name="P_Valid"><type><BOOL /></type></variable><addData><data name="http://www.3s-software.com/plcopenxml/objectid" handleUnknown="discard"><ObjectId>5f00672b-cde1-4a17-9ba3-5e9a767b7e20</ObjectId></data></addData></globalVars></data>
./диагностика/persist_usage.log:740:./repo_logs/assistant_bridge/2026_04_16/step_05_persistence_path_reconciliation/persistence_path_reconciliation.log:358:./repo_logs/nvram/nvram_REAL_latest.log:181:113:        GVL_STATE.G_Safety_Gas_Latched := GVL_PERSISTENT.P_Safety_Gas_Latched;
./диагностика/persist_usage.log:741:./repo_logs/assistant_bridge/2026_04_16/step_05_persistence_path_reconciliation/persistence_path_reconciliation.log:359:./repo_logs/nvram/nvram_REAL_latest.log:182:114:        GVL_STATE.G_Safety_Smoke_Latched := GVL_PERSISTENT.P_Safety_Smoke_Latched;
./диагностика/persist_usage.log:742:./repo_logs/assistant_bridge/2026_04_16/step_05_persistence_path_reconciliation/persistence_path_reconciliation.log:360:./repo_logs/nvram/nvram_REAL_latest.log:183:115:        GVL_STATE.G_Safety_Leak_Latched := GVL_PERSISTENT.P_Safety_Leak_Latched;
./диагностика/persist_usage.log:743:./repo_logs/assistant_bridge/2026_04_16/step_05_persistence_path_reconciliation/persistence_path_reconciliation.log:362:./repo_logs/nvram/nvram_REAL_latest.log:188:675:IF GVL_PERSISTENT.P_Safety_Gas_Latched THEN
./диагностика/persist_usage.log:744:./repo_logs/assistant_bridge/2026_04_16/step_05_persistence_path_reconciliation/persistence_path_reconciliation.log:363:./repo_logs/nvram/nvram_REAL_latest.log:189:680:IF GVL_PERSISTENT.P_Safety_Smoke_Latched THEN
./диагностика/persist_usage.log:745:./repo_logs/assistant_bridge/2026_04_16/step_05_persistence_path_reconciliation/persistence_path_reconciliation.log:364:./repo_logs/nvram/nvram_REAL_latest.log:190:685:IF GVL_PERSISTENT.P_Safety_Leak_Latched THEN
./диагностика/persist_usage.log:746:./repo_logs/assistant_bridge/2026_04_16/step_05_persistence_path_reconciliation/persistence_path_reconciliation.log:367:./repo_logs/nvram/nvram_REAL_latest.log:206:997:GVL_PERSISTENT.P_Safety_Gas_Latched := GVL_STATE.G_Safety_Gas_Latched;
./диагностика/persist_usage.log:747:./repo_logs/assistant_bridge/2026_04_16/step_05_persistence_path_reconciliation/persistence_path_reconciliation.log:368:./repo_logs/nvram/nvram_REAL_latest.log:207:998:GVL_PERSISTENT.P_Safety_Smoke_Latched := GVL_STATE.G_Safety_Smoke_Latched;
./диагностика/persist_usage.log:748:./repo_logs/assistant_bridge/2026_04_16/step_05_persistence_path_reconciliation/persistence_path_reconciliation.log:369:./repo_logs/nvram/nvram_REAL_latest.log:208:999:GVL_PERSISTENT.P_Safety_Leak_Latched := GVL_STATE.G_Safety_Leak_Latched;
./диагностика/persist_usage.log:749:./repo_logs/assistant_bridge/2026_04_16/step_05_persistence_path_reconciliation/persistence_path_reconciliation.log:375:./repo_logs/nvram/2026_04_16/step_19_persist_write_precheck.log:116:        GVL_STATE.G_Safety_Gas_Latched := GVL_PERSISTENT.P_Safety_Gas_Latched;
./диагностика/persist_usage.log:750:./repo_logs/assistant_bridge/2026_04_16/step_05_persistence_path_reconciliation/persistence_path_reconciliation.log:376:./repo_logs/nvram/2026_04_16/step_19_persist_write_precheck.log:117:        GVL_STATE.G_Safety_Smoke_Latched := GVL_PERSISTENT.P_Safety_Smoke_Latched;
./диагностика/persist_usage.log:751:./repo_logs/assistant_bridge/2026_04_16/step_05_persistence_path_reconciliation/persistence_path_reconciliation.log:377:./repo_logs/nvram/2026_04_16/step_19_persist_write_precheck.log:118:        GVL_STATE.G_Safety_Leak_Latched := GVL_PERSISTENT.P_Safety_Leak_Latched;
./диагностика/persist_usage.log:755:./repo_logs/assistant_bridge/2026_04_16/step_05_persistence_path_reconciliation/persistence_path_reconciliation.log:390:./repo_logs/nvram/2026_04_16/step_19_persist_write_precheck.log:242:./docs/assistant_bridge/nvram_REAL_latest.log:181:113:        GVL_STATE.G_Safety_Gas_Latched := GVL_PERSISTENT.P_Safety_Gas_Latched;
./диагностика/persist_usage.log:756:./repo_logs/assistant_bridge/2026_04_16/step_05_persistence_path_reconciliation/persistence_path_reconciliation.log:391:./repo_logs/nvram/2026_04_16/step_19_persist_write_precheck.log:243:./docs/assistant_bridge/nvram_REAL_latest.log:182:114:        GVL_STATE.G_Safety_Smoke_Latched := GVL_PERSISTENT.P_Safety_Smoke_Latched;
./диагностика/persist_usage.log:757:./repo_logs/assistant_bridge/2026_04_16/step_05_persistence_path_reconciliation/persistence_path_reconciliation.log:392:./repo_logs/nvram/2026_04_16/step_19_persist_write_precheck.log:244:./docs/assistant_bridge/nvram_REAL_latest.log:183:115:        GVL_STATE.G_Safety_Leak_Latched := GVL_PERSISTENT.P_Safety_Leak_Latched;
./диагностика/persist_usage.log:758:./repo_logs/assistant_bridge/2026_04_16/step_05_persistence_path_reconciliation/persistence_path_reconciliation.log:394:./repo_logs/nvram/2026_04_16/step_19_persist_write_precheck.log:246:./docs/assistant_bridge/nvram_REAL_latest.log:188:675:IF GVL_PERSISTENT.P_Safety_Gas_Latched THEN
./диагностика/persist_usage.log:759:./repo_logs/assistant_bridge/2026_04_16/step_05_persistence_path_reconciliation/persistence_path_reconciliation.log:395:./repo_logs/nvram/2026_04_16/step_19_persist_write_precheck.log:247:./docs/assistant_bridge/nvram_REAL_latest.log:189:680:IF GVL_PERSISTENT.P_Safety_Smoke_Latched THEN
./диагностика/persist_usage.log:760:./repo_logs/assistant_bridge/2026_04_16/step_05_persistence_path_reconciliation/persistence_path_reconciliation.log:396:./repo_logs/nvram/2026_04_16/step_19_persist_write_precheck.log:248:./docs/assistant_bridge/nvram_REAL_latest.log:190:685:IF GVL_PERSISTENT.P_Safety_Leak_Latched THEN
./диагностика/persist_usage.log:761:./repo_logs/assistant_bridge/2026_04_16/step_05_persistence_path_reconciliation/persistence_path_reconciliation.log:399:./repo_logs/nvram/2026_04_16/step_19_persist_write_precheck.log:251:./docs/assistant_bridge/nvram_REAL_latest.log:206:997:GVL_PERSISTENT.P_Safety_Gas_Latched := GVL_STATE.G_Safety_Gas_Latched;
./диагностика/persist_usage.log:762:./repo_logs/assistant_bridge/2026_04_16/step_05_persistence_path_reconciliation/persistence_path_reconciliation.log:400:./repo_logs/nvram/2026_04_16/step_19_persist_write_precheck.log:252:./docs/assistant_bridge/nvram_REAL_latest.log:207:998:GVL_PERSISTENT.P_Safety_Smoke_Latched := GVL_STATE.G_Safety_Smoke_Latched;
./диагностика/persist_usage.log:763:./repo_logs/assistant_bridge/2026_04_16/step_05_persistence_path_reconciliation/persistence_path_reconciliation.log:401:./repo_logs/nvram/2026_04_16/step_19_persist_write_precheck.log:253:./docs/assistant_bridge/nvram_REAL_latest.log:208:999:GVL_PERSISTENT.P_Safety_Leak_Latched := GVL_STATE.G_Safety_Leak_Latched;
./диагностика/persist_usage.log:764:./repo_logs/assistant_bridge/2026_04_16/step_05_persistence_path_reconciliation/persistence_path_reconciliation.log:405:./repo_logs/nvram/2026_04_16/step_19_persist_write_precheck.log:257:./PRG_System.st:113:        GVL_STATE.G_Safety_Gas_Latched := GVL_PERSISTENT.P_Safety_Gas_Latched;
./диагностика/persist_usage.log:765:./repo_logs/assistant_bridge/2026_04_16/step_05_persistence_path_reconciliation/persistence_path_reconciliation.log:406:./repo_logs/nvram/2026_04_16/step_19_persist_write_precheck.log:258:./PRG_System.st:114:        GVL_STATE.G_Safety_Smoke_Latched := GVL_PERSISTENT.P_Safety_Smoke_Latched;
./диагностика/persist_usage.log:766:./repo_logs/assistant_bridge/2026_04_16/step_05_persistence_path_reconciliation/persistence_path_reconciliation.log:407:./repo_logs/nvram/2026_04_16/step_19_persist_write_precheck.log:259:./PRG_System.st:115:        GVL_STATE.G_Safety_Leak_Latched := GVL_PERSISTENT.P_Safety_Leak_Latched;
./диагностика/persist_usage.log:767:./repo_logs/assistant_bridge/2026_04_16/step_05_persistence_path_reconciliation/persistence_path_reconciliation.log:409:./repo_logs/nvram/2026_04_16/step_19_persist_write_precheck.log:261:./PRG_System.st:675:IF GVL_PERSISTENT.P_Safety_Gas_Latched THEN
./диагностика/persist_usage.log:768:./repo_logs/assistant_bridge/2026_04_16/step_05_persistence_path_reconciliation/persistence_path_reconciliation.log:410:./repo_logs/nvram/2026_04_16/step_19_persist_write_precheck.log:262:./PRG_System.st:680:IF GVL_PERSISTENT.P_Safety_Smoke_Latched THEN
./диагностика/persist_usage.log:769:./repo_logs/assistant_bridge/2026_04_16/step_05_persistence_path_reconciliation/persistence_path_reconciliation.log:411:./repo_logs/nvram/2026_04_16/step_19_persist_write_precheck.log:263:./PRG_System.st:685:IF GVL_PERSISTENT.P_Safety_Leak_Latched THEN
./диагностика/persist_usage.log:770:./repo_logs/assistant_bridge/2026_04_16/step_05_persistence_path_reconciliation/persistence_path_reconciliation.log:414:./repo_logs/nvram/2026_04_16/step_19_persist_write_precheck.log:266:./PRG_System.st:997:GVL_PERSISTENT.P_Safety_Gas_Latched := GVL_STATE.G_Safety_Gas_Latched;
./диагностика/persist_usage.log:771:./repo_logs/assistant_bridge/2026_04_16/step_05_persistence_path_reconciliation/persistence_path_reconciliation.log:415:./repo_logs/nvram/2026_04_16/step_19_persist_write_precheck.log:267:./PRG_System.st:998:GVL_PERSISTENT.P_Safety_Smoke_Latched := GVL_STATE.G_Safety_Smoke_Latched;
./диагностика/persist_usage.log:772:./repo_logs/assistant_bridge/2026_04_16/step_05_persistence_path_reconciliation/persistence_path_reconciliation.log:416:./repo_logs/nvram/2026_04_16/step_19_persist_write_precheck.log:268:./PRG_System.st:999:GVL_PERSISTENT.P_Safety_Leak_Latched := GVL_STATE.G_Safety_Leak_Latched;
./диагностика/persist_usage.log:773:./repo_logs/assistant_bridge/2026_04_16/step_05_persistence_path_reconciliation/persistence_path_reconciliation.log:422:./repo_logs/nvram/2026_04_16/step_17_startup_entry.log:2411:        GVL_STATE.G_Safety_Gas_Latched := GVL_PERSISTENT.P_Safety_Gas_Latched;
./диагностика/persist_usage.log:774:./repo_logs/assistant_bridge/2026_04_16/step_05_persistence_path_reconciliation/persistence_path_reconciliation.log:423:./repo_logs/nvram/2026_04_16/step_17_startup_entry.log:2412:        GVL_STATE.G_Safety_Smoke_Latched := GVL_PERSISTENT.P_Safety_Smoke_Latched;
./диагностика/persist_usage.log:775:./repo_logs/assistant_bridge/2026_04_16/step_05_persistence_path_reconciliation/persistence_path_reconciliation.log:424:./repo_logs/nvram/2026_04_16/step_17_startup_entry.log:2413:        GVL_STATE.G_Safety_Leak_Latched := GVL_PERSISTENT.P_Safety_Leak_Latched;
./диагностика/persist_usage.log:776:./repo_logs/assistant_bridge/2026_04_16/step_05_persistence_path_reconciliation/persistence_path_reconciliation.log:430:./repo_logs/nvram/2026_04_16/step_16_nvram_runtime_flow.log:814:        GVL_STATE.G_Safety_Gas_Latched := GVL_PERSISTENT.P_Safety_Gas_Latched;
./диагностика/persist_usage.log:777:./repo_logs/assistant_bridge/2026_04_16/step_05_persistence_path_reconciliation/persistence_path_reconciliation.log:431:./repo_logs/nvram/2026_04_16/step_16_nvram_runtime_flow.log:815:        GVL_STATE.G_Safety_Smoke_Latched := GVL_PERSISTENT.P_Safety_Smoke_Latched;
./диагностика/persist_usage.log:778:./repo_logs/assistant_bridge/2026_04_16/step_05_persistence_path_reconciliation/persistence_path_reconciliation.log:432:./repo_logs/nvram/2026_04_16/step_16_nvram_runtime_flow.log:816:        GVL_STATE.G_Safety_Leak_Latched := GVL_PERSISTENT.P_Safety_Leak_Latched;
./диагностика/persist_usage.log:779:./repo_logs/assistant_bridge/2026_04_16/step_05_persistence_path_reconciliation/persistence_path_reconciliation.log:438:./repo_logs/assistant_bridge/2026_04_16/step_02_nvram_topology/nvram_topology.log:96:PRG_System.st:113:        GVL_STATE.G_Safety_Gas_Latched := GVL_PERSISTENT.P_Safety_Gas_Latched;
./диагностика/persist_usage.log:780:./repo_logs/assistant_bridge/2026_04_16/step_05_persistence_path_reconciliation/persistence_path_reconciliation.log:439:./repo_logs/assistant_bridge/2026_04_16/step_02_nvram_topology/nvram_topology.log:97:PRG_System.st:114:        GVL_STATE.G_Safety_Smoke_Latched := GVL_PERSISTENT.P_Safety_Smoke_Latched;
./диагностика/persist_usage.log:781:./repo_logs/assistant_bridge/2026_04_16/step_05_persistence_path_reconciliation/persistence_path_reconciliation.log:440:./repo_logs/assistant_bridge/2026_04_16/step_02_nvram_topology/nvram_topology.log:98:PRG_System.st:115:        GVL_STATE.G_Safety_Leak_Latched := GVL_PERSISTENT.P_Safety_Leak_Latched;
./диагностика/persist_usage.log:782:./repo_logs/assistant_bridge/2026_04_16/step_05_persistence_path_reconciliation/persistence_path_reconciliation.log:443:./repo_logs/assistant_bridge/2026_04_16/step_02_nvram_topology/nvram_topology.log:110:PRG_System.st:675:IF GVL_PERSISTENT.P_Safety_Gas_Latched THEN
./диагностика/persist_usage.log:783:./repo_logs/assistant_bridge/2026_04_16/step_05_persistence_path_reconciliation/persistence_path_reconciliation.log:444:./repo_logs/assistant_bridge/2026_04_16/step_02_nvram_topology/nvram_topology.log:111:PRG_System.st:680:IF GVL_PERSISTENT.P_Safety_Smoke_Latched THEN
./диагностика/persist_usage.log:784:./repo_logs/assistant_bridge/2026_04_16/step_05_persistence_path_reconciliation/persistence_path_reconciliation.log:445:./repo_logs/assistant_bridge/2026_04_16/step_02_nvram_topology/nvram_topology.log:112:PRG_System.st:685:IF GVL_PERSISTENT.P_Safety_Leak_Latched THEN
./диагностика/persist_usage.log:785:./repo_logs/assistant_bridge/2026_04_16/step_05_persistence_path_reconciliation/persistence_path_reconciliation.log:448:./repo_logs/assistant_bridge/2026_04_16/step_02_nvram_topology/nvram_topology.log:144:PRG_System.st:997:GVL_PERSISTENT.P_Safety_Gas_Latched := GVL_STATE.G_Safety_Gas_Latched;
./диагностика/persist_usage.log:786:./repo_logs/assistant_bridge/2026_04_16/step_05_persistence_path_reconciliation/persistence_path_reconciliation.log:449:./repo_logs/assistant_bridge/2026_04_16/step_02_nvram_topology/nvram_topology.log:145:PRG_System.st:998:GVL_PERSISTENT.P_Safety_Smoke_Latched := GVL_STATE.G_Safety_Smoke_Latched;
./диагностика/persist_usage.log:787:./repo_logs/assistant_bridge/2026_04_16/step_05_persistence_path_reconciliation/persistence_path_reconciliation.log:450:./repo_logs/assistant_bridge/2026_04_16/step_02_nvram_topology/nvram_topology.log:146:PRG_System.st:999:GVL_PERSISTENT.P_Safety_Leak_Latched := GVL_STATE.G_Safety_Leak_Latched;
./диагностика/persist_usage.log:791:./repo_logs/assistant_bridge/2026_04_16/step_05_persistence_path_reconciliation/persistence_path_reconciliation.log:462:./repo_logs/assistant_bridge/2026_04_16/step_02_nvram_topology/nvram_topology.log:604:        GVL_STATE.G_Safety_Gas_Latched := GVL_PERSISTENT.P_Safety_Gas_Latched;
./диагностика/persist_usage.log:792:./repo_logs/assistant_bridge/2026_04_16/step_05_persistence_path_reconciliation/persistence_path_reconciliation.log:463:./repo_logs/assistant_bridge/2026_04_16/step_02_nvram_topology/nvram_topology.log:605:        GVL_STATE.G_Safety_Smoke_Latched := GVL_PERSISTENT.P_Safety_Smoke_Latched;
./диагностика/persist_usage.log:793:./repo_logs/assistant_bridge/2026_04_16/step_05_persistence_path_reconciliation/persistence_path_reconciliation.log:464:./repo_logs/assistant_bridge/2026_04_16/step_02_nvram_topology/nvram_topology.log:606:        GVL_STATE.G_Safety_Leak_Latched := GVL_PERSISTENT.P_Safety_Leak_Latched;
./диагностика/persist_usage.log:794:./repo_logs/assistant_bridge/2026_04_16/step_05_persistence_path_reconciliation/persistence_path_reconciliation.log:467:./repo_logs/assistant_bridge/2026_04_16/step_03_nvram_write_flow/nvram_write_flow.log:101:IF GVL_PERSISTENT.P_Safety_Gas_Latched THEN
./диагностика/persist_usage.log:795:./repo_logs/assistant_bridge/2026_04_16/step_05_persistence_path_reconciliation/persistence_path_reconciliation.log:468:./repo_logs/assistant_bridge/2026_04_16/step_03_nvram_write_flow/nvram_write_flow.log:106:IF GVL_PERSISTENT.P_Safety_Smoke_Latched THEN
./диагностика/persist_usage.log:796:./repo_logs/assistant_bridge/2026_04_16/step_05_persistence_path_reconciliation/persistence_path_reconciliation.log:469:./repo_logs/assistant_bridge/2026_04_16/step_03_nvram_write_flow/nvram_write_flow.log:111:IF GVL_PERSISTENT.P_Safety_Leak_Latched THEN
./диагностика/persist_usage.log:797:./repo_logs/assistant_bridge/2026_04_16/step_05_persistence_path_reconciliation/persistence_path_reconciliation.log:472:./repo_logs/assistant_bridge/2026_04_16/step_03_nvram_write_flow/nvram_write_flow.log:256:GVL_PERSISTENT.P_Safety_Gas_Latched := GVL_STATE.G_Safety_Gas_Latched;
./диагностика/persist_usage.log:798:./repo_logs/assistant_bridge/2026_04_16/step_05_persistence_path_reconciliation/persistence_path_reconciliation.log:473:./repo_logs/assistant_bridge/2026_04_16/step_03_nvram_write_flow/nvram_write_flow.log:257:GVL_PERSISTENT.P_Safety_Smoke_Latched := GVL_STATE.G_Safety_Smoke_Latched;
./диагностика/persist_usage.log:799:./repo_logs/assistant_bridge/2026_04_16/step_05_persistence_path_reconciliation/persistence_path_reconciliation.log:474:./repo_logs/assistant_bridge/2026_04_16/step_03_nvram_write_flow/nvram_write_flow.log:258:GVL_PERSISTENT.P_Safety_Leak_Latched := GVL_STATE.G_Safety_Leak_Latched;
./диагностика/persist_usage.log:800:./repo_logs/assistant_bridge/2026_04_16/step_05_persistence_path_reconciliation/persistence_path_reconciliation.log:478:./GVL_PERSISTENT.gvl:7:    P_Safety_Gas_Latched : BOOL;
./диагностика/persist_usage.log:801:./repo_logs/assistant_bridge/2026_04_16/step_05_persistence_path_reconciliation/persistence_path_reconciliation.log:479:./GVL_PERSISTENT.gvl:8:    P_Safety_Smoke_Latched : BOOL;
./диагностика/persist_usage.log:802:./repo_logs/assistant_bridge/2026_04_16/step_05_persistence_path_reconciliation/persistence_path_reconciliation.log:480:./GVL_PERSISTENT.gvl:9:    P_Safety_Leak_Latched : BOOL;
./диагностика/persist_usage.log:803:./repo_logs/assistant_bridge/2026_04_16/step_05_persistence_path_reconciliation/persistence_path_reconciliation.log:486:./snapshots/project_clean_state_2026_04_16/компилятор/out/RESULT_methods_clean.xml:19103:        GVL_STATE.G_Safety_Gas_Latched := GVL_PERSISTENT.P_Safety_Gas_Latched;
./диагностика/persist_usage.log:804:./repo_logs/assistant_bridge/2026_04_16/step_05_persistence_path_reconciliation/persistence_path_reconciliation.log:487:./snapshots/project_clean_state_2026_04_16/компилятор/out/RESULT_methods_clean.xml:19104:        GVL_STATE.G_Safety_Smoke_Latched := GVL_PERSISTENT.P_Safety_Smoke_Latched;
./диагностика/persist_usage.log:805:./repo_logs/assistant_bridge/2026_04_16/step_05_persistence_path_reconciliation/persistence_path_reconciliation.log:488:./snapshots/project_clean_state_2026_04_16/компилятор/out/RESULT_methods_clean.xml:19105:        GVL_STATE.G_Safety_Leak_Latched := GVL_PERSISTENT.P_Safety_Leak_Latched;
./диагностика/persist_usage.log:806:./repo_logs/assistant_bridge/2026_04_16/step_05_persistence_path_reconciliation/persistence_path_reconciliation.log:491:./snapshots/project_clean_state_2026_04_16/компилятор/out/RESULT_methods_clean.xml:19665:IF GVL_PERSISTENT.P_Safety_Gas_Latched THEN
./диагностика/persist_usage.log:807:./repo_logs/assistant_bridge/2026_04_16/step_05_persistence_path_reconciliation/persistence_path_reconciliation.log:492:./snapshots/project_clean_state_2026_04_16/компилятор/out/RESULT_methods_clean.xml:19670:IF GVL_PERSISTENT.P_Safety_Smoke_Latched THEN
./диагностика/persist_usage.log:808:./repo_logs/assistant_bridge/2026_04_16/step_05_persistence_path_reconciliation/persistence_path_reconciliation.log:493:./snapshots/project_clean_state_2026_04_16/компилятор/out/RESULT_methods_clean.xml:19675:IF GVL_PERSISTENT.P_Safety_Leak_Latched THEN
./диагностика/persist_usage.log:809:./repo_logs/assistant_bridge/2026_04_16/step_05_persistence_path_reconciliation/persistence_path_reconciliation.log:496:./snapshots/project_clean_state_2026_04_16/компилятор/out/RESULT_methods_clean.xml:19987:GVL_PERSISTENT.P_Safety_Gas_Latched := GVL_STATE.G_Safety_Gas_Latched;
./диагностика/persist_usage.log:810:./repo_logs/assistant_bridge/2026_04_16/step_05_persistence_path_reconciliation/persistence_path_reconciliation.log:497:./snapshots/project_clean_state_2026_04_16/компилятор/out/RESULT_methods_clean.xml:19988:GVL_PERSISTENT.P_Safety_Smoke_Latched := GVL_STATE.G_Safety_Smoke_Latched;
./диагностика/persist_usage.log:811:./repo_logs/assistant_bridge/2026_04_16/step_05_persistence_path_reconciliation/persistence_path_reconciliation.log:498:./snapshots/project_clean_state_2026_04_16/компилятор/out/RESULT_methods_clean.xml:19989:GVL_PERSISTENT.P_Safety_Leak_Latched := GVL_STATE.G_Safety_Leak_Latched;
./диагностика/persist_usage.log:812:./repo_logs/assistant_bridge/2026_04_16/step_05_persistence_path_reconciliation/persistence_path_reconciliation.log:501:./snapshots/project_clean_state_2026_04_16/компилятор/out/RESULT_methods_clean.xml:20086:<data name="http://www.3s-software.com/plcopenxml/globalvars" handleUnknown="implementation"><globalVars name="GVL_PERSISTENT" retain="true"><variable name="P_System_Mode"><type><derived name="E_System_Operating_Mode" /></type></variable><variable name="P_Safety_Gas_Latched"><type><BOOL /></type></variable><variable name="P_Safety_Smoke_Latched"><type><BOOL /></type></variable><variable name="P_Safety_Leak_Latched"><type><BOOL /></type></variable><variable name="P_DHW_Heating_Active"><type><BOOL /></type></variable><variable name="P_Valid"><type><BOOL /></type></variable><addData><data name="http://www.3s-software.com/plcopenxml/objectid" handleUnknown="discard"><ObjectId>a01760fc-f32a-4644-87c3-ab326656d6f4</ObjectId></data></addData></globalVars></data>
./диагностика/persist_usage.log:816:./repo_logs/assistant_bridge/2026_04_16/step_05_persistence_path_reconciliation/persistence_path_reconciliation.log:509:./snapshots/project_clean_state_2026_04_16/repo_logs/nvram/nvram_REAL_latest.log:181:113:        GVL_STATE.G_Safety_Gas_Latched := GVL_PERSISTENT.P_Safety_Gas_Latched;
./диагностика/persist_usage.log:817:./repo_logs/assistant_bridge/2026_04_16/step_05_persistence_path_reconciliation/persistence_path_reconciliation.log:510:./snapshots/project_clean_state_2026_04_16/repo_logs/nvram/nvram_REAL_latest.log:182:114:        GVL_STATE.G_Safety_Smoke_Latched := GVL_PERSISTENT.P_Safety_Smoke_Latched;
./диагностика/persist_usage.log:818:./repo_logs/assistant_bridge/2026_04_16/step_05_persistence_path_reconciliation/persistence_path_reconciliation.log:511:./snapshots/project_clean_state_2026_04_16/repo_logs/nvram/nvram_REAL_latest.log:183:115:        GVL_STATE.G_Safety_Leak_Latched := GVL_PERSISTENT.P_Safety_Leak_Latched;
./диагностика/persist_usage.log:819:./repo_logs/assistant_bridge/2026_04_16/step_05_persistence_path_reconciliation/persistence_path_reconciliation.log:513:./snapshots/project_clean_state_2026_04_16/repo_logs/nvram/nvram_REAL_latest.log:188:675:IF GVL_PERSISTENT.P_Safety_Gas_Latched THEN
./диагностика/persist_usage.log:820:./repo_logs/assistant_bridge/2026_04_16/step_05_persistence_path_reconciliation/persistence_path_reconciliation.log:514:./snapshots/project_clean_state_2026_04_16/repo_logs/nvram/nvram_REAL_latest.log:189:680:IF GVL_PERSISTENT.P_Safety_Smoke_Latched THEN
./диагностика/persist_usage.log:821:./repo_logs/assistant_bridge/2026_04_16/step_05_persistence_path_reconciliation/persistence_path_reconciliation.log:515:./snapshots/project_clean_state_2026_04_16/repo_logs/nvram/nvram_REAL_latest.log:190:685:IF GVL_PERSISTENT.P_Safety_Leak_Latched THEN
./диагностика/persist_usage.log:822:./repo_logs/assistant_bridge/2026_04_16/step_05_persistence_path_reconciliation/persistence_path_reconciliation.log:518:./snapshots/project_clean_state_2026_04_16/repo_logs/nvram/nvram_REAL_latest.log:206:997:GVL_PERSISTENT.P_Safety_Gas_Latched := GVL_STATE.G_Safety_Gas_Latched;
./диагностика/persist_usage.log:823:./repo_logs/assistant_bridge/2026_04_16/step_05_persistence_path_reconciliation/persistence_path_reconciliation.log:519:./snapshots/project_clean_state_2026_04_16/repo_logs/nvram/nvram_REAL_latest.log:207:998:GVL_PERSISTENT.P_Safety_Smoke_Latched := GVL_STATE.G_Safety_Smoke_Latched;
./диагностика/persist_usage.log:824:./repo_logs/assistant_bridge/2026_04_16/step_05_persistence_path_reconciliation/persistence_path_reconciliation.log:520:./snapshots/project_clean_state_2026_04_16/repo_logs/nvram/nvram_REAL_latest.log:208:999:GVL_PERSISTENT.P_Safety_Leak_Latched := GVL_STATE.G_Safety_Leak_Latched;
./диагностика/persist_usage.log:825:./repo_logs/assistant_bridge/2026_04_16/step_05_persistence_path_reconciliation/persistence_path_reconciliation.log:524:./snapshots/project_clean_state_2026_04_16/GVL_PERSISTENT.gvl:7:    P_Safety_Gas_Latched : BOOL;
./диагностика/persist_usage.log:826:./repo_logs/assistant_bridge/2026_04_16/step_05_persistence_path_reconciliation/persistence_path_reconciliation.log:525:./snapshots/project_clean_state_2026_04_16/GVL_PERSISTENT.gvl:8:    P_Safety_Smoke_Latched : BOOL;
./диагностика/persist_usage.log:827:./repo_logs/assistant_bridge/2026_04_16/step_05_persistence_path_reconciliation/persistence_path_reconciliation.log:526:./snapshots/project_clean_state_2026_04_16/GVL_PERSISTENT.gvl:9:    P_Safety_Leak_Latched : BOOL;
./диагностика/persist_usage.log:831:./repo_logs/assistant_bridge/2026_04_16/step_05_persistence_path_reconciliation/persistence_path_reconciliation.log:536:./snapshots/project_clean_state_2026_04_16/docs/assistant_bridge/nvram_REAL_latest.log:181:113:        GVL_STATE.G_Safety_Gas_Latched := GVL_PERSISTENT.P_Safety_Gas_Latched;
./диагностика/persist_usage.log:832:./repo_logs/assistant_bridge/2026_04_16/step_05_persistence_path_reconciliation/persistence_path_reconciliation.log:537:./snapshots/project_clean_state_2026_04_16/docs/assistant_bridge/nvram_REAL_latest.log:182:114:        GVL_STATE.G_Safety_Smoke_Latched := GVL_PERSISTENT.P_Safety_Smoke_Latched;
./диагностика/persist_usage.log:833:./repo_logs/assistant_bridge/2026_04_16/step_05_persistence_path_reconciliation/persistence_path_reconciliation.log:538:./snapshots/project_clean_state_2026_04_16/docs/assistant_bridge/nvram_REAL_latest.log:183:115:        GVL_STATE.G_Safety_Leak_Latched := GVL_PERSISTENT.P_Safety_Leak_Latched;
./диагностика/persist_usage.log:834:./repo_logs/assistant_bridge/2026_04_16/step_05_persistence_path_reconciliation/persistence_path_reconciliation.log:540:./snapshots/project_clean_state_2026_04_16/docs/assistant_bridge/nvram_REAL_latest.log:188:675:IF GVL_PERSISTENT.P_Safety_Gas_Latched THEN
./диагностика/persist_usage.log:835:./repo_logs/assistant_bridge/2026_04_16/step_05_persistence_path_reconciliation/persistence_path_reconciliation.log:541:./snapshots/project_clean_state_2026_04_16/docs/assistant_bridge/nvram_REAL_latest.log:189:680:IF GVL_PERSISTENT.P_Safety_Smoke_Latched THEN
./диагностика/persist_usage.log:836:./repo_logs/assistant_bridge/2026_04_16/step_05_persistence_path_reconciliation/persistence_path_reconciliation.log:542:./snapshots/project_clean_state_2026_04_16/docs/assistant_bridge/nvram_REAL_latest.log:190:685:IF GVL_PERSISTENT.P_Safety_Leak_Latched THEN
./диагностика/persist_usage.log:837:./repo_logs/assistant_bridge/2026_04_16/step_05_persistence_path_reconciliation/persistence_path_reconciliation.log:545:./snapshots/project_clean_state_2026_04_16/docs/assistant_bridge/nvram_REAL_latest.log:206:997:GVL_PERSISTENT.P_Safety_Gas_Latched := GVL_STATE.G_Safety_Gas_Latched;
./диагностика/persist_usage.log:838:./repo_logs/assistant_bridge/2026_04_16/step_05_persistence_path_reconciliation/persistence_path_reconciliation.log:546:./snapshots/project_clean_state_2026_04_16/docs/assistant_bridge/nvram_REAL_latest.log:207:998:GVL_PERSISTENT.P_Safety_Smoke_Latched := GVL_STATE.G_Safety_Smoke_Latched;
./диагностика/persist_usage.log:839:./repo_logs/assistant_bridge/2026_04_16/step_05_persistence_path_reconciliation/persistence_path_reconciliation.log:547:./snapshots/project_clean_state_2026_04_16/docs/assistant_bridge/nvram_REAL_latest.log:208:999:GVL_PERSISTENT.P_Safety_Leak_Latched := GVL_STATE.G_Safety_Leak_Latched;
./диагностика/persist_usage.log:840:./repo_logs/assistant_bridge/2026_04_16/step_05_persistence_path_reconciliation/persistence_path_reconciliation.log:553:./snapshots/project_clean_state_2026_04_16/PRG_System.st:113:        GVL_STATE.G_Safety_Gas_Latched := GVL_PERSISTENT.P_Safety_Gas_Latched;
./диагностика/persist_usage.log:841:./repo_logs/assistant_bridge/2026_04_16/step_05_persistence_path_reconciliation/persistence_path_reconciliation.log:554:./snapshots/project_clean_state_2026_04_16/PRG_System.st:114:        GVL_STATE.G_Safety_Smoke_Latched := GVL_PERSISTENT.P_Safety_Smoke_Latched;
./диагностика/persist_usage.log:842:./repo_logs/assistant_bridge/2026_04_16/step_05_persistence_path_reconciliation/persistence_path_reconciliation.log:555:./snapshots/project_clean_state_2026_04_16/PRG_System.st:115:        GVL_STATE.G_Safety_Leak_Latched := GVL_PERSISTENT.P_Safety_Leak_Latched;
./диагностика/persist_usage.log:843:./repo_logs/assistant_bridge/2026_04_16/step_05_persistence_path_reconciliation/persistence_path_reconciliation.log:558:./snapshots/project_clean_state_2026_04_16/PRG_System.st:675:IF GVL_PERSISTENT.P_Safety_Gas_Latched THEN
./диагностика/persist_usage.log:844:./repo_logs/assistant_bridge/2026_04_16/step_05_persistence_path_reconciliation/persistence_path_reconciliation.log:559:./snapshots/project_clean_state_2026_04_16/PRG_System.st:680:IF GVL_PERSISTENT.P_Safety_Smoke_Latched THEN
./диагностика/persist_usage.log:845:./repo_logs/assistant_bridge/2026_04_16/step_05_persistence_path_reconciliation/persistence_path_reconciliation.log:560:./snapshots/project_clean_state_2026_04_16/PRG_System.st:685:IF GVL_PERSISTENT.P_Safety_Leak_Latched THEN
./диагностика/persist_usage.log:846:./repo_logs/assistant_bridge/2026_04_16/step_05_persistence_path_reconciliation/persistence_path_reconciliation.log:563:./snapshots/project_clean_state_2026_04_16/PRG_System.st:997:GVL_PERSISTENT.P_Safety_Gas_Latched := GVL_STATE.G_Safety_Gas_Latched;
./диагностика/persist_usage.log:847:./repo_logs/assistant_bridge/2026_04_16/step_05_persistence_path_reconciliation/persistence_path_reconciliation.log:564:./snapshots/project_clean_state_2026_04_16/PRG_System.st:998:GVL_PERSISTENT.P_Safety_Smoke_Latched := GVL_STATE.G_Safety_Smoke_Latched;
./диагностика/persist_usage.log:848:./repo_logs/assistant_bridge/2026_04_16/step_05_persistence_path_reconciliation/persistence_path_reconciliation.log:565:./snapshots/project_clean_state_2026_04_16/PRG_System.st:999:GVL_PERSISTENT.P_Safety_Leak_Latched := GVL_STATE.G_Safety_Leak_Latched;
./диагностика/persist_usage.log:849:./repo_logs/assistant_bridge/2026_04_16/step_05_persistence_path_reconciliation/persistence_path_reconciliation.log:571:./snapshots/clean_build_2026_04_16/компилятор/out/RESULT_methods_clean.xml:19103:        GVL_STATE.G_Safety_Gas_Latched := GVL_PERSISTENT.P_Safety_Gas_Latched;
./диагностика/persist_usage.log:850:./repo_logs/assistant_bridge/2026_04_16/step_05_persistence_path_reconciliation/persistence_path_reconciliation.log:572:./snapshots/clean_build_2026_04_16/компилятор/out/RESULT_methods_clean.xml:19104:        GVL_STATE.G_Safety_Smoke_Latched := GVL_PERSISTENT.P_Safety_Smoke_Latched;
./диагностика/persist_usage.log:851:./repo_logs/assistant_bridge/2026_04_16/step_05_persistence_path_reconciliation/persistence_path_reconciliation.log:573:./snapshots/clean_build_2026_04_16/компилятор/out/RESULT_methods_clean.xml:19105:        GVL_STATE.G_Safety_Leak_Latched := GVL_PERSISTENT.P_Safety_Leak_Latched;
./диагностика/persist_usage.log:852:./repo_logs/assistant_bridge/2026_04_16/step_05_persistence_path_reconciliation/persistence_path_reconciliation.log:576:./snapshots/clean_build_2026_04_16/компилятор/out/RESULT_methods_clean.xml:19665:IF GVL_PERSISTENT.P_Safety_Gas_Latched THEN
./диагностика/persist_usage.log:853:./repo_logs/assistant_bridge/2026_04_16/step_05_persistence_path_reconciliation/persistence_path_reconciliation.log:577:./snapshots/clean_build_2026_04_16/компилятор/out/RESULT_methods_clean.xml:19670:IF GVL_PERSISTENT.P_Safety_Smoke_Latched THEN
./диагностика/persist_usage.log:854:./repo_logs/assistant_bridge/2026_04_16/step_05_persistence_path_reconciliation/persistence_path_reconciliation.log:578:./snapshots/clean_build_2026_04_16/компилятор/out/RESULT_methods_clean.xml:19675:IF GVL_PERSISTENT.P_Safety_Leak_Latched THEN
./диагностика/persist_usage.log:855:./repo_logs/assistant_bridge/2026_04_16/step_05_persistence_path_reconciliation/persistence_path_reconciliation.log:581:./snapshots/clean_build_2026_04_16/компилятор/out/RESULT_methods_clean.xml:19987:GVL_PERSISTENT.P_Safety_Gas_Latched := GVL_STATE.G_Safety_Gas_Latched;
./диагностика/persist_usage.log:856:./repo_logs/assistant_bridge/2026_04_16/step_05_persistence_path_reconciliation/persistence_path_reconciliation.log:582:./snapshots/clean_build_2026_04_16/компилятор/out/RESULT_methods_clean.xml:19988:GVL_PERSISTENT.P_Safety_Smoke_Latched := GVL_STATE.G_Safety_Smoke_Latched;
./диагностика/persist_usage.log:857:./repo_logs/assistant_bridge/2026_04_16/step_05_persistence_path_reconciliation/persistence_path_reconciliation.log:583:./snapshots/clean_build_2026_04_16/компилятор/out/RESULT_methods_clean.xml:19989:GVL_PERSISTENT.P_Safety_Leak_Latched := GVL_STATE.G_Safety_Leak_Latched;
./диагностика/persist_usage.log:858:./repo_logs/assistant_bridge/2026_04_16/step_05_persistence_path_reconciliation/persistence_path_reconciliation.log:586:./snapshots/clean_build_2026_04_16/компилятор/out/RESULT_methods_clean.xml:20086:<data name="http://www.3s-software.com/plcopenxml/globalvars" handleUnknown="implementation"><globalVars name="GVL_PERSISTENT" retain="true"><variable name="P_System_Mode"><type><derived name="E_System_Operating_Mode" /></type></variable><variable name="P_Safety_Gas_Latched"><type><BOOL /></type></variable><variable name="P_Safety_Smoke_Latched"><type><BOOL /></type></variable><variable name="P_Safety_Leak_Latched"><type><BOOL /></type></variable><variable name="P_DHW_Heating_Active"><type><BOOL /></type></variable><variable name="P_Valid"><type><BOOL /></type></variable><addData><data name="http://www.3s-software.com/plcopenxml/objectid" handleUnknown="discard"><ObjectId>a01760fc-f32a-4644-87c3-ab326656d6f4</ObjectId></data></addData></globalVars></data>
./диагностика/persist_usage.log:862:./repo_logs/assistant_bridge/2026_04_16/step_05_persistence_path_reconciliation/persistence_path_reconciliation.log:594:./docs/assistant_bridge/nvram_REAL_latest.log:181:113:        GVL_STATE.G_Safety_Gas_Latched := GVL_PERSISTENT.P_Safety_Gas_Latched;
./диагностика/persist_usage.log:863:./repo_logs/assistant_bridge/2026_04_16/step_05_persistence_path_reconciliation/persistence_path_reconciliation.log:595:./docs/assistant_bridge/nvram_REAL_latest.log:182:114:        GVL_STATE.G_Safety_Smoke_Latched := GVL_PERSISTENT.P_Safety_Smoke_Latched;
./диагностика/persist_usage.log:864:./repo_logs/assistant_bridge/2026_04_16/step_05_persistence_path_reconciliation/persistence_path_reconciliation.log:596:./docs/assistant_bridge/nvram_REAL_latest.log:183:115:        GVL_STATE.G_Safety_Leak_Latched := GVL_PERSISTENT.P_Safety_Leak_Latched;
./диагностика/persist_usage.log:865:./repo_logs/assistant_bridge/2026_04_16/step_05_persistence_path_reconciliation/persistence_path_reconciliation.log:598:./docs/assistant_bridge/nvram_REAL_latest.log:188:675:IF GVL_PERSISTENT.P_Safety_Gas_Latched THEN
./диагностика/persist_usage.log:866:./repo_logs/assistant_bridge/2026_04_16/step_05_persistence_path_reconciliation/persistence_path_reconciliation.log:599:./docs/assistant_bridge/nvram_REAL_latest.log:189:680:IF GVL_PERSISTENT.P_Safety_Smoke_Latched THEN
./диагностика/persist_usage.log:867:./repo_logs/assistant_bridge/2026_04_16/step_05_persistence_path_reconciliation/persistence_path_reconciliation.log:600:./docs/assistant_bridge/nvram_REAL_latest.log:190:685:IF GVL_PERSISTENT.P_Safety_Leak_Latched THEN
./диагностика/persist_usage.log:868:./repo_logs/assistant_bridge/2026_04_16/step_05_persistence_path_reconciliation/persistence_path_reconciliation.log:603:./docs/assistant_bridge/nvram_REAL_latest.log:206:997:GVL_PERSISTENT.P_Safety_Gas_Latched := GVL_STATE.G_Safety_Gas_Latched;
./диагностика/persist_usage.log:869:./repo_logs/assistant_bridge/2026_04_16/step_05_persistence_path_reconciliation/persistence_path_reconciliation.log:604:./docs/assistant_bridge/nvram_REAL_latest.log:207:998:GVL_PERSISTENT.P_Safety_Smoke_Latched := GVL_STATE.G_Safety_Smoke_Latched;
./диагностика/persist_usage.log:870:./repo_logs/assistant_bridge/2026_04_16/step_05_persistence_path_reconciliation/persistence_path_reconciliation.log:605:./docs/assistant_bridge/nvram_REAL_latest.log:208:999:GVL_PERSISTENT.P_Safety_Leak_Latched := GVL_STATE.G_Safety_Leak_Latched;
./диагностика/persist_usage.log:871:./repo_logs/assistant_bridge/2026_04_16/step_05_persistence_path_reconciliation/persistence_path_reconciliation.log:611:./PRG_System.st:113:        GVL_STATE.G_Safety_Gas_Latched := GVL_PERSISTENT.P_Safety_Gas_Latched;
./диагностика/persist_usage.log:872:./repo_logs/assistant_bridge/2026_04_16/step_05_persistence_path_reconciliation/persistence_path_reconciliation.log:612:./PRG_System.st:114:        GVL_STATE.G_Safety_Smoke_Latched := GVL_PERSISTENT.P_Safety_Smoke_Latched;
./диагностика/persist_usage.log:873:./repo_logs/assistant_bridge/2026_04_16/step_05_persistence_path_reconciliation/persistence_path_reconciliation.log:613:./PRG_System.st:115:        GVL_STATE.G_Safety_Leak_Latched := GVL_PERSISTENT.P_Safety_Leak_Latched;
./диагностика/persist_usage.log:874:./repo_logs/assistant_bridge/2026_04_16/step_05_persistence_path_reconciliation/persistence_path_reconciliation.log:616:./PRG_System.st:675:IF GVL_PERSISTENT.P_Safety_Gas_Latched THEN
./диагностика/persist_usage.log:875:./repo_logs/assistant_bridge/2026_04_16/step_05_persistence_path_reconciliation/persistence_path_reconciliation.log:617:./PRG_System.st:680:IF GVL_PERSISTENT.P_Safety_Smoke_Latched THEN
./диагностика/persist_usage.log:876:./repo_logs/assistant_bridge/2026_04_16/step_05_persistence_path_reconciliation/persistence_path_reconciliation.log:618:./PRG_System.st:685:IF GVL_PERSISTENT.P_Safety_Leak_Latched THEN
./диагностика/persist_usage.log:877:./repo_logs/assistant_bridge/2026_04_16/step_05_persistence_path_reconciliation/persistence_path_reconciliation.log:621:./PRG_System.st:997:GVL_PERSISTENT.P_Safety_Gas_Latched := GVL_STATE.G_Safety_Gas_Latched;
./диагностика/persist_usage.log:878:./repo_logs/assistant_bridge/2026_04_16/step_05_persistence_path_reconciliation/persistence_path_reconciliation.log:622:./PRG_System.st:998:GVL_PERSISTENT.P_Safety_Smoke_Latched := GVL_STATE.G_Safety_Smoke_Latched;
./диагностика/persist_usage.log:879:./repo_logs/assistant_bridge/2026_04_16/step_05_persistence_path_reconciliation/persistence_path_reconciliation.log:623:./PRG_System.st:999:GVL_PERSISTENT.P_Safety_Leak_Latched := GVL_STATE.G_Safety_Leak_Latched;
./диагностика/persist_usage.log:880:./repo_logs/assistant_bridge/2026_04_16/step_05_persistence_path_reconciliation/persistence_path_reconciliation.log:1494:        GVL_STATE.G_Safety_Gas_Latched := GVL_PERSISTENT.P_Safety_Gas_Latched;
./диагностика/persist_usage.log:881:./repo_logs/assistant_bridge/2026_04_16/step_05_persistence_path_reconciliation/persistence_path_reconciliation.log:1495:        GVL_STATE.G_Safety_Smoke_Latched := GVL_PERSISTENT.P_Safety_Smoke_Latched;
./диагностика/persist_usage.log:882:./repo_logs/assistant_bridge/2026_04_16/step_05_persistence_path_reconciliation/persistence_path_reconciliation.log:1496:        GVL_STATE.G_Safety_Leak_Latched := GVL_PERSISTENT.P_Safety_Leak_Latched;
./диагностика/persist_usage.log:883:./repo_logs/assistant_bridge/2026_04_16/step_14_nvram_final_state/nvram_final_state.log:57:PRG_System.st:1002:GVL_PERSISTENT.P_Safety_Gas_Latched := L_Persist_Struct.Safety_Gas_Latched;
./диагностика/persist_usage.log:884:./repo_logs/assistant_bridge/2026_04_16/step_14_nvram_final_state/nvram_final_state.log:58:PRG_System.st:1003:GVL_PERSISTENT.P_Safety_Smoke_Latched := L_Persist_Struct.Safety_Smoke_Latched;
./диагностика/persist_usage.log:885:./repo_logs/assistant_bridge/2026_04_16/step_14_nvram_final_state/nvram_final_state.log:59:PRG_System.st:1004:GVL_PERSISTENT.P_Safety_Leak_Latched := L_Persist_Struct.Safety_Leak_Latched;
./диагностика/persist_usage.log:886:./repo_logs/assistant_bridge/2026_04_16/step_14_nvram_final_state/nvram_final_state.log:146:GVL_PERSISTENT.P_Safety_Gas_Latched := L_Persist_Struct.Safety_Gas_Latched;
./диагностика/persist_usage.log:887:./repo_logs/assistant_bridge/2026_04_16/step_14_nvram_final_state/nvram_final_state.log:147:GVL_PERSISTENT.P_Safety_Smoke_Latched := L_Persist_Struct.Safety_Smoke_Latched;
./диагностика/persist_usage.log:888:./repo_logs/assistant_bridge/2026_04_16/step_14_nvram_final_state/nvram_final_state.log:148:GVL_PERSISTENT.P_Safety_Leak_Latched := L_Persist_Struct.Safety_Leak_Latched;
./диагностика/persist_usage.log:889:./repo_logs/assistant_bridge/2026_04_16/step_33_prg_system_final_audit/prg_system_final_audit.log:59:1043:GVL_PERSISTENT.P_Safety_Gas_Latched := L_Persist_Struct.Safety_Gas_Latched;
./диагностика/persist_usage.log:890:./repo_logs/assistant_bridge/2026_04_16/step_33_prg_system_final_audit/prg_system_final_audit.log:60:1044:GVL_PERSISTENT.P_Safety_Smoke_Latched := L_Persist_Struct.Safety_Smoke_Latched;
./диагностика/persist_usage.log:891:./repo_logs/assistant_bridge/2026_04_16/step_33_prg_system_final_audit/prg_system_final_audit.log:61:1045:GVL_PERSISTENT.P_Safety_Leak_Latched := L_Persist_Struct.Safety_Leak_Latched;
./диагностика/persist_usage.log:892:./repo_logs/assistant_bridge/2026_04_16/step_17_unify_scenario_event_source_fixed/unify_scenario_event_source_fixed.log:47:GVL_PERSISTENT.P_Safety_Gas_Latched := L_Persist_Struct.Safety_Gas_Latched;
./диагностика/persist_usage.log:893:./repo_logs/assistant_bridge/2026_04_16/step_17_unify_scenario_event_source_fixed/unify_scenario_event_source_fixed.log:48:GVL_PERSISTENT.P_Safety_Smoke_Latched := L_Persist_Struct.Safety_Smoke_Latched;
./диагностика/persist_usage.log:894:./repo_logs/assistant_bridge/2026_04_16/step_17_unify_scenario_event_source_fixed/unify_scenario_event_source_fixed.log:49:GVL_PERSISTENT.P_Safety_Leak_Latched := L_Persist_Struct.Safety_Leak_Latched;
./диагностика/persist_usage.log:895:./repo_logs/assistant_bridge/2026_04_16/step_10_define_persist_struct_contract/define_persist_struct_contract.log:28:GVL_PERSISTENT.gvl:7:    P_Safety_Gas_Latched : BOOL;
./диагностика/persist_usage.log:896:./repo_logs/assistant_bridge/2026_04_16/step_10_define_persist_struct_contract/define_persist_struct_contract.log:29:GVL_PERSISTENT.gvl:8:    P_Safety_Smoke_Latched : BOOL;
./диагностика/persist_usage.log:897:./repo_logs/assistant_bridge/2026_04_16/step_10_define_persist_struct_contract/define_persist_struct_contract.log:30:GVL_PERSISTENT.gvl:9:    P_Safety_Leak_Latched : BOOL;
./диагностика/persist_usage.log:898:./repo_logs/assistant_bridge/2026_04_16/step_10_define_persist_struct_contract/define_persist_struct_contract.log:32:PRG_System.st:112:        GVL_STATE.G_Safety_Gas_Latched := GVL_PERSISTENT.P_Safety_Gas_Latched;
./диагностика/persist_usage.log:899:./repo_logs/assistant_bridge/2026_04_16/step_10_define_persist_struct_contract/define_persist_struct_contract.log:33:PRG_System.st:113:        GVL_STATE.G_Safety_Smoke_Latched := GVL_PERSISTENT.P_Safety_Smoke_Latched;
./диагностика/persist_usage.log:900:./repo_logs/assistant_bridge/2026_04_16/step_10_define_persist_struct_contract/define_persist_struct_contract.log:34:PRG_System.st:114:        GVL_STATE.G_Safety_Leak_Latched := GVL_PERSISTENT.P_Safety_Leak_Latched;
./диагностика/persist_usage.log:901:./repo_logs/assistant_bridge/2026_04_16/step_10_define_persist_struct_contract/define_persist_struct_contract.log:36:PRG_System.st:674:IF GVL_PERSISTENT.P_Safety_Gas_Latched THEN
./диагностика/persist_usage.log:902:./repo_logs/assistant_bridge/2026_04_16/step_10_define_persist_struct_contract/define_persist_struct_contract.log:37:PRG_System.st:679:IF GVL_PERSISTENT.P_Safety_Smoke_Latched THEN
./диагностика/persist_usage.log:903:./repo_logs/assistant_bridge/2026_04_16/step_10_define_persist_struct_contract/define_persist_struct_contract.log:38:PRG_System.st:684:IF GVL_PERSISTENT.P_Safety_Leak_Latched THEN
./диагностика/persist_usage.log:904:./repo_logs/assistant_bridge/2026_04_16/step_10_define_persist_struct_contract/define_persist_struct_contract.log:41:PRG_System.st:991:GVL_PERSISTENT.P_Safety_Gas_Latched := GVL_STATE.G_Safety_Gas_Latched;
./диагностика/persist_usage.log:905:./repo_logs/assistant_bridge/2026_04_16/step_10_define_persist_struct_contract/define_persist_struct_contract.log:42:PRG_System.st:992:GVL_PERSISTENT.P_Safety_Smoke_Latched := GVL_STATE.G_Safety_Smoke_Latched;
./диагностика/persist_usage.log:906:./repo_logs/assistant_bridge/2026_04_16/step_10_define_persist_struct_contract/define_persist_struct_contract.log:43:PRG_System.st:993:GVL_PERSISTENT.P_Safety_Leak_Latched := GVL_STATE.G_Safety_Leak_Latched;
./диагностика/persist_usage.log:907:./repo_logs/assistant_bridge/2026_04_16/step_02_nvram_topology/nvram_topology.log:96:PRG_System.st:113:        GVL_STATE.G_Safety_Gas_Latched := GVL_PERSISTENT.P_Safety_Gas_Latched;
./диагностика/persist_usage.log:908:./repo_logs/assistant_bridge/2026_04_16/step_02_nvram_topology/nvram_topology.log:97:PRG_System.st:114:        GVL_STATE.G_Safety_Smoke_Latched := GVL_PERSISTENT.P_Safety_Smoke_Latched;
./диагностика/persist_usage.log:909:./repo_logs/assistant_bridge/2026_04_16/step_02_nvram_topology/nvram_topology.log:98:PRG_System.st:115:        GVL_STATE.G_Safety_Leak_Latched := GVL_PERSISTENT.P_Safety_Leak_Latched;
./диагностика/persist_usage.log:910:./repo_logs/assistant_bridge/2026_04_16/step_02_nvram_topology/nvram_topology.log:110:PRG_System.st:675:IF GVL_PERSISTENT.P_Safety_Gas_Latched THEN
./диагностика/persist_usage.log:911:./repo_logs/assistant_bridge/2026_04_16/step_02_nvram_topology/nvram_topology.log:111:PRG_System.st:680:IF GVL_PERSISTENT.P_Safety_Smoke_Latched THEN
./диагностика/persist_usage.log:912:./repo_logs/assistant_bridge/2026_04_16/step_02_nvram_topology/nvram_topology.log:112:PRG_System.st:685:IF GVL_PERSISTENT.P_Safety_Leak_Latched THEN
./диагностика/persist_usage.log:913:./repo_logs/assistant_bridge/2026_04_16/step_02_nvram_topology/nvram_topology.log:144:PRG_System.st:997:GVL_PERSISTENT.P_Safety_Gas_Latched := GVL_STATE.G_Safety_Gas_Latched;
./диагностика/persist_usage.log:914:./repo_logs/assistant_bridge/2026_04_16/step_02_nvram_topology/nvram_topology.log:145:PRG_System.st:998:GVL_PERSISTENT.P_Safety_Smoke_Latched := GVL_STATE.G_Safety_Smoke_Latched;
./диагностика/persist_usage.log:915:./repo_logs/assistant_bridge/2026_04_16/step_02_nvram_topology/nvram_topology.log:146:PRG_System.st:999:GVL_PERSISTENT.P_Safety_Leak_Latched := GVL_STATE.G_Safety_Leak_Latched;
./диагностика/persist_usage.log:919:./repo_logs/assistant_bridge/2026_04_16/step_02_nvram_topology/nvram_topology.log:604:        GVL_STATE.G_Safety_Gas_Latched := GVL_PERSISTENT.P_Safety_Gas_Latched;
./диагностика/persist_usage.log:920:./repo_logs/assistant_bridge/2026_04_16/step_02_nvram_topology/nvram_topology.log:605:        GVL_STATE.G_Safety_Smoke_Latched := GVL_PERSISTENT.P_Safety_Smoke_Latched;
./диагностика/persist_usage.log:921:./repo_logs/assistant_bridge/2026_04_16/step_02_nvram_topology/nvram_topology.log:606:        GVL_STATE.G_Safety_Leak_Latched := GVL_PERSISTENT.P_Safety_Leak_Latched;
./диагностика/persist_usage.log:922:./repo_logs/assistant_bridge/2026_04_16/step_03_nvram_write_flow/nvram_write_flow.log:101:IF GVL_PERSISTENT.P_Safety_Gas_Latched THEN
./диагностика/persist_usage.log:923:./repo_logs/assistant_bridge/2026_04_16/step_03_nvram_write_flow/nvram_write_flow.log:106:IF GVL_PERSISTENT.P_Safety_Smoke_Latched THEN
./диагностика/persist_usage.log:924:./repo_logs/assistant_bridge/2026_04_16/step_03_nvram_write_flow/nvram_write_flow.log:111:IF GVL_PERSISTENT.P_Safety_Leak_Latched THEN
./диагностика/persist_usage.log:925:./repo_logs/assistant_bridge/2026_04_16/step_03_nvram_write_flow/nvram_write_flow.log:256:GVL_PERSISTENT.P_Safety_Gas_Latched := GVL_STATE.G_Safety_Gas_Latched;
./диагностика/persist_usage.log:926:./repo_logs/assistant_bridge/2026_04_16/step_03_nvram_write_flow/nvram_write_flow.log:257:GVL_PERSISTENT.P_Safety_Smoke_Latched := GVL_STATE.G_Safety_Smoke_Latched;
./диагностика/persist_usage.log:927:./repo_logs/assistant_bridge/2026_04_16/step_03_nvram_write_flow/nvram_write_flow.log:258:GVL_PERSISTENT.P_Safety_Leak_Latched := GVL_STATE.G_Safety_Leak_Latched;
./диагностика/persist_usage.log:928:./repo_logs/assistant_bridge/2026_04_16/step_13_pack_nvram_buffer_from_struct_adapter/pack_nvram_buffer_from_struct_adapter.log:20:IF GVL_PERSISTENT.P_Safety_Gas_Latched THEN
./диагностика/persist_usage.log:929:./repo_logs/assistant_bridge/2026_04_16/step_13_pack_nvram_buffer_from_struct_adapter/pack_nvram_buffer_from_struct_adapter.log:25:IF GVL_PERSISTENT.P_Safety_Smoke_Latched THEN
./диагностика/persist_usage.log:930:./repo_logs/assistant_bridge/2026_04_16/step_13_pack_nvram_buffer_from_struct_adapter/pack_nvram_buffer_from_struct_adapter.log:30:IF GVL_PERSISTENT.P_Safety_Leak_Latched THEN
./диагностика/persist_usage.log:931:./repo_logs/assistant_bridge/2026_04_16/step_13_pack_nvram_buffer_from_struct_adapter/pack_nvram_buffer_from_struct_adapter.log:135:1002:GVL_PERSISTENT.P_Safety_Gas_Latched := L_Persist_Struct.Safety_Gas_Latched;
./диагностика/persist_usage.log:932:./repo_logs/assistant_bridge/2026_04_16/step_13_pack_nvram_buffer_from_struct_adapter/pack_nvram_buffer_from_struct_adapter.log:136:1003:GVL_PERSISTENT.P_Safety_Smoke_Latched := L_Persist_Struct.Safety_Smoke_Latched;
./диагностика/persist_usage.log:933:./repo_logs/assistant_bridge/2026_04_16/step_13_pack_nvram_buffer_from_struct_adapter/pack_nvram_buffer_from_struct_adapter.log:137:1004:GVL_PERSISTENT.P_Safety_Leak_Latched := L_Persist_Struct.Safety_Leak_Latched;
./диагностика/persist_usage.log:934:./repo_logs/assistant_bridge/2026_04_16/step_13_pack_nvram_buffer_from_struct_adapter/pack_nvram_buffer_from_struct_adapter.log:150:-IF GVL_PERSISTENT.P_Safety_Gas_Latched THEN
./диагностика/persist_usage.log:935:./repo_logs/assistant_bridge/2026_04_16/step_13_pack_nvram_buffer_from_struct_adapter/pack_nvram_buffer_from_struct_adapter.log:157:-IF GVL_PERSISTENT.P_Safety_Smoke_Latched THEN
./диагностика/persist_usage.log:936:./repo_logs/assistant_bridge/2026_04_16/step_13_pack_nvram_buffer_from_struct_adapter/pack_nvram_buffer_from_struct_adapter.log:163:-IF GVL_PERSISTENT.P_Safety_Leak_Latched THEN
./диагностика/persist_usage.log:937:./repo_logs/assistant_bridge/2026_04_16/step_23_prg_system_runtime_hardening_state/prg_system_runtime_hardening_state.log:183:GVL_PERSISTENT.P_Safety_Gas_Latched := L_Persist_Struct.Safety_Gas_Latched;
./диагностика/persist_usage.log:938:./repo_logs/assistant_bridge/2026_04_16/step_23_prg_system_runtime_hardening_state/prg_system_runtime_hardening_state.log:184:GVL_PERSISTENT.P_Safety_Smoke_Latched := L_Persist_Struct.Safety_Smoke_Latched;
./диагностика/persist_usage.log:939:./repo_logs/assistant_bridge/2026_04_16/step_23_prg_system_runtime_hardening_state/prg_system_runtime_hardening_state.log:185:GVL_PERSISTENT.P_Safety_Leak_Latched := L_Persist_Struct.Safety_Leak_Latched;
./диагностика/persist_usage.log:940:./repo_logs/assistant_bridge/2026_04_16/step_26_prg_system_event_and_control_final_state/prg_system_event_and_control_final_state.log:239:GVL_PERSISTENT.P_Safety_Gas_Latched := L_Persist_Struct.Safety_Gas_Latched;
./диагностика/persist_usage.log:941:./repo_logs/assistant_bridge/2026_04_16/step_26_prg_system_event_and_control_final_state/prg_system_event_and_control_final_state.log:240:GVL_PERSISTENT.P_Safety_Smoke_Latched := L_Persist_Struct.Safety_Smoke_Latched;
./диагностика/persist_usage.log:942:./repo_logs/assistant_bridge/2026_04_16/step_26_prg_system_event_and_control_final_state/prg_system_event_and_control_final_state.log:241:GVL_PERSISTENT.P_Safety_Leak_Latched := L_Persist_Struct.Safety_Leak_Latched;
./диагностика/persist_usage.log:943:./repo_logs/assistant_bridge/2026_04_16/step_12_add_persist_struct_adapter_fixed/add_persist_struct_adapter_fixed.log:19:1002:GVL_PERSISTENT.P_Safety_Gas_Latched := L_Persist_Struct.Safety_Gas_Latched;
./диагностика/persist_usage.log:944:./repo_logs/assistant_bridge/2026_04_16/step_12_add_persist_struct_adapter_fixed/add_persist_struct_adapter_fixed.log:20:1003:GVL_PERSISTENT.P_Safety_Smoke_Latched := L_Persist_Struct.Safety_Smoke_Latched;
./диагностика/persist_usage.log:945:./repo_logs/assistant_bridge/2026_04_16/step_12_add_persist_struct_adapter_fixed/add_persist_struct_adapter_fixed.log:21:1004:GVL_PERSISTENT.P_Safety_Leak_Latched := L_Persist_Struct.Safety_Leak_Latched;
./диагностика/persist_usage.log:946:./repo_logs/assistant_bridge/2026_04_16/step_12_add_persist_struct_adapter_fixed/add_persist_struct_adapter_fixed.log:83:GVL_PERSISTENT.P_Safety_Gas_Latched := L_Persist_Struct.Safety_Gas_Latched;
./диагностика/persist_usage.log:947:./repo_logs/assistant_bridge/2026_04_16/step_12_add_persist_struct_adapter_fixed/add_persist_struct_adapter_fixed.log:84:GVL_PERSISTENT.P_Safety_Smoke_Latched := L_Persist_Struct.Safety_Smoke_Latched;
./диагностика/persist_usage.log:948:./repo_logs/assistant_bridge/2026_04_16/step_12_add_persist_struct_adapter_fixed/add_persist_struct_adapter_fixed.log:85:GVL_PERSISTENT.P_Safety_Leak_Latched := L_Persist_Struct.Safety_Leak_Latched;
./диагностика/persist_usage.log:949:./repo_logs/assistant_bridge/2026_04_16/step_12_add_persist_struct_adapter_fixed/add_persist_struct_adapter_fixed.log:120:-GVL_PERSISTENT.P_Safety_Gas_Latched := GVL_STATE.G_Safety_Gas_Latched;
./диагностика/persist_usage.log:950:./repo_logs/assistant_bridge/2026_04_16/step_12_add_persist_struct_adapter_fixed/add_persist_struct_adapter_fixed.log:121:-GVL_PERSISTENT.P_Safety_Smoke_Latched := GVL_STATE.G_Safety_Smoke_Latched;
./диагностика/persist_usage.log:951:./repo_logs/assistant_bridge/2026_04_16/step_12_add_persist_struct_adapter_fixed/add_persist_struct_adapter_fixed.log:122:-GVL_PERSISTENT.P_Safety_Leak_Latched := GVL_STATE.G_Safety_Leak_Latched;
./диагностика/persist_usage.log:952:./repo_logs/assistant_bridge/2026_04_16/step_12_add_persist_struct_adapter_fixed/add_persist_struct_adapter_fixed.log:135:+GVL_PERSISTENT.P_Safety_Gas_Latched := L_Persist_Struct.Safety_Gas_Latched;
./диагностика/persist_usage.log:953:./repo_logs/assistant_bridge/2026_04_16/step_12_add_persist_struct_adapter_fixed/add_persist_struct_adapter_fixed.log:136:+GVL_PERSISTENT.P_Safety_Smoke_Latched := L_Persist_Struct.Safety_Smoke_Latched;
./диагностика/persist_usage.log:954:./repo_logs/assistant_bridge/2026_04_16/step_12_add_persist_struct_adapter_fixed/add_persist_struct_adapter_fixed.log:137:+GVL_PERSISTENT.P_Safety_Leak_Latched := L_Persist_Struct.Safety_Leak_Latched;
./диагностика/persist_usage.log:955:./repo_logs/assistant_bridge/2026_04_16/step_24_event_antiflood_audit/event_antiflood_audit.log:463:GVL_PERSISTENT.P_Safety_Gas_Latched := L_Persist_Struct.Safety_Gas_Latched;
./диагностика/persist_usage.log:956:./repo_logs/assistant_bridge/2026_04_16/step_24_event_antiflood_audit/event_antiflood_audit.log:464:GVL_PERSISTENT.P_Safety_Smoke_Latched := L_Persist_Struct.Safety_Smoke_Latched;
./диагностика/persist_usage.log:957:./repo_logs/assistant_bridge/2026_04_16/step_24_event_antiflood_audit/event_antiflood_audit.log:465:GVL_PERSISTENT.P_Safety_Leak_Latched := L_Persist_Struct.Safety_Leak_Latched;
./диагностика/persist_usage.log:958:./repo_logs/assistant_bridge/2026_04_16/step_35_prg_system_block_closed/prg_system_block_closed.log:51:1047:GVL_PERSISTENT.P_Safety_Gas_Latched := L_Persist_Struct.Safety_Gas_Latched;
./диагностика/persist_usage.log:959:./repo_logs/assistant_bridge/2026_04_16/step_35_prg_system_block_closed/prg_system_block_closed.log:52:1048:GVL_PERSISTENT.P_Safety_Smoke_Latched := L_Persist_Struct.Safety_Smoke_Latched;
./диагностика/persist_usage.log:960:./repo_logs/assistant_bridge/2026_04_16/step_35_prg_system_block_closed/prg_system_block_closed.log:53:1049:GVL_PERSISTENT.P_Safety_Leak_Latched := L_Persist_Struct.Safety_Leak_Latched;
./диагностика/persist_usage.log:961:./repo_logs/assistant_bridge/2026_04_16/step_31_system_health_watchdog_audit/system_health_watchdog_audit.log:231:GVL_PERSISTENT.P_Safety_Gas_Latched := L_Persist_Struct.Safety_Gas_Latched;
./диагностика/persist_usage.log:962:./repo_logs/assistant_bridge/2026_04_16/step_31_system_health_watchdog_audit/system_health_watchdog_audit.log:232:GVL_PERSISTENT.P_Safety_Smoke_Latched := L_Persist_Struct.Safety_Smoke_Latched;
./диагностика/persist_usage.log:963:./repo_logs/assistant_bridge/2026_04_16/step_31_system_health_watchdog_audit/system_health_watchdog_audit.log:233:GVL_PERSISTENT.P_Safety_Leak_Latched := L_Persist_Struct.Safety_Leak_Latched;
./диагностика/persist_usage.log:964:./repo_logs/assistant_bridge/2026_04_16/step_09_nvram_current_contract/nvram_current_contract.log:14:PRG_System.st:112:        GVL_STATE.G_Safety_Gas_Latched := GVL_PERSISTENT.P_Safety_Gas_Latched;
./диагностика/persist_usage.log:965:./repo_logs/assistant_bridge/2026_04_16/step_09_nvram_current_contract/nvram_current_contract.log:15:PRG_System.st:113:        GVL_STATE.G_Safety_Smoke_Latched := GVL_PERSISTENT.P_Safety_Smoke_Latched;
./диагностика/persist_usage.log:966:./repo_logs/assistant_bridge/2026_04_16/step_09_nvram_current_contract/nvram_current_contract.log:16:PRG_System.st:114:        GVL_STATE.G_Safety_Leak_Latched := GVL_PERSISTENT.P_Safety_Leak_Latched;
./диагностика/persist_usage.log:967:./repo_logs/assistant_bridge/2026_04_16/step_09_nvram_current_contract/nvram_current_contract.log:19:PRG_System.st:674:IF GVL_PERSISTENT.P_Safety_Gas_Latched THEN
./диагностика/persist_usage.log:968:./repo_logs/assistant_bridge/2026_04_16/step_09_nvram_current_contract/nvram_current_contract.log:20:PRG_System.st:679:IF GVL_PERSISTENT.P_Safety_Smoke_Latched THEN
./диагностика/persist_usage.log:969:./repo_logs/assistant_bridge/2026_04_16/step_09_nvram_current_contract/nvram_current_contract.log:21:PRG_System.st:684:IF GVL_PERSISTENT.P_Safety_Leak_Latched THEN
./диагностика/persist_usage.log:970:./repo_logs/assistant_bridge/2026_04_16/step_09_nvram_current_contract/nvram_current_contract.log:24:PRG_System.st:991:GVL_PERSISTENT.P_Safety_Gas_Latched := GVL_STATE.G_Safety_Gas_Latched;
./диагностика/persist_usage.log:971:./repo_logs/assistant_bridge/2026_04_16/step_09_nvram_current_contract/nvram_current_contract.log:25:PRG_System.st:992:GVL_PERSISTENT.P_Safety_Smoke_Latched := GVL_STATE.G_Safety_Smoke_Latched;
./диагностика/persist_usage.log:972:./repo_logs/assistant_bridge/2026_04_16/step_09_nvram_current_contract/nvram_current_contract.log:26:PRG_System.st:993:GVL_PERSISTENT.P_Safety_Leak_Latched := GVL_STATE.G_Safety_Leak_Latched;
./диагностика/persist_usage.log:973:./repo_logs/assistant_bridge/2026_04_16/step_09_nvram_current_contract/nvram_current_contract.log:30:GVL_PERSISTENT.gvl:7:    P_Safety_Gas_Latched : BOOL;
./диагностика/persist_usage.log:974:./repo_logs/assistant_bridge/2026_04_16/step_09_nvram_current_contract/nvram_current_contract.log:31:GVL_PERSISTENT.gvl:8:    P_Safety_Smoke_Latched : BOOL;
./диагностика/persist_usage.log:975:./repo_logs/assistant_bridge/2026_04_16/step_09_nvram_current_contract/nvram_current_contract.log:32:GVL_PERSISTENT.gvl:9:    P_Safety_Leak_Latched : BOOL;
./диагностика/persist_usage.log:976:./repo_logs/assistant_bridge/2026_04_16/step_09_nvram_current_contract/nvram_current_contract.log:99:        GVL_STATE.G_Safety_Gas_Latched := GVL_PERSISTENT.P_Safety_Gas_Latched;
./диагностика/persist_usage.log:977:./repo_logs/assistant_bridge/2026_04_16/step_09_nvram_current_contract/nvram_current_contract.log:100:        GVL_STATE.G_Safety_Smoke_Latched := GVL_PERSISTENT.P_Safety_Smoke_Latched;
./диагностика/persist_usage.log:978:./repo_logs/assistant_bridge/2026_04_16/step_09_nvram_current_contract/nvram_current_contract.log:101:        GVL_STATE.G_Safety_Leak_Latched := GVL_PERSISTENT.P_Safety_Leak_Latched;
./диагностика/persist_usage.log:979:./repo_logs/assistant_bridge/2026_04_16/step_09_nvram_current_contract/nvram_current_contract.log:161:GVL_PERSISTENT.P_Safety_Smoke_Latched := GVL_STATE.G_Safety_Smoke_Latched;
./диагностика/persist_usage.log:980:./repo_logs/assistant_bridge/2026_04_16/step_09_nvram_current_contract/nvram_current_contract.log:162:GVL_PERSISTENT.P_Safety_Leak_Latched := GVL_STATE.G_Safety_Leak_Latched;
./диагностика/persist_usage.log:981:./repo_logs/assistant_bridge/2026_04_18/step_174_diag_floor_temp_usages/diag_floor_temp_usages.log:8:136:        GVL_STATE.G_Safety_Gas_Latched := GVL_PERSISTENT.P_Safety_Gas_Latched;
./диагностика/persist_usage.log:982:./repo_logs/assistant_bridge/2026_04_18/step_174_diag_floor_temp_usages/diag_floor_temp_usages.log:9:137:        GVL_STATE.G_Safety_Smoke_Latched := GVL_PERSISTENT.P_Safety_Smoke_Latched;
./диагностика/persist_usage.log:983:./repo_logs/assistant_bridge/2026_04_18/step_174_diag_floor_temp_usages/diag_floor_temp_usages.log:10:138:        GVL_STATE.G_Safety_Leak_Latched := GVL_PERSISTENT.P_Safety_Leak_Latched;
./диагностика/persist_usage.log:984:./GVL_PERSISTENT.gvl:7:    P_Safety_Gas_Latched : BOOL;
./диагностика/persist_usage.log:985:./GVL_PERSISTENT.gvl:8:    P_Safety_Smoke_Latched : BOOL;
./диагностика/persist_usage.log:986:./GVL_PERSISTENT.gvl:9:    P_Safety_Leak_Latched : BOOL;
./диагностика/persist_usage.log:987:./snapshots/project_clean_state_2026_04_16/компилятор/out/RESULT_methods_clean.xml:19103:        GVL_STATE.G_Safety_Gas_Latched := GVL_PERSISTENT.P_Safety_Gas_Latched;
./диагностика/persist_usage.log:988:./snapshots/project_clean_state_2026_04_16/компилятор/out/RESULT_methods_clean.xml:19104:        GVL_STATE.G_Safety_Smoke_Latched := GVL_PERSISTENT.P_Safety_Smoke_Latched;
./диагностика/persist_usage.log:989:./snapshots/project_clean_state_2026_04_16/компилятор/out/RESULT_methods_clean.xml:19105:        GVL_STATE.G_Safety_Leak_Latched := GVL_PERSISTENT.P_Safety_Leak_Latched;
./диагностика/persist_usage.log:990:./snapshots/project_clean_state_2026_04_16/компилятор/out/RESULT_methods_clean.xml:19665:IF GVL_PERSISTENT.P_Safety_Gas_Latched THEN
./диагностика/persist_usage.log:991:./snapshots/project_clean_state_2026_04_16/компилятор/out/RESULT_methods_clean.xml:19670:IF GVL_PERSISTENT.P_Safety_Smoke_Latched THEN
./диагностика/persist_usage.log:992:./snapshots/project_clean_state_2026_04_16/компилятор/out/RESULT_methods_clean.xml:19675:IF GVL_PERSISTENT.P_Safety_Leak_Latched THEN
./диагностика/persist_usage.log:993:./snapshots/project_clean_state_2026_04_16/компилятор/out/RESULT_methods_clean.xml:19987:GVL_PERSISTENT.P_Safety_Gas_Latched := GVL_STATE.G_Safety_Gas_Latched;
./диагностика/persist_usage.log:994:./snapshots/project_clean_state_2026_04_16/компилятор/out/RESULT_methods_clean.xml:19988:GVL_PERSISTENT.P_Safety_Smoke_Latched := GVL_STATE.G_Safety_Smoke_Latched;
./диагностика/persist_usage.log:995:./snapshots/project_clean_state_2026_04_16/компилятор/out/RESULT_methods_clean.xml:19989:GVL_PERSISTENT.P_Safety_Leak_Latched := GVL_STATE.G_Safety_Leak_Latched;
./диагностика/persist_usage.log:996:./snapshots/project_clean_state_2026_04_16/компилятор/out/RESULT_methods_clean.xml:20086:<data name="http://www.3s-software.com/plcopenxml/globalvars" handleUnknown="implementation"><globalVars name="GVL_PERSISTENT" retain="true"><variable name="P_System_Mode"><type><derived name="E_System_Operating_Mode" /></type></variable><variable name="P_Safety_Gas_Latched"><type><BOOL /></type></variable><variable name="P_Safety_Smoke_Latched"><type><BOOL /></type></variable><variable name="P_Safety_Leak_Latched"><type><BOOL /></type></variable><variable name="P_DHW_Heating_Active"><type><BOOL /></type></variable><variable name="P_Valid"><type><BOOL /></type></variable><addData><data name="http://www.3s-software.com/plcopenxml/objectid" handleUnknown="discard"><ObjectId>a01760fc-f32a-4644-87c3-ab326656d6f4</ObjectId></data></addData></globalVars></data>
./диагностика/persist_usage.log:1000:./snapshots/project_clean_state_2026_04_16/repo_logs/nvram/nvram_REAL_latest.log:181:113:        GVL_STATE.G_Safety_Gas_Latched := GVL_PERSISTENT.P_Safety_Gas_Latched;
./диагностика/persist_usage.log:1001:./snapshots/project_clean_state_2026_04_16/repo_logs/nvram/nvram_REAL_latest.log:182:114:        GVL_STATE.G_Safety_Smoke_Latched := GVL_PERSISTENT.P_Safety_Smoke_Latched;
./диагностика/persist_usage.log:1002:./snapshots/project_clean_state_2026_04_16/repo_logs/nvram/nvram_REAL_latest.log:183:115:        GVL_STATE.G_Safety_Leak_Latched := GVL_PERSISTENT.P_Safety_Leak_Latched;
./диагностика/persist_usage.log:1003:./snapshots/project_clean_state_2026_04_16/repo_logs/nvram/nvram_REAL_latest.log:188:675:IF GVL_PERSISTENT.P_Safety_Gas_Latched THEN
./диагностика/persist_usage.log:1004:./snapshots/project_clean_state_2026_04_16/repo_logs/nvram/nvram_REAL_latest.log:189:680:IF GVL_PERSISTENT.P_Safety_Smoke_Latched THEN
./диагностика/persist_usage.log:1005:./snapshots/project_clean_state_2026_04_16/repo_logs/nvram/nvram_REAL_latest.log:190:685:IF GVL_PERSISTENT.P_Safety_Leak_Latched THEN
./диагностика/persist_usage.log:1006:./snapshots/project_clean_state_2026_04_16/repo_logs/nvram/nvram_REAL_latest.log:206:997:GVL_PERSISTENT.P_Safety_Gas_Latched := GVL_STATE.G_Safety_Gas_Latched;
./диагностика/persist_usage.log:1007:./snapshots/project_clean_state_2026_04_16/repo_logs/nvram/nvram_REAL_latest.log:207:998:GVL_PERSISTENT.P_Safety_Smoke_Latched := GVL_STATE.G_Safety_Smoke_Latched;
./диагностика/persist_usage.log:1008:./snapshots/project_clean_state_2026_04_16/repo_logs/nvram/nvram_REAL_latest.log:208:999:GVL_PERSISTENT.P_Safety_Leak_Latched := GVL_STATE.G_Safety_Leak_Latched;
./диагностика/persist_usage.log:1009:./snapshots/project_clean_state_2026_04_16/GVL_PERSISTENT.gvl:7:    P_Safety_Gas_Latched : BOOL;
./диагностика/persist_usage.log:1010:./snapshots/project_clean_state_2026_04_16/GVL_PERSISTENT.gvl:8:    P_Safety_Smoke_Latched : BOOL;
./диагностика/persist_usage.log:1011:./snapshots/project_clean_state_2026_04_16/GVL_PERSISTENT.gvl:9:    P_Safety_Leak_Latched : BOOL;
./диагностика/persist_usage.log:1015:./snapshots/project_clean_state_2026_04_16/docs/assistant_bridge/nvram_REAL_latest.log:181:113:        GVL_STATE.G_Safety_Gas_Latched := GVL_PERSISTENT.P_Safety_Gas_Latched;
./диагностика/persist_usage.log:1016:./snapshots/project_clean_state_2026_04_16/docs/assistant_bridge/nvram_REAL_latest.log:182:114:        GVL_STATE.G_Safety_Smoke_Latched := GVL_PERSISTENT.P_Safety_Smoke_Latched;
./диагностика/persist_usage.log:1017:./snapshots/project_clean_state_2026_04_16/docs/assistant_bridge/nvram_REAL_latest.log:183:115:        GVL_STATE.G_Safety_Leak_Latched := GVL_PERSISTENT.P_Safety_Leak_Latched;
./диагностика/persist_usage.log:1018:./snapshots/project_clean_state_2026_04_16/docs/assistant_bridge/nvram_REAL_latest.log:188:675:IF GVL_PERSISTENT.P_Safety_Gas_Latched THEN
./диагностика/persist_usage.log:1019:./snapshots/project_clean_state_2026_04_16/docs/assistant_bridge/nvram_REAL_latest.log:189:680:IF GVL_PERSISTENT.P_Safety_Smoke_Latched THEN
./диагностика/persist_usage.log:1020:./snapshots/project_clean_state_2026_04_16/docs/assistant_bridge/nvram_REAL_latest.log:190:685:IF GVL_PERSISTENT.P_Safety_Leak_Latched THEN
./диагностика/persist_usage.log:1021:./snapshots/project_clean_state_2026_04_16/docs/assistant_bridge/nvram_REAL_latest.log:206:997:GVL_PERSISTENT.P_Safety_Gas_Latched := GVL_STATE.G_Safety_Gas_Latched;
./диагностика/persist_usage.log:1022:./snapshots/project_clean_state_2026_04_16/docs/assistant_bridge/nvram_REAL_latest.log:207:998:GVL_PERSISTENT.P_Safety_Smoke_Latched := GVL_STATE.G_Safety_Smoke_Latched;
./диагностика/persist_usage.log:1023:./snapshots/project_clean_state_2026_04_16/docs/assistant_bridge/nvram_REAL_latest.log:208:999:GVL_PERSISTENT.P_Safety_Leak_Latched := GVL_STATE.G_Safety_Leak_Latched;
./диагностика/persist_usage.log:1024:./snapshots/project_clean_state_2026_04_16/PRG_System.st:113:        GVL_STATE.G_Safety_Gas_Latched := GVL_PERSISTENT.P_Safety_Gas_Latched;
./диагностика/persist_usage.log:1025:./snapshots/project_clean_state_2026_04_16/PRG_System.st:114:        GVL_STATE.G_Safety_Smoke_Latched := GVL_PERSISTENT.P_Safety_Smoke_Latched;
./диагностика/persist_usage.log:1026:./snapshots/project_clean_state_2026_04_16/PRG_System.st:115:        GVL_STATE.G_Safety_Leak_Latched := GVL_PERSISTENT.P_Safety_Leak_Latched;
./диагностика/persist_usage.log:1027:./snapshots/project_clean_state_2026_04_16/PRG_System.st:675:IF GVL_PERSISTENT.P_Safety_Gas_Latched THEN
./диагностика/persist_usage.log:1028:./snapshots/project_clean_state_2026_04_16/PRG_System.st:680:IF GVL_PERSISTENT.P_Safety_Smoke_Latched THEN
./диагностика/persist_usage.log:1029:./snapshots/project_clean_state_2026_04_16/PRG_System.st:685:IF GVL_PERSISTENT.P_Safety_Leak_Latched THEN
./диагностика/persist_usage.log:1030:./snapshots/project_clean_state_2026_04_16/PRG_System.st:997:GVL_PERSISTENT.P_Safety_Gas_Latched := GVL_STATE.G_Safety_Gas_Latched;
./диагностика/persist_usage.log:1031:./snapshots/project_clean_state_2026_04_16/PRG_System.st:998:GVL_PERSISTENT.P_Safety_Smoke_Latched := GVL_STATE.G_Safety_Smoke_Latched;
./диагностика/persist_usage.log:1032:./snapshots/project_clean_state_2026_04_16/PRG_System.st:999:GVL_PERSISTENT.P_Safety_Leak_Latched := GVL_STATE.G_Safety_Leak_Latched;
./диагностика/persist_usage.log:1033:./snapshots/clean_build_2026_04_16/компилятор/out/RESULT_methods_clean.xml:19103:        GVL_STATE.G_Safety_Gas_Latched := GVL_PERSISTENT.P_Safety_Gas_Latched;
./диагностика/persist_usage.log:1034:./snapshots/clean_build_2026_04_16/компилятор/out/RESULT_methods_clean.xml:19104:        GVL_STATE.G_Safety_Smoke_Latched := GVL_PERSISTENT.P_Safety_Smoke_Latched;
./диагностика/persist_usage.log:1035:./snapshots/clean_build_2026_04_16/компилятор/out/RESULT_methods_clean.xml:19105:        GVL_STATE.G_Safety_Leak_Latched := GVL_PERSISTENT.P_Safety_Leak_Latched;
./диагностика/persist_usage.log:1036:./snapshots/clean_build_2026_04_16/компилятор/out/RESULT_methods_clean.xml:19665:IF GVL_PERSISTENT.P_Safety_Gas_Latched THEN
./диагностика/persist_usage.log:1037:./snapshots/clean_build_2026_04_16/компилятор/out/RESULT_methods_clean.xml:19670:IF GVL_PERSISTENT.P_Safety_Smoke_Latched THEN
./диагностика/persist_usage.log:1038:./snapshots/clean_build_2026_04_16/компилятор/out/RESULT_methods_clean.xml:19675:IF GVL_PERSISTENT.P_Safety_Leak_Latched THEN
./диагностика/persist_usage.log:1039:./snapshots/clean_build_2026_04_16/компилятор/out/RESULT_methods_clean.xml:19987:GVL_PERSISTENT.P_Safety_Gas_Latched := GVL_STATE.G_Safety_Gas_Latched;
./диагностика/persist_usage.log:1040:./snapshots/clean_build_2026_04_16/компилятор/out/RESULT_methods_clean.xml:19988:GVL_PERSISTENT.P_Safety_Smoke_Latched := GVL_STATE.G_Safety_Smoke_Latched;
./диагностика/persist_usage.log:1041:./snapshots/clean_build_2026_04_16/компилятор/out/RESULT_methods_clean.xml:19989:GVL_PERSISTENT.P_Safety_Leak_Latched := GVL_STATE.G_Safety_Leak_Latched;
./диагностика/persist_usage.log:1042:./snapshots/clean_build_2026_04_16/компилятор/out/RESULT_methods_clean.xml:20086:<data name="http://www.3s-software.com/plcopenxml/globalvars" handleUnknown="implementation"><globalVars name="GVL_PERSISTENT" retain="true"><variable name="P_System_Mode"><type><derived name="E_System_Operating_Mode" /></type></variable><variable name="P_Safety_Gas_Latched"><type><BOOL /></type></variable><variable name="P_Safety_Smoke_Latched"><type><BOOL /></type></variable><variable name="P_Safety_Leak_Latched"><type><BOOL /></type></variable><variable name="P_DHW_Heating_Active"><type><BOOL /></type></variable><variable name="P_Valid"><type><BOOL /></type></variable><addData><data name="http://www.3s-software.com/plcopenxml/objectid" handleUnknown="discard"><ObjectId>a01760fc-f32a-4644-87c3-ab326656d6f4</ObjectId></data></addData></globalVars></data>
./диагностика/persist_usage.log:1046:./docs/assistant_bridge/nvram_REAL_latest.log:181:113:        GVL_STATE.G_Safety_Gas_Latched := GVL_PERSISTENT.P_Safety_Gas_Latched;
./диагностика/persist_usage.log:1047:./docs/assistant_bridge/nvram_REAL_latest.log:182:114:        GVL_STATE.G_Safety_Smoke_Latched := GVL_PERSISTENT.P_Safety_Smoke_Latched;
./диагностика/persist_usage.log:1048:./docs/assistant_bridge/nvram_REAL_latest.log:183:115:        GVL_STATE.G_Safety_Leak_Latched := GVL_PERSISTENT.P_Safety_Leak_Latched;
./диагностика/persist_usage.log:1049:./docs/assistant_bridge/nvram_REAL_latest.log:188:675:IF GVL_PERSISTENT.P_Safety_Gas_Latched THEN
./диагностика/persist_usage.log:1050:./docs/assistant_bridge/nvram_REAL_latest.log:189:680:IF GVL_PERSISTENT.P_Safety_Smoke_Latched THEN
./диагностика/persist_usage.log:1051:./docs/assistant_bridge/nvram_REAL_latest.log:190:685:IF GVL_PERSISTENT.P_Safety_Leak_Latched THEN
./диагностика/persist_usage.log:1052:./docs/assistant_bridge/nvram_REAL_latest.log:206:997:GVL_PERSISTENT.P_Safety_Gas_Latched := GVL_STATE.G_Safety_Gas_Latched;
./диагностика/persist_usage.log:1053:./docs/assistant_bridge/nvram_REAL_latest.log:207:998:GVL_PERSISTENT.P_Safety_Smoke_Latched := GVL_STATE.G_Safety_Smoke_Latched;
./диагностика/persist_usage.log:1054:./docs/assistant_bridge/nvram_REAL_latest.log:208:999:GVL_PERSISTENT.P_Safety_Leak_Latched := GVL_STATE.G_Safety_Leak_Latched;
./диагностика/persist_usage.log:1055:./PRG_System.st:207:        GVL_STATE.G_Safety_Gas_Latched := GVL_PERSISTENT.P_Safety_Gas_Latched;
./диагностика/persist_usage.log:1056:./PRG_System.st:208:        GVL_STATE.G_Safety_Smoke_Latched := GVL_PERSISTENT.P_Safety_Smoke_Latched;
./диагностика/persist_usage.log:1057:./PRG_System.st:209:        GVL_STATE.G_Safety_Leak_Latched := GVL_PERSISTENT.P_Safety_Leak_Latched;
./диагностика/persist_usage.log:1058:./PRG_System.st:1149:GVL_PERSISTENT.P_Safety_Gas_Latched := L_Persist_Struct.Safety_Gas_Latched;
./диагностика/persist_usage.log:1059:./PRG_System.st:1150:GVL_PERSISTENT.P_Safety_Smoke_Latched := L_Persist_Struct.Safety_Smoke_Latched;
./диагностика/persist_usage.log:1060:./PRG_System.st:1151:GVL_PERSISTENT.P_Safety_Leak_Latched := L_Persist_Struct.Safety_Leak_Latched;
./диагностика/persist_usage.log:1061:./PRG_System.st.bak_step240:169:        GVL_STATE.G_System_Mode := GVL_PERSISTENT.P_System_Mode;
./диагностика/persist_usage.log:1062:./PRG_System.st.bak_step240:1106:GVL_PERSISTENT.P_System_Mode := L_Persist_Struct.System_Mode;
./диагностика/persist_usage.log:1063:./steps/2026-04-16_add_persist_struct_adapter_fixed/01_add_persist_struct_adapter_fixed.py:15:GVL_PERSISTENT.P_System_Mode := GVL_STATE.G_System_Mode;
./диагностика/persist_usage.log:1064:./steps/2026-04-16_add_persist_struct_adapter_fixed/01_add_persist_struct_adapter_fixed.py:37:GVL_PERSISTENT.P_System_Mode := L_Persist_Struct.System_Mode;
./диагностика/persist_usage.log:1065:./steps/2026-04-16_add_persist_struct_adapter/01_add_persist_struct_adapter.py:15:GVL_PERSISTENT.P_System_Mode := GVL_STATE.G_System_Mode;
./диагностика/persist_usage.log:1066:./steps/2026-04-16_add_persist_struct_adapter/01_add_persist_struct_adapter.py:36:GVL_PERSISTENT.P_System_Mode := L_Persist_Struct.System_Mode;
./диагностика/persist_usage.log:1068:./компилятор/out/RESULT_methods_clean.xml:18363:        GVL_STATE.G_System_Mode := GVL_PERSISTENT.P_System_Mode;
./диагностика/persist_usage.log:1069:./компилятор/out/RESULT_methods_clean.xml:19300:GVL_PERSISTENT.P_System_Mode := L_Persist_Struct.System_Mode;
./диагностика/persist_usage.log:1070:./компилятор/out/RESULT_methods_clean.xml:20831:<data name="http://www.3s-software.com/plcopenxml/globalvars" handleUnknown="implementation"><globalVars name="GVL_PERSISTENT" retain="true"><variable name="P_System_Mode"><type><derived name="E_System_Operating_Mode" /></type></variable><variable name="P_Safety_Gas_Latched"><type><BOOL /></type></variable><variable name="P_Safety_Smoke_Latched"><type><BOOL /></type></variable><variable name="P_Safety_Leak_Latched"><type><BOOL /></type></variable><variable name="P_DHW_Heating_Active"><type><BOOL /></type></variable><variable name="P_Valid"><type><BOOL /></type></variable><addData><data name="http://www.3s-software.com/plcopenxml/objectid" handleUnknown="discard"><ObjectId>7b214a17-f321-40a2-914e-01bb84cca44e</ObjectId></data></addData></globalVars></data>
./диагностика/persist_usage.log:1072:./repo_logs/nvram/nvram_REAL_latest.log:184:116:        GVL_STATE.G_System_Mode := GVL_PERSISTENT.P_System_Mode;
./диагностика/persist_usage.log:1073:./repo_logs/nvram/nvram_REAL_latest.log:205:995:GVL_PERSISTENT.P_System_Mode := GVL_STATE.G_System_Mode;
./диагностика/persist_usage.log:1074:./repo_logs/nvram/2026_04_16/step_19_persist_write_precheck.log:119:        GVL_STATE.G_System_Mode := GVL_PERSISTENT.P_System_Mode;
./диагностика/persist_usage.log:1076:./repo_logs/nvram/2026_04_16/step_19_persist_write_precheck.log:245:./docs/assistant_bridge/nvram_REAL_latest.log:184:116:        GVL_STATE.G_System_Mode := GVL_PERSISTENT.P_System_Mode;
./диагностика/persist_usage.log:1077:./repo_logs/nvram/2026_04_16/step_19_persist_write_precheck.log:250:./docs/assistant_bridge/nvram_REAL_latest.log:205:995:GVL_PERSISTENT.P_System_Mode := GVL_STATE.G_System_Mode;
./диагностика/persist_usage.log:1078:./repo_logs/nvram/2026_04_16/step_19_persist_write_precheck.log:260:./PRG_System.st:116:        GVL_STATE.G_System_Mode := GVL_PERSISTENT.P_System_Mode;
./диагностика/persist_usage.log:1079:./repo_logs/nvram/2026_04_16/step_19_persist_write_precheck.log:265:./PRG_System.st:995:GVL_PERSISTENT.P_System_Mode := GVL_STATE.G_System_Mode;
./диагностика/persist_usage.log:1080:./repo_logs/nvram/2026_04_16/step_17_startup_entry.log:2414:        GVL_STATE.G_System_Mode := GVL_PERSISTENT.P_System_Mode;
./диагностика/persist_usage.log:1081:./repo_logs/nvram/2026_04_16/step_16_nvram_runtime_flow.log:817:        GVL_STATE.G_System_Mode := GVL_PERSISTENT.P_System_Mode;
./диагностика/persist_usage.log:1082:./repo_logs/assistant_bridge/2026_04_19/step_269b_snapshot_real_audit/snapshot_real_audit.log:10253:./repo_logs/assistant_bridge/2026_04_16/step_05_persistence_path_reconciliation/persistence_path_reconciliation.log:489:./snapshots/project_clean_state_2026_04_16/компилятор/out/RESULT_methods_clean.xml:19106:        GVL_STATE.G_System_Mode := GVL_PERSISTENT.P_System_Mode;
./диагностика/persist_usage.log:1083:./repo_logs/assistant_bridge/2026_04_19/step_269b_snapshot_real_audit/snapshot_real_audit.log:10259:./repo_logs/assistant_bridge/2026_04_16/step_05_persistence_path_reconciliation/persistence_path_reconciliation.log:495:./snapshots/project_clean_state_2026_04_16/компилятор/out/RESULT_methods_clean.xml:19985:GVL_PERSISTENT.P_System_Mode := GVL_STATE.G_System_Mode;
./диагностика/persist_usage.log:1084:./repo_logs/assistant_bridge/2026_04_19/step_269b_snapshot_real_audit/snapshot_real_audit.log:10265:./repo_logs/assistant_bridge/2026_04_16/step_05_persistence_path_reconciliation/persistence_path_reconciliation.log:501:./snapshots/project_clean_state_2026_04_16/компилятор/out/RESULT_methods_clean.xml:20086:<data name="http://www.3s-software.com/plcopenxml/globalvars" handleUnknown="implementation"><globalVars name="GVL_PERSISTENT" retain="true"><variable name="P_System_Mode"><type><derived name="E_System_Operating_Mode" /></type></variable><variable name="P_Safety_Gas_Latched"><type><BOOL /></type></variable><variable name="P_Safety_Smoke_Latched"><type><BOOL /></type></variable><variable name="P_Safety_Leak_Latched"><type><BOOL /></type></variable><variable name="P_DHW_Heating_Active"><type><BOOL /></type></variable><variable name="P_Valid"><type><BOOL /></type></variable><addData><data name="http://www.3s-software.com/plcopenxml/objectid" handleUnknown="discard"><ObjectId>a01760fc-f32a-4644-87c3-ab326656d6f4</ObjectId></data></addData></globalVars></data>
./диагностика/persist_usage.log:1086:./repo_logs/assistant_bridge/2026_04_19/step_269b_snapshot_real_audit/snapshot_real_audit.log:10276:./repo_logs/assistant_bridge/2026_04_16/step_05_persistence_path_reconciliation/persistence_path_reconciliation.log:512:./snapshots/project_clean_state_2026_04_16/repo_logs/nvram/nvram_REAL_latest.log:184:116:        GVL_STATE.G_System_Mode := GVL_PERSISTENT.P_System_Mode;
./диагностика/persist_usage.log:1087:./repo_logs/assistant_bridge/2026_04_19/step_269b_snapshot_real_audit/snapshot_real_audit.log:10281:./repo_logs/assistant_bridge/2026_04_16/step_05_persistence_path_reconciliation/persistence_path_reconciliation.log:517:./snapshots/project_clean_state_2026_04_16/repo_logs/nvram/nvram_REAL_latest.log:205:995:GVL_PERSISTENT.P_System_Mode := GVL_STATE.G_System_Mode;
./диагностика/persist_usage.log:1088:./repo_logs/assistant_bridge/2026_04_19/step_269b_snapshot_real_audit/snapshot_real_audit.log:10287:./repo_logs/assistant_bridge/2026_04_16/step_05_persistence_path_reconciliation/persistence_path_reconciliation.log:523:./snapshots/project_clean_state_2026_04_16/GVL_PERSISTENT.gvl:4:    P_System_Mode : E_System_Operating_Mode;
./диагностика/persist_usage.log:1090:./repo_logs/assistant_bridge/2026_04_19/step_269b_snapshot_real_audit/snapshot_real_audit.log:10303:./repo_logs/assistant_bridge/2026_04_16/step_05_persistence_path_reconciliation/persistence_path_reconciliation.log:539:./snapshots/project_clean_state_2026_04_16/docs/assistant_bridge/nvram_REAL_latest.log:184:116:        GVL_STATE.G_System_Mode := GVL_PERSISTENT.P_System_Mode;
./диагностика/persist_usage.log:1091:./repo_logs/assistant_bridge/2026_04_19/step_269b_snapshot_real_audit/snapshot_real_audit.log:10308:./repo_logs/assistant_bridge/2026_04_16/step_05_persistence_path_reconciliation/persistence_path_reconciliation.log:544:./snapshots/project_clean_state_2026_04_16/docs/assistant_bridge/nvram_REAL_latest.log:205:995:GVL_PERSISTENT.P_System_Mode := GVL_STATE.G_System_Mode;
./диагностика/persist_usage.log:1092:./repo_logs/assistant_bridge/2026_04_19/step_269b_snapshot_real_audit/snapshot_real_audit.log:10320:./repo_logs/assistant_bridge/2026_04_16/step_05_persistence_path_reconciliation/persistence_path_reconciliation.log:556:./snapshots/project_clean_state_2026_04_16/PRG_System.st:116:        GVL_STATE.G_System_Mode := GVL_PERSISTENT.P_System_Mode;
./диагностика/persist_usage.log:1093:./repo_logs/assistant_bridge/2026_04_19/step_269b_snapshot_real_audit/snapshot_real_audit.log:10326:./repo_logs/assistant_bridge/2026_04_16/step_05_persistence_path_reconciliation/persistence_path_reconciliation.log:562:./snapshots/project_clean_state_2026_04_16/PRG_System.st:995:GVL_PERSISTENT.P_System_Mode := GVL_STATE.G_System_Mode;
./диагностика/persist_usage.log:1094:./repo_logs/assistant_bridge/2026_04_19/step_269b_snapshot_real_audit/snapshot_real_audit.log:10338:./repo_logs/assistant_bridge/2026_04_16/step_05_persistence_path_reconciliation/persistence_path_reconciliation.log:574:./snapshots/clean_build_2026_04_16/компилятор/out/RESULT_methods_clean.xml:19106:        GVL_STATE.G_System_Mode := GVL_PERSISTENT.P_System_Mode;
./диагностика/persist_usage.log:1095:./repo_logs/assistant_bridge/2026_04_19/step_269b_snapshot_real_audit/snapshot_real_audit.log:10344:./repo_logs/assistant_bridge/2026_04_16/step_05_persistence_path_reconciliation/persistence_path_reconciliation.log:580:./snapshots/clean_build_2026_04_16/компилятор/out/RESULT_methods_clean.xml:19985:GVL_PERSISTENT.P_System_Mode := GVL_STATE.G_System_Mode;
./диагностика/persist_usage.log:1096:./repo_logs/assistant_bridge/2026_04_19/step_269b_snapshot_real_audit/snapshot_real_audit.log:10350:./repo_logs/assistant_bridge/2026_04_16/step_05_persistence_path_reconciliation/persistence_path_reconciliation.log:586:./snapshots/clean_build_2026_04_16/компилятор/out/RESULT_methods_clean.xml:20086:<data name="http://www.3s-software.com/plcopenxml/globalvars" handleUnknown="implementation"><globalVars name="GVL_PERSISTENT" retain="true"><variable name="P_System_Mode"><type><derived name="E_System_Operating_Mode" /></type></variable><variable name="P_Safety_Gas_Latched"><type><BOOL /></type></variable><variable name="P_Safety_Smoke_Latched"><type><BOOL /></type></variable><variable name="P_Safety_Leak_Latched"><type><BOOL /></type></variable><variable name="P_DHW_Heating_Active"><type><BOOL /></type></variable><variable name="P_Valid"><type><BOOL /></type></variable><addData><data name="http://www.3s-software.com/plcopenxml/objectid" handleUnknown="discard"><ObjectId>a01760fc-f32a-4644-87c3-ab326656d6f4</ObjectId></data></addData></globalVars></data>
./диагностика/persist_usage.log:1097:./repo_logs/assistant_bridge/2026_04_19/step_269b_snapshot_real_audit/snapshot_real_audit.log:32833:./repo_logs/nvram/2026_04_16/step_19_persist_write_precheck.log:245:./docs/assistant_bridge/nvram_REAL_latest.log:184:116:        GVL_STATE.G_System_Mode := GVL_PERSISTENT.P_System_Mode;
./диагностика/persist_usage.log:1098:./repo_logs/assistant_bridge/2026_04_19/step_269b_snapshot_real_audit/snapshot_real_audit.log:32838:./repo_logs/nvram/2026_04_16/step_19_persist_write_precheck.log:250:./docs/assistant_bridge/nvram_REAL_latest.log:205:995:GVL_PERSISTENT.P_System_Mode := GVL_STATE.G_System_Mode;
./диагностика/persist_usage.log:1101:./repo_logs/assistant_bridge/2026_04_19/step_269b_snapshot_real_audit/snapshot_real_audit.log:35713:./repo_logs/assistant_bridge/2026_04_16/step_05_persistence_path_reconciliation/persistence_path_reconciliation.log:361:./repo_logs/nvram/nvram_REAL_latest.log:184:116:        GVL_STATE.G_System_Mode := GVL_PERSISTENT.P_System_Mode;
./диагностика/persist_usage.log:1102:./repo_logs/assistant_bridge/2026_04_19/step_269b_snapshot_real_audit/snapshot_real_audit.log:35718:./repo_logs/assistant_bridge/2026_04_16/step_05_persistence_path_reconciliation/persistence_path_reconciliation.log:366:./repo_logs/nvram/nvram_REAL_latest.log:205:995:GVL_PERSISTENT.P_System_Mode := GVL_STATE.G_System_Mode;
./диагностика/persist_usage.log:1103:./repo_logs/assistant_bridge/2026_04_19/step_269b_snapshot_real_audit/snapshot_real_audit.log:35730:./repo_logs/assistant_bridge/2026_04_16/step_05_persistence_path_reconciliation/persistence_path_reconciliation.log:378:./repo_logs/nvram/2026_04_16/step_19_persist_write_precheck.log:119:        GVL_STATE.G_System_Mode := GVL_PERSISTENT.P_System_Mode;
./диагностика/persist_usage.log:1105:./repo_logs/assistant_bridge/2026_04_19/step_269b_snapshot_real_audit/snapshot_real_audit.log:35745:./repo_logs/assistant_bridge/2026_04_16/step_05_persistence_path_reconciliation/persistence_path_reconciliation.log:393:./repo_logs/nvram/2026_04_16/step_19_persist_write_precheck.log:245:./docs/assistant_bridge/nvram_REAL_latest.log:184:116:        GVL_STATE.G_System_Mode := GVL_PERSISTENT.P_System_Mode;
./диагностика/persist_usage.log:1106:./repo_logs/assistant_bridge/2026_04_19/step_269b_snapshot_real_audit/snapshot_real_audit.log:35750:./repo_logs/assistant_bridge/2026_04_16/step_05_persistence_path_reconciliation/persistence_path_reconciliation.log:398:./repo_logs/nvram/2026_04_16/step_19_persist_write_precheck.log:250:./docs/assistant_bridge/nvram_REAL_latest.log:205:995:GVL_PERSISTENT.P_System_Mode := GVL_STATE.G_System_Mode;
./диагностика/persist_usage.log:1107:./repo_logs/assistant_bridge/2026_04_19/step_269b_snapshot_real_audit/snapshot_real_audit.log:35760:./repo_logs/assistant_bridge/2026_04_16/step_05_persistence_path_reconciliation/persistence_path_reconciliation.log:408:./repo_logs/nvram/2026_04_16/step_19_persist_write_precheck.log:260:./PRG_System.st:116:        GVL_STATE.G_System_Mode := GVL_PERSISTENT.P_System_Mode;
./диагностика/persist_usage.log:1108:./repo_logs/assistant_bridge/2026_04_19/step_269b_snapshot_real_audit/snapshot_real_audit.log:35765:./repo_logs/assistant_bridge/2026_04_16/step_05_persistence_path_reconciliation/persistence_path_reconciliation.log:413:./repo_logs/nvram/2026_04_16/step_19_persist_write_precheck.log:265:./PRG_System.st:995:GVL_PERSISTENT.P_System_Mode := GVL_STATE.G_System_Mode;
./диагностика/persist_usage.log:1109:./repo_logs/assistant_bridge/2026_04_19/step_269b_snapshot_real_audit/snapshot_real_audit.log:35777:./repo_logs/assistant_bridge/2026_04_16/step_05_persistence_path_reconciliation/persistence_path_reconciliation.log:425:./repo_logs/nvram/2026_04_16/step_17_startup_entry.log:2414:        GVL_STATE.G_System_Mode := GVL_PERSISTENT.P_System_Mode;
./диагностика/persist_usage.log:1110:./repo_logs/assistant_bridge/2026_04_19/step_269b_snapshot_real_audit/snapshot_real_audit.log:35785:./repo_logs/assistant_bridge/2026_04_16/step_05_persistence_path_reconciliation/persistence_path_reconciliation.log:433:./repo_logs/nvram/2026_04_16/step_16_nvram_runtime_flow.log:817:        GVL_STATE.G_System_Mode := GVL_PERSISTENT.P_System_Mode;
./диагностика/persist_usage.log:1111:./repo_logs/assistant_bridge/2026_04_19/step_269b_snapshot_real_audit/snapshot_real_audit.log:35793:./repo_logs/assistant_bridge/2026_04_16/step_05_persistence_path_reconciliation/persistence_path_reconciliation.log:441:./repo_logs/assistant_bridge/2026_04_16/step_02_nvram_topology/nvram_topology.log:99:PRG_System.st:116:        GVL_STATE.G_System_Mode := GVL_PERSISTENT.P_System_Mode;
./диагностика/persist_usage.log:1112:./repo_logs/assistant_bridge/2026_04_19/step_269b_snapshot_real_audit/snapshot_real_audit.log:35799:./repo_logs/assistant_bridge/2026_04_16/step_05_persistence_path_reconciliation/persistence_path_reconciliation.log:447:./repo_logs/assistant_bridge/2026_04_16/step_02_nvram_topology/nvram_topology.log:143:PRG_System.st:995:GVL_PERSISTENT.P_System_Mode := GVL_STATE.G_System_Mode;
./диагностика/persist_usage.log:1114:./repo_logs/assistant_bridge/2026_04_19/step_269b_snapshot_real_audit/snapshot_real_audit.log:35817:./repo_logs/assistant_bridge/2026_04_16/step_05_persistence_path_reconciliation/persistence_path_reconciliation.log:465:./repo_logs/assistant_bridge/2026_04_16/step_02_nvram_topology/nvram_topology.log:607:        GVL_STATE.G_System_Mode := GVL_PERSISTENT.P_System_Mode;
./диагностика/persist_usage.log:1115:./repo_logs/assistant_bridge/2026_04_19/step_269b_snapshot_real_audit/snapshot_real_audit.log:35823:./repo_logs/assistant_bridge/2026_04_16/step_05_persistence_path_reconciliation/persistence_path_reconciliation.log:471:./repo_logs/assistant_bridge/2026_04_16/step_03_nvram_write_flow/nvram_write_flow.log:254:GVL_PERSISTENT.P_System_Mode := GVL_STATE.G_System_Mode;
./диагностика/persist_usage.log:1117:./repo_logs/assistant_bridge/2026_04_19/step_269b_snapshot_real_audit/snapshot_real_audit.log:35839:./repo_logs/assistant_bridge/2026_04_16/step_05_persistence_path_reconciliation/persistence_path_reconciliation.log:512:./snapshots/project_clean_state_2026_04_16/repo_logs/nvram/nvram_REAL_latest.log:184:116:        GVL_STATE.G_System_Mode := GVL_PERSISTENT.P_System_Mode;
./диагностика/persist_usage.log:1118:./repo_logs/assistant_bridge/2026_04_19/step_269b_snapshot_real_audit/snapshot_real_audit.log:35844:./repo_logs/assistant_bridge/2026_04_16/step_05_persistence_path_reconciliation/persistence_path_reconciliation.log:517:./snapshots/project_clean_state_2026_04_16/repo_logs/nvram/nvram_REAL_latest.log:205:995:GVL_PERSISTENT.P_System_Mode := GVL_STATE.G_System_Mode;
./диагностика/persist_usage.log:1120:./repo_logs/assistant_bridge/2026_04_19/step_269b_snapshot_real_audit/snapshot_real_audit.log:35860:./repo_logs/assistant_bridge/2026_04_16/step_05_persistence_path_reconciliation/persistence_path_reconciliation.log:539:./snapshots/project_clean_state_2026_04_16/docs/assistant_bridge/nvram_REAL_latest.log:184:116:        GVL_STATE.G_System_Mode := GVL_PERSISTENT.P_System_Mode;
./диагностика/persist_usage.log:1121:./repo_logs/assistant_bridge/2026_04_19/step_269b_snapshot_real_audit/snapshot_real_audit.log:35865:./repo_logs/assistant_bridge/2026_04_16/step_05_persistence_path_reconciliation/persistence_path_reconciliation.log:544:./snapshots/project_clean_state_2026_04_16/docs/assistant_bridge/nvram_REAL_latest.log:205:995:GVL_PERSISTENT.P_System_Mode := GVL_STATE.G_System_Mode;
./диагностика/persist_usage.log:1123:./repo_logs/assistant_bridge/2026_04_19/step_269b_snapshot_real_audit/snapshot_real_audit.log:35881:./repo_logs/assistant_bridge/2026_04_16/step_05_persistence_path_reconciliation/persistence_path_reconciliation.log:597:./docs/assistant_bridge/nvram_REAL_latest.log:184:116:        GVL_STATE.G_System_Mode := GVL_PERSISTENT.P_System_Mode;
./диагностика/persist_usage.log:1124:./repo_logs/assistant_bridge/2026_04_19/step_269b_snapshot_real_audit/snapshot_real_audit.log:35886:./repo_logs/assistant_bridge/2026_04_16/step_05_persistence_path_reconciliation/persistence_path_reconciliation.log:602:./docs/assistant_bridge/nvram_REAL_latest.log:205:995:GVL_PERSISTENT.P_System_Mode := GVL_STATE.G_System_Mode;
./диагностика/persist_usage.log:1125:./repo_logs/assistant_bridge/2026_04_19/step_269b_snapshot_real_audit/snapshot_real_audit.log:59455:./компилятор/out/RESULT_methods_clean.xml:20831:<data name="http://www.3s-software.com/plcopenxml/globalvars" handleUnknown="implementation"><globalVars name="GVL_PERSISTENT" retain="true"><variable name="P_System_Mode"><type><derived name="E_System_Operating_Mode" /></type></variable><variable name="P_Safety_Gas_Latched"><type><BOOL /></type></variable><variable name="P_Safety_Smoke_Latched"><type><BOOL /></type></variable><variable name="P_Safety_Leak_Latched"><type><BOOL /></type></variable><variable name="P_DHW_Heating_Active"><type><BOOL /></type></variable><variable name="P_Valid"><type><BOOL /></type></variable><addData><data name="http://www.3s-software.com/plcopenxml/objectid" handleUnknown="discard"><ObjectId>7b214a17-f321-40a2-914e-01bb84cca44e</ObjectId></data></addData></globalVars></data>
./диагностика/persist_usage.log:1126:./repo_logs/assistant_bridge/2026_04_19/step_269b_snapshot_real_audit/snapshot_real_audit.log:60556:./repo_logs/assistant_bridge/2026_04_16/step_05_persistence_path_reconciliation/persistence_path_reconciliation.log:350:./компилятор/out/RESULT_methods_clean.xml:20089:<data name="http://www.3s-software.com/plcopenxml/globalvars" handleUnknown="implementation"><globalVars name="GVL_PERSISTENT" retain="true"><variable name="P_System_Mode"><type><derived name="E_System_Operating_Mode" /></type></variable><variable name="P_Safety_Gas_Latched"><type><BOOL /></type></variable><variable name="P_Safety_Smoke_Latched"><type><BOOL /></type></variable><variable name="P_Safety_Leak_Latched"><type><BOOL /></type></variable><variable name="P_DHW_Heating_Active"><type><BOOL /></type></variable><variable name="P_Valid"><type><BOOL /></type></variable><addData><data name="http://www.3s-software.com/plcopenxml/objectid" handleUnknown="discard"><ObjectId>5f00672b-cde1-4a17-9ba3-5e9a767b7e20</ObjectId></data></addData></globalVars></data>
./диагностика/persist_usage.log:1127:./repo_logs/assistant_bridge/2026_04_19/step_269b_snapshot_real_audit/snapshot_real_audit.log:60557:./repo_logs/assistant_bridge/2026_04_16/step_05_persistence_path_reconciliation/persistence_path_reconciliation.log:501:./snapshots/project_clean_state_2026_04_16/компилятор/out/RESULT_methods_clean.xml:20086:<data name="http://www.3s-software.com/plcopenxml/globalvars" handleUnknown="implementation"><globalVars name="GVL_PERSISTENT" retain="true"><variable name="P_System_Mode"><type><derived name="E_System_Operating_Mode" /></type></variable><variable name="P_Safety_Gas_Latched"><type><BOOL /></type></variable><variable name="P_Safety_Smoke_Latched"><type><BOOL /></type></variable><variable name="P_Safety_Leak_Latched"><type><BOOL /></type></variable><variable name="P_DHW_Heating_Active"><type><BOOL /></type></variable><variable name="P_Valid"><type><BOOL /></type></variable><addData><data name="http://www.3s-software.com/plcopenxml/objectid" handleUnknown="discard"><ObjectId>a01760fc-f32a-4644-87c3-ab326656d6f4</ObjectId></data></addData></globalVars></data>
./диагностика/persist_usage.log:1128:./repo_logs/assistant_bridge/2026_04_19/step_269b_snapshot_real_audit/snapshot_real_audit.log:60558:./repo_logs/assistant_bridge/2026_04_16/step_05_persistence_path_reconciliation/persistence_path_reconciliation.log:586:./snapshots/clean_build_2026_04_16/компилятор/out/RESULT_methods_clean.xml:20086:<data name="http://www.3s-software.com/plcopenxml/globalvars" handleUnknown="implementation"><globalVars name="GVL_PERSISTENT" retain="true"><variable name="P_System_Mode"><type><derived name="E_System_Operating_Mode" /></type></variable><variable name="P_Safety_Gas_Latched"><type><BOOL /></type></variable><variable name="P_Safety_Smoke_Latched"><type><BOOL /></type></variable><variable name="P_Safety_Leak_Latched"><type><BOOL /></type></variable><variable name="P_DHW_Heating_Active"><type><BOOL /></type></variable><variable name="P_Valid"><type><BOOL /></type></variable><addData><data name="http://www.3s-software.com/plcopenxml/objectid" handleUnknown="discard"><ObjectId>a01760fc-f32a-4644-87c3-ab326656d6f4</ObjectId></data></addData></globalVars></data>
./диагностика/persist_usage.log:1129:./repo_logs/assistant_bridge/2026_04_19/step_269b_snapshot_real_audit/snapshot_real_audit.log:61962:./snapshots/project_clean_state_2026_04_16/компилятор/out/RESULT_methods_clean.xml:20086:<data name="http://www.3s-software.com/plcopenxml/globalvars" handleUnknown="implementation"><globalVars name="GVL_PERSISTENT" retain="true"><variable name="P_System_Mode"><type><derived name="E_System_Operating_Mode" /></type></variable><variable name="P_Safety_Gas_Latched"><type><BOOL /></type></variable><variable name="P_Safety_Smoke_Latched"><type><BOOL /></type></variable><variable name="P_Safety_Leak_Latched"><type><BOOL /></type></variable><variable name="P_DHW_Heating_Active"><type><BOOL /></type></variable><variable name="P_Valid"><type><BOOL /></type></variable><addData><data name="http://www.3s-software.com/plcopenxml/objectid" handleUnknown="discard"><ObjectId>a01760fc-f32a-4644-87c3-ab326656d6f4</ObjectId></data></addData></globalVars></data>
./диагностика/persist_usage.log:1130:./repo_logs/assistant_bridge/2026_04_19/step_269b_snapshot_real_audit/snapshot_real_audit.log:62213:./snapshots/clean_build_2026_04_16/компилятор/out/RESULT_methods_clean.xml:20086:<data name="http://www.3s-software.com/plcopenxml/globalvars" handleUnknown="implementation"><globalVars name="GVL_PERSISTENT" retain="true"><variable name="P_System_Mode"><type><derived name="E_System_Operating_Mode" /></type></variable><variable name="P_Safety_Gas_Latched"><type><BOOL /></type></variable><variable name="P_Safety_Smoke_Latched"><type><BOOL /></type></variable><variable name="P_Safety_Leak_Latched"><type><BOOL /></type></variable><variable name="P_DHW_Heating_Active"><type><BOOL /></type></variable><variable name="P_Valid"><type><BOOL /></type></variable><addData><data name="http://www.3s-software.com/plcopenxml/objectid" handleUnknown="discard"><ObjectId>a01760fc-f32a-4644-87c3-ab326656d6f4</ObjectId></data></addData></globalVars></data>
./диагностика/persist_usage.log:1131:./repo_logs/assistant_bridge/2026_04_19/step_269b_snapshot_real_audit/snapshot_real_audit.log:62622:        GVL_STATE.G_System_Mode := GVL_PERSISTENT.P_System_Mode;
./диагностика/persist_usage.log:1132:./repo_logs/assistant_bridge/2026_04_17/step_141_142_repair_restore_persist_and_gateway_enum/repair_restore_persist_and_gateway_enum.log:49:119:        GVL_STATE.G_System_Mode := GVL_PERSISTENT.P_System_Mode;
./диагностика/persist_usage.log:1133:./repo_logs/assistant_bridge/2026_04_17/step_141_142_repair_restore_persist_and_gateway_enum/repair_restore_persist_and_gateway_enum.log:114:1056:GVL_PERSISTENT.P_System_Mode := L_Persist_Struct.System_Mode;
./диагностика/persist_usage.log:1134:./repo_logs/assistant_bridge/2026_04_16/step_05_persistence_path_reconciliation/persistence_path_reconciliation.log:302:GVL_PERSISTENT.gvl:4:    P_System_Mode : E_System_Operating_Mode;
./диагностика/persist_usage.log:1135:./repo_logs/assistant_bridge/2026_04_16/step_05_persistence_path_reconciliation/persistence_path_reconciliation.log:314:PRG_System.st:116:        GVL_STATE.G_System_Mode := GVL_PERSISTENT.P_System_Mode;
./диагностика/persist_usage.log:1136:./repo_logs/assistant_bridge/2026_04_16/step_05_persistence_path_reconciliation/persistence_path_reconciliation.log:320:PRG_System.st:995:GVL_PERSISTENT.P_System_Mode := GVL_STATE.G_System_Mode;
./диагностика/persist_usage.log:1138:./repo_logs/assistant_bridge/2026_04_16/step_05_persistence_path_reconciliation/persistence_path_reconciliation.log:338:./компилятор/out/RESULT_methods_clean.xml:19109:        GVL_STATE.G_System_Mode := GVL_PERSISTENT.P_System_Mode;
./диагностика/persist_usage.log:1139:./repo_logs/assistant_bridge/2026_04_16/step_05_persistence_path_reconciliation/persistence_path_reconciliation.log:344:./компилятор/out/RESULT_methods_clean.xml:19988:GVL_PERSISTENT.P_System_Mode := GVL_STATE.G_System_Mode;
./диагностика/persist_usage.log:1140:./repo_logs/assistant_bridge/2026_04_16/step_05_persistence_path_reconciliation/persistence_path_reconciliation.log:350:./компилятор/out/RESULT_methods_clean.xml:20089:<data name="http://www.3s-software.com/plcopenxml/globalvars" handleUnknown="implementation"><globalVars name="GVL_PERSISTENT" retain="true"><variable name="P_System_Mode"><type><derived name="E_System_Operating_Mode" /></type></variable><variable name="P_Safety_Gas_Latched"><type><BOOL /></type></variable><variable name="P_Safety_Smoke_Latched"><type><BOOL /></type></variable><variable name="P_Safety_Leak_Latched"><type><BOOL /></type></variable><variable name="P_DHW_Heating_Active"><type><BOOL /></type></variable><variable name="P_Valid"><type><BOOL /></type></variable><addData><data name="http://www.3s-software.com/plcopenxml/objectid" handleUnknown="discard"><ObjectId>5f00672b-cde1-4a17-9ba3-5e9a767b7e20</ObjectId></data></addData></globalVars></data>
./диагностика/persist_usage.log:1142:./repo_logs/assistant_bridge/2026_04_16/step_05_persistence_path_reconciliation/persistence_path_reconciliation.log:361:./repo_logs/nvram/nvram_REAL_latest.log:184:116:        GVL_STATE.G_System_Mode := GVL_PERSISTENT.P_System_Mode;
./диагностика/persist_usage.log:1143:./repo_logs/assistant_bridge/2026_04_16/step_05_persistence_path_reconciliation/persistence_path_reconciliation.log:366:./repo_logs/nvram/nvram_REAL_latest.log:205:995:GVL_PERSISTENT.P_System_Mode := GVL_STATE.G_System_Mode;
./диагностика/persist_usage.log:1144:./repo_logs/assistant_bridge/2026_04_16/step_05_persistence_path_reconciliation/persistence_path_reconciliation.log:378:./repo_logs/nvram/2026_04_16/step_19_persist_write_precheck.log:119:        GVL_STATE.G_System_Mode := GVL_PERSISTENT.P_System_Mode;
./диагностика/persist_usage.log:1146:./repo_logs/assistant_bridge/2026_04_16/step_05_persistence_path_reconciliation/persistence_path_reconciliation.log:393:./repo_logs/nvram/2026_04_16/step_19_persist_write_precheck.log:245:./docs/assistant_bridge/nvram_REAL_latest.log:184:116:        GVL_STATE.G_System_Mode := GVL_PERSISTENT.P_System_Mode;
./диагностика/persist_usage.log:1147:./repo_logs/assistant_bridge/2026_04_16/step_05_persistence_path_reconciliation/persistence_path_reconciliation.log:398:./repo_logs/nvram/2026_04_16/step_19_persist_write_precheck.log:250:./docs/assistant_bridge/nvram_REAL_latest.log:205:995:GVL_PERSISTENT.P_System_Mode := GVL_STATE.G_System_Mode;
./диагностика/persist_usage.log:1148:./repo_logs/assistant_bridge/2026_04_16/step_05_persistence_path_reconciliation/persistence_path_reconciliation.log:408:./repo_logs/nvram/2026_04_16/step_19_persist_write_precheck.log:260:./PRG_System.st:116:        GVL_STATE.G_System_Mode := GVL_PERSISTENT.P_System_Mode;
./диагностика/persist_usage.log:1149:./repo_logs/assistant_bridge/2026_04_16/step_05_persistence_path_reconciliation/persistence_path_reconciliation.log:413:./repo_logs/nvram/2026_04_16/step_19_persist_write_precheck.log:265:./PRG_System.st:995:GVL_PERSISTENT.P_System_Mode := GVL_STATE.G_System_Mode;
./диагностика/persist_usage.log:1150:./repo_logs/assistant_bridge/2026_04_16/step_05_persistence_path_reconciliation/persistence_path_reconciliation.log:425:./repo_logs/nvram/2026_04_16/step_17_startup_entry.log:2414:        GVL_STATE.G_System_Mode := GVL_PERSISTENT.P_System_Mode;
./диагностика/persist_usage.log:1151:./repo_logs/assistant_bridge/2026_04_16/step_05_persistence_path_reconciliation/persistence_path_reconciliation.log:433:./repo_logs/nvram/2026_04_16/step_16_nvram_runtime_flow.log:817:        GVL_STATE.G_System_Mode := GVL_PERSISTENT.P_System_Mode;
./диагностика/persist_usage.log:1152:./repo_logs/assistant_bridge/2026_04_16/step_05_persistence_path_reconciliation/persistence_path_reconciliation.log:441:./repo_logs/assistant_bridge/2026_04_16/step_02_nvram_topology/nvram_topology.log:99:PRG_System.st:116:        GVL_STATE.G_System_Mode := GVL_PERSISTENT.P_System_Mode;
./диагностика/persist_usage.log:1153:./repo_logs/assistant_bridge/2026_04_16/step_05_persistence_path_reconciliation/persistence_path_reconciliation.log:447:./repo_logs/assistant_bridge/2026_04_16/step_02_nvram_topology/nvram_topology.log:143:PRG_System.st:995:GVL_PERSISTENT.P_System_Mode := GVL_STATE.G_System_Mode;
./диагностика/persist_usage.log:1155:./repo_logs/assistant_bridge/2026_04_16/step_05_persistence_path_reconciliation/persistence_path_reconciliation.log:465:./repo_logs/assistant_bridge/2026_04_16/step_02_nvram_topology/nvram_topology.log:607:        GVL_STATE.G_System_Mode := GVL_PERSISTENT.P_System_Mode;
./диагностика/persist_usage.log:1156:./repo_logs/assistant_bridge/2026_04_16/step_05_persistence_path_reconciliation/persistence_path_reconciliation.log:471:./repo_logs/assistant_bridge/2026_04_16/step_03_nvram_write_flow/nvram_write_flow.log:254:GVL_PERSISTENT.P_System_Mode := GVL_STATE.G_System_Mode;
./диагностика/persist_usage.log:1157:./repo_logs/assistant_bridge/2026_04_16/step_05_persistence_path_reconciliation/persistence_path_reconciliation.log:477:./GVL_PERSISTENT.gvl:4:    P_System_Mode : E_System_Operating_Mode;
./диагностика/persist_usage.log:1158:./repo_logs/assistant_bridge/2026_04_16/step_05_persistence_path_reconciliation/persistence_path_reconciliation.log:489:./snapshots/project_clean_state_2026_04_16/компилятор/out/RESULT_methods_clean.xml:19106:        GVL_STATE.G_System_Mode := GVL_PERSISTENT.P_System_Mode;
./диагностика/persist_usage.log:1159:./repo_logs/assistant_bridge/2026_04_16/step_05_persistence_path_reconciliation/persistence_path_reconciliation.log:495:./snapshots/project_clean_state_2026_04_16/компилятор/out/RESULT_methods_clean.xml:19985:GVL_PERSISTENT.P_System_Mode := GVL_STATE.G_System_Mode;
./диагностика/persist_usage.log:1160:./repo_logs/assistant_bridge/2026_04_16/step_05_persistence_path_reconciliation/persistence_path_reconciliation.log:501:./snapshots/project_clean_state_2026_04_16/компилятор/out/RESULT_methods_clean.xml:20086:<data name="http://www.3s-software.com/plcopenxml/globalvars" handleUnknown="implementation"><globalVars name="GVL_PERSISTENT" retain="true"><variable name="P_System_Mode"><type><derived name="E_System_Operating_Mode" /></type></variable><variable name="P_Safety_Gas_Latched"><type><BOOL /></type></variable><variable name="P_Safety_Smoke_Latched"><type><BOOL /></type></variable><variable name="P_Safety_Leak_Latched"><type><BOOL /></type></variable><variable name="P_DHW_Heating_Active"><type><BOOL /></type></variable><variable name="P_Valid"><type><BOOL /></type></variable><addData><data name="http://www.3s-software.com/plcopenxml/objectid" handleUnknown="discard"><ObjectId>a01760fc-f32a-4644-87c3-ab326656d6f4</ObjectId></data></addData></globalVars></data>
./диагностика/persist_usage.log:1162:./repo_logs/assistant_bridge/2026_04_16/step_05_persistence_path_reconciliation/persistence_path_reconciliation.log:512:./snapshots/project_clean_state_2026_04_16/repo_logs/nvram/nvram_REAL_latest.log:184:116:        GVL_STATE.G_System_Mode := GVL_PERSISTENT.P_System_Mode;
./диагностика/persist_usage.log:1163:./repo_logs/assistant_bridge/2026_04_16/step_05_persistence_path_reconciliation/persistence_path_reconciliation.log:517:./snapshots/project_clean_state_2026_04_16/repo_logs/nvram/nvram_REAL_latest.log:205:995:GVL_PERSISTENT.P_System_Mode := GVL_STATE.G_System_Mode;
./диагностика/persist_usage.log:1164:./repo_logs/assistant_bridge/2026_04_16/step_05_persistence_path_reconciliation/persistence_path_reconciliation.log:523:./snapshots/project_clean_state_2026_04_16/GVL_PERSISTENT.gvl:4:    P_System_Mode : E_System_Operating_Mode;
./диагностика/persist_usage.log:1166:./repo_logs/assistant_bridge/2026_04_16/step_05_persistence_path_reconciliation/persistence_path_reconciliation.log:539:./snapshots/project_clean_state_2026_04_16/docs/assistant_bridge/nvram_REAL_latest.log:184:116:        GVL_STATE.G_System_Mode := GVL_PERSISTENT.P_System_Mode;
./диагностика/persist_usage.log:1167:./repo_logs/assistant_bridge/2026_04_16/step_05_persistence_path_reconciliation/persistence_path_reconciliation.log:544:./snapshots/project_clean_state_2026_04_16/docs/assistant_bridge/nvram_REAL_latest.log:205:995:GVL_PERSISTENT.P_System_Mode := GVL_STATE.G_System_Mode;
./диагностика/persist_usage.log:1168:./repo_logs/assistant_bridge/2026_04_16/step_05_persistence_path_reconciliation/persistence_path_reconciliation.log:556:./snapshots/project_clean_state_2026_04_16/PRG_System.st:116:        GVL_STATE.G_System_Mode := GVL_PERSISTENT.P_System_Mode;
./диагностика/persist_usage.log:1169:./repo_logs/assistant_bridge/2026_04_16/step_05_persistence_path_reconciliation/persistence_path_reconciliation.log:562:./snapshots/project_clean_state_2026_04_16/PRG_System.st:995:GVL_PERSISTENT.P_System_Mode := GVL_STATE.G_System_Mode;
./диагностика/persist_usage.log:1170:./repo_logs/assistant_bridge/2026_04_16/step_05_persistence_path_reconciliation/persistence_path_reconciliation.log:574:./snapshots/clean_build_2026_04_16/компилятор/out/RESULT_methods_clean.xml:19106:        GVL_STATE.G_System_Mode := GVL_PERSISTENT.P_System_Mode;
./диагностика/persist_usage.log:1171:./repo_logs/assistant_bridge/2026_04_16/step_05_persistence_path_reconciliation/persistence_path_reconciliation.log:580:./snapshots/clean_build_2026_04_16/компилятор/out/RESULT_methods_clean.xml:19985:GVL_PERSISTENT.P_System_Mode := GVL_STATE.G_System_Mode;
./диагностика/persist_usage.log:1172:./repo_logs/assistant_bridge/2026_04_16/step_05_persistence_path_reconciliation/persistence_path_reconciliation.log:586:./snapshots/clean_build_2026_04_16/компилятор/out/RESULT_methods_clean.xml:20086:<data name="http://www.3s-software.com/plcopenxml/globalvars" handleUnknown="implementation"><globalVars name="GVL_PERSISTENT" retain="true"><variable name="P_System_Mode"><type><derived name="E_System_Operating_Mode" /></type></variable><variable name="P_Safety_Gas_Latched"><type><BOOL /></type></variable><variable name="P_Safety_Smoke_Latched"><type><BOOL /></type></variable><variable name="P_Safety_Leak_Latched"><type><BOOL /></type></variable><variable name="P_DHW_Heating_Active"><type><BOOL /></type></variable><variable name="P_Valid"><type><BOOL /></type></variable><addData><data name="http://www.3s-software.com/plcopenxml/objectid" handleUnknown="discard"><ObjectId>a01760fc-f32a-4644-87c3-ab326656d6f4</ObjectId></data></addData></globalVars></data>
./диагностика/persist_usage.log:1174:./repo_logs/assistant_bridge/2026_04_16/step_05_persistence_path_reconciliation/persistence_path_reconciliation.log:597:./docs/assistant_bridge/nvram_REAL_latest.log:184:116:        GVL_STATE.G_System_Mode := GVL_PERSISTENT.P_System_Mode;
./диагностика/persist_usage.log:1175:./repo_logs/assistant_bridge/2026_04_16/step_05_persistence_path_reconciliation/persistence_path_reconciliation.log:602:./docs/assistant_bridge/nvram_REAL_latest.log:205:995:GVL_PERSISTENT.P_System_Mode := GVL_STATE.G_System_Mode;
./диагностика/persist_usage.log:1176:./repo_logs/assistant_bridge/2026_04_16/step_05_persistence_path_reconciliation/persistence_path_reconciliation.log:614:./PRG_System.st:116:        GVL_STATE.G_System_Mode := GVL_PERSISTENT.P_System_Mode;
./диагностика/persist_usage.log:1177:./repo_logs/assistant_bridge/2026_04_16/step_05_persistence_path_reconciliation/persistence_path_reconciliation.log:620:./PRG_System.st:995:GVL_PERSISTENT.P_System_Mode := GVL_STATE.G_System_Mode;
./диагностика/persist_usage.log:1178:./repo_logs/assistant_bridge/2026_04_16/step_05_persistence_path_reconciliation/persistence_path_reconciliation.log:1497:        GVL_STATE.G_System_Mode := GVL_PERSISTENT.P_System_Mode;
./диагностика/persist_usage.log:1179:./repo_logs/assistant_bridge/2026_04_16/step_52_fault_injection_points_audit/fault_injection_points_audit.log:8:119:        GVL_STATE.G_System_Mode := GVL_PERSISTENT.P_System_Mode;
./диагностика/persist_usage.log:1180:./repo_logs/assistant_bridge/2026_04_16/step_14_nvram_final_state/nvram_final_state.log:56:PRG_System.st:1000:GVL_PERSISTENT.P_System_Mode := L_Persist_Struct.System_Mode;
./диагностика/persist_usage.log:1181:./repo_logs/assistant_bridge/2026_04_16/step_14_nvram_final_state/nvram_final_state.log:144:GVL_PERSISTENT.P_System_Mode := L_Persist_Struct.System_Mode;
./диагностика/persist_usage.log:1182:./repo_logs/assistant_bridge/2026_04_16/step_33_prg_system_final_audit/prg_system_final_audit.log:58:1041:GVL_PERSISTENT.P_System_Mode := L_Persist_Struct.System_Mode;
./диагностика/persist_usage.log:1183:./repo_logs/assistant_bridge/2026_04_16/step_17_unify_scenario_event_source_fixed/unify_scenario_event_source_fixed.log:45:GVL_PERSISTENT.P_System_Mode := L_Persist_Struct.System_Mode;
./диагностика/persist_usage.log:1184:./repo_logs/assistant_bridge/2026_04_16/step_10_define_persist_struct_contract/define_persist_struct_contract.log:27:GVL_PERSISTENT.gvl:4:    P_System_Mode : E_System_Operating_Mode;
./диагностика/persist_usage.log:1185:./repo_logs/assistant_bridge/2026_04_16/step_10_define_persist_struct_contract/define_persist_struct_contract.log:35:PRG_System.st:115:        GVL_STATE.G_System_Mode := GVL_PERSISTENT.P_System_Mode;
./диагностика/persist_usage.log:1186:./repo_logs/assistant_bridge/2026_04_16/step_10_define_persist_struct_contract/define_persist_struct_contract.log:40:PRG_System.st:989:GVL_PERSISTENT.P_System_Mode := GVL_STATE.G_System_Mode;
./диагностика/persist_usage.log:1187:./repo_logs/assistant_bridge/2026_04_16/step_11_align_persist_contract_to_live_types/align_persist_contract_to_live_types.log:11:GVL_PERSISTENT.gvl:4:    P_System_Mode : E_System_Operating_Mode;
./диагностика/persist_usage.log:1188:./repo_logs/assistant_bridge/2026_04_16/step_11_align_persist_contract_to_live_types/align_persist_contract_to_live_types.log:15:PRG_System.st:115:        GVL_STATE.G_System_Mode := GVL_PERSISTENT.P_System_Mode;
./диагностика/persist_usage.log:1189:./repo_logs/assistant_bridge/2026_04_16/step_11_align_persist_contract_to_live_types/align_persist_contract_to_live_types.log:23:PRG_System.st:989:GVL_PERSISTENT.P_System_Mode := GVL_STATE.G_System_Mode;
./диагностика/persist_usage.log:1190:./repo_logs/assistant_bridge/2026_04_16/step_02_nvram_topology/nvram_topology.log:99:PRG_System.st:116:        GVL_STATE.G_System_Mode := GVL_PERSISTENT.P_System_Mode;
./диагностика/persist_usage.log:1191:./repo_logs/assistant_bridge/2026_04_16/step_02_nvram_topology/nvram_topology.log:143:PRG_System.st:995:GVL_PERSISTENT.P_System_Mode := GVL_STATE.G_System_Mode;
./диагностика/persist_usage.log:1193:./repo_logs/assistant_bridge/2026_04_16/step_02_nvram_topology/nvram_topology.log:607:        GVL_STATE.G_System_Mode := GVL_PERSISTENT.P_System_Mode;
./диагностика/persist_usage.log:1194:./repo_logs/assistant_bridge/2026_04_16/step_03_nvram_write_flow/nvram_write_flow.log:254:GVL_PERSISTENT.P_System_Mode := GVL_STATE.G_System_Mode;
./диагностика/persist_usage.log:1195:./repo_logs/assistant_bridge/2026_04_16/step_13_pack_nvram_buffer_from_struct_adapter/pack_nvram_buffer_from_struct_adapter.log:134:1000:GVL_PERSISTENT.P_System_Mode := L_Persist_Struct.System_Mode;
./диагностика/persist_usage.log:1196:./repo_logs/assistant_bridge/2026_04_16/step_23_prg_system_runtime_hardening_state/prg_system_runtime_hardening_state.log:181:GVL_PERSISTENT.P_System_Mode := L_Persist_Struct.System_Mode;
./диагностика/persist_usage.log:1197:./repo_logs/assistant_bridge/2026_04_16/step_26_prg_system_event_and_control_final_state/prg_system_event_and_control_final_state.log:237:GVL_PERSISTENT.P_System_Mode := L_Persist_Struct.System_Mode;
./диагностика/persist_usage.log:1198:./repo_logs/assistant_bridge/2026_04_16/step_12_add_persist_struct_adapter_fixed/add_persist_struct_adapter_fixed.log:18:1000:GVL_PERSISTENT.P_System_Mode := L_Persist_Struct.System_Mode;
./диагностика/persist_usage.log:1199:./repo_logs/assistant_bridge/2026_04_16/step_12_add_persist_struct_adapter_fixed/add_persist_struct_adapter_fixed.log:81:GVL_PERSISTENT.P_System_Mode := L_Persist_Struct.System_Mode;
./диагностика/persist_usage.log:1200:./repo_logs/assistant_bridge/2026_04_16/step_12_add_persist_struct_adapter_fixed/add_persist_struct_adapter_fixed.log:116:-GVL_PERSISTENT.P_System_Mode := GVL_STATE.G_System_Mode;
./диагностика/persist_usage.log:1201:./repo_logs/assistant_bridge/2026_04_16/step_12_add_persist_struct_adapter_fixed/add_persist_struct_adapter_fixed.log:133:+GVL_PERSISTENT.P_System_Mode := L_Persist_Struct.System_Mode;
./диагностика/persist_usage.log:1202:./repo_logs/assistant_bridge/2026_04_16/step_24_event_antiflood_audit/event_antiflood_audit.log:461:GVL_PERSISTENT.P_System_Mode := L_Persist_Struct.System_Mode;
./диагностика/persist_usage.log:1203:./repo_logs/assistant_bridge/2026_04_16/step_35_prg_system_block_closed/prg_system_block_closed.log:50:1045:GVL_PERSISTENT.P_System_Mode := L_Persist_Struct.System_Mode;
./диагностика/persist_usage.log:1204:./repo_logs/assistant_bridge/2026_04_16/step_31_system_health_watchdog_audit/system_health_watchdog_audit.log:42:116:        GVL_STATE.G_System_Mode := GVL_PERSISTENT.P_System_Mode;
./диагностика/persist_usage.log:1205:./repo_logs/assistant_bridge/2026_04_16/step_31_system_health_watchdog_audit/system_health_watchdog_audit.log:229:GVL_PERSISTENT.P_System_Mode := L_Persist_Struct.System_Mode;
./диагностика/persist_usage.log:1206:./repo_logs/assistant_bridge/2026_04_16/step_09_nvram_current_contract/nvram_current_contract.log:17:PRG_System.st:115:        GVL_STATE.G_System_Mode := GVL_PERSISTENT.P_System_Mode;
./диагностика/persist_usage.log:1207:./repo_logs/assistant_bridge/2026_04_16/step_09_nvram_current_contract/nvram_current_contract.log:23:PRG_System.st:989:GVL_PERSISTENT.P_System_Mode := GVL_STATE.G_System_Mode;
./диагностика/persist_usage.log:1208:./repo_logs/assistant_bridge/2026_04_16/step_09_nvram_current_contract/nvram_current_contract.log:29:GVL_PERSISTENT.gvl:4:    P_System_Mode : E_System_Operating_Mode;
./диагностика/persist_usage.log:1209:./repo_logs/assistant_bridge/2026_04_16/step_09_nvram_current_contract/nvram_current_contract.log:102:        GVL_STATE.G_System_Mode := GVL_PERSISTENT.P_System_Mode;
./диагностика/persist_usage.log:1210:./repo_logs/assistant_bridge/2026_04_18/step_174_diag_floor_temp_usages/diag_floor_temp_usages.log:11:139:        GVL_STATE.G_System_Mode := GVL_PERSISTENT.P_System_Mode;
./диагностика/persist_usage.log:1211:./GVL_PERSISTENT.gvl:4:    P_System_Mode : E_System_Operating_Mode;
./диагностика/persist_usage.log:1212:./snapshots/project_clean_state_2026_04_16/компилятор/out/RESULT_methods_clean.xml:19106:        GVL_STATE.G_System_Mode := GVL_PERSISTENT.P_System_Mode;
./диагностика/persist_usage.log:1213:./snapshots/project_clean_state_2026_04_16/компилятор/out/RESULT_methods_clean.xml:19985:GVL_PERSISTENT.P_System_Mode := GVL_STATE.G_System_Mode;
./диагностика/persist_usage.log:1214:./snapshots/project_clean_state_2026_04_16/компилятор/out/RESULT_methods_clean.xml:20086:<data name="http://www.3s-software.com/plcopenxml/globalvars" handleUnknown="implementation"><globalVars name="GVL_PERSISTENT" retain="true"><variable name="P_System_Mode"><type><derived name="E_System_Operating_Mode" /></type></variable><variable name="P_Safety_Gas_Latched"><type><BOOL /></type></variable><variable name="P_Safety_Smoke_Latched"><type><BOOL /></type></variable><variable name="P_Safety_Leak_Latched"><type><BOOL /></type></variable><variable name="P_DHW_Heating_Active"><type><BOOL /></type></variable><variable name="P_Valid"><type><BOOL /></type></variable><addData><data name="http://www.3s-software.com/plcopenxml/objectid" handleUnknown="discard"><ObjectId>a01760fc-f32a-4644-87c3-ab326656d6f4</ObjectId></data></addData></globalVars></data>
./диагностика/persist_usage.log:1216:./snapshots/project_clean_state_2026_04_16/repo_logs/nvram/nvram_REAL_latest.log:184:116:        GVL_STATE.G_System_Mode := GVL_PERSISTENT.P_System_Mode;
./диагностика/persist_usage.log:1217:./snapshots/project_clean_state_2026_04_16/repo_logs/nvram/nvram_REAL_latest.log:205:995:GVL_PERSISTENT.P_System_Mode := GVL_STATE.G_System_Mode;
./диагностика/persist_usage.log:1218:./snapshots/project_clean_state_2026_04_16/GVL_PERSISTENT.gvl:4:    P_System_Mode : E_System_Operating_Mode;
./диагностика/persist_usage.log:1220:./snapshots/project_clean_state_2026_04_16/docs/assistant_bridge/nvram_REAL_latest.log:184:116:        GVL_STATE.G_System_Mode := GVL_PERSISTENT.P_System_Mode;
./диагностика/persist_usage.log:1221:./snapshots/project_clean_state_2026_04_16/docs/assistant_bridge/nvram_REAL_latest.log:205:995:GVL_PERSISTENT.P_System_Mode := GVL_STATE.G_System_Mode;
./диагностика/persist_usage.log:1222:./snapshots/project_clean_state_2026_04_16/PRG_System.st:116:        GVL_STATE.G_System_Mode := GVL_PERSISTENT.P_System_Mode;
./диагностика/persist_usage.log:1223:./snapshots/project_clean_state_2026_04_16/PRG_System.st:995:GVL_PERSISTENT.P_System_Mode := GVL_STATE.G_System_Mode;
./диагностика/persist_usage.log:1224:./snapshots/clean_build_2026_04_16/компилятор/out/RESULT_methods_clean.xml:19106:        GVL_STATE.G_System_Mode := GVL_PERSISTENT.P_System_Mode;
./диагностика/persist_usage.log:1225:./snapshots/clean_build_2026_04_16/компилятор/out/RESULT_methods_clean.xml:19985:GVL_PERSISTENT.P_System_Mode := GVL_STATE.G_System_Mode;
./диагностика/persist_usage.log:1226:./snapshots/clean_build_2026_04_16/компилятор/out/RESULT_methods_clean.xml:20086:<data name="http://www.3s-software.com/plcopenxml/globalvars" handleUnknown="implementation"><globalVars name="GVL_PERSISTENT" retain="true"><variable name="P_System_Mode"><type><derived name="E_System_Operating_Mode" /></type></variable><variable name="P_Safety_Gas_Latched"><type><BOOL /></type></variable><variable name="P_Safety_Smoke_Latched"><type><BOOL /></type></variable><variable name="P_Safety_Leak_Latched"><type><BOOL /></type></variable><variable name="P_DHW_Heating_Active"><type><BOOL /></type></variable><variable name="P_Valid"><type><BOOL /></type></variable><addData><data name="http://www.3s-software.com/plcopenxml/objectid" handleUnknown="discard"><ObjectId>a01760fc-f32a-4644-87c3-ab326656d6f4</ObjectId></data></addData></globalVars></data>
./диагностика/persist_usage.log:1228:./docs/assistant_bridge/nvram_REAL_latest.log:184:116:        GVL_STATE.G_System_Mode := GVL_PERSISTENT.P_System_Mode;
./диагностика/persist_usage.log:1229:./docs/assistant_bridge/nvram_REAL_latest.log:205:995:GVL_PERSISTENT.P_System_Mode := GVL_STATE.G_System_Mode;
./диагностика/persist_usage.log:1230:./PRG_System.st:210:        GVL_STATE.G_System_Mode := GVL_PERSISTENT.P_System_Mode;
./диагностика/persist_usage.log:1231:./PRG_System.st:1147:GVL_PERSISTENT.P_System_Mode := L_Persist_Struct.System_Mode;
./docs/assistant_bridge/nvram_REAL_latest.log:4:== GVL_PERSISTENT ==
./docs/assistant_bridge/nvram_REAL_latest.log:180:112:    IF GVL_PERSISTENT.P_Valid THEN
./docs/assistant_bridge/nvram_REAL_latest.log:181:113:        GVL_STATE.G_Safety_Gas_Latched := GVL_PERSISTENT.P_Safety_Gas_Latched;
./docs/assistant_bridge/nvram_REAL_latest.log:182:114:        GVL_STATE.G_Safety_Smoke_Latched := GVL_PERSISTENT.P_Safety_Smoke_Latched;
./docs/assistant_bridge/nvram_REAL_latest.log:183:115:        GVL_STATE.G_Safety_Leak_Latched := GVL_PERSISTENT.P_Safety_Leak_Latched;
./docs/assistant_bridge/nvram_REAL_latest.log:184:116:        GVL_STATE.G_System_Mode := GVL_PERSISTENT.P_System_Mode;
./docs/assistant_bridge/nvram_REAL_latest.log:188:675:IF GVL_PERSISTENT.P_Safety_Gas_Latched THEN
./docs/assistant_bridge/nvram_REAL_latest.log:189:680:IF GVL_PERSISTENT.P_Safety_Smoke_Latched THEN
./docs/assistant_bridge/nvram_REAL_latest.log:190:685:IF GVL_PERSISTENT.P_Safety_Leak_Latched THEN
./docs/assistant_bridge/nvram_REAL_latest.log:191:690:IF GVL_PERSISTENT.P_DHW_Heating_Active THEN
./docs/assistant_bridge/nvram_REAL_latest.log:205:995:GVL_PERSISTENT.P_System_Mode := GVL_STATE.G_System_Mode;
./docs/assistant_bridge/nvram_REAL_latest.log:206:997:GVL_PERSISTENT.P_Safety_Gas_Latched := GVL_STATE.G_Safety_Gas_Latched;
./docs/assistant_bridge/nvram_REAL_latest.log:207:998:GVL_PERSISTENT.P_Safety_Smoke_Latched := GVL_STATE.G_Safety_Smoke_Latched;
./docs/assistant_bridge/nvram_REAL_latest.log:208:999:GVL_PERSISTENT.P_Safety_Leak_Latched := GVL_STATE.G_Safety_Leak_Latched;
./docs/assistant_bridge/nvram_REAL_latest.log:209:1001:GVL_PERSISTENT.P_DHW_Heating_Active := GVL_STATE.G_DHW_Heating_Pump;
./docs/assistant_bridge/nvram_REAL_latest.log:210:1003:GVL_PERSISTENT.P_Valid := TRUE;
./workspace/reachable_graph_from_main.md:119:- GVL_PERSISTENT.gvl
./workspace/reachable_graph_from_main.md:557:### GVL_PERSISTENT.gvl [GLOBAL_VAR_LIST]
./workspace/reachable_graph_from_main.md:684:- GVL_PERSISTENT.gvl [GLOBAL_VAR_LIST]
./workspace/dependency_map_live_root.md:173:- GVL_PERSISTENT.gvl
./workspace/dependency_map_live_root.md:810:### GVL_PERSISTENT.gvl [GLOBAL_VAR_LIST]
./workspace/dependency_map_live_root.md:946:- GVL_PERSISTENT.gvl [GLOBAL_VAR_LIST]
./workspace/dependency_map_live_root.md:1215:- GVL_PERSISTENT.gvl [GLOBAL_VAR_LIST]
./workspace/dependency_map_live_root.md:1629:### GVL_PERSISTENT.gvl [GLOBAL_VAR_LIST]
./PRG_System.st:206:    IF GVL_PERSISTENT.P_Valid THEN
./PRG_System.st:207:        GVL_STATE.G_Safety_Gas_Latched := GVL_PERSISTENT.P_Safety_Gas_Latched;
./PRG_System.st:208:        GVL_STATE.G_Safety_Smoke_Latched := GVL_PERSISTENT.P_Safety_Smoke_Latched;
./PRG_System.st:209:        GVL_STATE.G_Safety_Leak_Latched := GVL_PERSISTENT.P_Safety_Leak_Latched;
./PRG_System.st:210:        GVL_STATE.G_System_Mode := GVL_PERSISTENT.P_System_Mode;
./PRG_System.st:1147:GVL_PERSISTENT.P_System_Mode := L_Persist_Struct.System_Mode;
./PRG_System.st:1149:GVL_PERSISTENT.P_Safety_Gas_Latched := L_Persist_Struct.Safety_Gas_Latched;
./PRG_System.st:1150:GVL_PERSISTENT.P_Safety_Smoke_Latched := L_Persist_Struct.Safety_Smoke_Latched;
./PRG_System.st:1151:GVL_PERSISTENT.P_Safety_Leak_Latched := L_Persist_Struct.Safety_Leak_Latched;
./PRG_System.st:1153:GVL_PERSISTENT.P_DHW_Heating_Active := L_Persist_Struct.DHW_Heating_Pump;
./PRG_System.st:1154:GVL_PERSISTENT.P_Valid := L_Persist_Struct.Valid;
./PRG_System.st:2495:    VI_Device_Active  := GVL_PERSISTENT.P_DHW_Heating_Active,
